# commit	kind	before	after	paragraph before	paragraph after
172426e45fca	grammar-function-word	the		Custom resources are placed into storage based upon the the current storage version of the resource, defined in the CRD spec. Any update to a custom resource will use the currently defined storage version to store the resource. All other versions either need to have all the fields of that version or define conversions to work properly.	Custom resources are placed into storage based upon the current storage version of the resource, defined in the CRD spec. Any update to a custom resource will use the currently defined storage version to store the resource. All other versions either need to have all the fields of that version or define conversions to work properly.
172426e45fca	grammar-function-word	and		The taint applies as long as the DeviceTaintRule exists. It can be modified and and removed at any time. Here is one example of a DeviceTaintRule for a fictional DRA driver:	The taint applies as long as the DeviceTaintRule exists. It can be modified and removed at any time. Here is one example of a DeviceTaintRule for a fictional DRA driver:
172426e45fca	grammar-function-word	to		removed: true --- Enabling the feature gate deactivated the legacy in-tree functionality within the kubelet, that allowed the kubelet to to authenticate to a cloud provider container registry for container image pulls.	removed: true --- Enabling the feature gate deactivated the legacy in-tree functionality within the kubelet, that allowed the kubelet to authenticate to a cloud provider container registry for container image pulls.
172426e45fca	grammar-function-word	the		A lock file for the kubelet; typically `/var/run/kubelet.lock`. The kubelet uses this to ensure that two different kubelets don't try to run in conflict with each other. You can configure the path to the lock file using the the `--lock-file` kubelet command line argument.	A lock file for the kubelet; typically `/var/run/kubelet.lock`. The kubelet uses this to ensure that two different kubelets don't try to run in conflict with each other. You can configure the path to the lock file using the `--lock-file` kubelet command line argument.
172426e45fca	grammar-function-word	an	a	The `admin.conf` file gives the user _superuser_ privileges over the cluster. This file should be used sparingly. For normal users, it's recommended to generate an unique credential to which you grant privileges. You can do this with the `kubeadm kubeconfig user --client-name <CN>` command. That command will print out a KubeConfig file to STDOUT which you should save to a file and distribute to your user. After that, grant privileges by using `kubectl create (cluster)rolebinding`.	The `admin.conf` file gives the user _superuser_ privileges over the cluster. This file should be used sparingly. For normal users, it's recommended to generate a unique credential to which you grant privileges. You can do this with the `kubeadm kubeconfig user --client-name <CN>` command. That command will print out a KubeConfig file to STDOUT which you should save to a file and distribute to your user. After that, grant privileges by using `kubectl create (cluster)rolebinding`.
172426e45fca	grammar-function-word	and		You need to have an IPv4 and and IPv6 address range to use. Cluster operators typically use private address ranges for IPv4. For IPv6, a cluster operator typically chooses a global unicast address block from within `2000::/3`, using a range that is assigned to the operator. You don't have to route the cluster's IP address ranges to the public internet.	You need to have an IPv4 and IPv6 address range to use. Cluster operators typically use private address ranges for IPv4. For IPv6, a cluster operator typically chooses a global unicast address block from within `2000::/3`, using a range that is assigned to the operator. You don't have to route the cluster's IP address ranges to the public internet.
172426e45fca	grammar-function-word	the		For MutatingAdmissionPolicyBinding, the the action is always to mutate the object.	For MutatingAdmissionPolicyBinding, the action is always to mutate the object.
19cde10a7f42	grammar-function-word		you	User namespaces is a Linux feature that allows to map users in the container to different users in the host. Furthermore, the capabilities granted to a pod in a user namespace are valid only in the namespace and void outside of it.	User namespaces is a Linux feature that allows you to map users in the container to different users in the host. Furthermore, the capabilities granted to a pod in a user namespace are valid only in the namespace and void outside of it.
19cde10a7f42	grammar-function-word		you	Use `ip addr show` to check for this scenario instead of `ifconfig` because `ifconfig` will not display the offending alias IP address. Alternatively an API endpoint specific to DigitalOcean allows to query for the anchor IP from the droplet:	Use `ip addr show` to check for this scenario instead of `ifconfig` because `ifconfig` will not display the offending alias IP address. Alternatively an API endpoint specific to DigitalOcean allows you to query for the anchor IP from the droplet:
19cde10a7f42	grammar-function-word		you	Defaulting allows to specify default values in the [OpenAPI v3 validation schema](#validation):	Defaulting allows you to specify default values in the [OpenAPI v3 validation schema](#validation):
eb8e8a24a7cd	grammar-inflection	describes	describe	Policy objects describes the abstract logic of a policy using Common Expression Language (CEL). For example, a ValidatingAdmissionPolicy might enforce replica limits or ensure specific labels are present, while a MutatingAdmissionPolicy can modify resources such as adding a default label to a namespace.	Policy objects describe the abstract logic of a policy using Common Expression Language (CEL). For example, a ValidatingAdmissionPolicy might enforce replica limits or ensure specific labels are present, while a MutatingAdmissionPolicy can modify resources such as adding a default label to a namespace.
eb8e8a24a7cd	grammar-inflection	provides	provide	Binding objects link the policy to your cluster and provides scoping. A ValidatingAdmissionPolicyBinding or MutatingAdmissionPolicyBinding connects the policy to specific resources. If you only want to enforce a policy for a specific subset of resources, the binding is where you narrow the scope of the policy (using `matchResources`).	Binding objects link the policy to your cluster and provide scoping. A ValidatingAdmissionPolicyBinding or MutatingAdmissionPolicyBinding connects the policy to specific resources. If you only want to enforce a policy for a specific subset of resources, the binding is where you narrow the scope of the policy (using `matchResources`).
6c73a02b23a8	grammar-function-word	a	an	For a overview, see [The kubectl command-line tool](/docs/concepts/overview/kubectl/). For installation instructions, see [Installing kubectl](/docs/tasks/tools/#kubectl); for a quick guide, see the [cheat sheet](/docs/reference/kubectl/quick-reference/). If you're used to using the `docker` command-line tool, [`kubectl` for Docker Users](/docs/reference/kubectl/docker-cli-to-kubectl/) explains some equivalent commands for Kubernetes.	For an overview, see [The kubectl command-line tool](/docs/concepts/overview/kubectl/). For installation instructions, see [Installing kubectl](/docs/tasks/tools/#kubectl); for a quick guide, see the [cheat sheet](/docs/reference/kubectl/quick-reference/). If you're used to using the `docker` command-line tool, [`kubectl` for Docker Users](/docs/reference/kubectl/docker-cli-to-kubectl/) explains some equivalent commands for Kubernetes.
6c73a02b23a8	grammar-function-word	and		You use a [CertificateSigningRequest](/docs/reference/access-authn-authz/certificate-signing-requests/) as part of this process, and either you or some other principal must approve the request.	You use a [CertificateSigningRequest](/docs/reference/access-authn-authz/certificate-signing-requests/) as part of this process, either you or some other principal must approve the request.
6c73a02b23a8	grammar-function-word		the	Kubernetes contains [kubelet certificate rotation](/docs/reference/access-authn-authz/kubelet-tls-bootstrapping/), that will automatically generate a new key and request a new certificate from the Kubernetes API as the current certificate approaches expiration. Once the new certificate is available, it will be used for authenticating connections to the Kubernetes API.	Kubernetes contains the [kubelet certificate rotation](/docs/reference/access-authn-authz/kubelet-tls-bootstrapping/), that will automatically generate a new key and request a new certificate from the Kubernetes API as the current certificate approaches expiration. Once the new certificate is available, it will be used for authenticating connections to the Kubernetes API.
6c73a02b23a8	grammar-function-word		The	`certificates.k8s.io` API uses a protocol that is similar to the [ACME draft](https://github.com/ietf-wg-acme/acme/).	The `certificates.k8s.io` API uses a protocol that is similar to the [ACME draft](https://github.com/ietf-wg-acme/acme/).
6c73a02b23a8	grammar-function-word	the		Where `192.0.2.24` is the service's cluster IP, `my-svc.my-namespace.svc.cluster.local` is the service's DNS name, `10.0.34.2` is the pod's IP and `my-pod.my-namespace.pod.cluster.local` is the pod's DNS name. You should see the output similar to:	Where `192.0.2.24` is the service's cluster IP, `my-svc.my-namespace.svc.cluster.local` is the service's DNS name, `10.0.34.2` is the pod's IP and `my-pod.my-namespace.pod.cluster.local` is the pod's DNS name. You should see output similar to:
6c73a02b23a8	grammar-function-word	from	in	The CSR should now be visible from the API in a Pending state. You can see it by running:	The CSR should now be visible in the API in a Pending state. You can see it by running:
6c73a02b23a8	grammar-function-word	the		1. Append the both old and new CA to the file against `--client-ca-file` and `--kubelet-certificate-authority` flag in the `kube-apiserver` configuration.	1. Append both old and new CA to the file against `--client-ca-file` and `--kubelet-certificate-authority` flag in the `kube-apiserver` configuration.
6c73a02b23a8	grammar-function-word		it	1. Restart the control plane components by removing the old CA from the kubeconfig files and the files against	1. Restart the control plane components by removing the old CA from the kubeconfig files and the files against it
6c73a02b23a8	grammar-function-word		the	1. On each node, restart the kubelet by removing the old CA from file against the `clientCAFile` flag	1. On each node, restart the kubelet by removing the old CA from the file against the `clientCAFile` flag
7e01eaee123c	grammar-inflection	homogenous	homogeneous	* Cluster Autoscaler provides features related to just Node autoscaling. Karpenter has a wider scope, and also provides features intended for managing Node lifecycle altogether (for example, utilizing disruption to auto-recreate Nodes once they reach a certain lifetime, or auto-upgrade them to new versions). * Cluster Autoscaler doesn't support auto-provisioning, the Node groups it can provision from have to be pre-configured. Karpenter supports auto-provisioning, so the user only has to configure a set of constraints for the provisioned Nodes, instead of fully configuring homogenous groups. * Cluster Autoscaler provides cloud provider integrations directly, which means that they're a part of the Kubernetes project. For Karpenter, the Kubernetes project publishes Karpenter as a library that cloud providers can integrate with to build a Node autoscaler. * Cluster Autoscaler provides integrations with numerous cloud providers, including smaller and less popular providers. There are fewer cloud providers that integrate with Karpenter, including [AWS](https://github.com/aws/karpenter-provider-aws), and [Azure](https://github.com/Azure/karpenter-provider-azure).	* Cluster Autoscaler provides features related to just Node autoscaling. Karpenter has a wider scope, and also provides features intended for managing Node lifecycle altogether (for example, utilizing disruption to auto-recreate Nodes once they reach a certain lifetime, or auto-upgrade them to new versions). * Cluster Autoscaler doesn't support auto-provisioning, the Node groups it can provision from have to be pre-configured. Karpenter supports auto-provisioning, so the user only has to configure a set of constraints for the provisioned Nodes, instead of fully configuring homogeneous groups. * Cluster Autoscaler provides cloud provider integrations directly, which means that they're a part of the Kubernetes project. For Karpenter, the Kubernetes project publishes Karpenter as a library that cloud providers can integrate with to build a Node autoscaler. * Cluster Autoscaler provides integrations with numerous cloud providers, including smaller and less popular providers. There are fewer cloud providers that integrate with Karpenter, including [AWS](https://github.com/aws/karpenter-provider-aws), and [Azure](https://github.com/Azure/karpenter-provider-azure).
7e01eaee123c	spelling	accomodate	accommodate	Placement scheduling algorithm is an alternative PodGroup scheduling algorithm, which uses [scheduling plugins](/docs/reference/scheduling/config/#scheduling-plugins) to find the optimal placement for the considered PodGroup. Users can accomodate the algorithm to their specific needs by using and configuring plugins.	Placement scheduling algorithm is an alternative PodGroup scheduling algorithm, which uses [scheduling plugins](/docs/reference/scheduling/config/#scheduling-plugins) to find the optimal placement for the considered PodGroup. Users can accommodate the algorithm to their specific needs by using and configuring plugins.
7e01eaee123c	spelling	exmaple:	example:	If `VolumeLimitScaling` [feature gate](/docs/reference/command-line-tools-reference/feature-gates#VolumeLimitScaling) is enabled and a CSI driver has corresponding `CSIDriver` object installed with `spec.preventPodSchedulingIfMissing` set to true then scheduler will prevent pod placement to nodes that do not yet have CSI driver installed.  For exmaple:	If `VolumeLimitScaling` [feature gate](/docs/reference/command-line-tools-reference/feature-gates#VolumeLimitScaling) is enabled and a CSI driver has corresponding `CSIDriver` object installed with `spec.preventPodSchedulingIfMissing` set to true then scheduler will prevent pod placement to nodes that do not yet have CSI driver installed.  For example:
7e01eaee123c	spelling	authorative	authoritative	The priority of the PodGroup is an authorative priority for all pods in the group during [workload-aware preemption](/docs/concepts/scheduling-eviction/workload-aware-preemption/) events, even when priorities of individual pods forming this PodGroup differ.	The priority of the PodGroup is an authoritative priority for all pods in the group during [workload-aware preemption](/docs/concepts/scheduling-eviction/workload-aware-preemption/) events, even when priorities of individual pods forming this PodGroup differ.
61e3289de8e5	spelling	recieved	received	In client-go, the project added _atomic FIFO processing_ (feature gate name `AtomicFIFO`), which is on top of the existing FIFO queue implementation. The new approach allows for the queue to atomically handle operations that are recieved in batches, such as the initial set of objects from a _list_ operation that an informer uses to populate its cache. This ensures that the queue is always in a consistent state, even when events come out of order. Prior to this, events were added to the queue in the order that they were received, which could lead to an inconsistent state in the cache that does not accurately reflect the state of the cluster.	In client-go, the project added _atomic FIFO processing_ (feature gate name `AtomicFIFO`), which is on top of the existing FIFO queue implementation. The new approach allows for the queue to atomically handle operations that are received in batches, such as the initial set of objects from a _list_ operation that an informer uses to populate its cache. This ensures that the queue is always in a consistent state, even when events come out of order. Prior to this, events were added to the queue in the order that they were received, which could lead to an inconsistent state in the cache that does not accurately reflect the state of the cluster.
9e16547eb982	grammar-inflection	residents	resides	With `LimitedSwap`, Pods that do not fall under the Burstable QoS classification (i.e. `BestEffort`/`Guaranteed` QoS Pods) are prohibited from utilizing swap memory. `BestEffort` QoS Pods exhibit unpredictable memory consumption patterns and lack information regarding their memory usage, making it difficult to determine a safe allocation of swap memory. Conversely, `Guaranteed` QoS Pods are typically employed for applications that rely on the precise allocation of resources specified by the workload, with memory being immediately available. To maintain the aforementioned security and node health guarantees, these Pods are not permitted to use swap memory when `LimitedSwap` is in effect. In addition, high-priority pods are not permitted to use swap in order to ensure the memory they consume always residents on disk, hence ready to use.	With `LimitedSwap`, Pods that do not fall under the Burstable QoS classification (i.e. `BestEffort`/`Guaranteed` QoS Pods) are prohibited from utilizing swap memory. `BestEffort` QoS Pods exhibit unpredictable memory consumption patterns and lack information regarding their memory usage, making it difficult to determine a safe allocation of swap memory. Conversely, `Guaranteed` QoS Pods are typically employed for applications that rely on the precise allocation of resources specified by the workload, with memory being immediately available. To maintain the aforementioned security and node health guarantees, these Pods are not permitted to use swap memory when `LimitedSwap` is in effect. In addition, high-priority pods are not permitted to use swap in order to ensure the memory they consume always resides on disk, hence ready to use.
b4f87e17eb26	spelling	confguration,	configuration,	Editors of a `kubeconfig` can specify an executable plugin that will be used to acquire credentials to authenticate the client to the cluster. Within a `kuberc` confguration, you can set the execution policy for such plugins by the use of two top-level fields. Both fields are optional.	Editors of a `kubeconfig` can specify an executable plugin that will be used to acquire credentials to authenticate the client to the cluster. Within a `kuberc` configuration, you can set the execution policy for such plugins by the use of two top-level fields. Both fields are optional.
696f832b633f	grammar-inflection	checks	checked	If you create a Pod that uses user namespaces, the following fields won't be constrained even in contexts that enforce the _Baseline_ or _Restricted_ pod security standard. This behavior does not present a security concern because `root` inside a Pod with user namespaces actually refers to the user inside the container, that is never mapped to a privileged user on the host. Here's the list of fields that are **not** checks for Pods in those circumstances:	If you create a Pod that uses user namespaces, the following fields won't be constrained even in contexts that enforce the _Baseline_ or _Restricted_ pod security standard. This behavior does not present a security concern because `root` inside a Pod with user namespaces actually refers to the user inside the container, that is never mapped to a privileged user on the host. Here's the list of fields that are **not** checked for Pods in those circumstances:
89a9a2d60772	spelling	storege	storage	Multiple storage versions for a single resource can pose problems for cluster administrators. A cluster administrator may not remove old versions of an API for CRDs which may be unsupported until they are sure that all objects are no longer using the storege version associated with it. With a large number of objects and an opaque view into which ones are new and which ones still are backed by old storage versions, it makes it difficult to tell when a version can be safely removed. If a version is removed prematurely, it can mean being unable to read the object entirely.	Multiple storage versions for a single resource can pose problems for cluster administrators. A cluster administrator may not remove old versions of an API for CRDs which may be unsupported until they are sure that all objects are no longer using the storage version associated with it. With a large number of objects and an opaque view into which ones are new and which ones still are backed by old storage versions, it makes it difficult to tell when a version can be safely removed. If a version is removed prematurely, it can mean being unable to read the object entirely.
89a9a2d60772	spelling	Althought	Although	This legacy behavior was the default for a long time, but caused issue for people using Kubernetes, especially in large scale deployments. Althought the feature gate allows reverting to this legacy behavior temporarily, the Kubernetes project recommends that you file a bug report if you encounter problems. The `ChangeContainerStatusOnKubeletRestart` [feature gate](/docs/reference/command-line-tools-reference/feature-gates/#ChangeContainerStatusOnKubeletRestart) will be removed in the future.	This legacy behavior was the default for a long time, but caused issue for people using Kubernetes, especially in large scale deployments. Although the feature gate allows reverting to this legacy behavior temporarily, the Kubernetes project recommends that you file a bug report if you encounter problems. The `ChangeContainerStatusOnKubeletRestart` [feature gate](/docs/reference/command-line-tools-reference/feature-gates/#ChangeContainerStatusOnKubeletRestart) will be removed in the future.
89a9a2d60772	spelling	limtations,	limitations,	For more information about these limtations, check [here](https://support.microsoft.com/en-us/help/909264/naming-conventions-in-active-directory-for-computers-domains-sites-and) and [here](https://docs.microsoft.com/en-us/powershell/module/microsoft.powershell.localaccounts/new-localuser?view=powershell-5.1).	For more information about these limitations, check [here](https://support.microsoft.com/en-us/help/909264/naming-conventions-in-active-directory-for-computers-domains-sites-and) and [here](https://docs.microsoft.com/en-us/powershell/module/microsoft.powershell.localaccounts/new-localuser?view=powershell-5.1).
a724916000ff	grammar-function-word		the	Make sure you have an existing PortworxVolume with name `pxvol` before using it in the Pod.	Make sure you have an existing PortworxVolume with the name `pxvol` before using it in the Pod.
a724916000ff	grammar-inflection	deployments	deployment	CSI drivers may not be compatible across all Kubernetes releases. Please check the specific CSI driver's documentation for supported deployments steps for each Kubernetes release and a compatibility matrix.	CSI drivers may not be compatible across all Kubernetes releases. Please check the specific CSI driver's documentation for supported deployment steps for each Kubernetes release and a compatibility matrix.
a724916000ff	grammar-function-word	is	are	CSI node plugins need to perform various privileged operations like scanning of disk devices and mounting of file systems. These operations differ for each host operating system. For Linux worker nodes, containerized CSI node plugins are typically deployed as privileged containers. For Windows worker nodes, privileged operations for containerized CSI node plugins is supported using [csi-proxy](https://github.com/kubernetes-csi/csi-proxy), a community-managed, stand-alone binary that needs to be pre-installed on each Windows node.	CSI node plugins need to perform various privileged operations like scanning of disk devices and mounting of file systems. These operations differ for each host operating system. For Linux worker nodes, containerized CSI node plugins are typically deployed as privileged containers. For Windows worker nodes, privileged operations for containerized CSI node plugins are supported using [csi-proxy](https://github.com/kubernetes-csi/csi-proxy), a community-managed, stand-alone binary that needs to be pre-installed on each Windows node.
a724916000ff	grammar-function-word		a	* `None` - This volume mount will not receive any subsequent mounts that are mounted to this volume or any of its subdirectories by the host. In similar fashion, no mounts created by the container will be visible on the host. This is the default mode.	* `None` - This volume mount will not receive any subsequent mounts that are mounted to this volume or any of its subdirectories by the host. In a similar fashion, no mounts created by the container will be visible on the host. This is the default mode.
a724916000ff	grammar-function-word	which	that	On Linux, read-only mounts are not recursively read-only by default. For example, consider a Pod which mounts the hosts `/mnt` as a `hostPath` volume. If there is another filesystem mounted read-write on `/mnt/<SUBMOUNT>` (such as tmpfs, NFS, or USB storage), the volume mounted into the container(s) will also have a writeable `/mnt/<SUBMOUNT>`, even if the mount itself was specified as read-only.	On Linux, read-only mounts are not recursively read-only by default. For example, consider a Pod that mounts the hosts `/mnt` as a `hostPath` volume. If there is another filesystem mounted read-write on `/mnt/<SUBMOUNT>` (such as tmpfs, NFS, or USB storage), the volume mounted into the container(s) will also have a writeable `/mnt/<SUBMOUNT>`, even if the mount itself was specified as read-only.
5525bb360c68	spelling	volme	volume	* {{< glossary_tooltip text="csi" term_id="csi" >}} (including some CSI migrated volme types) * flexVolume (deprecated) * portworxVolume (deprecated)	* {{< glossary_tooltip text="csi" term_id="csi" >}} (including some CSI migrated volume types) * flexVolume (deprecated) * portworxVolume (deprecated)
c45ad24bfc24	grammar-inflection	limits	limit	A ResourceQuota can either limits the quantity of {{< glossary_tooltip text="API resources" term_id="api-resource" >}} that can be created in a namespace by type, or it can set a limit on the total amount of	A ResourceQuota can either limit the quantity of {{< glossary_tooltip text="API resources" term_id="api-resource" >}} that can be created in a namespace by type, or it can set a limit on the total amount of
03d1619bfccf	spelling	Exisiting	Existing	Note that whenever: 1. Exisiting pods use pod affinity constraints that match any of the scheduled pods' labels, the feature may bring no benefit 1. Custom plugins are used, they need to implement the Signature extension point	Note that whenever: 1. Existing pods use pod affinity constraints that match any of the scheduled pods' labels, the feature may bring no benefit 1. Custom plugins are used, they need to implement the Signature extension point
03d1619bfccf	spelling	furutre	future	The restrictions and conditions are expected to evolve in furutre releases.	The restrictions and conditions are expected to evolve in future releases.
6e2b00a3ab0b	grammar-function-word		to	This page provides an overview of _MutatingAdmissionPolicies_. MutatingAdmissionPolicies allow you change what happens when someone writes a change to the Kubernetes API. If you want to use declarative policies just to prevent a particular kind of change to resources (for example: protecting platform namespaces from deletion), [ValidatingAdmissionPolicy](/docs/reference/access-authn-authz/validating-admission-policy/) is a simpler and more effective alternative.	This page provides an overview of _MutatingAdmissionPolicies_. MutatingAdmissionPolicies allow you to change what happens when someone writes a change to the Kubernetes API. If you want to use declarative policies just to prevent a particular kind of change to resources (for example: protecting platform namespaces from deletion), [ValidatingAdmissionPolicy](/docs/reference/access-authn-authz/validating-admission-policy/) is a simpler and more effective alternative.
b7c67349652b	grammar-inflection	facilitates	facilitate	--- reviewers: - bgrant0607 - mikedanese title: "Overview" description: > Kubernetes is a portable, extensible, open source platform for managing containerized workloads and services that facilitates both declarative configuration and automation. It has a large, rapidly growing ecosystem. Kubernetes services, support, and tools are widely available. content_type: concept weight: 20 card: name: concepts weight: 10 anchors: - anchor: "#why-you-need-kubernetes-and-what-can-it-do"	--- reviewers: - bgrant0607 - mikedanese title: "Overview" description: > Kubernetes is a portable, extensible, open source platform for managing containerized workloads and services that facilitate both declarative configuration and automation. It has a large, rapidly growing ecosystem. Kubernetes services, support, and tools are widely available. content_type: concept weight: 20 card: name: concepts weight: 10 anchors: - anchor: "#why-you-need-kubernetes-and-what-can-it-do"
b7c67349652b	grammar-function-word	for		* Agile application creation and deployment: increased ease and efficiency of container image creation compared to VM image use. * Continuous development, integration, and deployment: provides for reliable and frequent container image build and deployment with quick and efficient rollbacks (due to image immutability). * Dev and Ops separation of concerns: create application container images at build/release time rather than deployment time, thereby decoupling applications from infrastructure. * Observability: not only surfaces OS-level information and metrics, but also application health and other signals. * Environmental consistency across development, testing, and production: runs the same on a laptop as it does in the cloud. * Cloud and OS distribution portability: runs on Ubuntu, RHEL, CoreOS, on-premises, on major public clouds, and anywhere else. * Application-centric management: raises the level of abstraction from running an OS on virtual hardware to running an application on an OS using logical resources. * Loosely coupled, distributed, elastic, liberated micro-services: applications are broken into smaller, independent pieces and can be deployed and managed dynamically – not a monolithic stack running on one big single-purpose machine. * Resource isolation: predictable application performance. * Resource utilization: high efficiency and density.	* Agile application creation and deployment: increased ease and efficiency of container image creation compared to VM image use. * Continuous development, integration, and deployment: provides reliable and frequent container image build and deployment with quick and efficient rollbacks (due to image immutability). * Dev and Ops separation of concerns: create application container images at build/release time rather than deployment time, thereby decoupling applications from infrastructure. * Observability: not only surfaces OS-level information and metrics, but also application health and other signals. * Environmental consistency across development, testing, and production: runs the same on a laptop as it does in the cloud. * Cloud and OS distribution portability: runs on Ubuntu, RHEL, CoreOS, on-premises, on major public clouds, and anywhere else. * Application-centric management: raises the level of abstraction from running an OS on virtual hardware to running an application on an OS using logical resources. * Loosely coupled, distributed, elastic, liberated micro-services: applications are broken into smaller, independent pieces and can be deployed and managed dynamically – not a monolithic stack running on one big single-purpose machine. * Resource isolation: predictable application performance. * Resource utilization: high efficiency and density.
1bb585341850	grammar-function-word		the	The [name](/docs/concepts/overview/working-with-objects/names#names) identifies a Node. Two Nodes cannot have the same name at the same time. Kubernetes also assumes that a resource with the same name is the same object. In case of a Node, it is implicitly assumed that an instance using the same name will have the same state (e.g. network settings, root disk contents) and attributes like node labels. This may lead to inconsistencies if an instance was modified without changing its name. If the Node needs to be replaced or updated significantly, the existing Node object needs to be removed from API server first and re-added after the update.	The [name](/docs/concepts/overview/working-with-objects/names#names) identifies a Node. Two Nodes cannot have the same name at the same time. Kubernetes also assumes that a resource with the same name is the same object. In the case of a Node, it is implicitly assumed that an instance using the same name will have the same state (e.g. network settings, root disk contents) and attributes like node labels. This may lead to inconsistencies if an instance was modified without changing its name. If the Node needs to be replaced or updated significantly, the existing Node object needs to be removed from API server first and re-added after the update.
1bb585341850	grammar-function-word		an	Pods already scheduled on the Node may misbehave or cause issues if the Node configuration will be changed on kubelet restart. For example, already running Pod may be tainted against the new labels assigned to the Node, while other Pods, that are incompatible with that Pod will be scheduled based on this new label. Node re-registration ensures all Pods will be drained and properly re-scheduled.	Pods already scheduled on the Node may misbehave or cause issues if the Node configuration will be changed on kubelet restart. For example, an already running Pod may be tainted against the new labels assigned to the Node, while other Pods, that are incompatible with that Pod will be scheduled based on this new label. Node re-registration ensures all Pods will be drained and properly re-scheduled.
4ce6920bb5c6	grammar-function-word	the		In addition, users can use a special extended resource to allocate devices without having to explicitly create a ResourceClaim. Using the extended resource name prefix `deviceclass.resource.kubernetes.io/` and the DeviceClass name. This works for any DeviceClass, even if it does not specify the an extended resource name. The resulting ResourceClaim will contain a request for an `ExactCount` of the specified number of devices of that DeviceClass.	In addition, users can use a special extended resource to allocate devices without having to explicitly create a ResourceClaim. Using the extended resource name prefix `deviceclass.resource.kubernetes.io/` and the DeviceClass name. This works for any DeviceClass, even if it does not specify an extended resource name. The resulting ResourceClaim will contain a request for an `ExactCount` of the specified number of devices of that DeviceClass.
92ca58e92fca	grammar-function-word	IT		When you deploy Kubernetes, you also set the foundation for your applications' runtime environment: a Kubernetes cluster (or multiple clusters). That IT infrastructure must provide the security guarantees that higher layers expect.	When you deploy Kubernetes, you also set the foundation for your applications' runtime environment: a Kubernetes cluster (or multiple clusters). That infrastructure must provide the security guarantees that higher layers expect.
23f58571a1e1	spelling	pecial	special	Kubernetes {{< skew currentVersion >}} includes optional _declarative validation_ for APIs. When enabled, the Kubernetes API server can use this mechanism rather than the legacy approach that relies on hand-written Go code (`validation.go` files) to ensure that requests against the API are valid. Kubernetes developers, and people [extending the Kubernetes API](/docs/concepts/extend-kubernetes/api-extension/apiserver-aggregation/), can define validation rules directly alongside the API type definitions (`types.go` files). Code authors define pecial comment tags (e.g., `+k8s:minimum=0`). A code generator (`validation-gen`) then uses these tags to produce optimized Go code for API validation.	Kubernetes {{< skew currentVersion >}} includes optional _declarative validation_ for APIs. When enabled, the Kubernetes API server can use this mechanism rather than the legacy approach that relies on hand-written Go code (`validation.go` files) to ensure that requests against the API are valid. Kubernetes developers, and people [extending the Kubernetes API](/docs/concepts/extend-kubernetes/api-extension/apiserver-aggregation/), can define validation rules directly alongside the API type definitions (`types.go` files). Code authors define special comment tags (e.g., `+k8s:minimum=0`). A code generator (`validation-gen`) then uses these tags to produce optimized Go code for API validation.
9176666c0d00	grammar-inflection	behaviours	behaviors	If you use the `v2` HorizontalPodAutoscaler API, you can use the `behavior` field (see the [API reference](/docs/reference/kubernetes-api/workload-resources/horizontal-pod-autoscaler-v2/#HorizontalPodAutoscalerSpec)) to configure separate scale-up and scale-down behaviors. You specify these behaviours by setting `scaleUp` and / or `scaleDown` under the `behavior` field.	If you use the `v2` HorizontalPodAutoscaler API, you can use the `behavior` field (see the [API reference](/docs/reference/kubernetes-api/workload-resources/horizontal-pod-autoscaler-v2/#HorizontalPodAutoscalerSpec)) to configure separate scale-up and scale-down behaviors. You specify these behaviors by setting `scaleUp` and / or `scaleDown` under the `behavior` field.
256934d2a8cd	spelling	initialiaztion	initialization	A Pod with Always restart policy with an init container that only execute once. If the init container fails, the Pod fails. This allows the Pod to fail if the initialiaztion failed, but also keep running once the initialization succeeds:	A Pod with Always restart policy with an init container that only execute once. If the init container fails, the Pod fails. This allows the Pod to fail if the initialization failed, but also keep running once the initialization succeeds:
a5d40c68e0dd	spelling	modifed	modified	Every mutating admission webhook should be _idempotent_. The webhook should be able to run on an object that it already modifed without making additional changes beyond the original change.	Every mutating admission webhook should be _idempotent_. The webhook should be able to run on an object that it already modified without making additional changes beyond the original change.
a5d40c68e0dd	spelling	paramater	parameter	These default values of hard eviction thresholds will only be set if none of the parameters is changed. If you change the value of any parameter, then the values of other parameters will not be inherited as the default values and will be set to zero. In order to provide custom values, you should provide all the thresholds respectively. You can also set the kubelet config MergeDefaultEvictionSettings to true in the kubelet configuration file. If set to true and any paramater is changed, then the other parameters will inherit their default values instead of 0.	These default values of hard eviction thresholds will only be set if none of the parameters is changed. If you change the value of any parameter, then the values of other parameters will not be inherited as the default values and will be set to zero. In order to provide custom values, you should provide all the thresholds respectively. You can also set the kubelet config MergeDefaultEvictionSettings to true in the kubelet configuration file. If set to true and any parameter is changed, then the other parameters will inherit their default values instead of 0.
a5d40c68e0dd	spelling	alllows	allows	A Pod with Always restart policy with an init container that only execute once. If the init container fails, the Pod fails. This alllows the Pod to fail if the initialiaztion failed, but also keep running once the initialization succeeds:	A Pod with Always restart policy with an init container that only execute once. If the init container fails, the Pod fails. This allows the Pod to fail if the initialiaztion failed, but also keep running once the initialization succeeds:
a5d40c68e0dd	spelling	certicate	certificate	If you do issue certificates to clients, it is up to you (as a cloud platform administrator) to make sure that the certicate validity period, and other design choices you make, provide a suitable level of security.	If you do issue certificates to clients, it is up to you (as a cloud platform administrator) to make sure that the certificate validity period, and other design choices you make, provide a suitable level of security.
a5d40c68e0dd	spelling	boostrap.	bootstrap.	This feature is useful when specifying `tlsCertFile` and `tlsPrivateKeyFile` in kubelet configuration. The feature gate has no effect for other cases such as using TLS boostrap.	This feature is useful when specifying `tlsCertFile` and `tlsPrivateKeyFile` in kubelet configuration. The feature gate has no effect for other cases such as using TLS bootstrap.
a5d40c68e0dd	spelling	fileds,	fields,	<p>OmitManagedFields indicates whether to omit the managed fields of the request and response bodies from being written to the API audit log. This is used as a global default - a value of 'true' will omit the managed fileds, otherwise the managed fields will be included in the API audit log. Note that this can also be specified per rule in which case the value specified in a rule will override the global default.</p>	<p>OmitManagedFields indicates whether to omit the managed fields of the request and response bodies from being written to the API audit log. This is used as a global default - a value of 'true' will omit the managed fields, otherwise the managed fields will be included in the API audit log. Note that this can also be specified per rule in which case the value specified in a rule will override the global default.</p>
a5d40c68e0dd	spelling	comunications	communications	<p><code>caCertPath</code> is the path to the SSL certificate authority used to secure comunications between a node and the control-plane. Defaults to &quot;/etc/kubernetes/pki/ca.crt&quot;.</p>	<p><code>caCertPath</code> is the path to the SSL certificate authority used to secure communications between a node and the control-plane. Defaults to &quot;/etc/kubernetes/pki/ca.crt&quot;.</p>
a5d40c68e0dd	spelling	indiciates	indicates	<p>cacheKeyType indiciates the type of caching key to use based on the image provided in the request. There are three valid values for the cache key type: Image, Registry, and Global. If an invalid value is specified, the response will NOT be used by the kubelet.</p>	<p>cacheKeyType indicates the type of caching key to use based on the image provided in the request. There are three valid values for the cache key type: Image, Registry, and Global. If an invalid value is specified, the response will NOT be used by the kubelet.</p>
a5d40c68e0dd	spelling	intendend	intended	Audiences are the intendend audiences of the token. A recipient of a token must identify themself with an identifier in the list of audiences of the token, and otherwise should reject the token. A token issued for multiple audiences may be used to authenticate against any of the audiences listed but implies a high degree of trust between the target audiences.	Audiences are the intended audiences of the token. A recipient of a token must identify themself with an identifier in the list of audiences of the token, and otherwise should reject the token. A token issued for multiple audiences may be used to authenticate against any of the audiences listed but implies a high degree of trust between the target audiences.
a5d40c68e0dd	spelling	classses	classes	Config defines configuration parameters that apply to each device that is claimed via this class. Some classses may potentially be satisfied by multiple drivers, so each instance of a vendor configuration applies to exactly one driver.	Config defines configuration parameters that apply to each device that is claimed via this class. Some classes may potentially be satisfied by multiple drivers, so each instance of a vendor configuration applies to exactly one driver.
a5d40c68e0dd	spelling	satified	satisfied	DeviceSelector defines which device(s) the taint is applied to. All selector criteria must be satified for a device to match. The empty selector matches all devices. Without a selector, no devices are matches.	DeviceSelector defines which device(s) the taint is applied to. All selector criteria must be satisfied for a device to match. The empty selector matches all devices. Without a selector, no devices are matches.
a5d40c68e0dd	spelling	disucssed	discussed	This label is either set manually or automatically (for example, a cluster autoscaler) on the nodes. When `alpha.jobset.sigs.k8s.io/node-selector` is set to  `"true"`, the  JobSet controller adds a nodeSelector to this node label (along with the toleration to the taint `alpha.jobset.sigs.k8s.io/no-schedule` disucssed next).	This label is either set manually or automatically (for example, a cluster autoscaler) on the nodes. When `alpha.jobset.sigs.k8s.io/node-selector` is set to  `"true"`, the  JobSet controller adds a nodeSelector to this node label (along with the toleration to the taint `alpha.jobset.sigs.k8s.io/no-schedule` discussed next).
a5d40c68e0dd	spelling	disucssed	discussed	This taint is either set manually or automatically (for example, a cluster autoscaler) on the nodes. When `alpha.jobset.sigs.k8s.io/node-selector` is set to  `"true"`, the  JobSet controller adds a toleration to this node taint (along with the node selector to the label `alpha.jobset.sigs.k8s.io/namespaced-job` disucssed previously).	This taint is either set manually or automatically (for example, a cluster autoscaler) on the nodes. When `alpha.jobset.sigs.k8s.io/node-selector` is set to  `"true"`, the  JobSet controller adds a toleration to this node taint (along with the node selector to the label `alpha.jobset.sigs.k8s.io/namespaced-job` discussed previously).
a5d40c68e0dd	spelling	overide	override	You can overide the slices/lists values of the kubelet configuration. However, the entire list gets overridden during the merging process. For example, you can override the `clusterDNS` list as follows:	You can override the slices/lists values of the kubelet configuration. However, the entire list gets overridden during the merging process. For example, you can override the `clusterDNS` list as follows:
a5d40c68e0dd	spelling	reponsibility	responsibility	1.  The initial reponsibility of each node's local DRA driver is to update the cluster with what devices are available to Pods on that node, by publishing its metadata to the ResourceSlices API. You can check that API to see that each node with a driver is advertising the device class it represents.	1.  The initial responsibility of each node's local DRA driver is to update the cluster with what devices are available to Pods on that node, by publishing its metadata to the ResourceSlices API. You can check that API to see that each node with a driver is advertising the device class it represents.
6081ffb8b9a4	spelling	priotized	prioritized	In the example below, the ResourceClaimTemplate requested a device with the color black and the size large. If a device with those attributes is not available, the pod cannot be scheduled. With the priotized list feature, a second alternative can be specified, which requests two devices with the color white and size small. The large black device will be allocated if it is available. If it is not, but two small white devices are available, the pod will still be able to run.	In the example below, the ResourceClaimTemplate requested a device with the color black and the size large. If a device with those attributes is not available, the pod cannot be scheduled. With the prioritized list feature, a second alternative can be specified, which requests two devices with the color white and size small. The large black device will be allocated if it is available. If it is not, but two small white devices are available, the pod will still be able to run.
557684a30007	spelling	[ephermal	[ephemeral	- for the whole Pod using [`spec.securityContext.seccompProfile`](/docs/reference/kubernetes-api/workload-resources/pod-v1/#security-context) - for a single container using [`spec.containers[*].securityContext.seccompProfile`](/docs/reference/kubernetes-api/workload-resources/pod-v1/#security-context-1) - for an (restartable / sidecar) init container using [`spec.initContainers[*].securityContext.seccompProfile`](/docs/reference/kubernetes-api/workload-resources/pod-v1/#security-context-1) - for an [ephermal container](/docs/concepts/workloads/pods/ephemeral-containers) using [`spec.ephemeralContainers[*].securityContext.seccompProfile`](/docs/reference/kubernetes-api/workload-resources/pod-v1/#security-context-2)	- for the whole Pod using [`spec.securityContext.seccompProfile`](/docs/reference/kubernetes-api/workload-resources/pod-v1/#security-context) - for a single container using [`spec.containers[*].securityContext.seccompProfile`](/docs/reference/kubernetes-api/workload-resources/pod-v1/#security-context-1) - for an (restartable / sidecar) init container using [`spec.initContainers[*].securityContext.seccompProfile`](/docs/reference/kubernetes-api/workload-resources/pod-v1/#security-context-1) - for an [ephemeral container](/docs/concepts/workloads/pods/ephemeral-containers) using [`spec.ephemeralContainers[*].securityContext.seccompProfile`](/docs/reference/kubernetes-api/workload-resources/pod-v1/#security-context-2)
ac4a40a60fac	grammar-function-word	or		For a failed Pod, or or where you suspect a fault, you can use this status to understand whether the Pod behavior may be associated with device failure. For example, if an accelerator is reporting an over-temperature event, the `allocatedResourcesStatus` field may be able to report this.	For a failed Pod, or where you suspect a fault, you can use this status to understand whether the Pod behavior may be associated with device failure. For example, if an accelerator is reporting an over-temperature event, the `allocatedResourcesStatus` field may be able to report this.
7d0a490efde6	grammar-function-word	to		The Kubernetes project recommends upgrading to the latest patch releases promptly, and to ensure that you are running a supported minor release of Kubernetes. Following this recommendation helps you to to stay secure.	The Kubernetes project recommends upgrading to the latest patch releases promptly, and to ensure that you are running a supported minor release of Kubernetes. Following this recommendation helps you to stay secure.
857066555aeb	grammar-inflection	show	shows	This tutorial show you how to install {{< glossary_tooltip term_id="dra" text="DRA" >}} drivers in your cluster and how to use them in conjunction with the DRA APIs to allocate {{< glossary_tooltip text="devices" term_id="device" >}} to Pods. This page is intended for cluster administrators.	This tutorial shows you how to install {{< glossary_tooltip term_id="dra" text="DRA" >}} drivers in your cluster and how to use them in conjunction with the DRA APIs to allocate {{< glossary_tooltip text="devices" term_id="device" >}} to Pods. This page is intended for cluster administrators.
feea375c99ad	spelling	identitiy	identity	You can see that the `status.containerStatuses[].user.linux` field exposes the process identitiy attached to the first container process.	You can see that the `status.containerStatuses[].user.linux` field exposes the process identity attached to the first container process.
b8c28f19b883	grammar-inflection	require	requiring	For the use cases require parameter configuration, we recommend to add a param check in `spec.validations[0].expression`:	For the use cases requiring parameter configuration, we recommend to add a param check in `spec.validations[0].expression`:
ce2a97cfd92b	grammar-inflection	media	medium	The storage media (such as Disk or SSD) of an `emptyDir` volume is determined by the medium of the filesystem holding the kubelet root dir (typically `/var/lib/kubelet`). There is no limit on how much space an `emptyDir` or `hostPath` volume can consume, and no isolation between containers or pods.	The storage medium (such as Disk or SSD) of an `emptyDir` volume is determined by the medium of the filesystem holding the kubelet root dir (typically `/var/lib/kubelet`). There is no limit on how much space an `emptyDir` or `hostPath` volume can consume, and no isolation between containers or pods.
138955c91680	grammar-inflection	contributor	contribute	When people contributor to either blog as an author, the Kubernetes project pairs up authors as _writing buddies_. This page explains how to fulfil the buddy role.	When people contribute to either blog as an author, the Kubernetes project pairs up authors as _writing buddies_. This page explains how to fulfil the buddy role.
4d83be26c77a	grammar-function-word	it		You can enable this feature it by setting the `DeploymentReplicaSetTerminatingReplicas` [feature gate](/docs/reference/command-line-tools-reference/feature-gates/) on the [API server](/docs/reference/command-line-tools-reference/kube-apiserver/) and on the [kube-controller-manager](/docs/reference/command-line-tools-reference/kube-controller-manager/)	You can enable this feature by setting the `DeploymentReplicaSetTerminatingReplicas` [feature gate](/docs/reference/command-line-tools-reference/feature-gates/) on the [API server](/docs/reference/command-line-tools-reference/kube-apiserver/) and on the [kube-controller-manager](/docs/reference/command-line-tools-reference/kube-controller-manager/)
13d2c1474ee0	grammar-function-word		the	When `serializeImagePulls` is set to false, the kubelet defaults to no limit on the maximum number of images being pulled at the same time. If you would like to limit the number of parallel image pulls, you can set the field `maxParallelImagePulls` in kubelet configuration. With `maxParallelImagePulls` set to _n_, only _n_ images can be pulled at the same time, and any image pull beyond _n_ will have to wait until at least one ongoing image pull is complete.	When `serializeImagePulls` is set to false, the kubelet defaults to no limit on the maximum number of images being pulled at the same time. If you would like to limit the number of parallel image pulls, you can set the field `maxParallelImagePulls` in the kubelet configuration. With `maxParallelImagePulls` set to _n_, only _n_ images can be pulled at the same time, and any image pull beyond _n_ will have to wait until at least one ongoing image pull is complete.
7adba345380f	grammar-function-word	to		Admission controllers can help to improve the security of the cluster. However, they can present risks themselves as they extend the API server and [should be properly secured](/blog/2022/01/19/secure-your-admission-controllers-and-webhooks/).	Admission controllers can help improve the security of the cluster. However, they can present risks themselves as they extend the API server and [should be properly secured](/blog/2022/01/19/secure-your-admission-controllers-and-webhooks/).
7adba345380f	grammar-inflection	Enforce	Enforces	[`LimitRanger`](/docs/reference/access-authn-authz/admission-controllers/#limitranger) : Enforce the LimitRange API constraints.	[`LimitRanger`](/docs/reference/access-authn-authz/admission-controllers/#limitranger) : Enforces the LimitRange API constraints.
151c47470ed4	grammar-inflection	administers	administrators	To provide more flexibility during graceful node shutdown around the ordering of pods during shutdown, graceful node shutdown honors the PriorityClass for Pods, provided that you enabled this feature in your cluster. The feature allows cluster administers to explicitly define the ordering of pods during graceful node shutdown based on [priority classes](/docs/concepts/scheduling-eviction/pod-priority-preemption/#priorityclass).	To provide more flexibility during graceful node shutdown around the ordering of pods during shutdown, graceful node shutdown honors the PriorityClass for Pods, provided that you enabled this feature in your cluster. The feature allows cluster administrators to explicitly define the ordering of pods during graceful node shutdown based on [priority classes](/docs/concepts/scheduling-eviction/pod-priority-preemption/#priorityclass).
cce091a8873b	spelling	resopnse.	response.	The server may generate a name when `generateName` is provided instead of `name` in a resource create request. When `generateName` is used, the provided value is used as a name prefix, which server appends a generated suffix to. Even though the name is generated, it may conflict with existing names resulting in a HTTP 409 resopnse. This became far less likely to happen in Kubernetes v1.31 and later, since the server will make up to 8 attempt to generate a unique name before returning a HTTP 409 response.	The server may generate a name when `generateName` is provided instead of `name` in a resource create request. When `generateName` is used, the provided value is used as a name prefix, which server appends a generated suffix to. Even though the name is generated, it may conflict with existing names resulting in a HTTP 409 response. This became far less likely to happen in Kubernetes v1.31 and later, since the server will make up to 8 attempt to generate a unique name before returning a HTTP 409 response.
6a73d0e087b4	grammar-function-word		in	This is equivalent to `kubectl apply -f` the following yaml:	This is equivalent to `kubectl apply -f` in the following yaml:
6a73d0e087b4	grammar-function-word	for	to	There are often cases when you need to terminate a Pod - be it for upgrade or scale down. In order to improve application availability, it may be important to implement a proper active connections draining.	There are often cases when you need to terminate a Pod - be it to upgrade or scale down. In order to improve application availability, it may be important to implement a proper active connections draining.
6a73d0e087b4	grammar-function-word	of the		The following is the example of the flow described in the [Termination of Pods](/docs/concepts/workloads/pods/pod-lifecycle/#pod-termination) document.	The following is the example flow described in the [Termination of Pods](/docs/concepts/workloads/pods/pod-lifecycle/#pod-termination) document.
6a73d0e087b4	grammar-function-word	as		In Kubernetes, endpoints that are terminating always have their `ready` status set as as `false`. This needs to happen for backward compatibility, so existing load balancers will not use it for regular traffic. If traffic draining on terminating pod is needed, the actual readiness can be checked as a condition `serving`.	In Kubernetes, endpoints that are terminating always have their `ready` status set as `false`. This needs to happen for backward compatibility, so existing load balancers will not use it for regular traffic. If traffic draining on terminating pod is needed, the actual readiness can be checked as a condition `serving`.
a7c9e0bbc9f3	grammar-function-word		on	Make sure swap is disabled in either `/etc/fstab` or `systemd.swap`, depending how it was configured on your system.	Make sure swap is disabled in either `/etc/fstab` or `systemd.swap`, depending on how it was configured on your system.
92cbf0d54480	grammar-function-word		to	Pods are only [scheduled](/docs/concepts/scheduling-eviction/) once in their lifetime; assigning a Pod to a specific node is called _binding_, and the process of selecting which node to use is called _scheduling_. Once a Pod has been scheduled and is bound to a node, Kubernetes tries to run that Pod on the node. The Pod runs on that node until it stops, or until the Pod is [terminated](#pod-termination); if Kubernetes isn't able start the Pod on the selected node (for example, if the node crashes before the Pod starts), then that particular Pod never starts.	Pods are only [scheduled](/docs/concepts/scheduling-eviction/) once in their lifetime; assigning a Pod to a specific node is called _binding_, and the process of selecting which node to use is called _scheduling_. Once a Pod has been scheduled and is bound to a node, Kubernetes tries to run that Pod on the node. The Pod runs on that node until it stops, or until the Pod is [terminated](#pod-termination); if Kubernetes isn't able to start the Pod on the selected node (for example, if the node crashes before the Pod starts), then that particular Pod never starts.
dbc57ad6024f	grammar-function-word	that		- The CPU limit defines a hard ceiling on how much CPU time that the container can use. During each scheduling interval (time slice), the Linux kernel checks to see if this limit is exceeded; if so, the kernel waits before allowing that cgroup to resume execution. - The CPU request typically defines a weighting. If several different containers (cgroups) want to run on a contended system, workloads with larger CPU requests are allocated more CPU time than workloads with small requests. - The memory request is mainly used during (Kubernetes) Pod scheduling. On a node that uses cgroups v2, the container runtime might use the memory request as a hint to set `memory.min` and `memory.low`. - The memory limit defines a memory limit for that cgroup. If the container tries to allocate more memory than this limit, the Linux kernel out-of-memory subsystem activates and, typically, intervenes by stopping one of the processes in the container that tried to allocate memory. If that process is the container's PID 1, and the container is marked as restartable, Kubernetes restarts the container. - The memory limit for the Pod or container can also apply to pages in memory backed volumes, such as an `emptyDir`. The kubelet tracks `tmpfs` emptyDir volumes as container memory use, rather than as local ephemeral storage.　When using memory backed `emptyDir`, be sure to check the notes [below](#memory-backed-emptydir).	- The CPU limit defines a hard ceiling on how much CPU time the container can use. During each scheduling interval (time slice), the Linux kernel checks to see if this limit is exceeded; if so, the kernel waits before allowing that cgroup to resume execution. - The CPU request typically defines a weighting. If several different containers (cgroups) want to run on a contended system, workloads with larger CPU requests are allocated more CPU time than workloads with small requests. - The memory request is mainly used during (Kubernetes) Pod scheduling. On a node that uses cgroups v2, the container runtime might use the memory request as a hint to set `memory.min` and `memory.low`. - The memory limit defines a memory limit for that cgroup. If the container tries to allocate more memory than this limit, the Linux kernel out-of-memory subsystem activates and, typically, intervenes by stopping one of the processes in the container that tried to allocate memory. If that process is the container's PID 1, and the container is marked as restartable, Kubernetes restarts the container. - The memory limit for the Pod or container can also apply to pages in memory backed volumes, such as an `emptyDir`. The kubelet tracks `tmpfs` emptyDir volumes as container memory use, rather than as local ephemeral storage.　When using memory backed `emptyDir`, be sure to check the notes [below](#memory-backed-emptydir).
b55400ab9a34	grammar-function-word		be	The profile needs to loaded onto all nodes, since you don't know where the pod will be scheduled. For this example you can use SSH to install the profiles, but other approaches are discussed in [Setting up nodes with profiles](#setting-up-nodes-with-profiles).	The profile needs to be loaded onto all nodes, since you don't know where the pod will be scheduled. For this example you can use SSH to install the profiles, but other approaches are discussed in [Setting up nodes with profiles](#setting-up-nodes-with-profiles).
f4f6990dcce5	spelling	muximum	maximum	If you are administering a cluster or namespace, you can also set [ResourceQuota](/docs/concepts/policy/resource-quotas/) that limits memory use; you may also want to define a [LimitRange](/docs/concepts/policy/limit-range/) for additional enforcement. If you specify a `spec.containers[].resources.limits.memory` for each Pod, then the muximum size of an `emptyDir` volume will be the pod's memory limit.	If you are administering a cluster or namespace, you can also set [ResourceQuota](/docs/concepts/policy/resource-quotas/) that limits memory use; you may also want to define a [LimitRange](/docs/concepts/policy/limit-range/) for additional enforcement. If you specify a `spec.containers[].resources.limits.memory` for each Pod, then the maximum size of an `emptyDir` volume will be the pod's memory limit.
60de1154eb2d	spelling	witin	within	kubectl attach my-pod -i                            # Attach to Running Container kubectl port-forward my-pod 5000:6000               # Listen on port 5000 on the local machine and forward to port 6000 on my-pod kubectl exec my-pod -- ls /                         # Run command in existing pod (1 container case) kubectl exec --stdin --tty my-pod -- /bin/sh        # Interactive shell access to a running pod (1 container case) kubectl exec my-pod -c my-container -- ls /         # Run command in existing pod (multi-container case) kubectl debug my-pod -it --image=busybox:1.28       # Create an interactive debugging session witin existing pod and immediately attach to it kubectl debug node/my-node -it --image=busybox:1.28 # Create an interactive debugging session on a node and immediately attach to it kubectl top pod                                     # Show metrics for all pods in the default namespace kubectl top pod POD_NAME --containers               # Show metrics for a given pod and its containers kubectl top pod POD_NAME --sort-by=cpu              # Show metrics for a given pod and sort it by 'cpu' or 'memory'	kubectl attach my-pod -i                            # Attach to Running Container kubectl port-forward my-pod 5000:6000               # Listen on port 5000 on the local machine and forward to port 6000 on my-pod kubectl exec my-pod -- ls /                         # Run command in existing pod (1 container case) kubectl exec --stdin --tty my-pod -- /bin/sh        # Interactive shell access to a running pod (1 container case) kubectl exec my-pod -c my-container -- ls /         # Run command in existing pod (multi-container case) kubectl debug my-pod -it --image=busybox:1.28       # Create an interactive debugging session within existing pod and immediately attach to it kubectl debug node/my-node -it --image=busybox:1.28 # Create an interactive debugging session on a node and immediately attach to it kubectl top pod                                     # Show metrics for all pods in the default namespace kubectl top pod POD_NAME --containers               # Show metrics for a given pod and its containers kubectl top pod POD_NAME --sort-by=cpu              # Show metrics for a given pod and sort it by 'cpu' or 'memory'
80d2f96c93cc	grammar-function-word		it	* `Exact` means a request should be intercepted only if it exactly matches a specified rule. * `Equivalent` means a request should be intercepted if modifies a resource listed in `rules`, even via another API group or version.	* `Exact` means a request should be intercepted only if it exactly matches a specified rule. * `Equivalent` means a request should be intercepted if it modifies a resource listed in `rules`, even via another API group or version.
856c38438746	spelling	sccenarios	scenarios	API Priority and Fairness must be used carefully in recursive server scenarios. These are sccenarios in which some server A, while serving a request, issues a subsidiary request to some server B. Perhaps server B might even make a further subsidiary call back to server A. In situations where Priority and Fairness control is applied to both the original request and some subsidiary ones(s), no matter how deep in the recursion, there is a danger of priority inversions and/or deadlocks.	API Priority and Fairness must be used carefully in recursive server scenarios. These are scenarios in which some server A, while serving a request, issues a subsidiary request to some server B. Perhaps server B might even make a further subsidiary call back to server A. In situations where Priority and Fairness control is applied to both the original request and some subsidiary ones(s), no matter how deep in the recursion, there is a danger of priority inversions and/or deadlocks.
4b18d8e366e2	grammar-function-word	the		Action required before upgrading. The `prevent-volume-mode-conversion` feature flag is enabled by default in the external-provisioner `v4.0.0` and external-snapshotter `v7.0.0`. Volume mode change will be rejected when creating a PVC from a VolumeSnapshot unless you perform the steps described in the the "Urgent Upgrade Notes" sections for the [external-provisioner 4.0.0](https://github.com/kubernetes-csi/external-provisioner/releases/tag/v4.0.0) and the [external-snapshotter v7.0.0](https://github.com/kubernetes-csi/external-snapshotter/releases/tag/v7.0.0).	Action required before upgrading. The `prevent-volume-mode-conversion` feature flag is enabled by default in the external-provisioner `v4.0.0` and external-snapshotter `v7.0.0`. Volume mode change will be rejected when creating a PVC from a VolumeSnapshot unless you perform the steps described in the "Urgent Upgrade Notes" sections for the [external-provisioner 4.0.0](https://github.com/kubernetes-csi/external-provisioner/releases/tag/v4.0.0) and the [external-snapshotter v7.0.0](https://github.com/kubernetes-csi/external-snapshotter/releases/tag/v7.0.0).
58c857e74ca0	grammar-function-word		the	A Kubernetes object is a "record of intent"--once you create the object, the Kubernetes system will constantly work to ensure that object exists. By creating an object, you're effectively telling the Kubernetes system what you want your cluster's workload to look like; this is your cluster's *desired state*.	A Kubernetes object is a "record of intent"--once you create the object, the Kubernetes system will constantly work to ensure that the object exists. By creating an object, you're effectively telling the Kubernetes system what you want your cluster's workload to look like; this is your cluster's *desired state*.
58c857e74ca0	grammar-function-word		a	When you create an object in Kubernetes, you must provide the object spec that describes its desired state, as well as some basic information about the object (such as a name). When you use the Kubernetes API to create the object (either directly or via `kubectl`), that API request must include that information as JSON in the request body. Most often, you provide the information to `kubectl` in file known as a _manifest_. By convention, manifests are YAML (you could also use JSON format). Tools such as `kubectl` convert the information from a manifest into JSON or another supported serialization format when making the API request over HTTP.	When you create an object in Kubernetes, you must provide the object spec that describes its desired state, as well as some basic information about the object (such as a name). When you use the Kubernetes API to create the object (either directly or via `kubectl`), that API request must include that information as JSON in the request body. Most often, you provide the information to `kubectl` in a file known as a _manifest_. By convention, manifests are YAML (you could also use JSON format). Tools such as `kubectl` convert the information from a manifest into JSON or another supported serialization format when making the API request over HTTP.
58c857e74ca0	grammar-inflection	object	objects	For example, see the [`spec` field](/docs/reference/kubernetes-api/workload-resources/pod-v1/#PodSpec) for the Pod API reference. For each Pod, the `.spec` field specifies the pod and its desired state (such as the container image name for each container within that pod). Another example of an object specification is the [`spec` field](/docs/reference/kubernetes-api/workload-resources/stateful-set-v1/#StatefulSetSpec) for the StatefulSet API. For StatefulSet, the `.spec` field specifies the StatefulSet and its desired state. Within the `.spec` of a StatefulSet is a [template](/docs/concepts/workloads/pods/#pod-templates) for Pod objects. That template describes Pods that the StatefulSet controller will create in order to satisfy the StatefulSet specification. Different kinds of object can also have different `.status`; again, the API reference pages detail the structure of that `.status` field, and its content for each different type of object.	For example, see the [`spec` field](/docs/reference/kubernetes-api/workload-resources/pod-v1/#PodSpec) for the Pod API reference. For each Pod, the `.spec` field specifies the pod and its desired state (such as the container image name for each container within that pod). Another example of an object specification is the [`spec` field](/docs/reference/kubernetes-api/workload-resources/stateful-set-v1/#StatefulSetSpec) for the StatefulSet API. For StatefulSet, the `.spec` field specifies the StatefulSet and its desired state. Within the `.spec` of a StatefulSet is a [template](/docs/concepts/workloads/pods/#pod-templates) for Pod objects. That template describes Pods that the StatefulSet controller will create in order to satisfy the StatefulSet specification. Different kinds of objects can also have different `.status`; again, the API reference pages detail the structure of that `.status` field, and its content for each different type of object.
e4abc3028e64	grammar-function-word	a		The Service's selector will be evaluated continuously and the results will be POSTed to an EndpointSlice that is connected to the Service using a	The Service's selector will be evaluated continuously and the results will be POSTed to an EndpointSlice that is connected to the Service using
dd225e174dbd	grammar-inflection	constants	constant	The Kubernetes directory `/etc/kubernetes` is a constant in the application, since it is clearly the given path in a majority of cases, and the most intuitive location; other constants paths and file names are:	The Kubernetes directory `/etc/kubernetes` is a constant in the application, since it is clearly the given path in a majority of cases, and the most intuitive location; other constant paths and file names are:
dd225e174dbd	grammar-function-word		the	- `/etc/kubernetes/manifests` as the path where kubelet should look for static Pod manifests. Names of static Pod manifests are:	- `/etc/kubernetes/manifests` as the path where the kubelet should look for static Pod manifests. Names of static Pod manifests are:
dd225e174dbd	grammar-function-word		the	- A serving certificate for the API server, generated using `ca.crt` as the CA, and saved into `apiserver.crt` file with its private key `apiserver.key`. This certificate should contain following alternative names:	- A serving certificate for the API server, generated using `ca.crt` as the CA, and saved into `apiserver.crt` file with its private key `apiserver.key`. This certificate should contain the following alternative names:
dd225e174dbd	grammar-function-word		should	Additionally, a kubeconfig file for kubeadm as an administrative entity is generated and stored in `/etc/kubernetes/admin.conf`. This file includes a certificate with `Subject: O = kubeadm:cluster-admins, CN = kubernetes-admin`. `kubeadm:cluster-admins` is a group managed by kubeadm. It is bound to the `cluster-admin` ClusterRole during `kubeadm init`, by using the `super-admin.conf` file, which does not require RBAC. This `admin.conf` file must remain on control plane nodes and not be shared with additional users.	Additionally, a kubeconfig file for kubeadm as an administrative entity is generated and stored in `/etc/kubernetes/admin.conf`. This file includes a certificate with `Subject: O = kubeadm:cluster-admins, CN = kubernetes-admin`. `kubeadm:cluster-admins` is a group managed by kubeadm. It is bound to the `cluster-admin` ClusterRole during `kubeadm init`, by using the `super-admin.conf` file, which does not require RBAC. This `admin.conf` file must remain on control plane nodes and should not be shared with additional users.
dd225e174dbd	grammar-function-word		on	See [RBAC user facing role bindings](/docs/reference/access-authn-authz/rbac/#user-facing-roles) for additional information RBAC and built-in ClusterRoles and groups.	See [RBAC user facing role bindings](/docs/reference/access-authn-authz/rbac/#user-facing-roles) for additional information on RBAC and built-in ClusterRoles and groups.
dd225e174dbd	grammar-inflection	manifest	manifests	Static Pod manifest share a set of common properties:	Static Pod manifests share a set of common properties:
dd225e174dbd	grammar-function-word		the	The static Pod manifest for the API server is affected by following parameters provided by the users:	The static Pod manifest for the API server is affected by the following parameters provided by the users:
dd225e174dbd	grammar-function-word		the	As soon as the control plane is available, kubeadm executes following actions:	As soon as the control plane is available, kubeadm executes the following actions:
dd225e174dbd	grammar-function-word		a	Kubeadm ensures that certificate rotation is enabled for nodes, and that new certificate request for nodes will get its CSR request automatically approved by the csrapprover controller.	Kubeadm ensures that certificate rotation is enabled for nodes, and that a new certificate request for nodes will get its CSR request automatically approved by the csrapprover controller.
dd225e174dbd	grammar-function-word		of	1. `kubeadm join` preflight checks are basically a subset `kubeadm init` preflight checks 1. Starting from 1.24, kubeadm uses crictl to communicate to all known CRI endpoints. 1. Starting from 1.9, kubeadm provides support for joining nodes running on Windows; in that case, linux specific controls are skipped. 1. In any case the user can skip specific preflight checks (or eventually all preflight checks) with the `--ignore-preflight-errors` option.	1. `kubeadm join` preflight checks are basically a subset of `kubeadm init` preflight checks 1. Starting from 1.24, kubeadm uses crictl to communicate to all known CRI endpoints. 1. Starting from 1.9, kubeadm provides support for joining nodes running on Windows; in that case, linux specific controls are skipped. 1. In any case the user can skip specific preflight checks (or eventually all preflight checks) with the `--ignore-preflight-errors` option.
dd225e174dbd	grammar-function-word		is	- First, the CA certificate is retrieved via insecure connection (this is possible because `kubeadm init` granted access to `cluster-info` users for `system:unauthenticated`)	- First, the CA certificate is retrieved via insecure connection (this is possible because `kubeadm init` is granted access to `cluster-info` users for `system:unauthenticated`)
dd225e174dbd	grammar-function-word	a	an	- As a additional validation, the CA certificate is retrieved via secure connection and then	- As an additional validation, the CA certificate is retrieved via secure connection and then
dd225e174dbd	grammar-function-word	are	is	Once the cluster info are known, the file `bootstrap-kubelet.conf` is written, thus allowing kubelet to do TLS Bootstrapping.	Once the cluster info is known, the file `bootstrap-kubelet.conf` is written, thus allowing kubelet to do TLS Bootstrapping.
281514adf4a2	grammar-inflection	wants	want	For example, if there are 1,253 pods on the cluster and you wants to receive chunks of 500 pods at a time, request those chunks as follows:	For example, if there are 1,253 pods on the cluster and you want to receive chunks of 500 pods at a time, request those chunks as follows:
f5f1be4da640	grammar-inflection	enforce	enforces	First, let's take a look at an example of a simple webhook. Here is an excerpt from a webhook that enforce `runAsNonRoot`, `readOnlyRootFilesystem`, `allowPrivilegeEscalation`, and `privileged` to be set to the least permissive values.	First, let's take a look at an example of a simple webhook. Here is an excerpt from a webhook that enforces `runAsNonRoot`, `readOnlyRootFilesystem`, `allowPrivilegeEscalation`, and `privileged` to be set to the least permissive values.
f5f1be4da640	grammar-function-word		with	Check out [What are admission webhooks?](/docs/reference/access-authn-authz/extensible-admission-controllers/#what-are-admission-webhooks) Or, see the [full code](https://gist.github.com/jiahuif/2653f2ce41fe6a2e5739ea7cd76b182b) of this webhook to follow along this walkthrough.	Check out [What are admission webhooks?](/docs/reference/access-authn-authz/extensible-admission-controllers/#what-are-admission-webhooks) Or, see the [full code](https://gist.github.com/jiahuif/2653f2ce41fe6a2e5739ea7cd76b182b) of this webhook to follow along with this walkthrough.
cf5a8f86dc5c	grammar-inflection	application	applications	Some application need additional storage but don't care whether that data is stored persistently across restarts. For example, caching services are often limited by memory size and can move infrequently used data into storage that is slower than memory with little impact on overall performance.	Some applications need additional storage but don't care whether that data is stored persistently across restarts. For example, caching services are often limited by memory size and can move infrequently used data into storage that is slower than memory with little impact on overall performance.
e839bf7aeecc	grammar-inflection	amount	amounts	Inter-pod affinity and anti-affinity require substantial amount of processing which can slow down scheduling in large clusters significantly. We do not recommend using them in clusters larger than several hundred nodes.	Inter-pod affinity and anti-affinity require substantial amounts of processing which can slow down scheduling in large clusters significantly. We do not recommend using them in clusters larger than several hundred nodes.
e839bf7aeecc	grammar-inflection	labelled,	labeled,	Pod anti-affinity requires nodes to be consistently labelled, in other words, every node in the cluster must have an appropriate label matching `topologyKey`. If some or all nodes are missing the specified `topologyKey` label, it can lead to unintended behavior.	Pod anti-affinity requires nodes to be consistently labeled, in other words, every node in the cluster must have an appropriate label matching `topologyKey`. If some or all nodes are missing the specified `topologyKey` label, it can lead to unintended behavior.
e839bf7aeecc	grammar-function-word	a	an	The `matchLabelKeys` field is a alpha-level field and is disabled by default in Kubernetes {{< skew currentVersion >}}. When you want to use it, you have to enable it via the `MatchLabelKeysInPodAffinity` [feature gate](/docs/reference/command-line-tools-reference/feature-gates/).	The `matchLabelKeys` field is an alpha-level field and is disabled by default in Kubernetes {{< skew currentVersion >}}. When you want to use it, you have to enable it via the `MatchLabelKeysInPodAffinity` [feature gate](/docs/reference/command-line-tools-reference/feature-gates/).
e839bf7aeecc	grammar-function-word	a	an	The `mismatchLabelKeys` field is a alpha-level field and is disabled by default in Kubernetes {{< skew currentVersion >}}. When you want to use it, you have to enable it via the `MatchLabelKeysInPodAffinity` [feature gate](/docs/reference/command-line-tools-reference/feature-gates/).	The `mismatchLabelKeys` field is an alpha-level field and is disabled by default in Kubernetes {{< skew currentVersion >}}. When you want to use it, you have to enable it via the `MatchLabelKeysInPodAffinity` [feature gate](/docs/reference/command-line-tools-reference/feature-gates/).
e839bf7aeecc	grammar-inflection	instances	instance	ResourceClaim : Defines a particular resource instances that is required by a workload. Created by a user (lifecycle managed manually, can be shared between different Pods) or for individual Pods by the control plane based on a ResourceClaimTemplate (automatic lifecycle, typically used by just one Pod).	ResourceClaim : Defines a particular resource instance that is required by a workload. Created by a user (lifecycle managed manually, can be shared between different Pods) or for individual Pods by the control plane based on a ResourceClaimTemplate (automatic lifecycle, typically used by just one Pod).
e839bf7aeecc	grammar-inflection	changed	change	These default values of hard eviction thresholds will only be set if none of the parameters is changed. If you changed the value of any parameter, then the values of other parameters will not be inherited as the default values and will be set to zero. In order to provide custom values, you should provide all the thresholds respectively.	These default values of hard eviction thresholds will only be set if none of the parameters is changed. If you change the value of any parameter, then the values of other parameters will not be inherited as the default values and will be set to zero. In order to provide custom values, you should provide all the thresholds respectively.
e839bf7aeecc	grammar-function-word		the	When Pod P preempts one or more Pods on Node N, `nominatedNodeName` field of Pod P's status is set to the name of Node N. This field helps scheduler track resources reserved for Pod P and also gives users information about preemptions in their clusters.	When Pod P preempts one or more Pods on Node N, `nominatedNodeName` field of Pod P's status is set to the name of Node N. This field helps the scheduler track resources reserved for Pod P and also gives users information about preemptions in their clusters.
e839bf7aeecc	grammar-function-word		the	These plugins are called after Filter phase, but only when no feasible nodes were found for the pod. Plugins are called in their configured order. If any postFilter plugin marks the node as `Schedulable`, the remaining plugins will not be called. A typical PostFilter implementation is preemption, which tries to make the pod schedulable by preempting other Pods.	These plugins are called after the Filter phase, but only when no feasible nodes were found for the pod. Plugins are called in their configured order. If any postFilter plugin marks the node as `Schedulable`, the remaining plugins will not be called. A typical PostFilter implementation is preemption, which tries to make the pod schedulable by preempting other Pods.
e839bf7aeecc	grammar-function-word		the	You can read more about this field by running `kubectl explain Pod.spec.topologySpreadConstraints` or refer to [scheduling](/docs/reference/kubernetes-api/workload-resources/pod-v1/#scheduling) section of the API reference for Pod.	You can read more about this field by running `kubectl explain Pod.spec.topologySpreadConstraints` or refer to the [scheduling](/docs/reference/kubernetes-api/workload-resources/pod-v1/#scheduling) section of the API reference for Pod.
e839bf7aeecc	grammar-inflection	labelled	labeled	You need a mechanism to ensure that all the nodes in a topology domain (such as a cloud provider region) are labelled consistently. To avoid you needing to manually label nodes, most clusters automatically populate well-known labels such as `kubernetes.io/hostname`. Check whether your cluster supports this.	You need a mechanism to ensure that all the nodes in a topology domain (such as a cloud provider region) are labeled consistently. To avoid you needing to manually label nodes, most clusters automatically populate well-known labels such as `kubernetes.io/hostname`. Check whether your cluster supports this.
e839bf7aeecc	grammar-inflection	labelled	labeled	Suppose you have a 4-node cluster where 3 Pods labelled `foo: bar` are located in node1, node2 and node3 respectively:	Suppose you have a 4-node cluster where 3 Pods labeled `foo: bar` are located in node1, node2 and node3 respectively:
e839bf7aeecc	grammar-inflection	labelled	labeled	From that manifest, `topologyKey: zone` implies the even distribution will only be applied to nodes that are labelled `zone: <any value>` (nodes that don't have a `zone` label are skipped). The field `whenUnsatisfiable: DoNotSchedule` tells the scheduler to let the incoming Pod stay pending if the scheduler can't find a way to satisfy the constraint.	From that manifest, `topologyKey: zone` implies the even distribution will only be applied to nodes that are labeled `zone: <any value>` (nodes that don't have a `zone` label are skipped). The field `whenUnsatisfiable: DoNotSchedule` tells the scheduler to let the incoming Pod stay pending if the scheduler can't find a way to satisfy the constraint.
e839bf7aeecc	grammar-function-word	an	a	You can work around this by using an cluster autoscaling tool that is aware of Pod topology spread constraints and is also aware of the overall set of topology domains.	You can work around this by using a cluster autoscaling tool that is aware of Pod topology spread constraints and is also aware of the overall set of topology domains.
33dcba8aa6dd	grammar-inflection	resource	resources	The _filtering_ step finds the set of Nodes where it's feasible to schedule the Pod. For example, the PodFitsResources filter checks whether a candidate Node has enough available resource to meet a Pod's specific resource requests. After this step, the node list contains any suitable Nodes; often, there will be more than one. If the list is empty, that Pod isn't (yet) schedulable.	The _filtering_ step finds the set of Nodes where it's feasible to schedule the Pod. For example, the PodFitsResources filter checks whether a candidate Node has enough available resources to meet a Pod's specific resource requests. After this step, the node list contains any suitable Nodes; often, there will be more than one. If the list is empty, that Pod isn't (yet) schedulable.
d9723d7e040d	grammar-inflection	Jobs	Job	If you define a Jobs that uses sidecar using Kubernetes-style init containers, the sidecar container in each Pod does not prevent the Job from completing after the main container has finished.	If you define a Job that uses sidecar using Kubernetes-style init containers, the sidecar container in each Pod does not prevent the Job from completing after the main container has finished.
b1929ab8a8b4	grammar-function-word	as	at	Making this change prevents the API server from retrieving resources that are marked as encrypted as rest, but are actually stored in the clear.	Making this change prevents the API server from retrieving resources that are marked as encrypted at rest, but are actually stored in the clear.
d536e46dbdb4	spelling	contraints.	constraints.	Additionally, the `cardinality_enforcement_unexpected_categorizations_total` meta-metric records the count of unexpected categorizations during cardinality enforcement, that is, whenever a label value is encountered that is not allowed with respect to the allow-list contraints.	Additionally, the `cardinality_enforcement_unexpected_categorizations_total` meta-metric records the count of unexpected categorizations during cardinality enforcement, that is, whenever a label value is encountered that is not allowed with respect to the allow-list constraints.
d536e46dbdb4	spelling	limts	limits	Kubernetes allows configuring the Kubelet on each worker node.  Some Kubelet configurations act as policies: * [Process ID limts and reservations](/docs/concepts/policy/pid-limiting/) are used to limit and reserve allocatable PIDs. * [Node Resource Managers](/docs/concepts/policy/node-resource-managers/) can manage compute, memory, and device resources for latency-critical and high-throughput workloads.	Kubernetes allows configuring the Kubelet on each worker node.  Some Kubelet configurations act as policies: * [Process ID limits and reservations](/docs/concepts/policy/pid-limiting/) are used to limit and reserve allocatable PIDs. * [Node Resource Managers](/docs/concepts/policy/node-resource-managers/) can manage compute, memory, and device resources for latency-critical and high-throughput workloads.
d536e46dbdb4	spelling	ressource	resource	[`NodeRestriction`](/docs/reference/access-authn-authz/admission-controllers/#noderestriction) : Restricts kubelet's permissions to only modify the pods API resources they own or the node API ressource that represent themselves. It also prevents kubelet from using the `node-restriction.kubernetes.io/` annotation, which can be used by an attacker with access to the kubelet's credentials to influence pod placement to the controlled node.	[`NodeRestriction`](/docs/reference/access-authn-authz/admission-controllers/#noderestriction) : Restricts kubelet's permissions to only modify the pods API resources they own or the node API resource that represent themselves. It also prevents kubelet from using the `node-restriction.kubernetes.io/` annotation, which can be used by an attacker with access to the kubelet's credentials to influence pod placement to the controlled node.
d536e46dbdb4	spelling	preferrable	preferable	Importantly, the third step prioritizes limiting EndpointSlice updates over a perfectly full distribution of EndpointSlices. As an example, if there are 10 new endpoints to add and 2 EndpointSlices with room for 5 more endpoints each, this approach will create a new EndpointSlice instead of filling up the 2 existing EndpointSlices. In other words, a single EndpointSlice creation is preferrable to multiple EndpointSlice updates.	Importantly, the third step prioritizes limiting EndpointSlice updates over a perfectly full distribution of EndpointSlices. As an example, if there are 10 new endpoints to add and 2 EndpointSlices with room for 5 more endpoints each, this approach will create a new EndpointSlice instead of filling up the 2 existing EndpointSlices. In other words, a single EndpointSlice creation is preferable to multiple EndpointSlice updates.
d536e46dbdb4	spelling	stucked	stuck	See [My pod stays terminating](/docs/tasks/debug/debug-application/debug-pods/) if you observe that pods from a Job are stucked with the tracking finalizer.	See [My pod stays terminating](/docs/tasks/debug/debug-application/debug-pods/) if you observe that pods from a Job are stuck with the tracking finalizer.
d536e46dbdb4	spelling	arbitary	arbitrary	* To create or update a signer-linked ClusterTrustBundle, you must be permitted to **attest** on the signer (custom authorization verb `attest`, API group `certificates.k8s.io`; resource path `signers`). You can configure authorization for the specific resource name `<signerNameDomain>/<signerNamePath>` or match a pattern such as `<signerNameDomain>/*`. * Signer-linked ClusterTrustBundles **must** be named with a prefix derived from their `spec.signerName` field.  Slashes (`/`) are replaced with colons (`:`), and a final colon is appended.  This is followed by an arbitary name.  For example, the signer `example.com/mysigner` can be linked to a ClusterTrustBundle `example.com:mysigner:<arbitrary-name>`.	* To create or update a signer-linked ClusterTrustBundle, you must be permitted to **attest** on the signer (custom authorization verb `attest`, API group `certificates.k8s.io`; resource path `signers`). You can configure authorization for the specific resource name `<signerNameDomain>/<signerNamePath>` or match a pattern such as `<signerNameDomain>/*`. * Signer-linked ClusterTrustBundles **must** be named with a prefix derived from their `spec.signerName` field.  Slashes (`/`) are replaced with colons (`:`), and a final colon is appended.  This is followed by an arbitrary name.  For example, the signer `example.com/mysigner` can be linked to a ClusterTrustBundle `example.com:mysigner:<arbitrary-name>`.
d536e46dbdb4	spelling	evalutes	evaluates	In this example the annotation will only be included if the `spec.replicas` of the Deployment is more than 50, otherwise the CEL expression evalutes to null and the annotation will not be included.	In this example the annotation will only be included if the `spec.replicas` of the Deployment is more than 50, otherwise the CEL expression evaluates to null and the annotation will not be included.
d536e46dbdb4	spelling	informations	information	--- title: KubeletPodResourcesDynamicResources content_type: feature_gate _build: list: never render: false --- Extend the kubelet's pod resources gRPC endpoint to to include resources allocated in `ResourceClaims` via `DynamicResourceAllocation` API. See [resource allocation reporting](/docs/concepts/extend-kubernetes/compute-storage-net/device-plugins/#monitoring-device-plugin-resources) for more details. with informations about the allocatable resources, enabling clients to properly track the free compute resources on a node.	--- title: KubeletPodResourcesDynamicResources content_type: feature_gate _build: list: never render: false --- Extend the kubelet's pod resources gRPC endpoint to to include resources allocated in `ResourceClaims` via `DynamicResourceAllocation` API. See [resource allocation reporting](/docs/concepts/extend-kubernetes/compute-storage-net/device-plugins/#monitoring-device-plugin-resources) for more details. with information about the allocatable resources, enabling clients to properly track the free compute resources on a node.
d536e46dbdb4	spelling	canot	cannot	<p>eventBurst is the maximum size of a burst of event creations, temporarily allows event creations to burst to this number, while still not exceeding eventRecordQPS. This field canot be a negative number and it is only used when eventRecordQPS &gt; 0. Default: 100</p>	<p>eventBurst is the maximum size of a burst of event creations, temporarily allows event creations to burst to this number, while still not exceeding eventRecordQPS. This field cannot be a negative number and it is only used when eventRecordQPS &gt; 0. Default: 100</p>
d536e46dbdb4	grammar-inflection	homogenous	homogeneous	_SelectorSpreadPriority_ is a best effort placement. If the zones in your cluster are heterogeneous (for example: different numbers of nodes, different types of nodes, or different pod resource requirements), this placement might prevent equal spreading of your Pods across zones. If desired, you can use homogenous zones (same number and types of nodes) to reduce the probability of unequal spreading.	_SelectorSpreadPriority_ is a best effort placement. If the zones in your cluster are heterogeneous (for example: different numbers of nodes, different types of nodes, or different pod resource requirements), this placement might prevent equal spreading of your Pods across zones. If desired, you can use homogeneous zones (same number and types of nodes) to reduce the probability of unequal spreading.
d536e46dbdb4	spelling	identifer	identifier	This label is used as a programmatic way to get all Pods corresponding to a Job. The `controller-uid` is a unique identifer that gets set in the `selector` field so the Job controller can get all the corresponding Pods.	This label is used as a programmatic way to get all Pods corresponding to a Job. The `controller-uid` is a unique identifier that gets set in the `selector` field so the Job controller can get all the corresponding Pods.
d536e46dbdb4	spelling	seperated	separated	The AWS load balancer controller uses this annotation to specify a comma seperated list of security groups you want to attach to an AWS load balancer. Both name and ID of security are supported where name matches a `Name` tag, not the `groupName` attribute.	The AWS load balancer controller uses this annotation to specify a comma separated list of security groups you want to attach to an AWS load balancer. Both name and ID of security are supported where name matches a `Name` tag, not the `groupName` attribute.
d536e46dbdb4	spelling	evaluted	evaluated	This annotation indicates that a admission policy validation evaluted to false for an API request, or that the validation resulted in an error while the policy was configured with `failurePolicy: Fail`.	This annotation indicates that a admission policy validation evaluated to false for an API request, or that the validation resulted in an error while the policy was configured with `failurePolicy: Fail`.
d536e46dbdb4	spelling	specfied	specified	Timeout in seconds to wait until the checkpoint creation is finished. If zero or no timeout is specfied the default {{<glossary_tooltip term_id="cri" text="CRI">}} timeout value will be used. Checkpoint creation time depends directly on the used memory of the container. The more memory a container uses the more time is required to create the corresponding checkpoint.	Timeout in seconds to wait until the checkpoint creation is finished. If zero or no timeout is specified the default {{<glossary_tooltip term_id="cri" text="CRI">}} timeout value will be used. Checkpoint creation time depends directly on the used memory of the container. The more memory a container uses the more time is required to create the corresponding checkpoint.
d536e46dbdb4	spelling	experessions	expressions	Some Kubernetes API fields contain partially type checked CEL expressions. A partially type checked expression is an experessions where some of the variables are statically typed but others are dynamically typed. For example, in the CEL expressions of [ValidatingAdmissionPolicies](/docs/reference/access-authn-authz/validating-admission-policy/) the `request` variable is typed, but the `object` variable is dynamically typed. As a result, an expression containing `request.namex` would fail type checking because the `namex` field is not defined. However, `object.namex` would pass type checking even when the `namex` field is not defined for the resource kinds that `object` refers to, because `object` is dynamically typed.	Some Kubernetes API fields contain partially type checked CEL expressions. A partially type checked expression is an expressions where some of the variables are statically typed but others are dynamically typed. For example, in the CEL expressions of [ValidatingAdmissionPolicies](/docs/reference/access-authn-authz/validating-admission-policy/) the `request` variable is typed, but the `object` variable is dynamically typed. As a result, an expression containing `request.namex` would fail type checking because the `namex` field is not defined. However, `object.namex` would pass type checking even when the `namex` field is not defined for the resource kinds that `object` refers to, because `object` is dynamically typed.
d536e46dbdb4	spelling	tha	that	If this does not apply to your setup, you can skip processing the `kubelet.conf.csr` on secondary control plane and on workers nodes (all nodes tha call `kubeadm join ...`). That is because the active kube-controller-manager will be responsible for signing new kubelet client certificates.	If this does not apply to your setup, you can skip processing the `kubelet.conf.csr` on secondary control plane and on workers nodes (all nodes that call `kubeadm join ...`). That is because the active kube-controller-manager will be responsible for signing new kubelet client certificates.
d536e46dbdb4	spelling	plase	please	For additional information, plase refer to the [sigstore Blog](https://blog.sigstore.dev/cosign-2-0-released/)	For additional information, please refer to the [sigstore Blog](https://blog.sigstore.dev/cosign-2-0-released/)
d536e46dbdb4	spelling	enviroment	environment	When the `ServiceAccountTokenNodeBinding` and `ServiceAccountTokenNodeBindingValidation` features are enabled and the `KUBECTL_NODE_BOUND_TOKENS` enviroment variable is set to `true`, it is possible to create a service account token that is directly bound to a `Node`:	When the `ServiceAccountTokenNodeBinding` and `ServiceAccountTokenNodeBindingValidation` features are enabled and the `KUBECTL_NODE_BOUND_TOKENS` environment variable is set to `true`, it is possible to create a service account token that is directly bound to a `Node`:
d536e46dbdb4	spelling	assocaited	associated	The token will be valid until it expires or either the assocaited `Node` or service account are deleted.	The token will be valid until it expires or either the associated `Node` or service account are deleted.
d536e46dbdb4	spelling	configration	configuration	{{< note >}} If using containerd as your container runtime the pause image is specified in the `plugins.plugins.cri.sandbox_image` field of the of config.toml configration file. {{< /note >}}	{{< note >}} If using containerd as your container runtime the pause image is specified in the `plugins.plugins.cri.sandbox_image` field of the of config.toml configuration file. {{< /note >}}
d536e46dbdb4	spelling	specifc	specific	By default, all unspecified fields for a custom resource, across all versions, are pruned. It is possible though to opt-out of that for specifc sub-trees of fields by adding `x-kubernetes-preserve-unknown-fields: true` in the [structural OpenAPI v3 validation schema](#specifying-a-structural-schema).	By default, all unspecified fields for a custom resource, across all versions, are pruned. It is possible though to opt-out of that for specific sub-trees of fields by adding `x-kubernetes-preserve-unknown-fields: true` in the [structural OpenAPI v3 validation schema](#specifying-a-structural-schema).
af3ecd4b86e1	spelling	emove	remove	1. The client starts to prepare an HTTP request for the URL `http://www.example.com` 2. The client's DNS resolver queries for the destination name and learns a mapping to one or more IP addresses associated with the Gateway. 3. The client sends a request to the Gateway IP address; the reverse proxy receives the HTTP request and uses the Host: header to match a configuration that was derived from the Gateway and attached HTTPRoute. 4. Optionally, the reverse proxy can perform request header and/or path matching based on match rules of the HTTPRoute. 5. Optionally, the reverse proxy can modify the request; for example, to add or emove headers, based on filter rules of the HTTPRoute. 6. Lastly, the reverse proxy forwards the request to one or more backends.	1. The client starts to prepare an HTTP request for the URL `http://www.example.com` 2. The client's DNS resolver queries for the destination name and learns a mapping to one or more IP addresses associated with the Gateway. 3. The client sends a request to the Gateway IP address; the reverse proxy receives the HTTP request and uses the Host: header to match a configuration that was derived from the Gateway and attached HTTPRoute. 4. Optionally, the reverse proxy can perform request header and/or path matching based on match rules of the HTTPRoute. 5. Optionally, the reverse proxy can modify the request; for example, to add or remove headers, based on filter rules of the HTTPRoute. 6. Lastly, the reverse proxy forwards the request to one or more backends.
7a8ed1c30f18	grammar-function-word		the	When a client first sends a **delete** to request removal of a resource, the `.metadata.deletionTimestamp` is set to the current time. Once the `.metadata.deletionTimestamp` is set, external controllers that act on finalizers may start performing their cleanup work at any time, in any order.	When a client first sends a **delete** to request the removal of a resource, the `.metadata.deletionTimestamp` is set to the current time. Once the `.metadata.deletionTimestamp` is set, external controllers that act on finalizers may start performing their cleanup work at any time, in any order.
1bbf5df88016	spelling	envirnment	environment	Note, there is still intentional isolation between the envirnment and the internet.  There are also some things that are not shown in order to keep the diagram simple, for example malware scanning on the secure side of the air gap.	Note, there is still intentional isolation between the environment and the internet.  There are also some things that are not shown in order to keep the diagram simple, for example malware scanning on the secure side of the air gap.
a2c2c2387319	grammar-function-word	the	they	It is strongly recommended for controllers to always force conflicts on objects that the own and manage, since they might not be able to resolve or act on these conflicts.	It is strongly recommended for controllers to always force conflicts on objects that they own and manage, since they might not be able to resolve or act on these conflicts.
f87db5aeb8b0	grammar-function-word	A	An	--- title: Object id: object date: 2020-10-12 full_link: /docs/concepts/overview/working-with-objects/#kubernetes-objects short_description: > A entity in the Kubernetes system, representing part of the state of your cluster. aka: tags: - fundamental --- An entity in the Kubernetes system. The Kubernetes API uses these entities to represent the state of your cluster.	--- title: Object id: object date: 2020-10-12 full_link: /docs/concepts/overview/working-with-objects/#kubernetes-objects short_description: > An entity in the Kubernetes system, representing part of the state of your cluster. aka: tags: - fundamental --- An entity in the Kubernetes system. The Kubernetes API uses these entities to represent the state of your cluster.
e366d2621b07	grammar-function-word		to	Provided you enabled the feature gate, Kubernetes implements _validation racheting_ for CustomResourceDefinitions. The API server is willing accept updates to resources that are not valid after the update, provided that each part of the resource that failed to validate was not changed by the update operation. In other words, any invalid part of the resource that remains invalid must have already been wrong. You cannot use this mechanism to update a valid resource so that it becomes invalid.	Provided you enabled the feature gate, Kubernetes implements _validation racheting_ for CustomResourceDefinitions. The API server is willing to accept updates to resources that are not valid after the update, provided that each part of the resource that failed to validate was not changed by the update operation. In other words, any invalid part of the resource that remains invalid must have already been wrong. You cannot use this mechanism to update a valid resource so that it becomes invalid.
e366d2621b07	grammar-function-word	are		While most validations placed in the OpenAPIV3 schema of a CRD are support ratcheting, there are a few exceptions. The following OpenAPIV3 schema validations are not supported by ratcheting under the implementation in Kubernetes	While most validations placed in the OpenAPIV3 schema of a CRD support ratcheting, there are a few exceptions. The following OpenAPIV3 schema validations are not supported by ratcheting under the implementation in Kubernetes
b708c1da4302	grammar-inflection	worse	worst	Sometimes, you have to deal with legacy applications that might require an additional startup time on their first initialization. In such cases, it can be tricky to set up liveness probe parameters without compromising the fast response to deadlocks that motivated such a probe. The trick is to set up a startup probe with the same command, HTTP or TCP check, with a `failureThreshold * periodSeconds` long enough to cover the worse case startup time.	Sometimes, you have to deal with legacy applications that might require an additional startup time on their first initialization. In such cases, it can be tricky to set up liveness probe parameters without compromising the fast response to deadlocks that motivated such a probe. The trick is to set up a startup probe with the same command, HTTP or TCP check, with a `failureThreshold * periodSeconds` long enough to cover the worst case startup time.
0289ecacff8a	grammar-function-word	to		- The Kubernetes package repositories contain packages beginning with those Kubernetes versions that were still under support when the community took over the package builds. This means that anything before v1.24.0 will only be available in the Google-hosted repository. - There's a dedicated package repository for each Kubernetes minor version. When upgrading to to a different minor release, you must bear in mind that the package repository details also change.	- The Kubernetes package repositories contain packages beginning with those Kubernetes versions that were still under support when the community took over the package builds. This means that anything before v1.24.0 will only be available in the Google-hosted repository. - There's a dedicated package repository for each Kubernetes minor version. When upgrading to a different minor release, you must bear in mind that the package repository details also change.
5f17fd8fb38e	spelling	additiona	additional	Base64 encoding is _not_ an encryption method, it provides no additiona confidentiality over plain text.	Base64 encoding is _not_ an encryption method, it provides no additional confidentiality over plain text.
c6ef33f06ce6	grammar-inflection	Pods	Pod	This page introduces _Quality of Service (QoS) classes_ in Kubernetes, and explains how Kubernetes assigns a QoS class to each Pods as a consequence of the resource constraints that you specify for the containers in that Pod. Kubernetes relies on this classification to make decisions about which Pods to evict when there are not enough available resources on a Node.	This page introduces _Quality of Service (QoS) classes_ in Kubernetes, and explains how Kubernetes assigns a QoS class to each Pod as a consequence of the resource constraints that you specify for the containers in that Pod. Kubernetes relies on this classification to make decisions about which Pods to evict when there are not enough available resources on a Node.
c250efb81acf	grammar-function-word		you	This page shows how to configure a user namespace for pods. This allows to isolate the user running inside the container from the one in the host.	This page shows how to configure a user namespace for pods. This allows you to isolate the user running inside the container from the one in the host.
67ec5feea2a3	spelling	authoratitively	authoritatively	In Kubernetes v{{< skew currentVersion >}}, the value you set for this field has no effect on {{< glossary_tooltip text="scheduling" term_id="kube-scheduler" >}} of the pods. Setting the `.spec.os.name` helps to identify the pod OS authoratitively and is used for validation. The kubelet refuses to run a Pod where you have specified a Pod OS, if this isn't the same as the operating system for the node where that kubelet is running. The [Pod security standards](/docs/concepts/security/pod-security-standards/) also use this field to avoid enforcing policies that aren't relevant to that operating system.	In Kubernetes v{{< skew currentVersion >}}, the value you set for this field has no effect on {{< glossary_tooltip text="scheduling" term_id="kube-scheduler" >}} of the pods. Setting the `.spec.os.name` helps to identify the pod OS authoritatively and is used for validation. The kubelet refuses to run a Pod where you have specified a Pod OS, if this isn't the same as the operating system for the node where that kubelet is running. The [Pod security standards](/docs/concepts/security/pod-security-standards/) also use this field to avoid enforcing policies that aren't relevant to that operating system.
b9f8b59e8b32	grammar-inflection	Fore	For	Fore more details on etcd maintenance, please refer to the [etcd maintenance](https://etcd.io/docs/latest/op-guide/maintenance/) documentation.	For more details on etcd maintenance, please refer to the [etcd maintenance](https://etcd.io/docs/latest/op-guide/maintenance/) documentation.
f8da7d4ad96c	spelling	oncurrency	concurrency	The nominal oncurrency limit for a PriorityLevelConfiguration is not specified in an absolute number of seats, but rather in "nominal concurrency shares." The total concurrency limit for the API Server is distributed among the existing PriorityLevelConfigurations in proportion to these shares, to give each level its nominal limit in terms of seats. This allows a cluster administrator to scale up or down the total amount of traffic to a server by restarting `kube-apiserver` with a different value for `--max-requests-inflight` (or `--max-mutating-requests-inflight`), and all PriorityLevelConfigurations will see their maximum allowed concurrency go up (or down) by the same fraction.	The nominal concurrency limit for a PriorityLevelConfiguration is not specified in an absolute number of seats, but rather in "nominal concurrency shares." The total concurrency limit for the API Server is distributed among the existing PriorityLevelConfigurations in proportion to these shares, to give each level its nominal limit in terms of seats. This allows a cluster administrator to scale up or down the total amount of traffic to a server by restarting `kube-apiserver` with a different value for `--max-requests-inflight` (or `--max-mutating-requests-inflight`), and all PriorityLevelConfigurations will see their maximum allowed concurrency go up (or down) by the same fraction.
8dbe3483af4a	grammar-inflection	Labels	Label	Labels selectors for both objects are defined in `json` or `yaml` files using maps, and only _equality-based_ requirement selectors are supported:	Label selectors for both objects are defined in `json` or `yaml` files using maps, and only _equality-based_ requirement selectors are supported:
580bc60e0413	grammar-function-word	a		`Evented PLEG` (PLEG is short for "Pod Lifecycle Event Generator") is set to be in beta for v1.27, Kubernetes offers two ways for the kubelet to detect Pod lifecycle events, such as a the last process in a container shutting down. In Kubernetes v1.27, the _event based_ mechanism has graduated to beta but remains disabled by default. If you do explicitly switch to event-based lifecycle change detection, the kubelet is able to start Pods more quickly than with the default approach that relies on polling. The default mechanism, polling for lifecycle changes, adds a noticeable overhead; this affects the kubelet's ability to handle different tasks in parallel, and leads to poor performance and reliability issues. For these reasons, we recommend that you switch your nodes to use event-based pod lifecycle change detection.	`Evented PLEG` (PLEG is short for "Pod Lifecycle Event Generator") is set to be in beta for v1.27, Kubernetes offers two ways for the kubelet to detect Pod lifecycle events, such as the last process in a container shutting down. In Kubernetes v1.27, the _event based_ mechanism has graduated to beta but remains disabled by default. If you do explicitly switch to event-based lifecycle change detection, the kubelet is able to start Pods more quickly than with the default approach that relies on polling. The default mechanism, polling for lifecycle changes, adds a noticeable overhead; this affects the kubelet's ability to handle different tasks in parallel, and leads to poor performance and reliability issues. For these reasons, we recommend that you switch your nodes to use event-based pod lifecycle change detection.
513068666543	grammar-function-word	is	should be	The output is similar to this:	The output should be similar to this:
a32bff381336	grammar-inflection	matches	match	A FlowSchema matches a given request if at least one of its `rules` matches. A rule matches if at least one of its `subjects` *and* at least one of its `resourceRules` or `nonResourceRules` (depending on whether the incoming request is for a resource or non-resource URL) matches the request.	A FlowSchema matches a given request if at least one of its `rules` matches. A rule matches if at least one of its `subjects` *and* at least one of its `resourceRules` or `nonResourceRules` (depending on whether the incoming request is for a resource or non-resource URL) match the request.
a32bff381336	spelling	condtions	conditions	The question of who controls the object is answered by first looking for an annotation with key `apf.kubernetes.io/autoupdate-spec`.  If there is such an annotation and its value is `true` then the kube-apiservers control the object.  If there is such an annotation and its value is `false` then the users control the object.  If neither of those condtions holds then the `metadata.generation` of the object is consulted.  If that is 1 then the kube-apiservers control the object.  Otherwise the users control the object.  These rules were introduced in release 1.22 and their consideration of `metadata.generation` is for the sake of migration from the simpler earlier behavior.  Users who wish to control a suggested configuration object should set its `apf.kubernetes.io/autoupdate-spec` annotation to `false`.	The question of who controls the object is answered by first looking for an annotation with key `apf.kubernetes.io/autoupdate-spec`.  If there is such an annotation and its value is `true` then the kube-apiservers control the object.  If there is such an annotation and its value is `false` then the users control the object.  If neither of those conditions holds then the `metadata.generation` of the object is consulted.  If that is 1 then the kube-apiservers control the object.  Otherwise the users control the object.  These rules were introduced in release 1.22 and their consideration of `metadata.generation` is for the sake of migration from the simpler earlier behavior.  Users who wish to control a suggested configuration object should set its `apf.kubernetes.io/autoupdate-spec` annotation to `false`.
a32bff381336	grammar-function-word	have		* `apiserver_flowcontrol_rejected_requests_total` is a counter vector (cumulative since server start) of requests that were rejected, broken down by the labels `flow_schema` (indicating the one that matched the request), `priority_level` (indicating the one to which the request was assigned), and `reason`.  The `reason` label will be have one of the following values:	* `apiserver_flowcontrol_rejected_requests_total` is a counter vector (cumulative since server start) of requests that were rejected, broken down by the labels `flow_schema` (indicating the one that matched the request), `priority_level` (indicating the one to which the request was assigned), and `reason`.  The `reason` label will be one of the following values:
a32bff381336	grammar-function-word	a	the	* `apiserver_flowcontrol_read_vs_write_current_requests` is a histogram vector of observations, made at the end of every nanosecond, of the number of requests broken down by the labels `phase` (which takes on the values `waiting` and `executing`) and `request_kind` (which takes on the values `mutating` and `readOnly`).  Each observed value is a ratio, between 0 and 1, of a number of requests divided by the corresponding limit on the number of requests (queue volume limit for waiting and concurrency limit for executing).	* `apiserver_flowcontrol_read_vs_write_current_requests` is a histogram vector of observations, made at the end of every nanosecond, of the number of requests broken down by the labels `phase` (which takes on the values `waiting` and `executing`) and `request_kind` (which takes on the values `mutating` and `readOnly`).  Each observed value is a ratio, between 0 and 1, of the number of requests divided by the corresponding limit on the number of requests (queue volume limit for waiting and concurrency limit for executing).
a32bff381336	grammar-inflection	debug	debugging	At higher levels of verbosity there will be log lines exposing details of how APF handled the request, primarily for debug purposes.	At higher levels of verbosity there will be log lines exposing details of how APF handled the request, primarily for debugging purposes.
124f6b8c6a07	spelling	enpoint	endpoint	Starting from Kubernetes v1.27, the `List` enpoint can provide information on resources of running pods allocated in `ResourceClaims` by the `DynamicResourceAllocation` API. To enable this feature `kubelet` must be started with the following flags:	Starting from Kubernetes v1.27, the `List` endpoint can provide information on resources of running pods allocated in `ResourceClaims` by the `DynamicResourceAllocation` API. To enable this feature `kubelet` must be started with the following flags:
5ed63def8a33	spelling	permision	permission	3. Create the new PodSecurityPolicies. If any Roles or ClusterRoles are granting `use` on all PSPs this could cause the new PSPs to be used instead of their mutating counter-parts. 4. Update your authorization to grant access to the new PSPs. In RBAC this means updating any Roles or ClusterRoles that grant the `use` permision on the original PSP to also grant it to the updated PSP. 5. Verify: after some soak time, rerun the command from step 1 to see if any pods are still using the original PSPs. Note that pods need to be recreated after the new policies have been rolled out before they can be fully verified. 6. (optional) Once you have verified that the original PSPs are no longer in use, you can delete them.	3. Create the new PodSecurityPolicies. If any Roles or ClusterRoles are granting `use` on all PSPs this could cause the new PSPs to be used instead of their mutating counter-parts. 4. Update your authorization to grant access to the new PSPs. In RBAC this means updating any Roles or ClusterRoles that grant the `use` permission on the original PSP to also grant it to the updated PSP. 5. Verify: after some soak time, rerun the command from step 1 to see if any pods are still using the original PSPs. Note that pods need to be recreated after the new policies have been rolled out before they can be fully verified. 6. (optional) Once you have verified that the original PSPs are no longer in use, you can delete them.
6b9bc4223306	spelling	Servies.	Services.	Kubernetes 1.24 introduced changes for `type: ClusterIP` Services, dividing the CIDR range for cluster IP addresses into two blocks that use different allocation policies to [reduce the risk of conflicts](/docs/reference/networking/virtual-ips/#avoiding-collisions). In Kubernetes 1.27, as an alpha feature, you can adopt a similar policy for `type: NodePort` Servies. You can enable a new [feature gate](/docs/reference/command-line-tools-reference/feature-gates/) `ServiceNodePortStaticSubrange`. Turning this on allows you to use a different port allocation strategy for `type: NodePort` Services, and reduce the risk of collision.	Kubernetes 1.24 introduced changes for `type: ClusterIP` Services, dividing the CIDR range for cluster IP addresses into two blocks that use different allocation policies to [reduce the risk of conflicts](/docs/reference/networking/virtual-ips/#avoiding-collisions). In Kubernetes 1.27, as an alpha feature, you can adopt a similar policy for `type: NodePort` Services. You can enable a new [feature gate](/docs/reference/command-line-tools-reference/feature-gates/) `ServiceNodePortStaticSubrange`. Turning this on allows you to use a different port allocation strategy for `type: NodePort` Services, and reduce the risk of collision.
9b369a8fdb9d	grammar-inflection	controls	control	You can specify a _stabilization window_ that prevents [flapping](#flapping) the replica count for a scaling target. Scaling policies also let you controls the rate of change of replicas while scaling.	You can specify a _stabilization window_ that prevents [flapping](#flapping) the replica count for a scaling target. Scaling policies also let you control the rate of change of replicas while scaling.
4ac46112dacb	grammar-function-word	their	its	Like a {{< glossary_tooltip term_id="deployment" >}}, a StatefulSet manages Pods that are based on an identical container spec. Unlike a Deployment, a StatefulSet maintains a sticky identity for each of their Pods. These pods are created from the same spec, but are not interchangeable&#58; each has a persistent identifier that it maintains across any rescheduling.	Like a {{< glossary_tooltip term_id="deployment" >}}, a StatefulSet manages Pods that are based on an identical container spec. Unlike a Deployment, a StatefulSet maintains a sticky identity for each of its Pods. These pods are created from the same spec, but are not interchangeable&#58; each has a persistent identifier that it maintains across any rescheduling.
5db47862eb92	spelling	provied	provided	Similar functionality for NVIDIA is provied by [GPU feature discovery](https://github.com/NVIDIA/gpu-feature-discovery/blob/main/README.md).	Similar functionality for NVIDIA is provided by [GPU feature discovery](https://github.com/NVIDIA/gpu-feature-discovery/blob/main/README.md).
1ee40c20bddf	spelling	accessable	accessible	The `has()` macro in CEL may be used in CEL expressions to check if a field of a dynamically typed variable is accessable before attempting to access the field's value. For example:	The `has()` macro in CEL may be used in CEL expressions to check if a field of a dynamically typed variable is accessible before attempting to access the field's value. For example:
1ee40c20bddf	spelling	independant	independent	A key element of the resource constraint features is a _cost unit_ that CEL defines as a way of tracking CPU utilization. Cost units are independant of system load and hardware. Cost units are also deterministic; for any given CEL expression and input data, evaluation of the expression by the CEL interpreter will always result in the same cost.	A key element of the resource constraint features is a _cost unit_ that CEL defines as a way of tracking CPU utilization. Cost units are independent of system load and hardware. Cost units are also deterministic; for any given CEL expression and input data, evaluation of the expression by the CEL interpreter will always result in the same cost.
4217aeb23664	grammar-function-word	do	does	A CronJob creates a Job object approximately once per execution time of its schedule. The scheduling is approximate because there are certain circumstances where two Jobs might be created, or no Job might be created. Kubernetes tries to avoid those situations, but do not completely prevent them. Therefore, the Jobs that you define should be _idempotent_.	A CronJob creates a Job object approximately once per execution time of its schedule. The scheduling is approximate because there are certain circumstances where two Jobs might be created, or no Job might be created. Kubernetes tries to avoid those situations, but does not completely prevent them. Therefore, the Jobs that you define should be _idempotent_.
36f93de9f251	spelling	emphemeral	ephemeral	If you use a {{< glossary_tooltip term_id="deployment" >}} to run your app, that Deployment can create and destroy Pods dynamically. From one moment to the next, you don't know how many of those Pods are working and healthy; you might not even know what those healthy Pods are named. Kubernetes {{< glossary_tooltip term_id="pod" text="Pods" >}} are created and destroyed to match the desired state of your cluster. Pods are emphemeral resources (you should not expect that an individual Pod is reliable and durable).	If you use a {{< glossary_tooltip term_id="deployment" >}} to run your app, that Deployment can create and destroy Pods dynamically. From one moment to the next, you don't know how many of those Pods are working and healthy; you might not even know what those healthy Pods are named. Kubernetes {{< glossary_tooltip term_id="pod" text="Pods" >}} are created and destroyed to match the desired state of your cluster. Pods are ephemeral resources (you should not expect that an individual Pod is reliable and durable).
ec42ca7f2a93	grammar-inflection	adds	add	By default, the above commands adds two contexts that are saved into file `.kube/config`. You can now view the contexts and alternate against the two new request contexts depending on which namespace you wish to work against.	By default, the above commands add two contexts that are saved into file `.kube/config`. You can now view the contexts and alternate against the two new request contexts depending on which namespace you wish to work against.
1c72280493c7	spelling	existance	existence	Kubernetes 1.4 maintains backwards compatibility with the alpha version of the dynamic provisioning feature to allow for a smoother transition to the beta version. The alpha behavior is triggered by the existance of the alpha dynamic provisioning annotation (volume. **alpha**.kubernetes.io/storage-class). Keep in mind that if the beta annotation (volume. **beta**.kubernetes.io/storage-class) is present, it takes precedence, and triggers the beta behavior.	Kubernetes 1.4 maintains backwards compatibility with the alpha version of the dynamic provisioning feature to allow for a smoother transition to the beta version. The alpha behavior is triggered by the existence of the alpha dynamic provisioning annotation (volume. **alpha**.kubernetes.io/storage-class). Keep in mind that if the beta annotation (volume. **beta**.kubernetes.io/storage-class) is present, it takes precedence, and triggers the beta behavior.
1c72280493c7	spelling	continous	continuous	Some content will be removed that readers may find helpful. To make sure readers have continous access to information, we're giving stakeholders until the [1.19 release deadline for docs](https://github.com/kubernetes/sig-release/tree/master/releases/release-1.19), **July 9th, 2020** to re-home any content slated for removal.	Some content will be removed that readers may find helpful. To make sure readers have continuous access to information, we're giving stakeholders until the [1.19 release deadline for docs](https://github.com/kubernetes/sig-release/tree/master/releases/release-1.19), **July 9th, 2020** to re-home any content slated for removal.
1c72280493c7	spelling	embeded	embedded	For that, Minikube embeded the [Kubernetes Dashboard](https://github.com/kubernetes/dashboard). Thanks to it, running and accessing the Dashboard is very simple:	For that, Minikube embedded the [Kubernetes Dashboard](https://github.com/kubernetes/dashboard). Thanks to it, running and accessing the Dashboard is very simple:
1c72280493c7	spelling	contributer	contributor	**ADAM GLICK: What would your advice be to someone who is hearing your experience and is inspired to get involved with the Kubernetes release or contributer process?**	**ADAM GLICK: What would your advice be to someone who is hearing your experience and is inspired to get involved with the Kubernetes release or contributor process?**
1c72280493c7	spelling	unkonwn	unknown	- Ignore (default when feature gate is disabled, same as pre-1.23 behavior of dropping/ignoring unkonwn fields) - Warn (default when feature gate is enabled). - Strict (this will fail the request with an Invalid Request error)	- Ignore (default when feature gate is disabled, same as pre-1.23 behavior of dropping/ignoring unknown fields) - Warn (default when feature gate is enabled). - Strict (this will fail the request with an Invalid Request error)
1c72280493c7	spelling	Adeliade,	Adelaide,	Dylan Graham is a cloud engineer from Adeliade, Australia. He has been contributing to the upstream Kubernetes project since 2018.	Dylan Graham is a cloud engineer from Adelaide, Australia. He has been contributing to the upstream Kubernetes project since 2018.
1c72280493c7	spelling	siginificant	significant	-  I am using a StatefulSet to orchestrate a multi-instance, cache based application where the size of the cache is large. The cache starts cold and requires some siginificant amount of time before the container can start. There could be more initial startup tasks that are required. A RollingUpdate on this StatefulSet would take a lot of time before the application is fully updated. If the StatefulSet supported updating more than one pod at a time, it would result in a much faster update.	-  I am using a StatefulSet to orchestrate a multi-instance, cache based application where the size of the cache is large. The cache starts cold and requires some significant amount of time before the container can start. There could be more initial startup tasks that are required. A RollingUpdate on this StatefulSet would take a lot of time before the application is fully updated. If the StatefulSet supported updating more than one pod at a time, it would result in a much faster update.
1c72280493c7	spelling	paramaters.	parameters.	The kubelet and container runtime use a [cgroup driver](/docs/setup/production-environment/container-runtimes#cgroup-drivers) to set cgroup paramaters. When using cgroup v2, it's strongly recommended that both the kubelet and your container runtime use the [systemd cgroup driver](/docs/setup/production-environment/container-runtimes#systemd-cgroup-driver), so that there's a single cgroup manager on the system. To configure the kubelet and the container runtime to use the driver, refer to the [systemd cgroup driver documentation](/docs/setup/production-environment/container-runtimes#systemd-cgroup-driver).	The kubelet and container runtime use a [cgroup driver](/docs/setup/production-environment/container-runtimes#cgroup-drivers) to set cgroup parameters. When using cgroup v2, it's strongly recommended that both the kubelet and your container runtime use the [systemd cgroup driver](/docs/setup/production-environment/container-runtimes#systemd-cgroup-driver), so that there's a single cgroup manager on the system. To configure the kubelet and the container runtime to use the driver, refer to the [systemd cgroup driver documentation](/docs/setup/production-environment/container-runtimes#systemd-cgroup-driver).
1c72280493c7	spelling	inital	initial	Creating an inital list with one element inside should succeed without problem:	Creating an initial list with one element inside should succeed without problem:
1c72280493c7	spelling	sofware,	software,	In this release we want to recognise the importance of all these building blocks on which Kubernetes is developed and used, while at the same time raising awareness on the importance of taking the energy consumption footprint into account: environmental sustainability is an inescapable concern of creators and users of any software solution, and the environmental footprint of sofware, like Kubernetes, an area which we believe will play a significant role in future releases.	In this release we want to recognise the importance of all these building blocks on which Kubernetes is developed and used, while at the same time raising awareness on the importance of taking the energy consumption footprint into account: environmental sustainability is an inescapable concern of creators and users of any software solution, and the environmental footprint of software, like Kubernetes, an area which we believe will play a significant role in future releases.
1c72280493c7	spelling	accomodate	accommodate	This dependency made the tracking of Job status unreliable, because Pods can be deleted from the API for a number of reasons, including: - The garbage collector removing orphan Pods when a Node goes down. - The garbage collector removing terminated Pods when they reach a threshold. - The Kubernetes scheduler preempting a Pod to accomodate higher priority Pods. - The taint manager evicting a Pod that doesn't tolerate a `NoExecute` taint. - External controllers, not included as part of Kubernetes, or humans deleting Pods.	This dependency made the tracking of Job status unreliable, because Pods can be deleted from the API for a number of reasons, including: - The garbage collector removing orphan Pods when a Node goes down. - The garbage collector removing terminated Pods when they reach a threshold. - The Kubernetes scheduler preempting a Pod to accommodate higher priority Pods. - The taint manager evicting a Pod that doesn't tolerate a `NoExecute` taint. - External controllers, not included as part of Kubernetes, or humans deleting Pods.
82ca1266720b	grammar-inflection	Manger	Manager	The `None` policy returns default topology hint. This special hint denotes that Hint Provider (Memory Manger in this case) has no preference for NUMA affinity with any resource.	The `None` policy returns default topology hint. This special hint denotes that Hint Provider (Memory Manager in this case) has no preference for NUMA affinity with any resource.
82ca1266720b	grammar-inflection	Manger	Manager	In the case of the `Guaranteed` pod, the `Static` Memory Manger policy returns topology hints relating to the set of NUMA nodes where the memory can be guaranteed, and reserves the memory through updating the internal [NodeMap][2] object.	In the case of the `Guaranteed` pod, the `Static` Memory Manager policy returns topology hints relating to the set of NUMA nodes where the memory can be guaranteed, and reserves the memory through updating the internal [NodeMap][2] object.
28b50215b81f	spelling	specifing	specifying	These are some requirements and semantics of the API: - if you want to use a `.spec.podFailurePolicy` field for a Job, you must also define that Job's pod template with `.spec.restartPolicy` set to `Never`. - the Pod failure policy rules you specify under `spec.podFailurePolicy.rules` are evaluated in order. Once a rule matches a Pod failure, the remaining rules are ignored. When no rule matches the Pod failure, the default handling applies. - you may want to restrict a rule to a specific container by specifing its name in`spec.podFailurePolicy.rules[*].containerName`. When not specified the rule applies to all containers. When specified, it should match one the container or `initContainer` names in the Pod template. - you may specify the action taken when a Pod failure policy is matched by `spec.podFailurePolicy.rules[*].action`. Possible values are: - `FailJob`: use to indicate that the Pod's job should be marked as Failed and	These are some requirements and semantics of the API: - if you want to use a `.spec.podFailurePolicy` field for a Job, you must also define that Job's pod template with `.spec.restartPolicy` set to `Never`. - the Pod failure policy rules you specify under `spec.podFailurePolicy.rules` are evaluated in order. Once a rule matches a Pod failure, the remaining rules are ignored. When no rule matches the Pod failure, the default handling applies. - you may want to restrict a rule to a specific container by specifying its name in`spec.podFailurePolicy.rules[*].containerName`. When not specified the rule applies to all containers. When specified, it should match one the container or `initContainer` names in the Pod template. - you may specify the action taken when a Pod failure policy is matched by `spec.podFailurePolicy.rules[*].action`. Possible values are: - `FailJob`: use to indicate that the Pod's job should be marked as Failed and
7093775c8884	grammar-function-word	those	the	If your Kubernetes cluster uses etcd as its backing store, make sure you have a [back up](/docs/tasks/administer-cluster/configure-upgrade-etcd/#backing-up-an-etcd-cluster) plan for those data.	If your Kubernetes cluster uses etcd as its backing store, make sure you have a [back up](/docs/tasks/administer-cluster/configure-upgrade-etcd/#backing-up-an-etcd-cluster) plan for the data.
4442de1ce79b	spelling	contrainer	container	By default, the contrainer runtime recursively assigns SELinux label to all files on all Pod volumes. To speed up this process, Kubernetes can change the SELinux label of a volume instantly by using a mount option `-o context=<label>`.	By default, the container runtime recursively assigns SELinux label to all files on all Pod volumes. To speed up this process, Kubernetes can change the SELinux label of a volume instantly by using a mount option `-o context=<label>`.
754936587892	grammar-inflection	serer	server	The `kubectl` tool uses the `--validate` flag to set the level of field validation. Historically `--validate` was used to toggle client-side validation on or off as a boolean flag. Since Kubernetes 1.25, kubectl uses server-side field validation when sending requests to a serer with this feature enabled. Validation will fall back to client-side only when it cannot connect to an API server with field validation enabled. It accepts the values `ignore`, `warn`, and `strict` while also accepting the values `true` (equivalent to `strict`) and `false` (equivalent to `ignore`). The default validation setting for kubectl is `--validate=true`, which means strict server-side field validation.	The `kubectl` tool uses the `--validate` flag to set the level of field validation. Historically `--validate` was used to toggle client-side validation on or off as a boolean flag. Since Kubernetes 1.25, kubectl uses server-side field validation when sending requests to a server with this feature enabled. Validation will fall back to client-side only when it cannot connect to an API server with field validation enabled. It accepts the values `ignore`, `warn`, and `strict` while also accepting the values `true` (equivalent to `strict`) and `false` (equivalent to `ignore`). The default validation setting for kubectl is `--validate=true`, which means strict server-side field validation.
294557aaeb5a	grammar-inflection	turning	turn	For example, to turning off all API versions except v1, pass `--runtime-config=api/all=false,api/v1=true` to the `kube-apiserver`.	For example, to turn off all API versions except v1, pass `--runtime-config=api/all=false,api/v1=true` to the `kube-apiserver`.
2b5dab08f1f0	grammar-inflection	does	doesn't	1. If the spec of the incoming Pod does already contain any `imagePullSecrets`, then the admission controller adds `imagePullSecrets`, copying them from the `ServiceAccount`.	1. If the spec of the incoming Pod doesn't already contain any `imagePullSecrets`, then the admission controller adds `imagePullSecrets`, copying them from the `ServiceAccount`.
f6ddeb6ff2fc	spelling	Distrbuted	Distributed	Distrbuted systems often have a need for "leases", which provides a mechanism to lock shared resources and coordinate activity between nodes. In Kubernetes, the "lease" concept is represented by `Lease` objects in the `coordination.k8s.io` API group, which are used for system-critical capabilities like node heart beats and component-level leader election.	Distributed systems often have a need for "leases", which provides a mechanism to lock shared resources and coordinate activity between nodes. In Kubernetes, the "lease" concept is represented by `Lease` objects in the `coordination.k8s.io` API group, which are used for system-critical capabilities like node heart beats and component-level leader election.
231f3ed94ec8	grammar-function-word	which has	that have	The flag `--subresource=[subresource-name]` is used with kubectl commands like get, patch, edit and replace to fetch and update `status` and `scale` subresources of the resources (applicable for kubectl version v1.24 or more). This flag is used with all the API resources (built-in and CRs) which has `status` or `scale` subresource. Deployment is one of the examples which supports these subresources.	The flag `--subresource=[subresource-name]` is used with kubectl commands like get, patch, edit and replace to fetch and update `status` and `scale` subresources of the resources (applicable for kubectl version v1.24 or more). This flag is used with all the API resources (built-in and CRs) that have `status` or `scale` subresource. Deployment is one of the examples which supports these subresources.
208af77e41fc	spelling	partilar	particular	cpu_ids in the `ContainerResources` in the `List` endpoint correspond to exclusive CPUs allocated to a partilar container. If the goal is to evaluate CPUs that belong to the shared pool, the `List` endpoint needs to be used in conjunction with the `GetAllocatableResources` endpoint as explained below: 1. Call `GetAllocatableResources` to get a list of all the allocatable CPUs 2. Call `GetCpuIds` on all `ContainerResources` in the system 3. Subtract out all of the CPUs from the `GetCpuIds` calls from the `GetAllocatableResources` call	cpu_ids in the `ContainerResources` in the `List` endpoint correspond to exclusive CPUs allocated to a particular container. If the goal is to evaluate CPUs that belong to the shared pool, the `List` endpoint needs to be used in conjunction with the `GetAllocatableResources` endpoint as explained below: 1. Call `GetAllocatableResources` to get a list of all the allocatable CPUs 2. Call `GetCpuIds` on all `ContainerResources` in the system 3. Subtract out all of the CPUs from the `GetCpuIds` calls from the `GetAllocatableResources` call
00425ef91f99	grammar-inflection	Manger	Manager	Other Managers should be first pre-configured. Next, the Memory Manger feature should be enabled and be run with `Static` policy (section [Static policy](#policy-static)). Optionally, some amount of memory can be reserved for system or kubelet processes to increase node stability (section [Reserved memory flag](#reserved-memory-flag)).	Other Managers should be first pre-configured. Next, the Memory Manager feature should be enabled and be run with `Static` policy (section [Static policy](#policy-static)). Optionally, some amount of memory can be reserved for system or kubelet processes to increase node stability (section [Reserved memory flag](#reserved-memory-flag)).
b657b0254127	grammar-function-word	your		With Kubernetes 1.24 the gRPC probes functionality entered beta and is available by default. Now you can configure startup, liveness, and readiness probes for your gRPC app without exposing any HTTP endpoint, nor do you need an executable. Kubernetes can natively connect to your your workload via gRPC and query its status.	With Kubernetes 1.24 the gRPC probes functionality entered beta and is available by default. Now you can configure startup, liveness, and readiness probes for your gRPC app without exposing any HTTP endpoint, nor do you need an executable. Kubernetes can natively connect to your workload via gRPC and query its status.
b657b0254127	grammar-function-word		a	This approach for gRPC apps health checking is very popular. There are [3,626 Dockerfiles](https://github.com/search?l=Dockerfile&q=grpc_health_probe&type=code) with the `grpc_health_probe` and [6,621 yaml](https://github.com/search?l=YAML&q=grpc_health_probe&type=Code) files that are discovered with the basic search on GitHub (at the moment of writing). This is good indication of the tool popularity and the need to support this natively.	This approach for gRPC apps health checking is very popular. There are [3,626 Dockerfiles](https://github.com/search?l=Dockerfile&q=grpc_health_probe&type=code) with the `grpc_health_probe` and [6,621 yaml](https://github.com/search?l=YAML&q=grpc_health_probe&type=Code) files that are discovered with the basic search on GitHub (at the moment of writing). This is a good indication of the tool popularity and the need to support this natively.
01133e364982	grammar-function-word	the		Kubernetes is switching from in-tree code for storage integrations, in favor of the Container Storage Interface (CSI). As part of this, Kubernetes v1.26 will remove the the deprecated in-tree storage integration for OpenStack (the `cinder` volume type). You should migrate to external cloud provider and CSI driver from https://github.com/kubernetes/cloud-provider-openstack instead. For more information, visit [Cinder in-tree to CSI driver migration](https://github.com/kubernetes/enhancements/issues/1489).	Kubernetes is switching from in-tree code for storage integrations, in favor of the Container Storage Interface (CSI). As part of this, Kubernetes v1.26 will remove the deprecated in-tree storage integration for OpenStack (the `cinder` volume type). You should migrate to external cloud provider and CSI driver from https://github.com/kubernetes/cloud-provider-openstack instead. For more information, visit [Cinder in-tree to CSI driver migration](https://github.com/kubernetes/enhancements/issues/1489).
01133e364982	spelling	wil	will	The `--master-service-namespace` command line argument to the kube-apiserver doesn't have any effect, and was already informally [deprecated](https://github.com/kubernetes/kubernetes/pull/38186). That command line argument wil be formally marked as deprecated in v1.26, preparing for its removal in a future release. The Kubernetes project does not expect any impact from this deprecation and removal.	The `--master-service-namespace` command line argument to the kube-apiserver doesn't have any effect, and was already informally [deprecated](https://github.com/kubernetes/kubernetes/pull/38186). That command line argument will be formally marked as deprecated in v1.26, preparing for its removal in a future release. The Kubernetes project does not expect any impact from this deprecation and removal.
63008ca41a70	grammar-function-word		This	will generate tokens that look like `02b50b05283e98dd0fd71db496ef01e8`.	This will generate tokens that look like `02b50b05283e98dd0fd71db496ef01e8`.
93d0e757de07	spelling	reciever	receiver	The kubelet CRI interface and authenticated http servers are instrumented to generate trace spans. As with the apiserver, the endpoint and sampling rate are configurable. Trace context propagation is also configured. A parent span's sampling decision is always respected. A provided tracing configuration sampling rate will apply to spans without a parent. Enabled without a configured endpoint, the default OpenTelemetry Collector reciever address of "localhost:4317" is set.	The kubelet CRI interface and authenticated http servers are instrumented to generate trace spans. As with the apiserver, the endpoint and sampling rate are configurable. Trace context propagation is also configured. A parent span's sampling decision is always respected. A provided tracing configuration sampling rate will apply to spans without a parent. Enabled without a configured endpoint, the default OpenTelemetry Collector receiver address of "localhost:4317" is set.
ea8b02cbcb9c	grammar-inflection	manger	manager	Since the CPU manger policy can only be applied when kubelet spawns new pods, simply changing from "none" to "static" won't apply to existing pods. So in order to properly change the CPU manager policy on a node, perform the following steps:	Since the CPU manager policy can only be applied when kubelet spawns new pods, simply changing from "none" to "static" won't apply to existing pods. So in order to properly change the CPU manager policy on a node, perform the following steps:
aa0804442838	grammar-inflection	consumes	consume	- Run a [shell script](/examples/security/kind-with-cluster-level-baseline-pod-security.sh) to perform all the preceding steps at once: 1. Create a Pod Security Standards based cluster level Configuration 2. Create a file to let API server consumes this configuration 3. Create a cluster that creates an API server with this configuration 4. Set kubectl context to this new cluster 5. Create a minimal pod yaml file 6. Apply this file to create a Pod in the new cluster - [Pod Security Admission](/docs/concepts/security/pod-security-admission/) - [Pod Security Standards](/docs/concepts/security/pod-security-standards/) - [Apply Pod Security Standards at the namespace level](/docs/tutorials/security/ns-level-pss/)	- Run a [shell script](/examples/security/kind-with-cluster-level-baseline-pod-security.sh) to perform all the preceding steps at once: 1. Create a Pod Security Standards based cluster level Configuration 2. Create a file to let API server consume this configuration 3. Create a cluster that creates an API server with this configuration 4. Set kubectl context to this new cluster 5. Create a minimal pod yaml file 6. Apply this file to create a Pod in the new cluster - [Pod Security Admission](/docs/concepts/security/pod-security-admission/) - [Pod Security Standards](/docs/concepts/security/pod-security-standards/) - [Apply Pod Security Standards at the namespace level](/docs/tutorials/security/ns-level-pss/)
7e26e71edfab	grammar-function-word	By	In	By contrast with Job, some controllers need to make changes to things outside of your cluster.	In contrast with Job, some controllers need to make changes to things outside of your cluster.
c5d39994c350	spelling	nicities	niceties	A list of improvements / nicities you get from switching from various things to Server-side apply!	A list of improvements / niceties you get from switching from various things to Server-side apply!
05a17c16fcc4	spelling	admistrators	administrators	- **Components**: Restrict `watch` or `list` access to only the most privileged, system-level components. Only grant `get` access for Secrets if the component's normal behavior requires it. - **Humans**: Restrict `get`, `watch`, or `list` access to Secrets. Only allow cluster admistrators to access `etcd`. This includes read-only access. For more complex access control, such as restricting access to Secrets with specific annotations, consider using third-party authorization mechanisms.	- **Components**: Restrict `watch` or `list` access to only the most privileged, system-level components. Only grant `get` access for Secrets if the component's normal behavior requires it. - **Humans**: Restrict `get`, `watch`, or `list` access to Secrets. Only allow cluster administrators to access `etcd`. This includes read-only access. For more complex access control, such as restricting access to Secrets with specific annotations, consider using third-party authorization mechanisms.
263dbc7a465d	spelling	occuring	occurring	For incidents occuring in the Kubernetes community, contact the [Kubernetes Code of Conduct Committee](https://git.k8s.io/community/committee-code-of-conduct) via <conduct@kubernetes.io>. You can expect a response within three business days.	For incidents occurring in the Kubernetes community, contact the [Kubernetes Code of Conduct Committee](https://git.k8s.io/community/committee-code-of-conduct) via <conduct@kubernetes.io>. You can expect a response within three business days.
610a11cfdd7b	grammar-function-word		the	On macOS you can install latest release via [Homebrew](https://brew.sh):	On macOS you can install the latest release via [Homebrew](https://brew.sh):
32e47b31bb1d	grammar-function-word	the		- Ensure that the certificate authority trusted by etcd is used only for the purposes of authentication to that service. - Control access to the private key for the etcd server certificate, and to the API server's client certificate and key. - Consider restricting access to the the etcd port at a network level, to only allow access from specified and trusted IP address ranges.	- Ensure that the certificate authority trusted by etcd is used only for the purposes of authentication to that service. - Control access to the private key for the etcd server certificate, and to the API server's client certificate and key. - Consider restricting access to the etcd port at a network level, to only allow access from specified and trusted IP address ranges.
a5969706648d	spelling	mangement	management	The {{< glossary_tooltip text="kubelet" term_id="kubelet" >}} and the underlying container runtime need to interface with cgroups to enforce [resource mangement for pods and containers](/docs/concepts/configuration/manage-resources-containers/) which includes cpu/memory requests and limits for containerized workloads.	The {{< glossary_tooltip text="kubelet" term_id="kubelet" >}} and the underlying container runtime need to interface with cgroups to enforce [resource management for pods and containers](/docs/concepts/configuration/manage-resources-containers/) which includes cpu/memory requests and limits for containerized workloads.
239dc4c2fe26	spelling	securly	securely	- [ ] An appropriate selection of admission controllers is enabled. - [ ] A pod security policy is enforced by the Pod Security Admission or/and a webhook admission controller. - [ ] The admission chain plugins and webhooks are securly configured.	- [ ] An appropriate selection of admission controllers is enabled. - [ ] A pod security policy is enforced by the Pod Security Admission or/and a webhook admission controller. - [ ] The admission chain plugins and webhooks are securely configured.
87229b6ddf2a	grammar-function-word		in	cgroup v2 has been development in the Linux Kernel since 2016 and in recent years has matured across the container ecosystem. With Kubernetes 1.25, cgroup v2 support has graduated to general availability.	cgroup v2 has been in development in the Linux Kernel since 2016 and in recent years has matured across the container ecosystem. With Kubernetes 1.25, cgroup v2 support has graduated to general availability.
100f074e0ca5	grammar-inflection	Chose	Choose	1. Chose one of your nodes, and add a label to it:	1. Choose one of your nodes, and add a label to it:
61a5b7b69dc1	spelling	diabled	disabled	This admission controller is diabled by default.	This admission controller is disabled by default.
a3064b1a368a	spelling	privilge	privilege	Kubernetes {{< glossary_tooltip text="RBAC" term_id="rbac" >}} is a key security control to ensure that cluster users and workloads have only the access to resources required to execute their roles. It is important to ensure that, when designing permissions for cluster users, the cluster administrator understands the areas where privilge escalation could occur, to reduce the risk of excessive access leading to security incidents.	Kubernetes {{< glossary_tooltip text="RBAC" term_id="rbac" >}} is a key security control to ensure that cluster users and workloads have only the access to resources required to execute their roles. It is important to ensure that, when designing permissions for cluster users, the cluster administrator understands the areas where privilege escalation could occur, to reduce the risk of excessive access leading to security incidents.
8abe88e85028	grammar-function-word	his	This	For example, if you start kube-proxy with the `--nodeport-addresses=127.0.0.0/8` flag, kube-proxy only selects the loopback interface for NodePort Services. The default for `--nodeport-addresses` is an empty list. his means that kube-proxy should consider all available network interfaces for NodePort. (That's also compatible with earlier Kubernetes releases).	For example, if you start kube-proxy with the `--nodeport-addresses=127.0.0.0/8` flag, kube-proxy only selects the loopback interface for NodePort Services. The default for `--nodeport-addresses` is an empty list. This means that kube-proxy should consider all available network interfaces for NodePort. (That's also compatible with earlier Kubernetes releases).
6bb6d9c686c0	spelling	admistrators	administrators	- Reserve the ability to `watch` or `list` all secrets in a cluster (using the Kubernetes API), so that only the most privileged, system-level components can perform this action. - When deploying applications that interact with the Secret API, you should limit access using [authorization policies](/docs/reference/access-authn-authz/authorization/) such as [RBAC](/docs/reference/access-authn-authz/rbac/). - In the API server, objects (including Secrets) are persisted into {{< glossary_tooltip term_id="etcd" >}}; therefore: - only allow cluster admistrators to access etcd (this includes read-only access); - enable [encryption at rest](/docs/tasks/administer-cluster/encrypt-data/)	- Reserve the ability to `watch` or `list` all secrets in a cluster (using the Kubernetes API), so that only the most privileged, system-level components can perform this action. - When deploying applications that interact with the Secret API, you should limit access using [authorization policies](/docs/reference/access-authn-authz/authorization/) such as [RBAC](/docs/reference/access-authn-authz/rbac/). - In the API server, objects (including Secrets) are persisted into {{< glossary_tooltip term_id="etcd" >}}; therefore: - only allow cluster administrators to access etcd (this includes read-only access); - enable [encryption at rest](/docs/tasks/administer-cluster/encrypt-data/)
4e5cc42fc923	grammar-function-word	in		Finally, there’s [pod priority and preemption](/docs/concepts/scheduling-eviction/pod-priority-preemption/) where you can assign priority values to pods. When scheduling pods, the scheduler will try evicting pods with lower priority when there are insufficient resources to schedule pods that are assigned a higher priority. If you have a use case where tenants have different service tiers in in a shared cluster e.g. free and paid, you may want to give higher priority to certain tiers using this feature.	Finally, there’s [pod priority and preemption](/docs/concepts/scheduling-eviction/pod-priority-preemption/) where you can assign priority values to pods. When scheduling pods, the scheduler will try evicting pods with lower priority when there are insufficient resources to schedule pods that are assigned a higher priority. If you have a use case where tenants have different service tiers in a shared cluster e.g. free and paid, you may want to give higher priority to certain tiers using this feature.
2a1124b3984c	spelling	containarized	containerized	- From the containarized task, in the environment variable `JOB_COMPLETION_INDEX`.	- From the containerized task, in the environment variable `JOB_COMPLETION_INDEX`.
ed58f048b9b6	spelling	pread	spread	Figure 6 shows the diagram appearing in the [Pod topology pread constraints](/docs/concepts/scheduling-eviction/topology-spread-constraints/#node-labels) page.	Figure 6 shows the diagram appearing in the [Pod topology spread constraints](/docs/concepts/scheduling-eviction/topology-spread-constraints/#node-labels) page.
b34d0ec0d9cd	grammar-inflection	Additional,	Additionally,	We are excited to announce the v0.5.0 release of Gateway API. For the first time, several of our most important Gateway API resources are graduating to beta. Additional, we are starting a new initiative to explore how Gateway API can be used for mesh and introducing new experimental concepts such as URL rewrites. We'll cover all of this and more below.	We are excited to announce the v0.5.0 release of Gateway API. For the first time, several of our most important Gateway API resources are graduating to beta. Additionally, we are starting a new initiative to explore how Gateway API can be used for mesh and introducing new experimental concepts such as URL rewrites. We'll cover all of this and more below.
29c9c33a77da	spelling	incluides	includes	If you're running Kubernetes v1.24 or later, see [Can I still use Docker Engine as my container runtime?](#can-i-still-use-docker-engine-as-my-container-runtime). (Remember, you can switch away from the dockershim if you're using any supported Kubernetes release; from release v1.24, you **must** switch as Kubernetes no longer incluides the dockershim).	If you're running Kubernetes v1.24 or later, see [Can I still use Docker Engine as my container runtime?](#can-i-still-use-docker-engine-as-my-container-runtime). (Remember, you can switch away from the dockershim if you're using any supported Kubernetes release; from release v1.24, you **must** switch as Kubernetes no longer includes the dockershim).
2d2ae604dd7a	spelling	parition	partition	If the EBS volume is partitioned, you can supply the optional field `partition: "<partition number>"` to specify which parition to mount on.	If the EBS volume is partitioned, you can supply the optional field `partition: "<partition number>"` to specify which partition to mount on.
11a12aca1aa0	spelling	compatable	compatible	More information on how to specify a compatable node for your Pod can be found in [this guide](/docs/setup/production-environment/windows/user-guide-windows-containers/#ensuring-os-specific-workloads-land-on-the-appropriate-container-host).	More information on how to specify a compatible node for your Pod can be found in [this guide](/docs/setup/production-environment/windows/user-guide-windows-containers/#ensuring-os-specific-workloads-land-on-the-appropriate-container-host).
7e692c9c21ba	spelling	crytographic	cryptographic	kubeadm contains all the necessary crytographic machinery to generate the certificates described below; no other cryptographic tooling is required for this example.	kubeadm contains all the necessary cryptographic machinery to generate the certificates described below; no other cryptographic tooling is required for this example.
d7ef83edde29	spelling	Mananger,	Manager,	A node shutdown action may not be detected by kubelet's Node Shutdown Mananger, either because the command does not trigger the inhibitor locks mechanism used by kubelet or because of a user error, i.e., the ShutdownGracePeriod and ShutdownGracePeriodCriticalPods are not configured properly. Please refer to above section [Graceful Node Shutdown](#graceful-node-shutdown) for more details.	A node shutdown action may not be detected by kubelet's Node Shutdown Manager, either because the command does not trigger the inhibitor locks mechanism used by kubelet or because of a user error, i.e., the ShutdownGracePeriod and ShutdownGracePeriodCriticalPods are not configured properly. Please refer to above section [Graceful Node Shutdown](#graceful-node-shutdown) for more details.
1b90f44da6e6	grammar-inflection	presently	present	- Assign permissions at the namespace level where possible. Use RoleBindings as opposed to ClusterRoleBindings to give users rights only within a specific namespace. - Avoid providing wildcard permissions when possible, especially to all resources. As Kubernetes is an extensible system, providing wildcard access gives rights not just to all object types presently in the cluster, but also to all future object types which are created in the future. - Administrators should not use `cluster-admin` accounts except where specifically needed. Providing a low privileged account with [impersonation rights](/docs/reference/access-authn-authz/authentication/#user-impersonation) can avoid accidental modification of cluster resources. - Avoid adding users to the `system:masters` group. Any user who is a member of this group bypasses all RBAC rights checks and will always have unrestricted superuser access, which cannot be revoked by removing RoleBindings or ClusterRoleBindings. As an aside, if a cluster is using an authorization webhook, membership of this group also bypasses that webhook (requests from users who are members of that group are never sent to the webhook)	- Assign permissions at the namespace level where possible. Use RoleBindings as opposed to ClusterRoleBindings to give users rights only within a specific namespace. - Avoid providing wildcard permissions when possible, especially to all resources. As Kubernetes is an extensible system, providing wildcard access gives rights not just to all object types present in the cluster, but also to all future object types which are created in the future. - Administrators should not use `cluster-admin` accounts except where specifically needed. Providing a low privileged account with [impersonation rights](/docs/reference/access-authn-authz/authentication/#user-impersonation) can avoid accidental modification of cluster resources. - Avoid adding users to the `system:masters` group. Any user who is a member of this group bypasses all RBAC rights checks and will always have unrestricted superuser access, which cannot be revoked by removing RoleBindings or ClusterRoleBindings. As an aside, if a cluster is using an authorization webhook, membership of this group also bypasses that webhook (requests from users who are members of that group are never sent to the webhook)
1b90f44da6e6	grammar-function-word		them	- Review bindings for the `system:unauthenticated` group and remove where possible, as this gives access to anyone who can contact the API server at a network level. - Avoid the default auto-mounting of service account tokens by setting `automountServiceAccountToken: false`. For more details, see [using default service account token](/docs/tasks/configure-pod-container/configure-service-account/#use-the-default-service-account-to-access-the-api-server). Setting this value for a Pod will overwrite the service account setting, workloads which require service account tokens can still mount them.	- Review bindings for the `system:unauthenticated` group and remove them where possible, as this gives access to anyone who can contact the API server at a network level. - Avoid the default auto-mounting of service account tokens by setting `automountServiceAccountToken: false`. For more details, see [using default service account token](/docs/tasks/configure-pod-container/configure-service-account/#use-the-default-service-account-to-access-the-api-server). Setting this value for a Pod will overwrite the service account setting, workloads which require service account tokens can still mount them.
1b90f44da6e6	grammar-function-word		the	Similar to the `escalate` verb, granting users this right allows for bypass of Kubernetes in-built protections against privilege escalation, allowing users to create bindings to roles with rights they do not already have.	Similar to the `escalate` verb, granting users this right allows for the bypass of Kubernetes in-built protections against privilege escalation, allowing users to create bindings to roles with rights they do not already have.
ab215b3cbdb1	grammar-function-word	an	a	In this exercise, you create a Pod that runs one container. The configuration file for the Pod defines an dependent environment variable with common usage defined. Here is the configuration manifest for the Pod:	In this exercise, you create a Pod that runs one container. The configuration file for the Pod defines a dependent environment variable with common usage defined. Here is the configuration manifest for the Pod:
cfb897169bf0	grammar-inflection	replicas	replica	The stabilization window is used to restrict the [flapping](#flapping) of replicas count when the metrics used for scaling keep fluctuating. The autoscaling algorithm uses this window to infer a previous desired state and avoid unwanted changes to workload scale.	The stabilization window is used to restrict the [flapping](#flapping) of replica count when the metrics used for scaling keep fluctuating. The autoscaling algorithm uses this window to infer a previous desired state and avoid unwanted changes to workload scale.
89a8ad3951fc	spelling	inadvertantly	inadvertently	This section is intended to provide visibility of the areas where cluster operators should take care, to ensure that they do not inadvertantly allow for more access to clusters than intended.	This section is intended to provide visibility of the areas where cluster operators should take care, to ensure that they do not inadvertently allow for more access to clusters than intended.
bdee4b90f188	spelling	inital	initial	Each `kube-apiserver` makes an inital maintenance pass over the mandatory and suggested configuration objects, and after that does periodic maintenance (once per minute) of those objects.	Each `kube-apiserver` makes an initial maintenance pass over the mandatory and suggested configuration objects, and after that does periodic maintenance (once per minute) of those objects.
d6180e07dc6e	grammar-function-word	are		You can set the `spec.externalTrafficPolicy` field to control how traffic from external sources is routed. Valid values are `Cluster` and `Local`. Set the field to `Cluster` to route external traffic to all ready endpoints and `Local` to only route to ready node-local endpoints. If the traffic policy is `Local` and there are are no node-local endpoints, the kube-proxy does not forward any traffic for the relevant Service.	You can set the `spec.externalTrafficPolicy` field to control how traffic from external sources is routed. Valid values are `Cluster` and `Local`. Set the field to `Cluster` to route external traffic to all ready endpoints and `Local` to only route to ready node-local endpoints. If the traffic policy is `Local` and there are no node-local endpoints, the kube-proxy does not forward any traffic for the relevant Service.
8f68e2cc94fb	spelling	perfomance	performance	--- title: cAdvisor id: cadvisor date: 2021-12-09 full_link: https://github.com/google/cadvisor/ short_description: > Tool that provides understanding of the resource usage and perfomance characteristics for containers aka: tags: - tool --- cAdvisor (Container Advisor) provides container users an understanding of the resource usage and performance characteristics of their running {{< glossary_tooltip text="containers" term_id="container" >}}.	--- title: cAdvisor id: cadvisor date: 2021-12-09 full_link: https://github.com/google/cadvisor/ short_description: > Tool that provides understanding of the resource usage and performance characteristics for containers aka: tags: - tool --- cAdvisor (Container Advisor) provides container users an understanding of the resource usage and performance characteristics of their running {{< glossary_tooltip text="containers" term_id="container" >}}.
bf0c2cfcf7f5	grammar-function-word	a		For some resources, the API includes additional subresources that allow fine grained authorization (such as a separating viewing details for a Pod from retrieving its logs), and can accept and serve those resources in different representations for convenience or efficiency.	For some resources, the API includes additional subresources that allow fine grained authorization (such as separating viewing details for a Pod from retrieving its logs), and can accept and serve those resources in different representations for convenience or efficiency.
4764a50fee4b	grammar-inflection	Window	Windows	Administrative tasks such as installation of security patches, event log collection, and more can be performed without requiring cluster operators to log onto each Window node. HostProcess containers can run as any user that is available on the host or is in the domain of the host machine, allowing administrators to restrict resource access through user permissions. While neither filesystem or process isolation are supported, a new volume is created on the host upon starting the container to give it a clean and consolidated workspace. HostProcess containers can also be built on top of existing Windows base images and do not inherit the same [compatibility requirements](https://docs.microsoft.com/virtualization/windowscontainers/deploy-containers/version-compatibility) as Windows server containers, meaning that the version of the base images does not need to match that of the host. It is, however, recommended that you use the same base image version as your Windows Server container workloads to ensure you do not have any unused images taking up space on the node. HostProcess containers also support [volume mounts](#volume-mounts) within the container volume.	Administrative tasks such as installation of security patches, event log collection, and more can be performed without requiring cluster operators to log onto each Windows node. HostProcess containers can run as any user that is available on the host or is in the domain of the host machine, allowing administrators to restrict resource access through user permissions. While neither filesystem or process isolation are supported, a new volume is created on the host upon starting the container to give it a clean and consolidated workspace. HostProcess containers can also be built on top of existing Windows base images and do not inherit the same [compatibility requirements](https://docs.microsoft.com/virtualization/windowscontainers/deploy-containers/version-compatibility) as Windows server containers, meaning that the version of the base images does not need to match that of the host. It is, however, recommended that you use the same base image version as your Windows Server container workloads to ensure you do not have any unused images taking up space on the node. HostProcess containers also support [volume mounts](#volume-mounts) within the container volume.
eb5381920166	grammar-function-word	the		* Client certificates for the kubelet to authenticate to the API server * Kubelet [server certificates](/docs/reference/command-line-tools-reference/kubelet-tls-bootstrapping/#client-and-serving-certificates) for the the API server to talk to the kubelets * Server certificate for the API server endpoint * Client certificates for administrators of the cluster to authenticate to the API server * Client certificates for the API server to talk to the kubelets * Client certificate for the API server to talk to etcd * Client certificate/kubeconfig for the controller manager to talk to the API server * Client certificate/kubeconfig for the scheduler to talk to the API server. * Client and server certificates for the [front-proxy](/docs/tasks/extend-kubernetes/configure-aggregation-layer/)	* Client certificates for the kubelet to authenticate to the API server * Kubelet [server certificates](/docs/reference/command-line-tools-reference/kubelet-tls-bootstrapping/#client-and-serving-certificates) for the API server to talk to the kubelets * Server certificate for the API server endpoint * Client certificates for administrators of the cluster to authenticate to the API server * Client certificates for the API server to talk to the kubelets * Client certificate for the API server to talk to etcd * Client certificate/kubeconfig for the controller manager to talk to the API server * Client certificate/kubeconfig for the scheduler to talk to the API server. * Client and server certificates for the [front-proxy](/docs/tasks/extend-kubernetes/configure-aggregation-layer/)
ba8119144017	spelling	editi	edit	CRI-O uses the systemd cgroup driver per default, which is likely to work fine for you. To switch to the `cgroupfs` cgroup driver, either editi `/etc/crio/crio.conf` or place a drop-in configuration in `/etc/crio/crio.conf.d/02-cgroup-manager.conf`, for example:	CRI-O uses the systemd cgroup driver per default, which is likely to work fine for you. To switch to the `cgroupfs` cgroup driver, either edit `/etc/crio/crio.conf` or place a drop-in configuration in `/etc/crio/crio.conf.d/02-cgroup-manager.conf`, for example:
8df0736acb9e	grammar-inflection	the	then	If availability is important for any applications that run or could run on the node(s) that you are draining, [configure a PodDisruptionBudgets](/docs/tasks/run-application/configure-pdb/) first and the continue following this guide.	If availability is important for any applications that run or could run on the node(s) that you are draining, [configure a PodDisruptionBudgets](/docs/tasks/run-application/configure-pdb/) first and then continue following this guide.
d884ce7ce04c	spelling	yelemetry	telemetry	Historically, Kubernetes was written to work specifically with Docker Engine. Kubernetes took care of networking and scheduling, relying on Docker Engine for launching and running containers (within Pods) on a node. Some information that is relevant to telemetry, such as a pod name, is only available from Kubernetes components. Other data, such as container metrics, is not the responsibility of the container runtime. Early yelemetry agents needed to query the container runtime **and** Kubernetes to report an accurate picture. Over time, Kubernetes gained the ability to support multiple runtimes, and now supports any runtime that is compatible with the container runtime interface.	Historically, Kubernetes was written to work specifically with Docker Engine. Kubernetes took care of networking and scheduling, relying on Docker Engine for launching and running containers (within Pods) on a node. Some information that is relevant to telemetry, such as a pod name, is only available from Kubernetes components. Other data, such as container metrics, is not the responsibility of the container runtime. Early telemetry agents needed to query the container runtime **and** Kubernetes to report an accurate picture. Over time, Kubernetes gained the ability to support multiple runtimes, and now supports any runtime that is compatible with the container runtime interface.
