# code	class	feedback	examples; generated by gen-errors.py, see SOURCE.md
default_ug		Your sentence contains some error. Please double check it.	
root_inffrag	W	Your answer is not a complete sentence.	In the park. | Admires cat. | Close the door. | Mia’s house cat.
root_robust_frag	W	Your answer is not a complete sentence.	In the park. | Admires cat. | Close the door. | Mia’s house cat.
root_command	W	Your answer is not a complete sentence.	In the park. | Admires cat. | Close the door. | Mia’s house cat.
root_lex	W	Your answer is not a complete sentence.	In the park. | Admires cat. | Close the door. | Mia’s house cat.
vmod_i_rbst	W	Your answer is grammatical but awkward. Arrange the words in your sentence in a better way.	They noticed in the lake a duck. | We arise early always
av_-_i-vp-po_le_rbst	W	Your answer is grammatical but awkward. Arrange the words in your sentence in a better way.	They noticed in the lake a duck. | We arise early always
vmod_i_aux_rbst	W	Your answer is grammatical but awkward. Arrange the words in your sentence in a better way.	They noticed in the lake a duck. | We arise early always
hdn_bnp_c_rbst	I	Add an article, like "the" or "a", before the word $X, or make the noun plural.	He went to house. | We arrived in morning. | We arrived in afternoon. | We arrived in evening. | She attended new school.
morning_nospr_n1_rbst	I	Add an article, like "the" or "a", before the word $X, or make the noun plural.	He went to house. | We arrived in morning. | We arrived in afternoon. | We arrived in evening. | She attended new school.
afternoon_nospr_n1_rbst	I	Add an article, like "the" or "a", before the word $X, or make the noun plural.	He went to house. | We arrived in morning. | We arrived in afternoon. | We arrived in evening. | She attended new school.
evening_nospr_n1_rbst	I	Add an article, like "the" or "a", before the word $X, or make the noun plural.	He went to house. | We arrived in morning. | We arrived in afternoon. | We arrived in evening. | She attended new school.
n_-_m-nomod_le_rbst	I	Add an article, like "the" or "a", before the word $X, or make the noun plural.	He went to house. | We arrived in morning. | We arrived in afternoon. | We arrived in evening. | She attended new school.
an_det_rbst	R	Remember to use "an" only before a vowel.	He ate an sandwich.
a_det_rbst	R	Don't use "a" before a word whose first sound is a vowel.	She saw a owl. | He waited a hour. | He sleeps a average of ten hours a day.
a_one_adj_rbst	R	Don't use "a" before a word whose first sound is a vowel.	She saw a owl. | He waited a hour. | He sleeps a average of ten hours a day.
an_average_pn1_rbst	R	Don't use "a" before a word whose first sound is a vowel.	She saw a owl. | He waited a hour. | He sleeps a average of ten hours a day.
the_prop_1_rbst	D	Don't put “the” or “a” in front of a name.	The Katherine eats breakfast. | A Katherine eats breakfast. | An Albert eats breakfast.
a_prop_1_rbst	D	Don't put “the” or “a” in front of a name.	The Katherine eats breakfast. | A Katherine eats breakfast. | An Albert eats breakfast.
an_prop_1_rbst	D	Don't put “the” or “a” in front of a name.	The Katherine eats breakfast. | A Katherine eats breakfast. | An Albert eats breakfast.
v_np_pp_le_rbst	I	You need to add a preposition after $X.	He went the restaurant.
v_np-vp_bse_le_rbst	I	You are missing "to" after the word $X.	He told his brother borrow a book. | She tried read books. | She was ready read books. | She tends win. | They need buy books.
v_vp_seq-bse_le_rbst	I	You are missing "to" after the word $X.	He told his brother borrow a book. | She tried read books. | She was ready read books. | She tends win. | They need buy books.
j_vp_bse_dlr_rbst	I	You are missing "to" after the word $X.	He told his brother borrow a book. | She tried read books. | She was ready read books. | She tends win. | They need buy books.
v_vp_ssr-nimp_le_rbst	I	You are missing "to" after the word $X.	He told his brother borrow a book. | She tried read books. | She was ready read books. | She tends win. | They need buy books.
need_bse_v1_rbst	I	You are missing "to" after the word $X.	He told his brother borrow a book. | She tried read books. | She was ready read books. | She tends win. | They need buy books.
v_np-vp_oeq_le_rbst	D	Don't put "to" in front of the verb that follows $X.	She let her brother to borrow her book.
v_-_le_rbst	I	The verb $X needs an object.	She buys. | She allows to win. | She let borrow her book.
v_vp_seq_le_rbst	I	The verb $X needs an object.	She buys. | She allows to win. | She let borrow her book.
bad_adv1_rbst	R	Use an adverb like "well" or "poorly" instead of “good” or "bad".	He did bad on his test. | He did good on his test.
good_adv1_rbst	R	Use an adverb like "well" or "poorly" instead of “good” or "bad".	He did bad on his test. | He did good on his test.
its_poss_2_u_rbst	R	Use "its" instead of "it's" to show ownership.	The dog is in it's house.
this_det_rbst	R	Remember to use $X only before a singular noun.	He liked this mittens. | He liked that mittens.
that_det_rbst	R	Remember to use $X only before a singular noun.	He liked this mittens. | He liked that mittens.
apple_fruit_n1_rbst	D	You have an extra noun in your sentence.	She likes the apple fruit. | The hamster pet disappeared. | We have a dog puppy. | The children ate a lunch pizza.
hamster_pet_n1_rbst	D	You have an extra noun in your sentence.	She likes the apple fruit. | The hamster pet disappeared. | We have a dog puppy. | The children ate a lunch pizza.
dog_puppy_n1_rbst	D	You have an extra noun in your sentence.	She likes the apple fruit. | The hamster pet disappeared. | We have a dog puppy. | The children ate a lunch pizza.
lunch_pizza_n1_rbst	D	You have an extra noun in your sentence.	She likes the apple fruit. | The hamster pet disappeared. | We have a dog puppy. | The children ate a lunch pizza.
n_-_pr-he_le_rbst	D	You have a doubled word $X in your sentence.	We thought he he won. | We thought she she won. | She bought it it in a museum. | We thought they they won. | He thought I I won. | He thought we we won. | He thought you you won. | We liked his his book. | They liked its its name. | She liked my my book. | She liked our our book. | She liked your your book. | We went to their their house. | They sang and and danced. | They sang but but didn’t dance. | They sang or or danced. | We wanted to to dance. | They went to to the store. | We read a a book. | She ate an an apple. | She ate a an apple. | We read an a book. | We read the a book. | We read a the book. | We read the this book. | We read the both books. | We read the these books. | We read the each book. | The trees of of Paris were lovely. | They are are happy. | She is is happy. | She was was happy. | They were were happy. | I am am a writer. | They are are writers. | She is is a writer. | She was was a writer. | They were were writers. | We admired him him. | They admired me me. | We admired them them. | They admired us us. | They bought the the book. | They bought the, the book.
n_-_pr-she_le_rbst	D	You have a doubled word $X in your sentence.	We thought he he won. | We thought she she won. | She bought it it in a museum. | We thought they they won. | He thought I I won. | He thought we we won. | He thought you you won. | We liked his his book. | They liked its its name. | She liked my my book. | She liked our our book. | She liked your your book. | We went to their their house. | They sang and and danced. | They sang but but didn’t dance. | They sang or or danced. | We wanted to to dance. | They went to to the store. | We read a a book. | She ate an an apple. | She ate a an apple. | We read an a book. | We read the a book. | We read a the book. | We read the this book. | We read the both books. | We read the these books. | We read the each book. | The trees of of Paris were lovely. | They are are happy. | She is is happy. | She was was happy. | They were were happy. | I am am a writer. | They are are writers. | She is is a writer. | She was was a writer. | They were were writers. | We admired him him. | They admired me me. | We admired them them. | They admired us us. | They bought the the book. | They bought the, the book.
n_-_pr-it_le_rbst	D	You have a doubled word $X in your sentence.	We thought he he won. | We thought she she won. | She bought it it in a museum. | We thought they they won. | He thought I I won. | He thought we we won. | He thought you you won. | We liked his his book. | They liked its its name. | She liked my my book. | She liked our our book. | She liked your your book. | We went to their their house. | They sang and and danced. | They sang but but didn’t dance. | They sang or or danced. | We wanted to to dance. | They went to to the store. | We read a a book. | She ate an an apple. | She ate a an apple. | We read an a book. | We read the a book. | We read a the book. | We read the this book. | We read the both books. | We read the these books. | We read the each book. | The trees of of Paris were lovely. | They are are happy. | She is is happy. | She was was happy. | They were were happy. | I am am a writer. | They are are writers. | She is is a writer. | She was was a writer. | They were were writers. | We admired him him. | They admired me me. | We admired them them. | They admired us us. | They bought the the book. | They bought the, the book.
n_-_pr-they_le_rbst	D	You have a doubled word $X in your sentence.	We thought he he won. | We thought she she won. | She bought it it in a museum. | We thought they they won. | He thought I I won. | He thought we we won. | He thought you you won. | We liked his his book. | They liked its its name. | She liked my my book. | She liked our our book. | She liked your your book. | We went to their their house. | They sang and and danced. | They sang but but didn’t dance. | They sang or or danced. | We wanted to to dance. | They went to to the store. | We read a a book. | She ate an an apple. | She ate a an apple. | We read an a book. | We read the a book. | We read a the book. | We read the this book. | We read the both books. | We read the these books. | We read the each book. | The trees of of Paris were lovely. | They are are happy. | She is is happy. | She was was happy. | They were were happy. | I am am a writer. | They are are writers. | She is is a writer. | She was was a writer. | They were were writers. | We admired him him. | They admired me me. | We admired them them. | They admired us us. | They bought the the book. | They bought the, the book.
n_-_pr-i_le_rbst	D	You have a doubled word $X in your sentence.	We thought he he won. | We thought she she won. | She bought it it in a museum. | We thought they they won. | He thought I I won. | He thought we we won. | He thought you you won. | We liked his his book. | They liked its its name. | She liked my my book. | She liked our our book. | She liked your your book. | We went to their their house. | They sang and and danced. | They sang but but didn’t dance. | They sang or or danced. | We wanted to to dance. | They went to to the store. | We read a a book. | She ate an an apple. | She ate a an apple. | We read an a book. | We read the a book. | We read a the book. | We read the this book. | We read the both books. | We read the these books. | We read the each book. | The trees of of Paris were lovely. | They are are happy. | She is is happy. | She was was happy. | They were were happy. | I am am a writer. | They are are writers. | She is is a writer. | She was was a writer. | They were were writers. | We admired him him. | They admired me me. | We admired them them. | They admired us us. | They bought the the book. | They bought the, the book.
n_-_pr-we_le_rbst	D	You have a doubled word $X in your sentence.	We thought he he won. | We thought she she won. | She bought it it in a museum. | We thought they they won. | He thought I I won. | He thought we we won. | He thought you you won. | We liked his his book. | They liked its its name. | She liked my my book. | She liked our our book. | She liked your your book. | We went to their their house. | They sang and and danced. | They sang but but didn’t dance. | They sang or or danced. | We wanted to to dance. | They went to to the store. | We read a a book. | She ate an an apple. | She ate a an apple. | We read an a book. | We read the a book. | We read a the book. | We read the this book. | We read the both books. | We read the these books. | We read the each book. | The trees of of Paris were lovely. | They are are happy. | She is is happy. | She was was happy. | They were were happy. | I am am a writer. | They are are writers. | She is is a writer. | She was was a writer. | They were were writers. | We admired him him. | They admired me me. | We admired them them. | They admired us us. | They bought the the book. | They bought the, the book.
n_-_pr-you_le_rbst	D	You have a doubled word $X in your sentence.	We thought he he won. | We thought she she won. | She bought it it in a museum. | We thought they they won. | He thought I I won. | He thought we we won. | He thought you you won. | We liked his his book. | They liked its its name. | She liked my my book. | She liked our our book. | She liked your your book. | We went to their their house. | They sang and and danced. | They sang but but didn’t dance. | They sang or or danced. | We wanted to to dance. | They went to to the store. | We read a a book. | She ate an an apple. | She ate a an apple. | We read an a book. | We read the a book. | We read a the book. | We read the this book. | We read the both books. | We read the these books. | We read the each book. | The trees of of Paris were lovely. | They are are happy. | She is is happy. | She was was happy. | They were were happy. | I am am a writer. | They are are writers. | She is is a writer. | She was was a writer. | They were were writers. | We admired him him. | They admired me me. | We admired them them. | They admired us us. | They bought the the book. | They bought the, the book.
his_poss_stutter_rbst	D	You have a doubled word $X in your sentence.	We thought he he won. | We thought she she won. | She bought it it in a museum. | We thought they they won. | He thought I I won. | He thought we we won. | He thought you you won. | We liked his his book. | They liked its its name. | She liked my my book. | She liked our our book. | She liked your your book. | We went to their their house. | They sang and and danced. | They sang but but didn’t dance. | They sang or or danced. | We wanted to to dance. | They went to to the store. | We read a a book. | She ate an an apple. | She ate a an apple. | We read an a book. | We read the a book. | We read a the book. | We read the this book. | We read the both books. | We read the these books. | We read the each book. | The trees of of Paris were lovely. | They are are happy. | She is is happy. | She was was happy. | They were were happy. | I am am a writer. | They are are writers. | She is is a writer. | She was was a writer. | They were were writers. | We admired him him. | They admired me me. | We admired them them. | They admired us us. | They bought the the book. | They bought the, the book.
its_poss_stutter_rbst	D	You have a doubled word $X in your sentence.	We thought he he won. | We thought she she won. | She bought it it in a museum. | We thought they they won. | He thought I I won. | He thought we we won. | He thought you you won. | We liked his his book. | They liked its its name. | She liked my my book. | She liked our our book. | She liked your your book. | We went to their their house. | They sang and and danced. | They sang but but didn’t dance. | They sang or or danced. | We wanted to to dance. | They went to to the store. | We read a a book. | She ate an an apple. | She ate a an apple. | We read an a book. | We read the a book. | We read a the book. | We read the this book. | We read the both books. | We read the these books. | We read the each book. | The trees of of Paris were lovely. | They are are happy. | She is is happy. | She was was happy. | They were were happy. | I am am a writer. | They are are writers. | She is is a writer. | She was was a writer. | They were were writers. | We admired him him. | They admired me me. | We admired them them. | They admired us us. | They bought the the book. | They bought the, the book.
my_poss_stutter_rbst	D	You have a doubled word $X in your sentence.	We thought he he won. | We thought she she won. | She bought it it in a museum. | We thought they they won. | He thought I I won. | He thought we we won. | He thought you you won. | We liked his his book. | They liked its its name. | She liked my my book. | She liked our our book. | She liked your your book. | We went to their their house. | They sang and and danced. | They sang but but didn’t dance. | They sang or or danced. | We wanted to to dance. | They went to to the store. | We read a a book. | She ate an an apple. | She ate a an apple. | We read an a book. | We read the a book. | We read a the book. | We read the this book. | We read the both books. | We read the these books. | We read the each book. | The trees of of Paris were lovely. | They are are happy. | She is is happy. | She was was happy. | They were were happy. | I am am a writer. | They are are writers. | She is is a writer. | She was was a writer. | They were were writers. | We admired him him. | They admired me me. | We admired them them. | They admired us us. | They bought the the book. | They bought the, the book.
our_poss_stutter_rbst	D	You have a doubled word $X in your sentence.	We thought he he won. | We thought she she won. | She bought it it in a museum. | We thought they they won. | He thought I I won. | He thought we we won. | He thought you you won. | We liked his his book. | They liked its its name. | She liked my my book. | She liked our our book. | She liked your your book. | We went to their their house. | They sang and and danced. | They sang but but didn’t dance. | They sang or or danced. | We wanted to to dance. | They went to to the store. | We read a a book. | She ate an an apple. | She ate a an apple. | We read an a book. | We read the a book. | We read a the book. | We read the this book. | We read the both books. | We read the these books. | We read the each book. | The trees of of Paris were lovely. | They are are happy. | She is is happy. | She was was happy. | They were were happy. | I am am a writer. | They are are writers. | She is is a writer. | She was was a writer. | They were were writers. | We admired him him. | They admired me me. | We admired them them. | They admired us us. | They bought the the book. | They bought the, the book.
your_poss_stutter_rbst	D	You have a doubled word $X in your sentence.	We thought he he won. | We thought she she won. | She bought it it in a museum. | We thought they they won. | He thought I I won. | He thought we we won. | He thought you you won. | We liked his his book. | They liked its its name. | She liked my my book. | She liked our our book. | She liked your your book. | We went to their their house. | They sang and and danced. | They sang but but didn’t dance. | They sang or or danced. | We wanted to to dance. | They went to to the store. | We read a a book. | She ate an an apple. | She ate a an apple. | We read an a book. | We read the a book. | We read a the book. | We read the this book. | We read the both books. | We read the these books. | We read the each book. | The trees of of Paris were lovely. | They are are happy. | She is is happy. | She was was happy. | They were were happy. | I am am a writer. | They are are writers. | She is is a writer. | She was was a writer. | They were were writers. | We admired him him. | They admired me me. | We admired them them. | They admired us us. | They bought the the book. | They bought the, the book.
their_poss_stutter_rbst	D	You have a doubled word $X in your sentence.	We thought he he won. | We thought she she won. | She bought it it in a museum. | We thought they they won. | He thought I I won. | He thought we we won. | He thought you you won. | We liked his his book. | They liked its its name. | She liked my my book. | She liked our our book. | She liked your your book. | We went to their their house. | They sang and and danced. | They sang but but didn’t dance. | They sang or or danced. | We wanted to to dance. | They went to to the store. | We read a a book. | She ate an an apple. | She ate a an apple. | We read an a book. | We read the a book. | We read a the book. | We read the this book. | We read the both books. | We read the these books. | We read the each book. | The trees of of Paris were lovely. | They are are happy. | She is is happy. | She was was happy. | They were were happy. | I am am a writer. | They are are writers. | She is is a writer. | She was was a writer. | They were were writers. | We admired him him. | They admired me me. | We admired them them. | They admired us us. | They bought the the book. | They bought the, the book.
and_conj_stutter_rbst	D	You have a doubled word $X in your sentence.	We thought he he won. | We thought she she won. | She bought it it in a museum. | We thought they they won. | He thought I I won. | He thought we we won. | He thought you you won. | We liked his his book. | They liked its its name. | She liked my my book. | She liked our our book. | She liked your your book. | We went to their their house. | They sang and and danced. | They sang but but didn’t dance. | They sang or or danced. | We wanted to to dance. | They went to to the store. | We read a a book. | She ate an an apple. | She ate a an apple. | We read an a book. | We read the a book. | We read a the book. | We read the this book. | We read the both books. | We read the these books. | We read the each book. | The trees of of Paris were lovely. | They are are happy. | She is is happy. | She was was happy. | They were were happy. | I am am a writer. | They are are writers. | She is is a writer. | She was was a writer. | They were were writers. | We admired him him. | They admired me me. | We admired them them. | They admired us us. | They bought the the book. | They bought the, the book.
but_conj_stutter_rbst	D	You have a doubled word $X in your sentence.	We thought he he won. | We thought she she won. | She bought it it in a museum. | We thought they they won. | He thought I I won. | He thought we we won. | He thought you you won. | We liked his his book. | They liked its its name. | She liked my my book. | She liked our our book. | She liked your your book. | We went to their their house. | They sang and and danced. | They sang but but didn’t dance. | They sang or or danced. | We wanted to to dance. | They went to to the store. | We read a a book. | She ate an an apple. | She ate a an apple. | We read an a book. | We read the a book. | We read a the book. | We read the this book. | We read the both books. | We read the these books. | We read the each book. | The trees of of Paris were lovely. | They are are happy. | She is is happy. | She was was happy. | They were were happy. | I am am a writer. | They are are writers. | She is is a writer. | She was was a writer. | They were were writers. | We admired him him. | They admired me me. | We admired them them. | They admired us us. | They bought the the book. | They bought the, the book.
or_conj_stutter_rbst	D	You have a doubled word $X in your sentence.	We thought he he won. | We thought she she won. | She bought it it in a museum. | We thought they they won. | He thought I I won. | He thought we we won. | He thought you you won. | We liked his his book. | They liked its its name. | She liked my my book. | She liked our our book. | She liked your your book. | We went to their their house. | They sang and and danced. | They sang but but didn’t dance. | They sang or or danced. | We wanted to to dance. | They went to to the store. | We read a a book. | She ate an an apple. | She ate a an apple. | We read an a book. | We read the a book. | We read a the book. | We read the this book. | We read the both books. | We read the these books. | We read the each book. | The trees of of Paris were lovely. | They are are happy. | She is is happy. | She was was happy. | They were were happy. | I am am a writer. | They are are writers. | She is is a writer. | She was was a writer. | They were were writers. | We admired him him. | They admired me me. | We admired them them. | They admired us us. | They bought the the book. | They bought the, the book.
to_c_prop_stutter_rbst	D	You have a doubled word $X in your sentence.	We thought he he won. | We thought she she won. | She bought it it in a museum. | We thought they they won. | He thought I I won. | He thought we we won. | He thought you you won. | We liked his his book. | They liked its its name. | She liked my my book. | She liked our our book. | She liked your your book. | We went to their their house. | They sang and and danced. | They sang but but didn’t dance. | They sang or or danced. | We wanted to to dance. | They went to to the store. | We read a a book. | She ate an an apple. | She ate a an apple. | We read an a book. | We read the a book. | We read a the book. | We read the this book. | We read the both books. | We read the these books. | We read the each book. | The trees of of Paris were lovely. | They are are happy. | She is is happy. | She was was happy. | They were were happy. | I am am a writer. | They are are writers. | She is is a writer. | She was was a writer. | They were were writers. | We admired him him. | They admired me me. | We admired them them. | They admired us us. | They bought the the book. | They bought the, the book.
to_p_stutter_rbst	D	You have a doubled word $X in your sentence.	We thought he he won. | We thought she she won. | She bought it it in a museum. | We thought they they won. | He thought I I won. | He thought we we won. | He thought you you won. | We liked his his book. | They liked its its name. | She liked my my book. | She liked our our book. | She liked your your book. | We went to their their house. | They sang and and danced. | They sang but but didn’t dance. | They sang or or danced. | We wanted to to dance. | They went to to the store. | We read a a book. | She ate an an apple. | She ate a an apple. | We read an a book. | We read the a book. | We read a the book. | We read the this book. | We read the both books. | We read the these books. | We read the each book. | The trees of of Paris were lovely. | They are are happy. | She is is happy. | She was was happy. | They were were happy. | I am am a writer. | They are are writers. | She is is a writer. | She was was a writer. | They were were writers. | We admired him him. | They admired me me. | We admired them them. | They admired us us. | They bought the the book. | They bought the, the book.
a_a_det_rbst	D	You have a doubled word $X in your sentence.	We thought he he won. | We thought she she won. | She bought it it in a museum. | We thought they they won. | He thought I I won. | He thought we we won. | He thought you you won. | We liked his his book. | They liked its its name. | She liked my my book. | She liked our our book. | She liked your your book. | We went to their their house. | They sang and and danced. | They sang but but didn’t dance. | They sang or or danced. | We wanted to to dance. | They went to to the store. | We read a a book. | She ate an an apple. | She ate a an apple. | We read an a book. | We read the a book. | We read a the book. | We read the this book. | We read the both books. | We read the these books. | We read the each book. | The trees of of Paris were lovely. | They are are happy. | She is is happy. | She was was happy. | They were were happy. | I am am a writer. | They are are writers. | She is is a writer. | She was was a writer. | They were were writers. | We admired him him. | They admired me me. | We admired them them. | They admired us us. | They bought the the book. | They bought the, the book.
an_an_det_1_rbst	D	You have a doubled word $X in your sentence.	We thought he he won. | We thought she she won. | She bought it it in a museum. | We thought they they won. | He thought I I won. | He thought we we won. | He thought you you won. | We liked his his book. | They liked its its name. | She liked my my book. | She liked our our book. | She liked your your book. | We went to their their house. | They sang and and danced. | They sang but but didn’t dance. | They sang or or danced. | We wanted to to dance. | They went to to the store. | We read a a book. | She ate an an apple. | She ate a an apple. | We read an a book. | We read the a book. | We read a the book. | We read the this book. | We read the both books. | We read the these books. | We read the each book. | The trees of of Paris were lovely. | They are are happy. | She is is happy. | She was was happy. | They were were happy. | I am am a writer. | They are are writers. | She is is a writer. | She was was a writer. | They were were writers. | We admired him him. | They admired me me. | We admired them them. | They admired us us. | They bought the the book. | They bought the, the book.
an_det_2_rbst	D	You have a doubled word $X in your sentence.	We thought he he won. | We thought she she won. | She bought it it in a museum. | We thought they they won. | He thought I I won. | He thought we we won. | He thought you you won. | We liked his his book. | They liked its its name. | She liked my my book. | She liked our our book. | She liked your your book. | We went to their their house. | They sang and and danced. | They sang but but didn’t dance. | They sang or or danced. | We wanted to to dance. | They went to to the store. | We read a a book. | She ate an an apple. | She ate a an apple. | We read an a book. | We read the a book. | We read a the book. | We read the this book. | We read the both books. | We read the these books. | We read the each book. | The trees of of Paris were lovely. | They are are happy. | She is is happy. | She was was happy. | They were were happy. | I am am a writer. | They are are writers. | She is is a writer. | She was was a writer. | They were were writers. | We admired him him. | They admired me me. | We admired them them. | They admired us us. | They bought the the book. | They bought the, the book.
a_det_3_rbst	D	You have a doubled word $X in your sentence.	We thought he he won. | We thought she she won. | She bought it it in a museum. | We thought they they won. | He thought I I won. | He thought we we won. | He thought you you won. | We liked his his book. | They liked its its name. | She liked my my book. | She liked our our book. | She liked your your book. | We went to their their house. | They sang and and danced. | They sang but but didn’t dance. | They sang or or danced. | We wanted to to dance. | They went to to the store. | We read a a book. | She ate an an apple. | She ate a an apple. | We read an a book. | We read the a book. | We read a the book. | We read the this book. | We read the both books. | We read the these books. | We read the each book. | The trees of of Paris were lovely. | They are are happy. | She is is happy. | She was was happy. | They were were happy. | I am am a writer. | They are are writers. | She is is a writer. | She was was a writer. | They were were writers. | We admired him him. | They admired me me. | We admired them them. | They admired us us. | They bought the the book. | They bought the, the book.
the_2_rbst	D	You have a doubled word $X in your sentence.	We thought he he won. | We thought she she won. | She bought it it in a museum. | We thought they they won. | He thought I I won. | He thought we we won. | He thought you you won. | We liked his his book. | They liked its its name. | She liked my my book. | She liked our our book. | She liked your your book. | We went to their their house. | They sang and and danced. | They sang but but didn’t dance. | They sang or or danced. | We wanted to to dance. | They went to to the store. | We read a a book. | She ate an an apple. | She ate a an apple. | We read an a book. | We read the a book. | We read a the book. | We read the this book. | We read the both books. | We read the these books. | We read the each book. | The trees of of Paris were lovely. | They are are happy. | She is is happy. | She was was happy. | They were were happy. | I am am a writer. | They are are writers. | She is is a writer. | She was was a writer. | They were were writers. | We admired him him. | They admired me me. | We admired them them. | They admired us us. | They bought the the book. | They bought the, the book.
the_3_rbst	D	You have a doubled word $X in your sentence.	We thought he he won. | We thought she she won. | She bought it it in a museum. | We thought they they won. | He thought I I won. | He thought we we won. | He thought you you won. | We liked his his book. | They liked its its name. | She liked my my book. | She liked our our book. | She liked your your book. | We went to their their house. | They sang and and danced. | They sang but but didn’t dance. | They sang or or danced. | We wanted to to dance. | They went to to the store. | We read a a book. | She ate an an apple. | She ate a an apple. | We read an a book. | We read the a book. | We read a the book. | We read the this book. | We read the both books. | We read the these books. | We read the each book. | The trees of of Paris were lovely. | They are are happy. | She is is happy. | She was was happy. | They were were happy. | I am am a writer. | They are are writers. | She is is a writer. | She was was a writer. | They were were writers. | We admired him him. | They admired me me. | We admired them them. | They admired us us. | They bought the the book. | They bought the, the book.
the_5_rbst	D	You have a doubled word $X in your sentence.	We thought he he won. | We thought she she won. | She bought it it in a museum. | We thought they they won. | He thought I I won. | He thought we we won. | He thought you you won. | We liked his his book. | They liked its its name. | She liked my my book. | She liked our our book. | She liked your your book. | We went to their their house. | They sang and and danced. | They sang but but didn’t dance. | They sang or or danced. | We wanted to to dance. | They went to to the store. | We read a a book. | She ate an an apple. | She ate a an apple. | We read an a book. | We read the a book. | We read a the book. | We read the this book. | We read the both books. | We read the these books. | We read the each book. | The trees of of Paris were lovely. | They are are happy. | She is is happy. | She was was happy. | They were were happy. | I am am a writer. | They are are writers. | She is is a writer. | She was was a writer. | They were were writers. | We admired him him. | They admired me me. | We admired them them. | They admired us us. | They bought the the book. | They bought the, the book.
the_4_rbst	D	You have a doubled word $X in your sentence.	We thought he he won. | We thought she she won. | She bought it it in a museum. | We thought they they won. | He thought I I won. | He thought we we won. | He thought you you won. | We liked his his book. | They liked its its name. | She liked my my book. | She liked our our book. | She liked your your book. | We went to their their house. | They sang and and danced. | They sang but but didn’t dance. | They sang or or danced. | We wanted to to dance. | They went to to the store. | We read a a book. | She ate an an apple. | She ate a an apple. | We read an a book. | We read the a book. | We read a the book. | We read the this book. | We read the both books. | We read the these books. | We read the each book. | The trees of of Paris were lovely. | They are are happy. | She is is happy. | She was was happy. | They were were happy. | I am am a writer. | They are are writers. | She is is a writer. | She was was a writer. | They were were writers. | We admired him him. | They admired me me. | We admired them them. | They admired us us. | They bought the the book. | They bought the, the book.
the_6_rbst	D	You have a doubled word $X in your sentence.	We thought he he won. | We thought she she won. | She bought it it in a museum. | We thought they they won. | He thought I I won. | He thought we we won. | He thought you you won. | We liked his his book. | They liked its its name. | She liked my my book. | She liked our our book. | She liked your your book. | We went to their their house. | They sang and and danced. | They sang but but didn’t dance. | They sang or or danced. | We wanted to to dance. | They went to to the store. | We read a a book. | She ate an an apple. | She ate a an apple. | We read an a book. | We read the a book. | We read a the book. | We read the this book. | We read the both books. | We read the these books. | We read the each book. | The trees of of Paris were lovely. | They are are happy. | She is is happy. | She was was happy. | They were were happy. | I am am a writer. | They are are writers. | She is is a writer. | She was was a writer. | They were were writers. | We admired him him. | They admired me me. | We admired them them. | They admired us us. | They bought the the book. | They bought the, the book.
the_7_rbst	D	You have a doubled word $X in your sentence.	We thought he he won. | We thought she she won. | She bought it it in a museum. | We thought they they won. | He thought I I won. | He thought we we won. | He thought you you won. | We liked his his book. | They liked its its name. | She liked my my book. | She liked our our book. | She liked your your book. | We went to their their house. | They sang and and danced. | They sang but but didn’t dance. | They sang or or danced. | We wanted to to dance. | They went to to the store. | We read a a book. | She ate an an apple. | She ate a an apple. | We read an a book. | We read the a book. | We read a the book. | We read the this book. | We read the both books. | We read the these books. | We read the each book. | The trees of of Paris were lovely. | They are are happy. | She is is happy. | She was was happy. | They were were happy. | I am am a writer. | They are are writers. | She is is a writer. | She was was a writer. | They were were writers. | We admired him him. | They admired me me. | We admired them them. | They admired us us. | They bought the the book. | They bought the, the book.
of_poss_stutter_rbst	D	You have a doubled word $X in your sentence.	We thought he he won. | We thought she she won. | She bought it it in a museum. | We thought they they won. | He thought I I won. | He thought we we won. | He thought you you won. | We liked his his book. | They liked its its name. | She liked my my book. | She liked our our book. | She liked your your book. | We went to their their house. | They sang and and danced. | They sang but but didn’t dance. | They sang or or danced. | We wanted to to dance. | They went to to the store. | We read a a book. | She ate an an apple. | She ate a an apple. | We read an a book. | We read the a book. | We read a the book. | We read the this book. | We read the both books. | We read the these books. | We read the each book. | The trees of of Paris were lovely. | They are are happy. | She is is happy. | She was was happy. | They were were happy. | I am am a writer. | They are are writers. | She is is a writer. | She was was a writer. | They were were writers. | We admired him him. | They admired me me. | We admired them them. | They admired us us. | They bought the the book. | They bought the, the book.
be_c_are_stutter_rbst	D	You have a doubled word $X in your sentence.	We thought he he won. | We thought she she won. | She bought it it in a museum. | We thought they they won. | He thought I I won. | He thought we we won. | He thought you you won. | We liked his his book. | They liked its its name. | She liked my my book. | She liked our our book. | She liked your your book. | We went to their their house. | They sang and and danced. | They sang but but didn’t dance. | They sang or or danced. | We wanted to to dance. | They went to to the store. | We read a a book. | She ate an an apple. | She ate a an apple. | We read an a book. | We read the a book. | We read a the book. | We read the this book. | We read the both books. | We read the these books. | We read the each book. | The trees of of Paris were lovely. | They are are happy. | She is is happy. | She was was happy. | They were were happy. | I am am a writer. | They are are writers. | She is is a writer. | She was was a writer. | They were were writers. | We admired him him. | They admired me me. | We admired them them. | They admired us us. | They bought the the book. | They bought the, the book.
be_c_is_stutter_rbst	D	You have a doubled word $X in your sentence.	We thought he he won. | We thought she she won. | She bought it it in a museum. | We thought they they won. | He thought I I won. | He thought we we won. | He thought you you won. | We liked his his book. | They liked its its name. | She liked my my book. | She liked our our book. | She liked your your book. | We went to their their house. | They sang and and danced. | They sang but but didn’t dance. | They sang or or danced. | We wanted to to dance. | They went to to the store. | We read a a book. | She ate an an apple. | She ate a an apple. | We read an a book. | We read the a book. | We read a the book. | We read the this book. | We read the both books. | We read the these books. | We read the each book. | The trees of of Paris were lovely. | They are are happy. | She is is happy. | She was was happy. | They were were happy. | I am am a writer. | They are are writers. | She is is a writer. | She was was a writer. | They were were writers. | We admired him him. | They admired me me. | We admired them them. | They admired us us. | They bought the the book. | They bought the, the book.
be_c_was_stutter_rbst	D	You have a doubled word $X in your sentence.	We thought he he won. | We thought she she won. | She bought it it in a museum. | We thought they they won. | He thought I I won. | He thought we we won. | He thought you you won. | We liked his his book. | They liked its its name. | She liked my my book. | She liked our our book. | She liked your your book. | We went to their their house. | They sang and and danced. | They sang but but didn’t dance. | They sang or or danced. | We wanted to to dance. | They went to to the store. | We read a a book. | She ate an an apple. | She ate a an apple. | We read an a book. | We read the a book. | We read a the book. | We read the this book. | We read the both books. | We read the these books. | We read the each book. | The trees of of Paris were lovely. | They are are happy. | She is is happy. | She was was happy. | They were were happy. | I am am a writer. | They are are writers. | She is is a writer. | She was was a writer. | They were were writers. | We admired him him. | They admired me me. | We admired them them. | They admired us us. | They bought the the book. | They bought the, the book.
be_c_were_stutter_rbst	D	You have a doubled word $X in your sentence.	We thought he he won. | We thought she she won. | She bought it it in a museum. | We thought they they won. | He thought I I won. | He thought we we won. | He thought you you won. | We liked his his book. | They liked its its name. | She liked my my book. | She liked our our book. | She liked your your book. | We went to their their house. | They sang and and danced. | They sang but but didn’t dance. | They sang or or danced. | We wanted to to dance. | They went to to the store. | We read a a book. | She ate an an apple. | She ate a an apple. | We read an a book. | We read the a book. | We read a the book. | We read the this book. | We read the both books. | We read the these books. | We read the each book. | The trees of of Paris were lovely. | They are are happy. | She is is happy. | She was was happy. | They were were happy. | I am am a writer. | They are are writers. | She is is a writer. | She was was a writer. | They were were writers. | We admired him him. | They admired me me. | We admired them them. | They admired us us. | They bought the the book. | They bought the, the book.
be_id_am_stutter_rbst	D	You have a doubled word $X in your sentence.	We thought he he won. | We thought she she won. | She bought it it in a museum. | We thought they they won. | He thought I I won. | He thought we we won. | He thought you you won. | We liked his his book. | They liked its its name. | She liked my my book. | She liked our our book. | She liked your your book. | We went to their their house. | They sang and and danced. | They sang but but didn’t dance. | They sang or or danced. | We wanted to to dance. | They went to to the store. | We read a a book. | She ate an an apple. | She ate a an apple. | We read an a book. | We read the a book. | We read a the book. | We read the this book. | We read the both books. | We read the these books. | We read the each book. | The trees of of Paris were lovely. | They are are happy. | She is is happy. | She was was happy. | They were were happy. | I am am a writer. | They are are writers. | She is is a writer. | She was was a writer. | They were were writers. | We admired him him. | They admired me me. | We admired them them. | They admired us us. | They bought the the book. | They bought the, the book.
be_id_are_stutter_rbst	D	You have a doubled word $X in your sentence.	We thought he he won. | We thought she she won. | She bought it it in a museum. | We thought they they won. | He thought I I won. | He thought we we won. | He thought you you won. | We liked his his book. | They liked its its name. | She liked my my book. | She liked our our book. | She liked your your book. | We went to their their house. | They sang and and danced. | They sang but but didn’t dance. | They sang or or danced. | We wanted to to dance. | They went to to the store. | We read a a book. | She ate an an apple. | She ate a an apple. | We read an a book. | We read the a book. | We read a the book. | We read the this book. | We read the both books. | We read the these books. | We read the each book. | The trees of of Paris were lovely. | They are are happy. | She is is happy. | She was was happy. | They were were happy. | I am am a writer. | They are are writers. | She is is a writer. | She was was a writer. | They were were writers. | We admired him him. | They admired me me. | We admired them them. | They admired us us. | They bought the the book. | They bought the, the book.
be_id_is_stutter_rbst	D	You have a doubled word $X in your sentence.	We thought he he won. | We thought she she won. | She bought it it in a museum. | We thought they they won. | He thought I I won. | He thought we we won. | He thought you you won. | We liked his his book. | They liked its its name. | She liked my my book. | She liked our our book. | She liked your your book. | We went to their their house. | They sang and and danced. | They sang but but didn’t dance. | They sang or or danced. | We wanted to to dance. | They went to to the store. | We read a a book. | She ate an an apple. | She ate a an apple. | We read an a book. | We read the a book. | We read a the book. | We read the this book. | We read the both books. | We read the these books. | We read the each book. | The trees of of Paris were lovely. | They are are happy. | She is is happy. | She was was happy. | They were were happy. | I am am a writer. | They are are writers. | She is is a writer. | She was was a writer. | They were were writers. | We admired him him. | They admired me me. | We admired them them. | They admired us us. | They bought the the book. | They bought the, the book.
be_id_was_stutter_rbst	D	You have a doubled word $X in your sentence.	We thought he he won. | We thought she she won. | She bought it it in a museum. | We thought they they won. | He thought I I won. | He thought we we won. | He thought you you won. | We liked his his book. | They liked its its name. | She liked my my book. | She liked our our book. | She liked your your book. | We went to their their house. | They sang and and danced. | They sang but but didn’t dance. | They sang or or danced. | We wanted to to dance. | They went to to the store. | We read a a book. | She ate an an apple. | She ate a an apple. | We read an a book. | We read the a book. | We read a the book. | We read the this book. | We read the both books. | We read the these books. | We read the each book. | The trees of of Paris were lovely. | They are are happy. | She is is happy. | She was was happy. | They were were happy. | I am am a writer. | They are are writers. | She is is a writer. | She was was a writer. | They were were writers. | We admired him him. | They admired me me. | We admired them them. | They admired us us. | They bought the the book. | They bought the, the book.
be_id_were_stutter_rbst	D	You have a doubled word $X in your sentence.	We thought he he won. | We thought she she won. | She bought it it in a museum. | We thought they they won. | He thought I I won. | He thought we we won. | He thought you you won. | We liked his his book. | They liked its its name. | She liked my my book. | She liked our our book. | She liked your your book. | We went to their their house. | They sang and and danced. | They sang but but didn’t dance. | They sang or or danced. | We wanted to to dance. | They went to to the store. | We read a a book. | She ate an an apple. | She ate a an apple. | We read an a book. | We read the a book. | We read a the book. | We read the this book. | We read the both books. | We read the these books. | We read the each book. | The trees of of Paris were lovely. | They are are happy. | She is is happy. | She was was happy. | They were were happy. | I am am a writer. | They are are writers. | She is is a writer. | She was was a writer. | They were were writers. | We admired him him. | They admired me me. | We admired them them. | They admired us us. | They bought the the book. | They bought the, the book.
n_-_pr-him_le_rbst	D	You have a doubled word $X in your sentence.	We thought he he won. | We thought she she won. | She bought it it in a museum. | We thought they they won. | He thought I I won. | He thought we we won. | He thought you you won. | We liked his his book. | They liked its its name. | She liked my my book. | She liked our our book. | She liked your your book. | We went to their their house. | They sang and and danced. | They sang but but didn’t dance. | They sang or or danced. | We wanted to to dance. | They went to to the store. | We read a a book. | She ate an an apple. | She ate a an apple. | We read an a book. | We read the a book. | We read a the book. | We read the this book. | We read the both books. | We read the these books. | We read the each book. | The trees of of Paris were lovely. | They are are happy. | She is is happy. | She was was happy. | They were were happy. | I am am a writer. | They are are writers. | She is is a writer. | She was was a writer. | They were were writers. | We admired him him. | They admired me me. | We admired them them. | They admired us us. | They bought the the book. | They bought the, the book.
n_-_pr-me_le_rbst	D	You have a doubled word $X in your sentence.	We thought he he won. | We thought she she won. | She bought it it in a museum. | We thought they they won. | He thought I I won. | He thought we we won. | He thought you you won. | We liked his his book. | They liked its its name. | She liked my my book. | She liked our our book. | She liked your your book. | We went to their their house. | They sang and and danced. | They sang but but didn’t dance. | They sang or or danced. | We wanted to to dance. | They went to to the store. | We read a a book. | She ate an an apple. | She ate a an apple. | We read an a book. | We read the a book. | We read a the book. | We read the this book. | We read the both books. | We read the these books. | We read the each book. | The trees of of Paris were lovely. | They are are happy. | She is is happy. | She was was happy. | They were were happy. | I am am a writer. | They are are writers. | She is is a writer. | She was was a writer. | They were were writers. | We admired him him. | They admired me me. | We admired them them. | They admired us us. | They bought the the book. | They bought the, the book.
n_-_pr-them_le_rbst	D	You have a doubled word $X in your sentence.	We thought he he won. | We thought she she won. | She bought it it in a museum. | We thought they they won. | He thought I I won. | He thought we we won. | He thought you you won. | We liked his his book. | They liked its its name. | She liked my my book. | She liked our our book. | She liked your your book. | We went to their their house. | They sang and and danced. | They sang but but didn’t dance. | They sang or or danced. | We wanted to to dance. | They went to to the store. | We read a a book. | She ate an an apple. | She ate a an apple. | We read an a book. | We read the a book. | We read a the book. | We read the this book. | We read the both books. | We read the these books. | We read the each book. | The trees of of Paris were lovely. | They are are happy. | She is is happy. | She was was happy. | They were were happy. | I am am a writer. | They are are writers. | She is is a writer. | She was was a writer. | They were were writers. | We admired him him. | They admired me me. | We admired them them. | They admired us us. | They bought the the book. | They bought the, the book.
n_-_pr-us_le_rbst	D	You have a doubled word $X in your sentence.	We thought he he won. | We thought she she won. | She bought it it in a museum. | We thought they they won. | He thought I I won. | He thought we we won. | He thought you you won. | We liked his his book. | They liked its its name. | She liked my my book. | She liked our our book. | She liked your your book. | We went to their their house. | They sang and and danced. | They sang but but didn’t dance. | They sang or or danced. | We wanted to to dance. | They went to to the store. | We read a a book. | She ate an an apple. | She ate a an apple. | We read an a book. | We read the a book. | We read a the book. | We read the this book. | We read the both books. | We read the these books. | We read the each book. | The trees of of Paris were lovely. | They are are happy. | She is is happy. | She was was happy. | They were were happy. | I am am a writer. | They are are writers. | She is is a writer. | She was was a writer. | They were were writers. | We admired him him. | They admired me me. | We admired them them. | They admired us us. | They bought the the book. | They bought the, the book.
the_stutter_3_rbst	D	You have a doubled word $X in your sentence.	We thought he he won. | We thought she she won. | She bought it it in a museum. | We thought they they won. | He thought I I won. | He thought we we won. | He thought you you won. | We liked his his book. | They liked its its name. | She liked my my book. | She liked our our book. | She liked your your book. | We went to their their house. | They sang and and danced. | They sang but but didn’t dance. | They sang or or danced. | We wanted to to dance. | They went to to the store. | We read a a book. | She ate an an apple. | She ate a an apple. | We read an a book. | We read the a book. | We read a the book. | We read the this book. | We read the both books. | We read the these books. | We read the each book. | The trees of of Paris were lovely. | They are are happy. | She is is happy. | She was was happy. | They were were happy. | I am am a writer. | They are are writers. | She is is a writer. | She was was a writer. | They were were writers. | We admired him him. | They admired me me. | We admired them them. | They admired us us. | They bought the the book. | They bought the, the book.
the_stutter_2_rbst	D	You have a doubled word $X in your sentence.	We thought he he won. | We thought she she won. | She bought it it in a museum. | We thought they they won. | He thought I I won. | He thought we we won. | He thought you you won. | We liked his his book. | They liked its its name. | She liked my my book. | She liked our our book. | She liked your your book. | We went to their their house. | They sang and and danced. | They sang but but didn’t dance. | They sang or or danced. | We wanted to to dance. | They went to to the store. | We read a a book. | She ate an an apple. | She ate a an apple. | We read an a book. | We read the a book. | We read a the book. | We read the this book. | We read the both books. | We read the these books. | We read the each book. | The trees of of Paris were lovely. | They are are happy. | She is is happy. | She was was happy. | They were were happy. | I am am a writer. | They are are writers. | She is is a writer. | She was was a writer. | They were were writers. | We admired him him. | They admired me me. | We admired them them. | They admired us us. | They bought the the book. | They bought the, the book.
be_c_be_rbst	R	Either the verb is missing, or you have the wrong form of the verb.	The boy be late to school. | The boy been late to school. | The boy be a pest. | The dog been a pest.
be_c_been_rbst	R	Either the verb is missing, or you have the wrong form of the verb.	The boy be late to school. | The boy been late to school. | The boy be a pest. | The dog been a pest.
be_np_be_rbst	R	Either the verb is missing, or you have the wrong form of the verb.	The boy be late to school. | The boy been late to school. | The boy be a pest. | The dog been a pest.
be_np_been_rbst	R	Either the verb is missing, or you have the wrong form of the verb.	The boy be late to school. | The boy been late to school. | The boy be a pest. | The dog been a pest.
third_sg_fin_v_ilr_rbst	R	Your subject doesn't agree in number with the verb $X.	Nancy write a letter. | They writes a letter. | There is books in the library. | There are a book in the library. | There was books in the library. | There were a book in the library. | The children is happy. | The child are happy. | The children was happy. | The child were happy. | He do write a letter. | We does write a letter. | He don’t write a letter. | We doesn’t write a letter. | We has arrived. | He have arrived. | She are a writer. | We is writers. | She were a writer. | We was writers. | We hasn’t slept. | He haven’t slept. | There isn’t cats in the house. | There aren’t a cat in the house. | There wasn’t cats in the house. | There weren’t a cat in the house. | We am writers. | We am happy. | We wasn’t happy. | He weren’t happy. | We wasn’t a writer. | He weren’t a writer. | We isn’t happy. | He aren’t happy. | We isn’t a writer. | He aren’t a writer.
non_third_sg_fin_v_olr_rbst	R	Your subject doesn't agree in number with the verb $X.	Nancy write a letter. | They writes a letter. | There is books in the library. | There are a book in the library. | There was books in the library. | There were a book in the library. | The children is happy. | The child are happy. | The children was happy. | The child were happy. | He do write a letter. | We does write a letter. | He don’t write a letter. | We doesn’t write a letter. | We has arrived. | He have arrived. | She are a writer. | We is writers. | She were a writer. | We was writers. | We hasn’t slept. | He haven’t slept. | There isn’t cats in the house. | There aren’t a cat in the house. | There wasn’t cats in the house. | There weren’t a cat in the house. | We am writers. | We am happy. | We wasn’t happy. | He weren’t happy. | We wasn’t a writer. | He weren’t a writer. | We isn’t happy. | He aren’t happy. | We isn’t a writer. | He aren’t a writer.
be_th_cop_is_rbst	R	Your subject doesn't agree in number with the verb $X.	Nancy write a letter. | They writes a letter. | There is books in the library. | There are a book in the library. | There was books in the library. | There were a book in the library. | The children is happy. | The child are happy. | The children was happy. | The child were happy. | He do write a letter. | We does write a letter. | He don’t write a letter. | We doesn’t write a letter. | We has arrived. | He have arrived. | She are a writer. | We is writers. | She were a writer. | We was writers. | We hasn’t slept. | He haven’t slept. | There isn’t cats in the house. | There aren’t a cat in the house. | There wasn’t cats in the house. | There weren’t a cat in the house. | We am writers. | We am happy. | We wasn’t happy. | He weren’t happy. | We wasn’t a writer. | He weren’t a writer. | We isn’t happy. | He aren’t happy. | We isn’t a writer. | He aren’t a writer.
be_th_cop_are_rbst	R	Your subject doesn't agree in number with the verb $X.	Nancy write a letter. | They writes a letter. | There is books in the library. | There are a book in the library. | There was books in the library. | There were a book in the library. | The children is happy. | The child are happy. | The children was happy. | The child were happy. | He do write a letter. | We does write a letter. | He don’t write a letter. | We doesn’t write a letter. | We has arrived. | He have arrived. | She are a writer. | We is writers. | She were a writer. | We was writers. | We hasn’t slept. | He haven’t slept. | There isn’t cats in the house. | There aren’t a cat in the house. | There wasn’t cats in the house. | There weren’t a cat in the house. | We am writers. | We am happy. | We wasn’t happy. | He weren’t happy. | We wasn’t a writer. | He weren’t a writer. | We isn’t happy. | He aren’t happy. | We isn’t a writer. | He aren’t a writer.
be_th_cop_was_rbst	R	Your subject doesn't agree in number with the verb $X.	Nancy write a letter. | They writes a letter. | There is books in the library. | There are a book in the library. | There was books in the library. | There were a book in the library. | The children is happy. | The child are happy. | The children was happy. | The child were happy. | He do write a letter. | We does write a letter. | He don’t write a letter. | We doesn’t write a letter. | We has arrived. | He have arrived. | She are a writer. | We is writers. | She were a writer. | We was writers. | We hasn’t slept. | He haven’t slept. | There isn’t cats in the house. | There aren’t a cat in the house. | There wasn’t cats in the house. | There weren’t a cat in the house. | We am writers. | We am happy. | We wasn’t happy. | He weren’t happy. | We wasn’t a writer. | He weren’t a writer. | We isn’t happy. | He aren’t happy. | We isn’t a writer. | He aren’t a writer.
be_th_cop_were_rbst	R	Your subject doesn't agree in number with the verb $X.	Nancy write a letter. | They writes a letter. | There is books in the library. | There are a book in the library. | There was books in the library. | There were a book in the library. | The children is happy. | The child are happy. | The children was happy. | The child were happy. | He do write a letter. | We does write a letter. | He don’t write a letter. | We doesn’t write a letter. | We has arrived. | He have arrived. | She are a writer. | We is writers. | She were a writer. | We was writers. | We hasn’t slept. | He haven’t slept. | There isn’t cats in the house. | There aren’t a cat in the house. | There wasn’t cats in the house. | There weren’t a cat in the house. | We am writers. | We am happy. | We wasn’t happy. | He weren’t happy. | We wasn’t a writer. | He weren’t a writer. | We isn’t happy. | He aren’t happy. | We isn’t a writer. | He aren’t a writer.
be_c_is_rbst	R	Your subject doesn't agree in number with the verb $X.	Nancy write a letter. | They writes a letter. | There is books in the library. | There are a book in the library. | There was books in the library. | There were a book in the library. | The children is happy. | The child are happy. | The children was happy. | The child were happy. | He do write a letter. | We does write a letter. | He don’t write a letter. | We doesn’t write a letter. | We has arrived. | He have arrived. | She are a writer. | We is writers. | She were a writer. | We was writers. | We hasn’t slept. | He haven’t slept. | There isn’t cats in the house. | There aren’t a cat in the house. | There wasn’t cats in the house. | There weren’t a cat in the house. | We am writers. | We am happy. | We wasn’t happy. | He weren’t happy. | We wasn’t a writer. | He weren’t a writer. | We isn’t happy. | He aren’t happy. | We isn’t a writer. | He aren’t a writer.
be_c_are_rbst	R	Your subject doesn't agree in number with the verb $X.	Nancy write a letter. | They writes a letter. | There is books in the library. | There are a book in the library. | There was books in the library. | There were a book in the library. | The children is happy. | The child are happy. | The children was happy. | The child were happy. | He do write a letter. | We does write a letter. | He don’t write a letter. | We doesn’t write a letter. | We has arrived. | He have arrived. | She are a writer. | We is writers. | She were a writer. | We was writers. | We hasn’t slept. | He haven’t slept. | There isn’t cats in the house. | There aren’t a cat in the house. | There wasn’t cats in the house. | There weren’t a cat in the house. | We am writers. | We am happy. | We wasn’t happy. | He weren’t happy. | We wasn’t a writer. | He weren’t a writer. | We isn’t happy. | He aren’t happy. | We isn’t a writer. | He aren’t a writer.
be_c_was_rbst	R	Your subject doesn't agree in number with the verb $X.	Nancy write a letter. | They writes a letter. | There is books in the library. | There are a book in the library. | There was books in the library. | There were a book in the library. | The children is happy. | The child are happy. | The children was happy. | The child were happy. | He do write a letter. | We does write a letter. | He don’t write a letter. | We doesn’t write a letter. | We has arrived. | He have arrived. | She are a writer. | We is writers. | She were a writer. | We was writers. | We hasn’t slept. | He haven’t slept. | There isn’t cats in the house. | There aren’t a cat in the house. | There wasn’t cats in the house. | There weren’t a cat in the house. | We am writers. | We am happy. | We wasn’t happy. | He weren’t happy. | We wasn’t a writer. | He weren’t a writer. | We isn’t happy. | He aren’t happy. | We isn’t a writer. | He aren’t a writer.
be_c_were_rbst	R	Your subject doesn't agree in number with the verb $X.	Nancy write a letter. | They writes a letter. | There is books in the library. | There are a book in the library. | There was books in the library. | There were a book in the library. | The children is happy. | The child are happy. | The children was happy. | The child were happy. | He do write a letter. | We does write a letter. | He don’t write a letter. | We doesn’t write a letter. | We has arrived. | He have arrived. | She are a writer. | We is writers. | She were a writer. | We was writers. | We hasn’t slept. | He haven’t slept. | There isn’t cats in the house. | There aren’t a cat in the house. | There wasn’t cats in the house. | There weren’t a cat in the house. | We am writers. | We am happy. | We wasn’t happy. | He weren’t happy. | We wasn’t a writer. | He weren’t a writer. | We isn’t happy. | He aren’t happy. | We isn’t a writer. | He aren’t a writer.
do1_pos_sg_rbst	R	Your subject doesn't agree in number with the verb $X.	Nancy write a letter. | They writes a letter. | There is books in the library. | There are a book in the library. | There was books in the library. | There were a book in the library. | The children is happy. | The child are happy. | The children was happy. | The child were happy. | He do write a letter. | We does write a letter. | He don’t write a letter. | We doesn’t write a letter. | We has arrived. | He have arrived. | She are a writer. | We is writers. | She were a writer. | We was writers. | We hasn’t slept. | He haven’t slept. | There isn’t cats in the house. | There aren’t a cat in the house. | There wasn’t cats in the house. | There weren’t a cat in the house. | We am writers. | We am happy. | We wasn’t happy. | He weren’t happy. | We wasn’t a writer. | He weren’t a writer. | We isn’t happy. | He aren’t happy. | We isn’t a writer. | He aren’t a writer.
does1_pos_pl_rbst	R	Your subject doesn't agree in number with the verb $X.	Nancy write a letter. | They writes a letter. | There is books in the library. | There are a book in the library. | There was books in the library. | There were a book in the library. | The children is happy. | The child are happy. | The children was happy. | The child were happy. | He do write a letter. | We does write a letter. | He don’t write a letter. | We doesn’t write a letter. | We has arrived. | He have arrived. | She are a writer. | We is writers. | She were a writer. | We was writers. | We hasn’t slept. | He haven’t slept. | There isn’t cats in the house. | There aren’t a cat in the house. | There wasn’t cats in the house. | There weren’t a cat in the house. | We am writers. | We am happy. | We wasn’t happy. | He weren’t happy. | We wasn’t a writer. | He weren’t a writer. | We isn’t happy. | He aren’t happy. | We isn’t a writer. | He aren’t a writer.
va_doesnt_neg_pres_le_rbst	R	Your subject doesn't agree in number with the verb $X.	Nancy write a letter. | They writes a letter. | There is books in the library. | There are a book in the library. | There was books in the library. | There were a book in the library. | The children is happy. | The child are happy. | The children was happy. | The child were happy. | He do write a letter. | We does write a letter. | He don’t write a letter. | We doesn’t write a letter. | We has arrived. | He have arrived. | She are a writer. | We is writers. | She were a writer. | We was writers. | We hasn’t slept. | He haven’t slept. | There isn’t cats in the house. | There aren’t a cat in the house. | There wasn’t cats in the house. | There weren’t a cat in the house. | We am writers. | We am happy. | We wasn’t happy. | He weren’t happy. | We wasn’t a writer. | He weren’t a writer. | We isn’t happy. | He aren’t happy. | We isn’t a writer. | He aren’t a writer.
va_dont_neg_pres_le_rbst	R	Your subject doesn't agree in number with the verb $X.	Nancy write a letter. | They writes a letter. | There is books in the library. | There are a book in the library. | There was books in the library. | There were a book in the library. | The children is happy. | The child are happy. | The children was happy. | The child were happy. | He do write a letter. | We does write a letter. | He don’t write a letter. | We doesn’t write a letter. | We has arrived. | He have arrived. | She are a writer. | We is writers. | She were a writer. | We was writers. | We hasn’t slept. | He haven’t slept. | There isn’t cats in the house. | There aren’t a cat in the house. | There wasn’t cats in the house. | There weren’t a cat in the house. | We am writers. | We am happy. | We wasn’t happy. | He weren’t happy. | We wasn’t a writer. | He weren’t a writer. | We isn’t happy. | He aren’t happy. | We isn’t a writer. | He aren’t a writer.
have_fin_aux_rbst	R	Your subject doesn't agree in number with the verb $X.	Nancy write a letter. | They writes a letter. | There is books in the library. | There are a book in the library. | There was books in the library. | There were a book in the library. | The children is happy. | The child are happy. | The children was happy. | The child were happy. | He do write a letter. | We does write a letter. | He don’t write a letter. | We doesn’t write a letter. | We has arrived. | He have arrived. | She are a writer. | We is writers. | She were a writer. | We was writers. | We hasn’t slept. | He haven’t slept. | There isn’t cats in the house. | There aren’t a cat in the house. | There wasn’t cats in the house. | There weren’t a cat in the house. | We am writers. | We am happy. | We wasn’t happy. | He weren’t happy. | We wasn’t a writer. | He weren’t a writer. | We isn’t happy. | He aren’t happy. | We isn’t a writer. | He aren’t a writer.
has_aux_rbst	R	Your subject doesn't agree in number with the verb $X.	Nancy write a letter. | They writes a letter. | There is books in the library. | There are a book in the library. | There was books in the library. | There were a book in the library. | The children is happy. | The child are happy. | The children was happy. | The child were happy. | He do write a letter. | We does write a letter. | He don’t write a letter. | We doesn’t write a letter. | We has arrived. | He have arrived. | She are a writer. | We is writers. | She were a writer. | We was writers. | We hasn’t slept. | He haven’t slept. | There isn’t cats in the house. | There aren’t a cat in the house. | There wasn’t cats in the house. | There weren’t a cat in the house. | We am writers. | We am happy. | We wasn’t happy. | He weren’t happy. | We wasn’t a writer. | He weren’t a writer. | We isn’t happy. | He aren’t happy. | We isn’t a writer. | He aren’t a writer.
be_np_is_rbst	R	Your subject doesn't agree in number with the verb $X.	Nancy write a letter. | They writes a letter. | There is books in the library. | There are a book in the library. | There was books in the library. | There were a book in the library. | The children is happy. | The child are happy. | The children was happy. | The child were happy. | He do write a letter. | We does write a letter. | He don’t write a letter. | We doesn’t write a letter. | We has arrived. | He have arrived. | She are a writer. | We is writers. | She were a writer. | We was writers. | We hasn’t slept. | He haven’t slept. | There isn’t cats in the house. | There aren’t a cat in the house. | There wasn’t cats in the house. | There weren’t a cat in the house. | We am writers. | We am happy. | We wasn’t happy. | He weren’t happy. | We wasn’t a writer. | He weren’t a writer. | We isn’t happy. | He aren’t happy. | We isn’t a writer. | He aren’t a writer.
be_np_are_rbst	R	Your subject doesn't agree in number with the verb $X.	Nancy write a letter. | They writes a letter. | There is books in the library. | There are a book in the library. | There was books in the library. | There were a book in the library. | The children is happy. | The child are happy. | The children was happy. | The child were happy. | He do write a letter. | We does write a letter. | He don’t write a letter. | We doesn’t write a letter. | We has arrived. | He have arrived. | She are a writer. | We is writers. | She were a writer. | We was writers. | We hasn’t slept. | He haven’t slept. | There isn’t cats in the house. | There aren’t a cat in the house. | There wasn’t cats in the house. | There weren’t a cat in the house. | We am writers. | We am happy. | We wasn’t happy. | He weren’t happy. | We wasn’t a writer. | He weren’t a writer. | We isn’t happy. | He aren’t happy. | We isn’t a writer. | He aren’t a writer.
be_np_was_rbst	R	Your subject doesn't agree in number with the verb $X.	Nancy write a letter. | They writes a letter. | There is books in the library. | There are a book in the library. | There was books in the library. | There were a book in the library. | The children is happy. | The child are happy. | The children was happy. | The child were happy. | He do write a letter. | We does write a letter. | He don’t write a letter. | We doesn’t write a letter. | We has arrived. | He have arrived. | She are a writer. | We is writers. | She were a writer. | We was writers. | We hasn’t slept. | He haven’t slept. | There isn’t cats in the house. | There aren’t a cat in the house. | There wasn’t cats in the house. | There weren’t a cat in the house. | We am writers. | We am happy. | We wasn’t happy. | He weren’t happy. | We wasn’t a writer. | He weren’t a writer. | We isn’t happy. | He aren’t happy. | We isn’t a writer. | He aren’t a writer.
be_np_were_rbst	R	Your subject doesn't agree in number with the verb $X.	Nancy write a letter. | They writes a letter. | There is books in the library. | There are a book in the library. | There was books in the library. | There were a book in the library. | The children is happy. | The child are happy. | The children was happy. | The child were happy. | He do write a letter. | We does write a letter. | He don’t write a letter. | We doesn’t write a letter. | We has arrived. | He have arrived. | She are a writer. | We is writers. | She were a writer. | We was writers. | We hasn’t slept. | He haven’t slept. | There isn’t cats in the house. | There aren’t a cat in the house. | There wasn’t cats in the house. | There weren’t a cat in the house. | We am writers. | We am happy. | We wasn’t happy. | He weren’t happy. | We wasn’t a writer. | He weren’t a writer. | We isn’t happy. | He aren’t happy. | We isn’t a writer. | He aren’t a writer.
v_vp_has-n_le_rbst	R	Your subject doesn't agree in number with the verb $X.	Nancy write a letter. | They writes a letter. | There is books in the library. | There are a book in the library. | There was books in the library. | There were a book in the library. | The children is happy. | The child are happy. | The children was happy. | The child were happy. | He do write a letter. | We does write a letter. | He don’t write a letter. | We doesn’t write a letter. | We has arrived. | He have arrived. | She are a writer. | We is writers. | She were a writer. | We was writers. | We hasn’t slept. | He haven’t slept. | There isn’t cats in the house. | There aren’t a cat in the house. | There wasn’t cats in the house. | There weren’t a cat in the house. | We am writers. | We am happy. | We wasn’t happy. | He weren’t happy. | We wasn’t a writer. | He weren’t a writer. | We isn’t happy. | He aren’t happy. | We isn’t a writer. | He aren’t a writer.
v_vp_have-f-n_le_rbst	R	Your subject doesn't agree in number with the verb $X.	Nancy write a letter. | They writes a letter. | There is books in the library. | There are a book in the library. | There was books in the library. | There were a book in the library. | The children is happy. | The child are happy. | The children was happy. | The child were happy. | He do write a letter. | We does write a letter. | He don’t write a letter. | We doesn’t write a letter. | We has arrived. | He have arrived. | She are a writer. | We is writers. | She were a writer. | We was writers. | We hasn’t slept. | He haven’t slept. | There isn’t cats in the house. | There aren’t a cat in the house. | There wasn’t cats in the house. | There weren’t a cat in the house. | We am writers. | We am happy. | We wasn’t happy. | He weren’t happy. | We wasn’t a writer. | He weren’t a writer. | We isn’t happy. | He aren’t happy. | We isn’t a writer. | He aren’t a writer.
v_np-xp_is-n_le_rbst	R	Your subject doesn't agree in number with the verb $X.	Nancy write a letter. | They writes a letter. | There is books in the library. | There are a book in the library. | There was books in the library. | There were a book in the library. | The children is happy. | The child are happy. | The children was happy. | The child were happy. | He do write a letter. | We does write a letter. | He don’t write a letter. | We doesn’t write a letter. | We has arrived. | He have arrived. | She are a writer. | We is writers. | She were a writer. | We was writers. | We hasn’t slept. | He haven’t slept. | There isn’t cats in the house. | There aren’t a cat in the house. | There wasn’t cats in the house. | There weren’t a cat in the house. | We am writers. | We am happy. | We wasn’t happy. | He weren’t happy. | We wasn’t a writer. | He weren’t a writer. | We isn’t happy. | He aren’t happy. | We isn’t a writer. | He aren’t a writer.
v_np-xp_are-n_le_rbst	R	Your subject doesn't agree in number with the verb $X.	Nancy write a letter. | They writes a letter. | There is books in the library. | There are a book in the library. | There was books in the library. | There were a book in the library. | The children is happy. | The child are happy. | The children was happy. | The child were happy. | He do write a letter. | We does write a letter. | He don’t write a letter. | We doesn’t write a letter. | We has arrived. | He have arrived. | She are a writer. | We is writers. | She were a writer. | We was writers. | We hasn’t slept. | He haven’t slept. | There isn’t cats in the house. | There aren’t a cat in the house. | There wasn’t cats in the house. | There weren’t a cat in the house. | We am writers. | We am happy. | We wasn’t happy. | He weren’t happy. | We wasn’t a writer. | He weren’t a writer. | We isn’t happy. | He aren’t happy. | We isn’t a writer. | He aren’t a writer.
v_np-xp_was-n_le_rbst	R	Your subject doesn't agree in number with the verb $X.	Nancy write a letter. | They writes a letter. | There is books in the library. | There are a book in the library. | There was books in the library. | There were a book in the library. | The children is happy. | The child are happy. | The children was happy. | The child were happy. | He do write a letter. | We does write a letter. | He don’t write a letter. | We doesn’t write a letter. | We has arrived. | He have arrived. | She are a writer. | We is writers. | She were a writer. | We was writers. | We hasn’t slept. | He haven’t slept. | There isn’t cats in the house. | There aren’t a cat in the house. | There wasn’t cats in the house. | There weren’t a cat in the house. | We am writers. | We am happy. | We wasn’t happy. | He weren’t happy. | We wasn’t a writer. | He weren’t a writer. | We isn’t happy. | He aren’t happy. | We isn’t a writer. | He aren’t a writer.
v_np-xp_were-n_le_rbst	R	Your subject doesn't agree in number with the verb $X.	Nancy write a letter. | They writes a letter. | There is books in the library. | There are a book in the library. | There was books in the library. | There were a book in the library. | The children is happy. | The child are happy. | The children was happy. | The child were happy. | He do write a letter. | We does write a letter. | He don’t write a letter. | We doesn’t write a letter. | We has arrived. | He have arrived. | She are a writer. | We is writers. | She were a writer. | We was writers. | We hasn’t slept. | He haven’t slept. | There isn’t cats in the house. | There aren’t a cat in the house. | There wasn’t cats in the house. | There weren’t a cat in the house. | We am writers. | We am happy. | We wasn’t happy. | He weren’t happy. | We wasn’t a writer. | He weren’t a writer. | We isn’t happy. | He aren’t happy. | We isn’t a writer. | He aren’t a writer.
be_np_are_am_rbst	R	Your subject doesn't agree in number with the verb $X.	Nancy write a letter. | They writes a letter. | There is books in the library. | There are a book in the library. | There was books in the library. | There were a book in the library. | The children is happy. | The child are happy. | The children was happy. | The child were happy. | He do write a letter. | We does write a letter. | He don’t write a letter. | We doesn’t write a letter. | We has arrived. | He have arrived. | She are a writer. | We is writers. | She were a writer. | We was writers. | We hasn’t slept. | He haven’t slept. | There isn’t cats in the house. | There aren’t a cat in the house. | There wasn’t cats in the house. | There weren’t a cat in the house. | We am writers. | We am happy. | We wasn’t happy. | He weren’t happy. | We wasn’t a writer. | He weren’t a writer. | We isn’t happy. | He aren’t happy. | We isn’t a writer. | He aren’t a writer.
be_c_are_am_rbst	R	Your subject doesn't agree in number with the verb $X.	Nancy write a letter. | They writes a letter. | There is books in the library. | There are a book in the library. | There was books in the library. | There were a book in the library. | The children is happy. | The child are happy. | The children was happy. | The child were happy. | He do write a letter. | We does write a letter. | He don’t write a letter. | We doesn’t write a letter. | We has arrived. | He have arrived. | She are a writer. | We is writers. | She were a writer. | We was writers. | We hasn’t slept. | He haven’t slept. | There isn’t cats in the house. | There aren’t a cat in the house. | There wasn’t cats in the house. | There weren’t a cat in the house. | We am writers. | We am happy. | We wasn’t happy. | He weren’t happy. | We wasn’t a writer. | He weren’t a writer. | We isn’t happy. | He aren’t happy. | We isn’t a writer. | He aren’t a writer.
be_c_wasnt_rbst	R	Your subject doesn't agree in number with the verb $X.	Nancy write a letter. | They writes a letter. | There is books in the library. | There are a book in the library. | There was books in the library. | There were a book in the library. | The children is happy. | The child are happy. | The children was happy. | The child were happy. | He do write a letter. | We does write a letter. | He don’t write a letter. | We doesn’t write a letter. | We has arrived. | He have arrived. | She are a writer. | We is writers. | She were a writer. | We was writers. | We hasn’t slept. | He haven’t slept. | There isn’t cats in the house. | There aren’t a cat in the house. | There wasn’t cats in the house. | There weren’t a cat in the house. | We am writers. | We am happy. | We wasn’t happy. | He weren’t happy. | We wasn’t a writer. | He weren’t a writer. | We isn’t happy. | He aren’t happy. | We isn’t a writer. | He aren’t a writer.
be_c_werent_rbst	R	Your subject doesn't agree in number with the verb $X.	Nancy write a letter. | They writes a letter. | There is books in the library. | There are a book in the library. | There was books in the library. | There were a book in the library. | The children is happy. | The child are happy. | The children was happy. | The child were happy. | He do write a letter. | We does write a letter. | He don’t write a letter. | We doesn’t write a letter. | We has arrived. | He have arrived. | She are a writer. | We is writers. | She were a writer. | We was writers. | We hasn’t slept. | He haven’t slept. | There isn’t cats in the house. | There aren’t a cat in the house. | There wasn’t cats in the house. | There weren’t a cat in the house. | We am writers. | We am happy. | We wasn’t happy. | He weren’t happy. | We wasn’t a writer. | He weren’t a writer. | We isn’t happy. | He aren’t happy. | We isn’t a writer. | He aren’t a writer.
be_id_wasnt_rbst	R	Your subject doesn't agree in number with the verb $X.	Nancy write a letter. | They writes a letter. | There is books in the library. | There are a book in the library. | There was books in the library. | There were a book in the library. | The children is happy. | The child are happy. | The children was happy. | The child were happy. | He do write a letter. | We does write a letter. | He don’t write a letter. | We doesn’t write a letter. | We has arrived. | He have arrived. | She are a writer. | We is writers. | She were a writer. | We was writers. | We hasn’t slept. | He haven’t slept. | There isn’t cats in the house. | There aren’t a cat in the house. | There wasn’t cats in the house. | There weren’t a cat in the house. | We am writers. | We am happy. | We wasn’t happy. | He weren’t happy. | We wasn’t a writer. | He weren’t a writer. | We isn’t happy. | He aren’t happy. | We isn’t a writer. | He aren’t a writer.
be_id_werent_rbst	R	Your subject doesn't agree in number with the verb $X.	Nancy write a letter. | They writes a letter. | There is books in the library. | There are a book in the library. | There was books in the library. | There were a book in the library. | The children is happy. | The child are happy. | The children was happy. | The child were happy. | He do write a letter. | We does write a letter. | He don’t write a letter. | We doesn’t write a letter. | We has arrived. | He have arrived. | She are a writer. | We is writers. | She were a writer. | We was writers. | We hasn’t slept. | He haven’t slept. | There isn’t cats in the house. | There aren’t a cat in the house. | There wasn’t cats in the house. | There weren’t a cat in the house. | We am writers. | We am happy. | We wasn’t happy. | He weren’t happy. | We wasn’t a writer. | He weren’t a writer. | We isn’t happy. | He aren’t happy. | We isn’t a writer. | He aren’t a writer.
be_c_is_are_neg_rbst	R	Your subject doesn't agree in number with the verb $X.	Nancy write a letter. | They writes a letter. | There is books in the library. | There are a book in the library. | There was books in the library. | There were a book in the library. | The children is happy. | The child are happy. | The children was happy. | The child were happy. | He do write a letter. | We does write a letter. | He don’t write a letter. | We doesn’t write a letter. | We has arrived. | He have arrived. | She are a writer. | We is writers. | She were a writer. | We was writers. | We hasn’t slept. | He haven’t slept. | There isn’t cats in the house. | There aren’t a cat in the house. | There wasn’t cats in the house. | There weren’t a cat in the house. | We am writers. | We am happy. | We wasn’t happy. | He weren’t happy. | We wasn’t a writer. | He weren’t a writer. | We isn’t happy. | He aren’t happy. | We isn’t a writer. | He aren’t a writer.
be_c_are_is_neg_rbst	R	Your subject doesn't agree in number with the verb $X.	Nancy write a letter. | They writes a letter. | There is books in the library. | There are a book in the library. | There was books in the library. | There were a book in the library. | The children is happy. | The child are happy. | The children was happy. | The child were happy. | He do write a letter. | We does write a letter. | He don’t write a letter. | We doesn’t write a letter. | We has arrived. | He have arrived. | She are a writer. | We is writers. | She were a writer. | We was writers. | We hasn’t slept. | He haven’t slept. | There isn’t cats in the house. | There aren’t a cat in the house. | There wasn’t cats in the house. | There weren’t a cat in the house. | We am writers. | We am happy. | We wasn’t happy. | He weren’t happy. | We wasn’t a writer. | He weren’t a writer. | We isn’t happy. | He aren’t happy. | We isn’t a writer. | He aren’t a writer.
be_id_is_are_neg_rbst	R	Your subject doesn't agree in number with the verb $X.	Nancy write a letter. | They writes a letter. | There is books in the library. | There are a book in the library. | There was books in the library. | There were a book in the library. | The children is happy. | The child are happy. | The children was happy. | The child were happy. | He do write a letter. | We does write a letter. | He don’t write a letter. | We doesn’t write a letter. | We has arrived. | He have arrived. | She are a writer. | We is writers. | She were a writer. | We was writers. | We hasn’t slept. | He haven’t slept. | There isn’t cats in the house. | There aren’t a cat in the house. | There wasn’t cats in the house. | There weren’t a cat in the house. | We am writers. | We am happy. | We wasn’t happy. | He weren’t happy. | We wasn’t a writer. | He weren’t a writer. | We isn’t happy. | He aren’t happy. | We isn’t a writer. | He aren’t a writer.
be_id_are_is_neg_rbst	R	Your subject doesn't agree in number with the verb $X.	Nancy write a letter. | They writes a letter. | There is books in the library. | There are a book in the library. | There was books in the library. | There were a book in the library. | The children is happy. | The child are happy. | The children was happy. | The child were happy. | He do write a letter. | We does write a letter. | He don’t write a letter. | We doesn’t write a letter. | We has arrived. | He have arrived. | She are a writer. | We is writers. | She were a writer. | We was writers. | We hasn’t slept. | He haven’t slept. | There isn’t cats in the house. | There aren’t a cat in the house. | There wasn’t cats in the house. | There weren’t a cat in the house. | We am writers. | We am happy. | We wasn’t happy. | He weren’t happy. | We wasn’t a writer. | He weren’t a writer. | We isn’t happy. | He aren’t happy. | We isn’t a writer. | He aren’t a writer.
num_det_2_rbst	R	Remember to use a plural form of the noun after a number that is greater than one.	Three dog barks.
num_det_1_rbst	R	Remember to use a singular form of the noun after the number one.	One dogs barked.
he_rbst	R	Don't use “he” here. Instead, use the object pronoun “him”, or a noun phrase like “John” or “the book”.	The boy saw he.
she_rbst	R	Don't use “she” here. Instead, use the object pronoun “her”, or a noun phrase like “Mary” or “the book”.	The boy saw she.
they_rbst	R	Don't use “they” here. Instead, use the object pronoun “them”, or a noun phrase like “the books”.	The boy saw they.
i_pron_rbst	R	Don't use “I” here. Instead, use the object pronoun "me".	The boy saw I and Kim. | The boy saw I.
i_pron_2_rbst	R	Don't use “I” here. Instead, use the object pronoun "me".	The boy saw I and Kim. | The boy saw I.
him_rbst	R	Don't use “him” here. Instead, use the subject pronoun “he", or a noun phrase like "John" or "the book".	Him chased the cat.
her_rbst	R	Don't use “her” here. Instead, use the subject pronoun “she", or a noun phrase like "Mary" or "the book".	Her chased the cat.
them_rbst	R	Don't use “them” here. Instead, use the subject pronoun “they", or a noun phrase like "the books".	Them chased the cat.
us_pron_rbst	R	Don't use “us” here. Instead, use the subject pronoun “we".	Us chased the cat.
a_det_mass_rbst	D	Don't use “a” or “an” before a noun that is not countable.	We found a pollution. | She found an information. | We found such a pollution. | We found such an information. | And what a pollution we found! | And what an information we found! | It is a common knowledge that fish swim.
an_det_mass_rbst	D	Don't use “a” or “an” before a noun that is not countable.	We found a pollution. | She found an information. | We found such a pollution. | We found such an information. | And what a pollution we found! | And what an information we found! | It is a common knowledge that fish swim.
such_a_det_mass_rbst	D	Don't use “a” or “an” before a noun that is not countable.	We found a pollution. | She found an information. | We found such a pollution. | We found such an information. | And what a pollution we found! | And what an information we found! | It is a common knowledge that fish swim.
such_an_det_mass_rbst	D	Don't use “a” or “an” before a noun that is not countable.	We found a pollution. | She found an information. | We found such a pollution. | We found such an information. | And what a pollution we found! | And what an information we found! | It is a common knowledge that fish swim.
what_a_det_mass_rbst	D	Don't use “a” or “an” before a noun that is not countable.	We found a pollution. | She found an information. | We found such a pollution. | We found such an information. | And what a pollution we found! | And what an information we found! | It is a common knowledge that fish swim.
what_an_det_mass_rbst	D	Don't use “a” or “an” before a noun that is not countable.	We found a pollution. | She found an information. | We found such a pollution. | We found such an information. | And what a pollution we found! | And what an information we found! | It is a common knowledge that fish swim.
knowledge_n3_rbst	D	Don't use “a” or “an” before a noun that is not countable.	We found a pollution. | She found an information. | We found such a pollution. | We found such an information. | And what a pollution we found! | And what an information we found! | It is a common knowledge that fish swim.
cl_cnj-frg_rbst	D	Your sentence should not begin with "And" or "But".	And we played.
its_be_cop_rbst	R	Remember to spell “its” with an apostrophe as “it's” when used as a contraction for “it is”.	Its happy. | Its a cat.
its_be_np_rbst	R	Remember to spell “its” with an apostrophe as “it's” when used as a contraction for “it is”.	Its happy. | Its a cat.
too_deg_rbst	R	Remember to spell the word “too” this way when used as a modifier.	Kim was to slow to win. | Kim ran to slowly. | Kim was to tall.
too_deg_nc_rbst	R	Remember to spell the word “too” this way when used as a modifier.	Kim was to slow to win. | Kim ran to slowly. | Kim was to tall.
too_deg_nc_adj_rbst	R	Remember to spell the word “too” this way when used as a modifier.	Kim was to slow to win. | Kim ran to slowly. | Kim was to tall.
aj_-_i-one_le_rbst	R	Use a plural noun with “all, many, most, several”.	We saw many cat.
much_a1_rbst	R	Use “much” with a singular noun like “rice”, and “many” with a plural noun.	We don't have much dogs.
every_all_rbst	R	Use “every” with a singular noun, and “all” with a plural noun.	Every cats chased dogs.
because_to_rbst	D	Don't use “to” after “because”.	She ran because to win.
a_det_plur_rbst	D	Don't use “a” or “an” with a plural noun.	We bought a books. | We bought an apples.
an_det_plur_rbst	D	Don't use “a” or “an” with a plural noun.	We bought a books. | We bought an apples.
has_aux_finc_rbst	R	Remember to use the participle form of a verb after “has” and “have”, such as “has gone”, not “has went”.	He has went to Paris. | They have went to Paris. | He had went to Paris.
have_aux_finc_rbst	R	Remember to use the participle form of a verb after “has” and “have”, such as “has gone”, not “has went”.	He has went to Paris. | They have went to Paris. | He had went to Paris.
had_aux_finc_rbst	R	Remember to use the participle form of a verb after “has” and “have”, such as “has gone”, not “has went”.	He has went to Paris. | They have went to Paris. | He had went to Paris.
everyday_adv_rbst	R	Remember to spell “every day” with a space after “every” when it modifies a verb phrase.	Kim plays tennis everyday.
n_pl-mass_olr_rbst	R	The noun $X is always singular, so don't make it plural.	We received good informations
because_that_rbst	R	Use “because” here instead of "because of" or “because that” or “because so”.	She laughs because that we jump. | She laughed because that we jumped. | Because so we slip, we fall. | Because so we slipped, we fell. | She laughs because of we are happy. | She laughed because of we jumped.
because_that_past_rbst	R	Use “because” here instead of "because of" or “because that” or “because so”.	She laughs because that we jump. | She laughed because that we jumped. | Because so we slip, we fall. | Because so we slipped, we fell. | She laughs because of we are happy. | She laughed because of we jumped.
because_so_rbst	R	Use “because” here instead of "because of" or “because that” or “because so”.	She laughs because that we jump. | She laughed because that we jumped. | Because so we slip, we fall. | Because so we slipped, we fell. | She laughs because of we are happy. | She laughed because of we jumped.
because_so_past_rbst	R	Use “because” here instead of "because of" or “because that” or “because so”.	She laughs because that we jump. | She laughed because that we jumped. | Because so we slip, we fall. | Because so we slipped, we fell. | She laughs because of we are happy. | She laughed because of we jumped.
because_of_rbst	R	Use “because” here instead of "because of" or “because that” or “because so”.	She laughs because that we jump. | She laughed because that we jumped. | Because so we slip, we fall. | Because so we slipped, we fell. | She laughs because of we are happy. | She laughed because of we jumped.
because_of_past_rbst	R	Use “because” here instead of "because of" or “because that” or “because so”.	She laughs because that we jump. | She laughed because that we jumped. | Because so we slip, we fall. | Because so we slipped, we fell. | She laughs because of we are happy. | She laughed because of we jumped.
av_-_i-vp-pr_le_rbst	R	Avoid placing the word $X in front of a helping verb or an auxiliary verb.	She only can jump.
their_rbst	R	Remember to spell the possessive pronoun as “their”, not “there” or “they’re”.	We chased there dog. | We chased they’re dog.
their_contr_rbst	R	Remember to spell the possessive pronoun as “their”, not “there” or “they’re”.	We chased there dog. | We chased they’re dog.
av_-_i-vp-cmp_le_rbst	D	Remember not to use “more” or “less” with an adverb or adjective that is already comparative.	We arrived more faster. | The tree is less taller.
aj_-_i-cmp_le_rbst	D	Remember not to use “more” or “less” with an adverb or adjective that is already comparative.	We arrived more faster. | The tree is less taller.
cl-cl_runon-cma_c_rbst	R	You connected two separate sentences with just a comma or a hyphen. Instead, use a period or a semicolon to end the first sentence, or rewrite your answer, for example by using "and" to connect the two parts.	The dog barked, the cat ran. | You compete — you win.
cl-cl_runon-dash_c_rbst	R	You connected two separate sentences with just a comma or a hyphen. Instead, use a period or a semicolon to end the first sentence, or rewrite your answer, for example by using "and" to connect the two parts.	The dog barked, the cat ran. | You compete — you win.
n-hdn_cpd-pl_rbst	R	The first noun of a two-noun group cannot be plural, so change it to singular, or add an apostrophe if it should be possessive.	The cats toy disappeared.
vp_sbrd-prd-aj_rbst	R	Your sentence has the adjective $X modifying a verb phrase. You might change it to an adverb, or rewrite the sentence.	Kim moved slow. | Kim nodded positive. | Kim nodded careful.
positive_adv1_rbst	R	Your sentence has the adjective $X modifying a verb phrase. You might change it to an adverb, or rewrite the sentence.	Kim moved slow. | Kim nodded positive. | Kim nodded careful.
careful_adv1_rbst	R	Your sentence has the adjective $X modifying a verb phrase. You might change it to an adverb, or rewrite the sentence.	Kim moved slow. | Kim nodded positive. | Kim nodded careful.
aj-hdn_c_rbst	D	The adjective just in front of the noun should not have a comma.	The tall, house appeared.
v_np_ditrans_le_rbst	I	The verb $X needs two objects, not just one.	Kim handed the cat.
v_pst_olr_rbst	R	The form of the verb $X is wrong. Remember that it has an irregular form for the past tense.	Kim readed the book.
v_psp_olr_rbst	R	The form of the verb $X is wrong. Remember that it has an irregular form for its past participle.	Kim has readed the book.
v_pas_odlr_rbst	R	The verb $X should have an irregular form for its passive particple.	The book was readed by Kim. | She has been writed to. | The pace was keeped up by Kim. | She was gived the book. | She was taked after.
v_pas-p-t_odlr_rbst	R	The verb $X should have an irregular form for its passive particple.	The book was readed by Kim. | She has been writed to. | The pace was keeped up by Kim. | She was gived the book. | She was taked after.
v_pas-prt-t_odlr_rbst	R	The verb $X should have an irregular form for its passive particple.	The book was readed by Kim. | She has been writed to. | The pace was keeped up by Kim. | She was gived the book. | She was taked after.
v_pas-dat_odlr_rbst	R	The verb $X should have an irregular form for its passive particple.	The book was readed by Kim. | She has been writed to. | The pace was keeped up by Kim. | She was gived the book. | She was taked after.
v_pas-p_odlr_rbst	R	The verb $X should have an irregular form for its passive particple.	The book was readed by Kim. | She has been writed to. | The pace was keeped up by Kim. | She was gived the book. | She was taked after.
v_prp_olr_rbst	R	The inflected form of the verb $X is not correctly spelled.	He is admitting the mistake. | She carrys the book. | Kim dos not sleep.
v_3s-fin_olr_rbst	R	The inflected form of the verb $X is not correctly spelled.	He is admitting the mistake. | She carrys the book. | Kim dos not sleep.
does1_neg_rbst	R	The inflected form of the verb $X is not correctly spelled.	He is admitting the mistake. | She carrys the book. | Kim dos not sleep.
do_have_rbst	R	Use “have” instead of “do” here.	We do slept.
does_have_rbst	R	Use “has” instead of “does” here.	Kim does slept.
did_have_rbst	R	Use “had” instead of “did” here.	Kim did slept.
v_pp_np_le_rbst	D	Do not insert a preposition between the verb $X and its object.	He explored into that possibility.
v_pp_e_le_rbst	R	The verb $X needs a different preposition to follow it.	We abided to his request. | We provided them of the book. | We kept in running.
v_np-pp_e_le_rbst	R	The verb $X needs a different preposition to follow it.	We abided to his request. | We provided them of the book. | We kept in running.
keep_on_v2_rbst	R	The verb $X needs a different preposition to follow it.	We abided to his request. | We provided them of the book. | We kept in running.
v_-_psv-pre_le_rbst	R	The verb $X cannot be used in the passive form.	The died fish floated. | The fish is died.
v_-_psv-post_le_rbst	R	The verb $X cannot be used in the passive form.	The died fish floated. | The fish is died.
be_is_has_rbst	R	Use a form of the verb “have” instead of $X here.	The cat is arrived. | The cats are arrived. | The cat was arrived. | The cats were arrived. | They should be arrived. | They have been arrived. | They is arrived.
be_are_have_rbst	R	Use a form of the verb “have” instead of $X here.	The cat is arrived. | The cats are arrived. | The cat was arrived. | The cats were arrived. | They should be arrived. | They have been arrived. | They is arrived.
be_was_had_rbst	R	Use a form of the verb “have” instead of $X here.	The cat is arrived. | The cats are arrived. | The cat was arrived. | The cats were arrived. | They should be arrived. | They have been arrived. | They is arrived.
be_were_had_rbst	R	Use a form of the verb “have” instead of $X here.	The cat is arrived. | The cats are arrived. | The cat was arrived. | The cats were arrived. | They should be arrived. | They have been arrived. | They is arrived.
be_be_have_rbst	R	Use a form of the verb “have” instead of $X here.	The cat is arrived. | The cats are arrived. | The cat was arrived. | The cats were arrived. | They should be arrived. | They have been arrived. | They is arrived.
be_be_had_psp_rbst	R	Use a form of the verb “have” instead of $X here.	The cat is arrived. | The cats are arrived. | The cat was arrived. | The cats were arrived. | They should be arrived. | They have been arrived. | They is arrived.
be_is_are_has_rbst	R	Use a form of the verb “have” instead of $X here.	The cat is arrived. | The cats are arrived. | The cat was arrived. | The cats were arrived. | They should be arrived. | They have been arrived. | They is arrived.
such_a_det_rbst	I	Insert the article “a” or “an” after “such” here.	We owned such car. | Such auto is unusual.
such_an_det_rbst	I	Insert the article “a” or “an” after “such” here.	We owned such car. | Such auto is unusual.
n_pp_c_le_rbst	R	The noun $X needs a different preposition to follow it.	The advantage on winning is being famous. | We gave our impact to the audience a test.
n_pp_m_le_rbst	R	The noun $X needs a different preposition to follow it.	The advantage on winning is being famous. | We gave our impact to the audience a test.
does1_neg_noapos_rbst	I	Use an apostrophe with negative contracted auxiliary verbs.	The dog doesnt bark. | The dogs dont bark. | The dog didnt bark. | The dog isnt barking. | The dogs arent barking. | The dog wasnt barking. | The dogs werent barking. | The dog hasnt barked. | The dogs havent barked. | The dog hadnt barked.
do1_neg_noapos_rbst	I	Use an apostrophe with negative contracted auxiliary verbs.	The dog doesnt bark. | The dogs dont bark. | The dog didnt bark. | The dog isnt barking. | The dogs arent barking. | The dog wasnt barking. | The dogs werent barking. | The dog hasnt barked. | The dogs havent barked. | The dog hadnt barked.
did1_neg_noapos_rbst	I	Use an apostrophe with negative contracted auxiliary verbs.	The dog doesnt bark. | The dogs dont bark. | The dog didnt bark. | The dog isnt barking. | The dogs arent barking. | The dog wasnt barking. | The dogs werent barking. | The dog hasnt barked. | The dogs havent barked. | The dog hadnt barked.
be_c_is_neg_noapos_rbst	I	Use an apostrophe with negative contracted auxiliary verbs.	The dog doesnt bark. | The dogs dont bark. | The dog didnt bark. | The dog isnt barking. | The dogs arent barking. | The dog wasnt barking. | The dogs werent barking. | The dog hasnt barked. | The dogs havent barked. | The dog hadnt barked.
be_c_are_neg_noapos_rbst	I	Use an apostrophe with negative contracted auxiliary verbs.	The dog doesnt bark. | The dogs dont bark. | The dog didnt bark. | The dog isnt barking. | The dogs arent barking. | The dog wasnt barking. | The dogs werent barking. | The dog hasnt barked. | The dogs havent barked. | The dog hadnt barked.
be_c_was_neg_noapos_rbst	I	Use an apostrophe with negative contracted auxiliary verbs.	The dog doesnt bark. | The dogs dont bark. | The dog didnt bark. | The dog isnt barking. | The dogs arent barking. | The dog wasnt barking. | The dogs werent barking. | The dog hasnt barked. | The dogs havent barked. | The dog hadnt barked.
be_c_were_neg_noapos_rbst	I	Use an apostrophe with negative contracted auxiliary verbs.	The dog doesnt bark. | The dogs dont bark. | The dog didnt bark. | The dog isnt barking. | The dogs arent barking. | The dog wasnt barking. | The dogs werent barking. | The dog hasnt barked. | The dogs havent barked. | The dog hadnt barked.
hasnt_aux_noapos_rbst	I	Use an apostrophe with negative contracted auxiliary verbs.	The dog doesnt bark. | The dogs dont bark. | The dog didnt bark. | The dog isnt barking. | The dogs arent barking. | The dog wasnt barking. | The dogs werent barking. | The dog hasnt barked. | The dogs havent barked. | The dog hadnt barked.
have_fin_aux_neg_noapos_rbst	I	Use an apostrophe with negative contracted auxiliary verbs.	The dog doesnt bark. | The dogs dont bark. | The dog didnt bark. | The dog isnt barking. | The dogs arent barking. | The dog wasnt barking. | The dogs werent barking. | The dog hasnt barked. | The dogs havent barked. | The dog hadnt barked.
hadnt_aux_noapos_rbst	I	Use an apostrophe with negative contracted auxiliary verbs.	The dog doesnt bark. | The dogs dont bark. | The dog didnt bark. | The dog isnt barking. | The dogs arent barking. | The dog wasnt barking. | The dogs werent barking. | The dog hasnt barked. | The dogs havent barked. | The dog hadnt barked.
n_-_c-pl_le_rbst	R	Don't use plural “s” on a noun that is already plural.	The childrens smiled.
v_np_caus_le_rbst	R	The verb $X cannot take an object.	They disappeared the apple.
other_rbst	R	Use “another” or "others" instead of “other” here.	We will buy other car.
aj_-_i_le_rbst	R	The word $X may be misspelled.	We own varies cars. | We laughed buts didn’t cry. | He fell becuase he slips. | He fell becuase he slipped. | This believe is widely held. | We await your rely. | The malinger was caught. | They probablely lost. | Probablely they’ll lose. | He is probablely not the winner. | He arrived, probablely alone. | They were very exited. | They went to the play ground. | They sighed the papers. | We sat in the forth row. | They arrived on January forth. | He musn’t leave. | She drove a sport car. | We’ll comunicate with them. | We saw a monky. | They enjoyed the fire works. | He finished his home work. | She went snow boarding. | She went snow-boarding. | They admired the hand writting. | We met Marry and Kim. | They no doubtly arrived. | They stayed with in the park. | She performed with out a net. | They streched their legs. | We made some progess. | We saw hte cat. | We saw teh cat. | They in deed arrived. | They won in deed. | The european currency rose. | They jumped up and dawn. | It remained up side down. | They arrived November 1th. | They arrived November 2th. | They arrived November 3th. | That will benifit everyone. | They arrived in Febuary. | They arrived in Fabruary. | They arrived in Feburary. | They live near the Fifth Ring. | They stayed with in. | They stayed whithin the garden. | They stayed whithin. | We hurried inorder to be early. | They use to disappear. | The party was on the New Year Eve. | The down hill slope was steep. | We avoided the down hill. | We hurried down hill. | They read everyting. | We arrived in May . 2020. | They brought nothing becides books. | We didn’t do anything becides. | Becides, they were late. | They hurried in to the park. | He broke in to the room. | Biology is a blanch of science. | He thought l won. | We thought lt rained. | They liked lt. | We knew lt all was good. | She ls a writer. | She ls happy. | We take to them often. | We should hangout together. | The abovementioned article was good. | We accidently entered. | It is hard to study in the dank. | They went to the scholl. | She was an activate child. | We should haste to arrive on time. | We spoke to no-one. | They reported their loses.
but_conj_sp_rbst	R	The word $X may be misspelled.	We own varies cars. | We laughed buts didn’t cry. | He fell becuase he slips. | He fell becuase he slipped. | This believe is widely held. | We await your rely. | The malinger was caught. | They probablely lost. | Probablely they’ll lose. | He is probablely not the winner. | He arrived, probablely alone. | They were very exited. | They went to the play ground. | They sighed the papers. | We sat in the forth row. | They arrived on January forth. | He musn’t leave. | She drove a sport car. | We’ll comunicate with them. | We saw a monky. | They enjoyed the fire works. | He finished his home work. | She went snow boarding. | She went snow-boarding. | They admired the hand writting. | We met Marry and Kim. | They no doubtly arrived. | They stayed with in the park. | She performed with out a net. | They streched their legs. | We made some progess. | We saw hte cat. | We saw teh cat. | They in deed arrived. | They won in deed. | The european currency rose. | They jumped up and dawn. | It remained up side down. | They arrived November 1th. | They arrived November 2th. | They arrived November 3th. | That will benifit everyone. | They arrived in Febuary. | They arrived in Fabruary. | They arrived in Feburary. | They live near the Fifth Ring. | They stayed with in. | They stayed whithin the garden. | They stayed whithin. | We hurried inorder to be early. | They use to disappear. | The party was on the New Year Eve. | The down hill slope was steep. | We avoided the down hill. | We hurried down hill. | They read everyting. | We arrived in May . 2020. | They brought nothing becides books. | We didn’t do anything becides. | Becides, they were late. | They hurried in to the park. | He broke in to the room. | Biology is a blanch of science. | He thought l won. | We thought lt rained. | They liked lt. | We knew lt all was good. | She ls a writer. | She ls happy. | We take to them often. | We should hangout together. | The abovementioned article was good. | We accidently entered. | It is hard to study in the dank. | They went to the scholl. | She was an activate child. | We should haste to arrive on time. | We spoke to no-one. | They reported their loses.
because_sp_rbst	R	The word $X may be misspelled.	We own varies cars. | We laughed buts didn’t cry. | He fell becuase he slips. | He fell becuase he slipped. | This believe is widely held. | We await your rely. | The malinger was caught. | They probablely lost. | Probablely they’ll lose. | He is probablely not the winner. | He arrived, probablely alone. | They were very exited. | They went to the play ground. | They sighed the papers. | We sat in the forth row. | They arrived on January forth. | He musn’t leave. | She drove a sport car. | We’ll comunicate with them. | We saw a monky. | They enjoyed the fire works. | He finished his home work. | She went snow boarding. | She went snow-boarding. | They admired the hand writting. | We met Marry and Kim. | They no doubtly arrived. | They stayed with in the park. | She performed with out a net. | They streched their legs. | We made some progess. | We saw hte cat. | We saw teh cat. | They in deed arrived. | They won in deed. | The european currency rose. | They jumped up and dawn. | It remained up side down. | They arrived November 1th. | They arrived November 2th. | They arrived November 3th. | That will benifit everyone. | They arrived in Febuary. | They arrived in Fabruary. | They arrived in Feburary. | They live near the Fifth Ring. | They stayed with in. | They stayed whithin the garden. | They stayed whithin. | We hurried inorder to be early. | They use to disappear. | The party was on the New Year Eve. | The down hill slope was steep. | We avoided the down hill. | We hurried down hill. | They read everyting. | We arrived in May . 2020. | They brought nothing becides books. | We didn’t do anything becides. | Becides, they were late. | They hurried in to the park. | He broke in to the room. | Biology is a blanch of science. | He thought l won. | We thought lt rained. | They liked lt. | We knew lt all was good. | She ls a writer. | She ls happy. | We take to them often. | We should hangout together. | The abovementioned article was good. | We accidently entered. | It is hard to study in the dank. | They went to the scholl. | She was an activate child. | We should haste to arrive on time. | We spoke to no-one. | They reported their loses.
because_sp_2_rbst	R	The word $X may be misspelled.	We own varies cars. | We laughed buts didn’t cry. | He fell becuase he slips. | He fell becuase he slipped. | This believe is widely held. | We await your rely. | The malinger was caught. | They probablely lost. | Probablely they’ll lose. | He is probablely not the winner. | He arrived, probablely alone. | They were very exited. | They went to the play ground. | They sighed the papers. | We sat in the forth row. | They arrived on January forth. | He musn’t leave. | She drove a sport car. | We’ll comunicate with them. | We saw a monky. | They enjoyed the fire works. | He finished his home work. | She went snow boarding. | She went snow-boarding. | They admired the hand writting. | We met Marry and Kim. | They no doubtly arrived. | They stayed with in the park. | She performed with out a net. | They streched their legs. | We made some progess. | We saw hte cat. | We saw teh cat. | They in deed arrived. | They won in deed. | The european currency rose. | They jumped up and dawn. | It remained up side down. | They arrived November 1th. | They arrived November 2th. | They arrived November 3th. | That will benifit everyone. | They arrived in Febuary. | They arrived in Fabruary. | They arrived in Feburary. | They live near the Fifth Ring. | They stayed with in. | They stayed whithin the garden. | They stayed whithin. | We hurried inorder to be early. | They use to disappear. | The party was on the New Year Eve. | The down hill slope was steep. | We avoided the down hill. | We hurried down hill. | They read everyting. | We arrived in May . 2020. | They brought nothing becides books. | We didn’t do anything becides. | Becides, they were late. | They hurried in to the park. | He broke in to the room. | Biology is a blanch of science. | He thought l won. | We thought lt rained. | They liked lt. | We knew lt all was good. | She ls a writer. | She ls happy. | We take to them often. | We should hangout together. | The abovementioned article was good. | We accidently entered. | It is hard to study in the dank. | They went to the scholl. | She was an activate child. | We should haste to arrive on time. | We spoke to no-one. | They reported their loses.
belief_n2_rbst	R	The word $X may be misspelled.	We own varies cars. | We laughed buts didn’t cry. | He fell becuase he slips. | He fell becuase he slipped. | This believe is widely held. | We await your rely. | The malinger was caught. | They probablely lost. | Probablely they’ll lose. | He is probablely not the winner. | He arrived, probablely alone. | They were very exited. | They went to the play ground. | They sighed the papers. | We sat in the forth row. | They arrived on January forth. | He musn’t leave. | She drove a sport car. | We’ll comunicate with them. | We saw a monky. | They enjoyed the fire works. | He finished his home work. | She went snow boarding. | She went snow-boarding. | They admired the hand writting. | We met Marry and Kim. | They no doubtly arrived. | They stayed with in the park. | She performed with out a net. | They streched their legs. | We made some progess. | We saw hte cat. | We saw teh cat. | They in deed arrived. | They won in deed. | The european currency rose. | They jumped up and dawn. | It remained up side down. | They arrived November 1th. | They arrived November 2th. | They arrived November 3th. | That will benifit everyone. | They arrived in Febuary. | They arrived in Fabruary. | They arrived in Feburary. | They live near the Fifth Ring. | They stayed with in. | They stayed whithin the garden. | They stayed whithin. | We hurried inorder to be early. | They use to disappear. | The party was on the New Year Eve. | The down hill slope was steep. | We avoided the down hill. | We hurried down hill. | They read everyting. | We arrived in May . 2020. | They brought nothing becides books. | We didn’t do anything becides. | Becides, they were late. | They hurried in to the park. | He broke in to the room. | Biology is a blanch of science. | He thought l won. | We thought lt rained. | They liked lt. | We knew lt all was good. | She ls a writer. | She ls happy. | We take to them often. | We should hangout together. | The abovementioned article was good. | We accidently entered. | It is hard to study in the dank. | They went to the scholl. | She was an activate child. | We should haste to arrive on time. | We spoke to no-one. | They reported their loses.
rely_reply_n1_sp_rbst	R	The word $X may be misspelled.	We own varies cars. | We laughed buts didn’t cry. | He fell becuase he slips. | He fell becuase he slipped. | This believe is widely held. | We await your rely. | The malinger was caught. | They probablely lost. | Probablely they’ll lose. | He is probablely not the winner. | He arrived, probablely alone. | They were very exited. | They went to the play ground. | They sighed the papers. | We sat in the forth row. | They arrived on January forth. | He musn’t leave. | She drove a sport car. | We’ll comunicate with them. | We saw a monky. | They enjoyed the fire works. | He finished his home work. | She went snow boarding. | She went snow-boarding. | They admired the hand writting. | We met Marry and Kim. | They no doubtly arrived. | They stayed with in the park. | She performed with out a net. | They streched their legs. | We made some progess. | We saw hte cat. | We saw teh cat. | They in deed arrived. | They won in deed. | The european currency rose. | They jumped up and dawn. | It remained up side down. | They arrived November 1th. | They arrived November 2th. | They arrived November 3th. | That will benifit everyone. | They arrived in Febuary. | They arrived in Fabruary. | They arrived in Feburary. | They live near the Fifth Ring. | They stayed with in. | They stayed whithin the garden. | They stayed whithin. | We hurried inorder to be early. | They use to disappear. | The party was on the New Year Eve. | The down hill slope was steep. | We avoided the down hill. | We hurried down hill. | They read everyting. | We arrived in May . 2020. | They brought nothing becides books. | We didn’t do anything becides. | Becides, they were late. | They hurried in to the park. | He broke in to the room. | Biology is a blanch of science. | He thought l won. | We thought lt rained. | They liked lt. | We knew lt all was good. | She ls a writer. | She ls happy. | We take to them often. | We should hangout together. | The abovementioned article was good. | We accidently entered. | It is hard to study in the dank. | They went to the scholl. | She was an activate child. | We should haste to arrive on time. | We spoke to no-one. | They reported their loses.
malingerer_n1_sp_rbst	R	The word $X may be misspelled.	We own varies cars. | We laughed buts didn’t cry. | He fell becuase he slips. | He fell becuase he slipped. | This believe is widely held. | We await your rely. | The malinger was caught. | They probablely lost. | Probablely they’ll lose. | He is probablely not the winner. | He arrived, probablely alone. | They were very exited. | They went to the play ground. | They sighed the papers. | We sat in the forth row. | They arrived on January forth. | He musn’t leave. | She drove a sport car. | We’ll comunicate with them. | We saw a monky. | They enjoyed the fire works. | He finished his home work. | She went snow boarding. | She went snow-boarding. | They admired the hand writting. | We met Marry and Kim. | They no doubtly arrived. | They stayed with in the park. | She performed with out a net. | They streched their legs. | We made some progess. | We saw hte cat. | We saw teh cat. | They in deed arrived. | They won in deed. | The european currency rose. | They jumped up and dawn. | It remained up side down. | They arrived November 1th. | They arrived November 2th. | They arrived November 3th. | That will benifit everyone. | They arrived in Febuary. | They arrived in Fabruary. | They arrived in Feburary. | They live near the Fifth Ring. | They stayed with in. | They stayed whithin the garden. | They stayed whithin. | We hurried inorder to be early. | They use to disappear. | The party was on the New Year Eve. | The down hill slope was steep. | We avoided the down hill. | We hurried down hill. | They read everyting. | We arrived in May . 2020. | They brought nothing becides books. | We didn’t do anything becides. | Becides, they were late. | They hurried in to the park. | He broke in to the room. | Biology is a blanch of science. | He thought l won. | We thought lt rained. | They liked lt. | We knew lt all was good. | She ls a writer. | She ls happy. | We take to them often. | We should hangout together. | The abovementioned article was good. | We accidently entered. | It is hard to study in the dank. | They went to the scholl. | She was an activate child. | We should haste to arrive on time. | We spoke to no-one. | They reported their loses.
probably_adv1_rbst	R	The word $X may be misspelled.	We own varies cars. | We laughed buts didn’t cry. | He fell becuase he slips. | He fell becuase he slipped. | This believe is widely held. | We await your rely. | The malinger was caught. | They probablely lost. | Probablely they’ll lose. | He is probablely not the winner. | He arrived, probablely alone. | They were very exited. | They went to the play ground. | They sighed the papers. | We sat in the forth row. | They arrived on January forth. | He musn’t leave. | She drove a sport car. | We’ll comunicate with them. | We saw a monky. | They enjoyed the fire works. | He finished his home work. | She went snow boarding. | She went snow-boarding. | They admired the hand writting. | We met Marry and Kim. | They no doubtly arrived. | They stayed with in the park. | She performed with out a net. | They streched their legs. | We made some progess. | We saw hte cat. | We saw teh cat. | They in deed arrived. | They won in deed. | The european currency rose. | They jumped up and dawn. | It remained up side down. | They arrived November 1th. | They arrived November 2th. | They arrived November 3th. | That will benifit everyone. | They arrived in Febuary. | They arrived in Fabruary. | They arrived in Feburary. | They live near the Fifth Ring. | They stayed with in. | They stayed whithin the garden. | They stayed whithin. | We hurried inorder to be early. | They use to disappear. | The party was on the New Year Eve. | The down hill slope was steep. | We avoided the down hill. | We hurried down hill. | They read everyting. | We arrived in May . 2020. | They brought nothing becides books. | We didn’t do anything becides. | Becides, they were late. | They hurried in to the park. | He broke in to the room. | Biology is a blanch of science. | He thought l won. | We thought lt rained. | They liked lt. | We knew lt all was good. | She ls a writer. | She ls happy. | We take to them often. | We should hangout together. | The abovementioned article was good. | We accidently entered. | It is hard to study in the dank. | They went to the scholl. | She was an activate child. | We should haste to arrive on time. | We spoke to no-one. | They reported their loses.
probably_adv2_rbst	R	The word $X may be misspelled.	We own varies cars. | We laughed buts didn’t cry. | He fell becuase he slips. | He fell becuase he slipped. | This believe is widely held. | We await your rely. | The malinger was caught. | They probablely lost. | Probablely they’ll lose. | He is probablely not the winner. | He arrived, probablely alone. | They were very exited. | They went to the play ground. | They sighed the papers. | We sat in the forth row. | They arrived on January forth. | He musn’t leave. | She drove a sport car. | We’ll comunicate with them. | We saw a monky. | They enjoyed the fire works. | He finished his home work. | She went snow boarding. | She went snow-boarding. | They admired the hand writting. | We met Marry and Kim. | They no doubtly arrived. | They stayed with in the park. | She performed with out a net. | They streched their legs. | We made some progess. | We saw hte cat. | We saw teh cat. | They in deed arrived. | They won in deed. | The european currency rose. | They jumped up and dawn. | It remained up side down. | They arrived November 1th. | They arrived November 2th. | They arrived November 3th. | That will benifit everyone. | They arrived in Febuary. | They arrived in Fabruary. | They arrived in Feburary. | They live near the Fifth Ring. | They stayed with in. | They stayed whithin the garden. | They stayed whithin. | We hurried inorder to be early. | They use to disappear. | The party was on the New Year Eve. | The down hill slope was steep. | We avoided the down hill. | We hurried down hill. | They read everyting. | We arrived in May . 2020. | They brought nothing becides books. | We didn’t do anything becides. | Becides, they were late. | They hurried in to the park. | He broke in to the room. | Biology is a blanch of science. | He thought l won. | We thought lt rained. | They liked lt. | We knew lt all was good. | She ls a writer. | She ls happy. | We take to them often. | We should hangout together. | The abovementioned article was good. | We accidently entered. | It is hard to study in the dank. | They went to the scholl. | She was an activate child. | We should haste to arrive on time. | We spoke to no-one. | They reported their loses.
probably_adv3_rbst	R	The word $X may be misspelled.	We own varies cars. | We laughed buts didn’t cry. | He fell becuase he slips. | He fell becuase he slipped. | This believe is widely held. | We await your rely. | The malinger was caught. | They probablely lost. | Probablely they’ll lose. | He is probablely not the winner. | He arrived, probablely alone. | They were very exited. | They went to the play ground. | They sighed the papers. | We sat in the forth row. | They arrived on January forth. | He musn’t leave. | She drove a sport car. | We’ll comunicate with them. | We saw a monky. | They enjoyed the fire works. | He finished his home work. | She went snow boarding. | She went snow-boarding. | They admired the hand writting. | We met Marry and Kim. | They no doubtly arrived. | They stayed with in the park. | She performed with out a net. | They streched their legs. | We made some progess. | We saw hte cat. | We saw teh cat. | They in deed arrived. | They won in deed. | The european currency rose. | They jumped up and dawn. | It remained up side down. | They arrived November 1th. | They arrived November 2th. | They arrived November 3th. | That will benifit everyone. | They arrived in Febuary. | They arrived in Fabruary. | They arrived in Feburary. | They live near the Fifth Ring. | They stayed with in. | They stayed whithin the garden. | They stayed whithin. | We hurried inorder to be early. | They use to disappear. | The party was on the New Year Eve. | The down hill slope was steep. | We avoided the down hill. | We hurried down hill. | They read everyting. | We arrived in May . 2020. | They brought nothing becides books. | We didn’t do anything becides. | Becides, they were late. | They hurried in to the park. | He broke in to the room. | Biology is a blanch of science. | He thought l won. | We thought lt rained. | They liked lt. | We knew lt all was good. | She ls a writer. | She ls happy. | We take to them often. | We should hangout together. | The abovementioned article was good. | We accidently entered. | It is hard to study in the dank. | They went to the scholl. | She was an activate child. | We should haste to arrive on time. | We spoke to no-one. | They reported their loses.
probably_deg_rbst	R	The word $X may be misspelled.	We own varies cars. | We laughed buts didn’t cry. | He fell becuase he slips. | He fell becuase he slipped. | This believe is widely held. | We await your rely. | The malinger was caught. | They probablely lost. | Probablely they’ll lose. | He is probablely not the winner. | He arrived, probablely alone. | They were very exited. | They went to the play ground. | They sighed the papers. | We sat in the forth row. | They arrived on January forth. | He musn’t leave. | She drove a sport car. | We’ll comunicate with them. | We saw a monky. | They enjoyed the fire works. | He finished his home work. | She went snow boarding. | She went snow-boarding. | They admired the hand writting. | We met Marry and Kim. | They no doubtly arrived. | They stayed with in the park. | She performed with out a net. | They streched their legs. | We made some progess. | We saw hte cat. | We saw teh cat. | They in deed arrived. | They won in deed. | The european currency rose. | They jumped up and dawn. | It remained up side down. | They arrived November 1th. | They arrived November 2th. | They arrived November 3th. | That will benifit everyone. | They arrived in Febuary. | They arrived in Fabruary. | They arrived in Feburary. | They live near the Fifth Ring. | They stayed with in. | They stayed whithin the garden. | They stayed whithin. | We hurried inorder to be early. | They use to disappear. | The party was on the New Year Eve. | The down hill slope was steep. | We avoided the down hill. | We hurried down hill. | They read everyting. | We arrived in May . 2020. | They brought nothing becides books. | We didn’t do anything becides. | Becides, they were late. | They hurried in to the park. | He broke in to the room. | Biology is a blanch of science. | He thought l won. | We thought lt rained. | They liked lt. | We knew lt all was good. | She ls a writer. | She ls happy. | We take to them often. | We should hangout together. | The abovementioned article was good. | We accidently entered. | It is hard to study in the dank. | They went to the scholl. | She was an activate child. | We should haste to arrive on time. | We spoke to no-one. | They reported their loses.
exited_excited_a1_rbst	R	The word $X may be misspelled.	We own varies cars. | We laughed buts didn’t cry. | He fell becuase he slips. | He fell becuase he slipped. | This believe is widely held. | We await your rely. | The malinger was caught. | They probablely lost. | Probablely they’ll lose. | He is probablely not the winner. | He arrived, probablely alone. | They were very exited. | They went to the play ground. | They sighed the papers. | We sat in the forth row. | They arrived on January forth. | He musn’t leave. | She drove a sport car. | We’ll comunicate with them. | We saw a monky. | They enjoyed the fire works. | He finished his home work. | She went snow boarding. | She went snow-boarding. | They admired the hand writting. | We met Marry and Kim. | They no doubtly arrived. | They stayed with in the park. | She performed with out a net. | They streched their legs. | We made some progess. | We saw hte cat. | We saw teh cat. | They in deed arrived. | They won in deed. | The european currency rose. | They jumped up and dawn. | It remained up side down. | They arrived November 1th. | They arrived November 2th. | They arrived November 3th. | That will benifit everyone. | They arrived in Febuary. | They arrived in Fabruary. | They arrived in Feburary. | They live near the Fifth Ring. | They stayed with in. | They stayed whithin the garden. | They stayed whithin. | We hurried inorder to be early. | They use to disappear. | The party was on the New Year Eve. | The down hill slope was steep. | We avoided the down hill. | We hurried down hill. | They read everyting. | We arrived in May . 2020. | They brought nothing becides books. | We didn’t do anything becides. | Becides, they were late. | They hurried in to the park. | He broke in to the room. | Biology is a blanch of science. | He thought l won. | We thought lt rained. | They liked lt. | We knew lt all was good. | She ls a writer. | She ls happy. | We take to them often. | We should hangout together. | The abovementioned article was good. | We accidently entered. | It is hard to study in the dank. | They went to the scholl. | She was an activate child. | We should haste to arrive on time. | We spoke to no-one. | They reported their loses.
play_ground_n1_rbst	R	The word $X may be misspelled.	We own varies cars. | We laughed buts didn’t cry. | He fell becuase he slips. | He fell becuase he slipped. | This believe is widely held. | We await your rely. | The malinger was caught. | They probablely lost. | Probablely they’ll lose. | He is probablely not the winner. | He arrived, probablely alone. | They were very exited. | They went to the play ground. | They sighed the papers. | We sat in the forth row. | They arrived on January forth. | He musn’t leave. | She drove a sport car. | We’ll comunicate with them. | We saw a monky. | They enjoyed the fire works. | He finished his home work. | She went snow boarding. | She went snow-boarding. | They admired the hand writting. | We met Marry and Kim. | They no doubtly arrived. | They stayed with in the park. | She performed with out a net. | They streched their legs. | We made some progess. | We saw hte cat. | We saw teh cat. | They in deed arrived. | They won in deed. | The european currency rose. | They jumped up and dawn. | It remained up side down. | They arrived November 1th. | They arrived November 2th. | They arrived November 3th. | That will benifit everyone. | They arrived in Febuary. | They arrived in Fabruary. | They arrived in Feburary. | They live near the Fifth Ring. | They stayed with in. | They stayed whithin the garden. | They stayed whithin. | We hurried inorder to be early. | They use to disappear. | The party was on the New Year Eve. | The down hill slope was steep. | We avoided the down hill. | We hurried down hill. | They read everyting. | We arrived in May . 2020. | They brought nothing becides books. | We didn’t do anything becides. | Becides, they were late. | They hurried in to the park. | He broke in to the room. | Biology is a blanch of science. | He thought l won. | We thought lt rained. | They liked lt. | We knew lt all was good. | She ls a writer. | She ls happy. | We take to them often. | We should hangout together. | The abovementioned article was good. | We accidently entered. | It is hard to study in the dank. | They went to the scholl. | She was an activate child. | We should haste to arrive on time. | We spoke to no-one. | They reported their loses.
sigh_sign_v1_rbst	R	The word $X may be misspelled.	We own varies cars. | We laughed buts didn’t cry. | He fell becuase he slips. | He fell becuase he slipped. | This believe is widely held. | We await your rely. | The malinger was caught. | They probablely lost. | Probablely they’ll lose. | He is probablely not the winner. | He arrived, probablely alone. | They were very exited. | They went to the play ground. | They sighed the papers. | We sat in the forth row. | They arrived on January forth. | He musn’t leave. | She drove a sport car. | We’ll comunicate with them. | We saw a monky. | They enjoyed the fire works. | He finished his home work. | She went snow boarding. | She went snow-boarding. | They admired the hand writting. | We met Marry and Kim. | They no doubtly arrived. | They stayed with in the park. | She performed with out a net. | They streched their legs. | We made some progess. | We saw hte cat. | We saw teh cat. | They in deed arrived. | They won in deed. | The european currency rose. | They jumped up and dawn. | It remained up side down. | They arrived November 1th. | They arrived November 2th. | They arrived November 3th. | That will benifit everyone. | They arrived in Febuary. | They arrived in Fabruary. | They arrived in Feburary. | They live near the Fifth Ring. | They stayed with in. | They stayed whithin the garden. | They stayed whithin. | We hurried inorder to be early. | They use to disappear. | The party was on the New Year Eve. | The down hill slope was steep. | We avoided the down hill. | We hurried down hill. | They read everyting. | We arrived in May . 2020. | They brought nothing becides books. | We didn’t do anything becides. | Becides, they were late. | They hurried in to the park. | He broke in to the room. | Biology is a blanch of science. | He thought l won. | We thought lt rained. | They liked lt. | We knew lt all was good. | She ls a writer. | She ls happy. | We take to them often. | We should hangout together. | The abovementioned article was good. | We accidently entered. | It is hard to study in the dank. | They went to the scholl. | She was an activate child. | We should haste to arrive on time. | We spoke to no-one. | They reported their loses.
fourth_adj_rbst	R	The word $X may be misspelled.	We own varies cars. | We laughed buts didn’t cry. | He fell becuase he slips. | He fell becuase he slipped. | This believe is widely held. | We await your rely. | The malinger was caught. | They probablely lost. | Probablely they’ll lose. | He is probablely not the winner. | He arrived, probablely alone. | They were very exited. | They went to the play ground. | They sighed the papers. | We sat in the forth row. | They arrived on January forth. | He musn’t leave. | She drove a sport car. | We’ll comunicate with them. | We saw a monky. | They enjoyed the fire works. | He finished his home work. | She went snow boarding. | She went snow-boarding. | They admired the hand writting. | We met Marry and Kim. | They no doubtly arrived. | They stayed with in the park. | She performed with out a net. | They streched their legs. | We made some progess. | We saw hte cat. | We saw teh cat. | They in deed arrived. | They won in deed. | The european currency rose. | They jumped up and dawn. | It remained up side down. | They arrived November 1th. | They arrived November 2th. | They arrived November 3th. | That will benifit everyone. | They arrived in Febuary. | They arrived in Fabruary. | They arrived in Feburary. | They live near the Fifth Ring. | They stayed with in. | They stayed whithin the garden. | They stayed whithin. | We hurried inorder to be early. | They use to disappear. | The party was on the New Year Eve. | The down hill slope was steep. | We avoided the down hill. | We hurried down hill. | They read everyting. | We arrived in May . 2020. | They brought nothing becides books. | We didn’t do anything becides. | Becides, they were late. | They hurried in to the park. | He broke in to the room. | Biology is a blanch of science. | He thought l won. | We thought lt rained. | They liked lt. | We knew lt all was good. | She ls a writer. | She ls happy. | We take to them often. | We should hangout together. | The abovementioned article was good. | We accidently entered. | It is hard to study in the dank. | They went to the scholl. | She was an activate child. | We should haste to arrive on time. | We spoke to no-one. | They reported their loses.
fourth_day_rbst	R	The word $X may be misspelled.	We own varies cars. | We laughed buts didn’t cry. | He fell becuase he slips. | He fell becuase he slipped. | This believe is widely held. | We await your rely. | The malinger was caught. | They probablely lost. | Probablely they’ll lose. | He is probablely not the winner. | He arrived, probablely alone. | They were very exited. | They went to the play ground. | They sighed the papers. | We sat in the forth row. | They arrived on January forth. | He musn’t leave. | She drove a sport car. | We’ll comunicate with them. | We saw a monky. | They enjoyed the fire works. | He finished his home work. | She went snow boarding. | She went snow-boarding. | They admired the hand writting. | We met Marry and Kim. | They no doubtly arrived. | They stayed with in the park. | She performed with out a net. | They streched their legs. | We made some progess. | We saw hte cat. | We saw teh cat. | They in deed arrived. | They won in deed. | The european currency rose. | They jumped up and dawn. | It remained up side down. | They arrived November 1th. | They arrived November 2th. | They arrived November 3th. | That will benifit everyone. | They arrived in Febuary. | They arrived in Fabruary. | They arrived in Feburary. | They live near the Fifth Ring. | They stayed with in. | They stayed whithin the garden. | They stayed whithin. | We hurried inorder to be early. | They use to disappear. | The party was on the New Year Eve. | The down hill slope was steep. | We avoided the down hill. | We hurried down hill. | They read everyting. | We arrived in May . 2020. | They brought nothing becides books. | We didn’t do anything becides. | Becides, they were late. | They hurried in to the park. | He broke in to the room. | Biology is a blanch of science. | He thought l won. | We thought lt rained. | They liked lt. | We knew lt all was good. | She ls a writer. | She ls happy. | We take to them often. | We should hangout together. | The abovementioned article was good. | We accidently entered. | It is hard to study in the dank. | They went to the scholl. | She was an activate child. | We should haste to arrive on time. | We spoke to no-one. | They reported their loses.
must_aux_neg_rbst	R	The word $X may be misspelled.	We own varies cars. | We laughed buts didn’t cry. | He fell becuase he slips. | He fell becuase he slipped. | This believe is widely held. | We await your rely. | The malinger was caught. | They probablely lost. | Probablely they’ll lose. | He is probablely not the winner. | He arrived, probablely alone. | They were very exited. | They went to the play ground. | They sighed the papers. | We sat in the forth row. | They arrived on January forth. | He musn’t leave. | She drove a sport car. | We’ll comunicate with them. | We saw a monky. | They enjoyed the fire works. | He finished his home work. | She went snow boarding. | She went snow-boarding. | They admired the hand writting. | We met Marry and Kim. | They no doubtly arrived. | They stayed with in the park. | She performed with out a net. | They streched their legs. | We made some progess. | We saw hte cat. | We saw teh cat. | They in deed arrived. | They won in deed. | The european currency rose. | They jumped up and dawn. | It remained up side down. | They arrived November 1th. | They arrived November 2th. | They arrived November 3th. | That will benifit everyone. | They arrived in Febuary. | They arrived in Fabruary. | They arrived in Feburary. | They live near the Fifth Ring. | They stayed with in. | They stayed whithin the garden. | They stayed whithin. | We hurried inorder to be early. | They use to disappear. | The party was on the New Year Eve. | The down hill slope was steep. | We avoided the down hill. | We hurried down hill. | They read everyting. | We arrived in May . 2020. | They brought nothing becides books. | We didn’t do anything becides. | Becides, they were late. | They hurried in to the park. | He broke in to the room. | Biology is a blanch of science. | He thought l won. | We thought lt rained. | They liked lt. | We knew lt all was good. | She ls a writer. | She ls happy. | We take to them often. | We should hangout together. | The abovementioned article was good. | We accidently entered. | It is hard to study in the dank. | They went to the scholl. | She was an activate child. | We should haste to arrive on time. | We spoke to no-one. | They reported their loses.
sport_car_n1_rbst	R	The word $X may be misspelled.	We own varies cars. | We laughed buts didn’t cry. | He fell becuase he slips. | He fell becuase he slipped. | This believe is widely held. | We await your rely. | The malinger was caught. | They probablely lost. | Probablely they’ll lose. | He is probablely not the winner. | He arrived, probablely alone. | They were very exited. | They went to the play ground. | They sighed the papers. | We sat in the forth row. | They arrived on January forth. | He musn’t leave. | She drove a sport car. | We’ll comunicate with them. | We saw a monky. | They enjoyed the fire works. | He finished his home work. | She went snow boarding. | She went snow-boarding. | They admired the hand writting. | We met Marry and Kim. | They no doubtly arrived. | They stayed with in the park. | She performed with out a net. | They streched their legs. | We made some progess. | We saw hte cat. | We saw teh cat. | They in deed arrived. | They won in deed. | The european currency rose. | They jumped up and dawn. | It remained up side down. | They arrived November 1th. | They arrived November 2th. | They arrived November 3th. | That will benifit everyone. | They arrived in Febuary. | They arrived in Fabruary. | They arrived in Feburary. | They live near the Fifth Ring. | They stayed with in. | They stayed whithin the garden. | They stayed whithin. | We hurried inorder to be early. | They use to disappear. | The party was on the New Year Eve. | The down hill slope was steep. | We avoided the down hill. | We hurried down hill. | They read everyting. | We arrived in May . 2020. | They brought nothing becides books. | We didn’t do anything becides. | Becides, they were late. | They hurried in to the park. | He broke in to the room. | Biology is a blanch of science. | He thought l won. | We thought lt rained. | They liked lt. | We knew lt all was good. | She ls a writer. | She ls happy. | We take to them often. | We should hangout together. | The abovementioned article was good. | We accidently entered. | It is hard to study in the dank. | They went to the scholl. | She was an activate child. | We should haste to arrive on time. | We spoke to no-one. | They reported their loses.
communicate_with_sp_v1_rbst	R	The word $X may be misspelled.	We own varies cars. | We laughed buts didn’t cry. | He fell becuase he slips. | He fell becuase he slipped. | This believe is widely held. | We await your rely. | The malinger was caught. | They probablely lost. | Probablely they’ll lose. | He is probablely not the winner. | He arrived, probablely alone. | They were very exited. | They went to the play ground. | They sighed the papers. | We sat in the forth row. | They arrived on January forth. | He musn’t leave. | She drove a sport car. | We’ll comunicate with them. | We saw a monky. | They enjoyed the fire works. | He finished his home work. | She went snow boarding. | She went snow-boarding. | They admired the hand writting. | We met Marry and Kim. | They no doubtly arrived. | They stayed with in the park. | She performed with out a net. | They streched their legs. | We made some progess. | We saw hte cat. | We saw teh cat. | They in deed arrived. | They won in deed. | The european currency rose. | They jumped up and dawn. | It remained up side down. | They arrived November 1th. | They arrived November 2th. | They arrived November 3th. | That will benifit everyone. | They arrived in Febuary. | They arrived in Fabruary. | They arrived in Feburary. | They live near the Fifth Ring. | They stayed with in. | They stayed whithin the garden. | They stayed whithin. | We hurried inorder to be early. | They use to disappear. | The party was on the New Year Eve. | The down hill slope was steep. | We avoided the down hill. | We hurried down hill. | They read everyting. | We arrived in May . 2020. | They brought nothing becides books. | We didn’t do anything becides. | Becides, they were late. | They hurried in to the park. | He broke in to the room. | Biology is a blanch of science. | He thought l won. | We thought lt rained. | They liked lt. | We knew lt all was good. | She ls a writer. | She ls happy. | We take to them often. | We should hangout together. | The abovementioned article was good. | We accidently entered. | It is hard to study in the dank. | They went to the scholl. | She was an activate child. | We should haste to arrive on time. | We spoke to no-one. | They reported their loses.
monkey_n1_sp_rbst	R	The word $X may be misspelled.	We own varies cars. | We laughed buts didn’t cry. | He fell becuase he slips. | He fell becuase he slipped. | This believe is widely held. | We await your rely. | The malinger was caught. | They probablely lost. | Probablely they’ll lose. | He is probablely not the winner. | He arrived, probablely alone. | They were very exited. | They went to the play ground. | They sighed the papers. | We sat in the forth row. | They arrived on January forth. | He musn’t leave. | She drove a sport car. | We’ll comunicate with them. | We saw a monky. | They enjoyed the fire works. | He finished his home work. | She went snow boarding. | She went snow-boarding. | They admired the hand writting. | We met Marry and Kim. | They no doubtly arrived. | They stayed with in the park. | She performed with out a net. | They streched their legs. | We made some progess. | We saw hte cat. | We saw teh cat. | They in deed arrived. | They won in deed. | The european currency rose. | They jumped up and dawn. | It remained up side down. | They arrived November 1th. | They arrived November 2th. | They arrived November 3th. | That will benifit everyone. | They arrived in Febuary. | They arrived in Fabruary. | They arrived in Feburary. | They live near the Fifth Ring. | They stayed with in. | They stayed whithin the garden. | They stayed whithin. | We hurried inorder to be early. | They use to disappear. | The party was on the New Year Eve. | The down hill slope was steep. | We avoided the down hill. | We hurried down hill. | They read everyting. | We arrived in May . 2020. | They brought nothing becides books. | We didn’t do anything becides. | Becides, they were late. | They hurried in to the park. | He broke in to the room. | Biology is a blanch of science. | He thought l won. | We thought lt rained. | They liked lt. | We knew lt all was good. | She ls a writer. | She ls happy. | We take to them often. | We should hangout together. | The abovementioned article was good. | We accidently entered. | It is hard to study in the dank. | They went to the scholl. | She was an activate child. | We should haste to arrive on time. | We spoke to no-one. | They reported their loses.
fireworks_n1_sp_rbst	R	The word $X may be misspelled.	We own varies cars. | We laughed buts didn’t cry. | He fell becuase he slips. | He fell becuase he slipped. | This believe is widely held. | We await your rely. | The malinger was caught. | They probablely lost. | Probablely they’ll lose. | He is probablely not the winner. | He arrived, probablely alone. | They were very exited. | They went to the play ground. | They sighed the papers. | We sat in the forth row. | They arrived on January forth. | He musn’t leave. | She drove a sport car. | We’ll comunicate with them. | We saw a monky. | They enjoyed the fire works. | He finished his home work. | She went snow boarding. | She went snow-boarding. | They admired the hand writting. | We met Marry and Kim. | They no doubtly arrived. | They stayed with in the park. | She performed with out a net. | They streched their legs. | We made some progess. | We saw hte cat. | We saw teh cat. | They in deed arrived. | They won in deed. | The european currency rose. | They jumped up and dawn. | It remained up side down. | They arrived November 1th. | They arrived November 2th. | They arrived November 3th. | That will benifit everyone. | They arrived in Febuary. | They arrived in Fabruary. | They arrived in Feburary. | They live near the Fifth Ring. | They stayed with in. | They stayed whithin the garden. | They stayed whithin. | We hurried inorder to be early. | They use to disappear. | The party was on the New Year Eve. | The down hill slope was steep. | We avoided the down hill. | We hurried down hill. | They read everyting. | We arrived in May . 2020. | They brought nothing becides books. | We didn’t do anything becides. | Becides, they were late. | They hurried in to the park. | He broke in to the room. | Biology is a blanch of science. | He thought l won. | We thought lt rained. | They liked lt. | We knew lt all was good. | She ls a writer. | She ls happy. | We take to them often. | We should hangout together. | The abovementioned article was good. | We accidently entered. | It is hard to study in the dank. | They went to the scholl. | She was an activate child. | We should haste to arrive on time. | We spoke to no-one. | They reported their loses.
homework_sp_n1_rbst	R	The word $X may be misspelled.	We own varies cars. | We laughed buts didn’t cry. | He fell becuase he slips. | He fell becuase he slipped. | This believe is widely held. | We await your rely. | The malinger was caught. | They probablely lost. | Probablely they’ll lose. | He is probablely not the winner. | He arrived, probablely alone. | They were very exited. | They went to the play ground. | They sighed the papers. | We sat in the forth row. | They arrived on January forth. | He musn’t leave. | She drove a sport car. | We’ll comunicate with them. | We saw a monky. | They enjoyed the fire works. | He finished his home work. | She went snow boarding. | She went snow-boarding. | They admired the hand writting. | We met Marry and Kim. | They no doubtly arrived. | They stayed with in the park. | She performed with out a net. | They streched their legs. | We made some progess. | We saw hte cat. | We saw teh cat. | They in deed arrived. | They won in deed. | The european currency rose. | They jumped up and dawn. | It remained up side down. | They arrived November 1th. | They arrived November 2th. | They arrived November 3th. | That will benifit everyone. | They arrived in Febuary. | They arrived in Fabruary. | They arrived in Feburary. | They live near the Fifth Ring. | They stayed with in. | They stayed whithin the garden. | They stayed whithin. | We hurried inorder to be early. | They use to disappear. | The party was on the New Year Eve. | The down hill slope was steep. | We avoided the down hill. | We hurried down hill. | They read everyting. | We arrived in May . 2020. | They brought nothing becides books. | We didn’t do anything becides. | Becides, they were late. | They hurried in to the park. | He broke in to the room. | Biology is a blanch of science. | He thought l won. | We thought lt rained. | They liked lt. | We knew lt all was good. | She ls a writer. | She ls happy. | We take to them often. | We should hangout together. | The abovementioned article was good. | We accidently entered. | It is hard to study in the dank. | They went to the scholl. | She was an activate child. | We should haste to arrive on time. | We spoke to no-one. | They reported their loses.
snowboarding_v1_sp_rbst	R	The word $X may be misspelled.	We own varies cars. | We laughed buts didn’t cry. | He fell becuase he slips. | He fell becuase he slipped. | This believe is widely held. | We await your rely. | The malinger was caught. | They probablely lost. | Probablely they’ll lose. | He is probablely not the winner. | He arrived, probablely alone. | They were very exited. | They went to the play ground. | They sighed the papers. | We sat in the forth row. | They arrived on January forth. | He musn’t leave. | She drove a sport car. | We’ll comunicate with them. | We saw a monky. | They enjoyed the fire works. | He finished his home work. | She went snow boarding. | She went snow-boarding. | They admired the hand writting. | We met Marry and Kim. | They no doubtly arrived. | They stayed with in the park. | She performed with out a net. | They streched their legs. | We made some progess. | We saw hte cat. | We saw teh cat. | They in deed arrived. | They won in deed. | The european currency rose. | They jumped up and dawn. | It remained up side down. | They arrived November 1th. | They arrived November 2th. | They arrived November 3th. | That will benifit everyone. | They arrived in Febuary. | They arrived in Fabruary. | They arrived in Feburary. | They live near the Fifth Ring. | They stayed with in. | They stayed whithin the garden. | They stayed whithin. | We hurried inorder to be early. | They use to disappear. | The party was on the New Year Eve. | The down hill slope was steep. | We avoided the down hill. | We hurried down hill. | They read everyting. | We arrived in May . 2020. | They brought nothing becides books. | We didn’t do anything becides. | Becides, they were late. | They hurried in to the park. | He broke in to the room. | Biology is a blanch of science. | He thought l won. | We thought lt rained. | They liked lt. | We knew lt all was good. | She ls a writer. | She ls happy. | We take to them often. | We should hangout together. | The abovementioned article was good. | We accidently entered. | It is hard to study in the dank. | They went to the scholl. | She was an activate child. | We should haste to arrive on time. | We spoke to no-one. | They reported their loses.
snowboarding_v2_sp_rbst	R	The word $X may be misspelled.	We own varies cars. | We laughed buts didn’t cry. | He fell becuase he slips. | He fell becuase he slipped. | This believe is widely held. | We await your rely. | The malinger was caught. | They probablely lost. | Probablely they’ll lose. | He is probablely not the winner. | He arrived, probablely alone. | They were very exited. | They went to the play ground. | They sighed the papers. | We sat in the forth row. | They arrived on January forth. | He musn’t leave. | She drove a sport car. | We’ll comunicate with them. | We saw a monky. | They enjoyed the fire works. | He finished his home work. | She went snow boarding. | She went snow-boarding. | They admired the hand writting. | We met Marry and Kim. | They no doubtly arrived. | They stayed with in the park. | She performed with out a net. | They streched their legs. | We made some progess. | We saw hte cat. | We saw teh cat. | They in deed arrived. | They won in deed. | The european currency rose. | They jumped up and dawn. | It remained up side down. | They arrived November 1th. | They arrived November 2th. | They arrived November 3th. | That will benifit everyone. | They arrived in Febuary. | They arrived in Fabruary. | They arrived in Feburary. | They live near the Fifth Ring. | They stayed with in. | They stayed whithin the garden. | They stayed whithin. | We hurried inorder to be early. | They use to disappear. | The party was on the New Year Eve. | The down hill slope was steep. | We avoided the down hill. | We hurried down hill. | They read everyting. | We arrived in May . 2020. | They brought nothing becides books. | We didn’t do anything becides. | Becides, they were late. | They hurried in to the park. | He broke in to the room. | Biology is a blanch of science. | He thought l won. | We thought lt rained. | They liked lt. | We knew lt all was good. | She ls a writer. | She ls happy. | We take to them often. | We should hangout together. | The abovementioned article was good. | We accidently entered. | It is hard to study in the dank. | They went to the scholl. | She was an activate child. | We should haste to arrive on time. | We spoke to no-one. | They reported their loses.
handwriting_n3_sp_rbst	R	The word $X may be misspelled.	We own varies cars. | We laughed buts didn’t cry. | He fell becuase he slips. | He fell becuase he slipped. | This believe is widely held. | We await your rely. | The malinger was caught. | They probablely lost. | Probablely they’ll lose. | He is probablely not the winner. | He arrived, probablely alone. | They were very exited. | They went to the play ground. | They sighed the papers. | We sat in the forth row. | They arrived on January forth. | He musn’t leave. | She drove a sport car. | We’ll comunicate with them. | We saw a monky. | They enjoyed the fire works. | He finished his home work. | She went snow boarding. | She went snow-boarding. | They admired the hand writting. | We met Marry and Kim. | They no doubtly arrived. | They stayed with in the park. | She performed with out a net. | They streched their legs. | We made some progess. | We saw hte cat. | We saw teh cat. | They in deed arrived. | They won in deed. | The european currency rose. | They jumped up and dawn. | It remained up side down. | They arrived November 1th. | They arrived November 2th. | They arrived November 3th. | That will benifit everyone. | They arrived in Febuary. | They arrived in Fabruary. | They arrived in Feburary. | They live near the Fifth Ring. | They stayed with in. | They stayed whithin the garden. | They stayed whithin. | We hurried inorder to be early. | They use to disappear. | The party was on the New Year Eve. | The down hill slope was steep. | We avoided the down hill. | We hurried down hill. | They read everyting. | We arrived in May . 2020. | They brought nothing becides books. | We didn’t do anything becides. | Becides, they were late. | They hurried in to the park. | He broke in to the room. | Biology is a blanch of science. | He thought l won. | We thought lt rained. | They liked lt. | We knew lt all was good. | She ls a writer. | She ls happy. | We take to them often. | We should hangout together. | The abovementioned article was good. | We accidently entered. | It is hard to study in the dank. | They went to the scholl. | She was an activate child. | We should haste to arrive on time. | We spoke to no-one. | They reported their loses.
mary_sp_rbst	R	The word $X may be misspelled.	We own varies cars. | We laughed buts didn’t cry. | He fell becuase he slips. | He fell becuase he slipped. | This believe is widely held. | We await your rely. | The malinger was caught. | They probablely lost. | Probablely they’ll lose. | He is probablely not the winner. | He arrived, probablely alone. | They were very exited. | They went to the play ground. | They sighed the papers. | We sat in the forth row. | They arrived on January forth. | He musn’t leave. | She drove a sport car. | We’ll comunicate with them. | We saw a monky. | They enjoyed the fire works. | He finished his home work. | She went snow boarding. | She went snow-boarding. | They admired the hand writting. | We met Marry and Kim. | They no doubtly arrived. | They stayed with in the park. | She performed with out a net. | They streched their legs. | We made some progess. | We saw hte cat. | We saw teh cat. | They in deed arrived. | They won in deed. | The european currency rose. | They jumped up and dawn. | It remained up side down. | They arrived November 1th. | They arrived November 2th. | They arrived November 3th. | That will benifit everyone. | They arrived in Febuary. | They arrived in Fabruary. | They arrived in Feburary. | They live near the Fifth Ring. | They stayed with in. | They stayed whithin the garden. | They stayed whithin. | We hurried inorder to be early. | They use to disappear. | The party was on the New Year Eve. | The down hill slope was steep. | We avoided the down hill. | We hurried down hill. | They read everyting. | We arrived in May . 2020. | They brought nothing becides books. | We didn’t do anything becides. | Becides, they were late. | They hurried in to the park. | He broke in to the room. | Biology is a blanch of science. | He thought l won. | We thought lt rained. | They liked lt. | We knew lt all was good. | She ls a writer. | She ls happy. | We take to them often. | We should hangout together. | The abovementioned article was good. | We accidently entered. | It is hard to study in the dank. | They went to the scholl. | She was an activate child. | We should haste to arrive on time. | We spoke to no-one. | They reported their loses.
no_doubtly_adv1_rbst	R	The word $X may be misspelled.	We own varies cars. | We laughed buts didn’t cry. | He fell becuase he slips. | He fell becuase he slipped. | This believe is widely held. | We await your rely. | The malinger was caught. | They probablely lost. | Probablely they’ll lose. | He is probablely not the winner. | He arrived, probablely alone. | They were very exited. | They went to the play ground. | They sighed the papers. | We sat in the forth row. | They arrived on January forth. | He musn’t leave. | She drove a sport car. | We’ll comunicate with them. | We saw a monky. | They enjoyed the fire works. | He finished his home work. | She went snow boarding. | She went snow-boarding. | They admired the hand writting. | We met Marry and Kim. | They no doubtly arrived. | They stayed with in the park. | She performed with out a net. | They streched their legs. | We made some progess. | We saw hte cat. | We saw teh cat. | They in deed arrived. | They won in deed. | The european currency rose. | They jumped up and dawn. | It remained up side down. | They arrived November 1th. | They arrived November 2th. | They arrived November 3th. | That will benifit everyone. | They arrived in Febuary. | They arrived in Fabruary. | They arrived in Feburary. | They live near the Fifth Ring. | They stayed with in. | They stayed whithin the garden. | They stayed whithin. | We hurried inorder to be early. | They use to disappear. | The party was on the New Year Eve. | The down hill slope was steep. | We avoided the down hill. | We hurried down hill. | They read everyting. | We arrived in May . 2020. | They brought nothing becides books. | We didn’t do anything becides. | Becides, they were late. | They hurried in to the park. | He broke in to the room. | Biology is a blanch of science. | He thought l won. | We thought lt rained. | They liked lt. | We knew lt all was good. | She ls a writer. | She ls happy. | We take to them often. | We should hangout together. | The abovementioned article was good. | We accidently entered. | It is hard to study in the dank. | They went to the scholl. | She was an activate child. | We should haste to arrive on time. | We spoke to no-one. | They reported their loses.
within_sp_rbst	R	The word $X may be misspelled.	We own varies cars. | We laughed buts didn’t cry. | He fell becuase he slips. | He fell becuase he slipped. | This believe is widely held. | We await your rely. | The malinger was caught. | They probablely lost. | Probablely they’ll lose. | He is probablely not the winner. | He arrived, probablely alone. | They were very exited. | They went to the play ground. | They sighed the papers. | We sat in the forth row. | They arrived on January forth. | He musn’t leave. | She drove a sport car. | We’ll comunicate with them. | We saw a monky. | They enjoyed the fire works. | He finished his home work. | She went snow boarding. | She went snow-boarding. | They admired the hand writting. | We met Marry and Kim. | They no doubtly arrived. | They stayed with in the park. | She performed with out a net. | They streched their legs. | We made some progess. | We saw hte cat. | We saw teh cat. | They in deed arrived. | They won in deed. | The european currency rose. | They jumped up and dawn. | It remained up side down. | They arrived November 1th. | They arrived November 2th. | They arrived November 3th. | That will benifit everyone. | They arrived in Febuary. | They arrived in Fabruary. | They arrived in Feburary. | They live near the Fifth Ring. | They stayed with in. | They stayed whithin the garden. | They stayed whithin. | We hurried inorder to be early. | They use to disappear. | The party was on the New Year Eve. | The down hill slope was steep. | We avoided the down hill. | We hurried down hill. | They read everyting. | We arrived in May . 2020. | They brought nothing becides books. | We didn’t do anything becides. | Becides, they were late. | They hurried in to the park. | He broke in to the room. | Biology is a blanch of science. | He thought l won. | We thought lt rained. | They liked lt. | We knew lt all was good. | She ls a writer. | She ls happy. | We take to them often. | We should hangout together. | The abovementioned article was good. | We accidently entered. | It is hard to study in the dank. | They went to the scholl. | She was an activate child. | We should haste to arrive on time. | We spoke to no-one. | They reported their loses.
without_sp_rbst	R	The word $X may be misspelled.	We own varies cars. | We laughed buts didn’t cry. | He fell becuase he slips. | He fell becuase he slipped. | This believe is widely held. | We await your rely. | The malinger was caught. | They probablely lost. | Probablely they’ll lose. | He is probablely not the winner. | He arrived, probablely alone. | They were very exited. | They went to the play ground. | They sighed the papers. | We sat in the forth row. | They arrived on January forth. | He musn’t leave. | She drove a sport car. | We’ll comunicate with them. | We saw a monky. | They enjoyed the fire works. | He finished his home work. | She went snow boarding. | She went snow-boarding. | They admired the hand writting. | We met Marry and Kim. | They no doubtly arrived. | They stayed with in the park. | She performed with out a net. | They streched their legs. | We made some progess. | We saw hte cat. | We saw teh cat. | They in deed arrived. | They won in deed. | The european currency rose. | They jumped up and dawn. | It remained up side down. | They arrived November 1th. | They arrived November 2th. | They arrived November 3th. | That will benifit everyone. | They arrived in Febuary. | They arrived in Fabruary. | They arrived in Feburary. | They live near the Fifth Ring. | They stayed with in. | They stayed whithin the garden. | They stayed whithin. | We hurried inorder to be early. | They use to disappear. | The party was on the New Year Eve. | The down hill slope was steep. | We avoided the down hill. | We hurried down hill. | They read everyting. | We arrived in May . 2020. | They brought nothing becides books. | We didn’t do anything becides. | Becides, they were late. | They hurried in to the park. | He broke in to the room. | Biology is a blanch of science. | He thought l won. | We thought lt rained. | They liked lt. | We knew lt all was good. | She ls a writer. | She ls happy. | We take to them often. | We should hangout together. | The abovementioned article was good. | We accidently entered. | It is hard to study in the dank. | They went to the scholl. | She was an activate child. | We should haste to arrive on time. | We spoke to no-one. | They reported their loses.
stretch_v1_sp_rbst	R	The word $X may be misspelled.	We own varies cars. | We laughed buts didn’t cry. | He fell becuase he slips. | He fell becuase he slipped. | This believe is widely held. | We await your rely. | The malinger was caught. | They probablely lost. | Probablely they’ll lose. | He is probablely not the winner. | He arrived, probablely alone. | They were very exited. | They went to the play ground. | They sighed the papers. | We sat in the forth row. | They arrived on January forth. | He musn’t leave. | She drove a sport car. | We’ll comunicate with them. | We saw a monky. | They enjoyed the fire works. | He finished his home work. | She went snow boarding. | She went snow-boarding. | They admired the hand writting. | We met Marry and Kim. | They no doubtly arrived. | They stayed with in the park. | She performed with out a net. | They streched their legs. | We made some progess. | We saw hte cat. | We saw teh cat. | They in deed arrived. | They won in deed. | The european currency rose. | They jumped up and dawn. | It remained up side down. | They arrived November 1th. | They arrived November 2th. | They arrived November 3th. | That will benifit everyone. | They arrived in Febuary. | They arrived in Fabruary. | They arrived in Feburary. | They live near the Fifth Ring. | They stayed with in. | They stayed whithin the garden. | They stayed whithin. | We hurried inorder to be early. | They use to disappear. | The party was on the New Year Eve. | The down hill slope was steep. | We avoided the down hill. | We hurried down hill. | They read everyting. | We arrived in May . 2020. | They brought nothing becides books. | We didn’t do anything becides. | Becides, they were late. | They hurried in to the park. | He broke in to the room. | Biology is a blanch of science. | He thought l won. | We thought lt rained. | They liked lt. | We knew lt all was good. | She ls a writer. | She ls happy. | We take to them often. | We should hangout together. | The abovementioned article was good. | We accidently entered. | It is hard to study in the dank. | They went to the scholl. | She was an activate child. | We should haste to arrive on time. | We spoke to no-one. | They reported their loses.
progress_n1_sp_rbst	R	The word $X may be misspelled.	We own varies cars. | We laughed buts didn’t cry. | He fell becuase he slips. | He fell becuase he slipped. | This believe is widely held. | We await your rely. | The malinger was caught. | They probablely lost. | Probablely they’ll lose. | He is probablely not the winner. | He arrived, probablely alone. | They were very exited. | They went to the play ground. | They sighed the papers. | We sat in the forth row. | They arrived on January forth. | He musn’t leave. | She drove a sport car. | We’ll comunicate with them. | We saw a monky. | They enjoyed the fire works. | He finished his home work. | She went snow boarding. | She went snow-boarding. | They admired the hand writting. | We met Marry and Kim. | They no doubtly arrived. | They stayed with in the park. | She performed with out a net. | They streched their legs. | We made some progess. | We saw hte cat. | We saw teh cat. | They in deed arrived. | They won in deed. | The european currency rose. | They jumped up and dawn. | It remained up side down. | They arrived November 1th. | They arrived November 2th. | They arrived November 3th. | That will benifit everyone. | They arrived in Febuary. | They arrived in Fabruary. | They arrived in Feburary. | They live near the Fifth Ring. | They stayed with in. | They stayed whithin the garden. | They stayed whithin. | We hurried inorder to be early. | They use to disappear. | The party was on the New Year Eve. | The down hill slope was steep. | We avoided the down hill. | We hurried down hill. | They read everyting. | We arrived in May . 2020. | They brought nothing becides books. | We didn’t do anything becides. | Becides, they were late. | They hurried in to the park. | He broke in to the room. | Biology is a blanch of science. | He thought l won. | We thought lt rained. | They liked lt. | We knew lt all was good. | She ls a writer. | She ls happy. | We take to them often. | We should hangout together. | The abovementioned article was good. | We accidently entered. | It is hard to study in the dank. | They went to the scholl. | She was an activate child. | We should haste to arrive on time. | We spoke to no-one. | They reported their loses.
the_1_sp_rbst	R	The word $X may be misspelled.	We own varies cars. | We laughed buts didn’t cry. | He fell becuase he slips. | He fell becuase he slipped. | This believe is widely held. | We await your rely. | The malinger was caught. | They probablely lost. | Probablely they’ll lose. | He is probablely not the winner. | He arrived, probablely alone. | They were very exited. | They went to the play ground. | They sighed the papers. | We sat in the forth row. | They arrived on January forth. | He musn’t leave. | She drove a sport car. | We’ll comunicate with them. | We saw a monky. | They enjoyed the fire works. | He finished his home work. | She went snow boarding. | She went snow-boarding. | They admired the hand writting. | We met Marry and Kim. | They no doubtly arrived. | They stayed with in the park. | She performed with out a net. | They streched their legs. | We made some progess. | We saw hte cat. | We saw teh cat. | They in deed arrived. | They won in deed. | The european currency rose. | They jumped up and dawn. | It remained up side down. | They arrived November 1th. | They arrived November 2th. | They arrived November 3th. | That will benifit everyone. | They arrived in Febuary. | They arrived in Fabruary. | They arrived in Feburary. | They live near the Fifth Ring. | They stayed with in. | They stayed whithin the garden. | They stayed whithin. | We hurried inorder to be early. | They use to disappear. | The party was on the New Year Eve. | The down hill slope was steep. | We avoided the down hill. | We hurried down hill. | They read everyting. | We arrived in May . 2020. | They brought nothing becides books. | We didn’t do anything becides. | Becides, they were late. | They hurried in to the park. | He broke in to the room. | Biology is a blanch of science. | He thought l won. | We thought lt rained. | They liked lt. | We knew lt all was good. | She ls a writer. | She ls happy. | We take to them often. | We should hangout together. | The abovementioned article was good. | We accidently entered. | It is hard to study in the dank. | They went to the scholl. | She was an activate child. | We should haste to arrive on time. | We spoke to no-one. | They reported their loses.
the_2_sp_rbst	R	The word $X may be misspelled.	We own varies cars. | We laughed buts didn’t cry. | He fell becuase he slips. | He fell becuase he slipped. | This believe is widely held. | We await your rely. | The malinger was caught. | They probablely lost. | Probablely they’ll lose. | He is probablely not the winner. | He arrived, probablely alone. | They were very exited. | They went to the play ground. | They sighed the papers. | We sat in the forth row. | They arrived on January forth. | He musn’t leave. | She drove a sport car. | We’ll comunicate with them. | We saw a monky. | They enjoyed the fire works. | He finished his home work. | She went snow boarding. | She went snow-boarding. | They admired the hand writting. | We met Marry and Kim. | They no doubtly arrived. | They stayed with in the park. | She performed with out a net. | They streched their legs. | We made some progess. | We saw hte cat. | We saw teh cat. | They in deed arrived. | They won in deed. | The european currency rose. | They jumped up and dawn. | It remained up side down. | They arrived November 1th. | They arrived November 2th. | They arrived November 3th. | That will benifit everyone. | They arrived in Febuary. | They arrived in Fabruary. | They arrived in Feburary. | They live near the Fifth Ring. | They stayed with in. | They stayed whithin the garden. | They stayed whithin. | We hurried inorder to be early. | They use to disappear. | The party was on the New Year Eve. | The down hill slope was steep. | We avoided the down hill. | We hurried down hill. | They read everyting. | We arrived in May . 2020. | They brought nothing becides books. | We didn’t do anything becides. | Becides, they were late. | They hurried in to the park. | He broke in to the room. | Biology is a blanch of science. | He thought l won. | We thought lt rained. | They liked lt. | We knew lt all was good. | She ls a writer. | She ls happy. | We take to them often. | We should hangout together. | The abovementioned article was good. | We accidently entered. | It is hard to study in the dank. | They went to the scholl. | She was an activate child. | We should haste to arrive on time. | We spoke to no-one. | They reported their loses.
indeed_sp_rbst	R	The word $X may be misspelled.	We own varies cars. | We laughed buts didn’t cry. | He fell becuase he slips. | He fell becuase he slipped. | This believe is widely held. | We await your rely. | The malinger was caught. | They probablely lost. | Probablely they’ll lose. | He is probablely not the winner. | He arrived, probablely alone. | They were very exited. | They went to the play ground. | They sighed the papers. | We sat in the forth row. | They arrived on January forth. | He musn’t leave. | She drove a sport car. | We’ll comunicate with them. | We saw a monky. | They enjoyed the fire works. | He finished his home work. | She went snow boarding. | She went snow-boarding. | They admired the hand writting. | We met Marry and Kim. | They no doubtly arrived. | They stayed with in the park. | She performed with out a net. | They streched their legs. | We made some progess. | We saw hte cat. | We saw teh cat. | They in deed arrived. | They won in deed. | The european currency rose. | They jumped up and dawn. | It remained up side down. | They arrived November 1th. | They arrived November 2th. | They arrived November 3th. | That will benifit everyone. | They arrived in Febuary. | They arrived in Fabruary. | They arrived in Feburary. | They live near the Fifth Ring. | They stayed with in. | They stayed whithin the garden. | They stayed whithin. | We hurried inorder to be early. | They use to disappear. | The party was on the New Year Eve. | The down hill slope was steep. | We avoided the down hill. | We hurried down hill. | They read everyting. | We arrived in May . 2020. | They brought nothing becides books. | We didn’t do anything becides. | Becides, they were late. | They hurried in to the park. | He broke in to the room. | Biology is a blanch of science. | He thought l won. | We thought lt rained. | They liked lt. | We knew lt all was good. | She ls a writer. | She ls happy. | We take to them often. | We should hangout together. | The abovementioned article was good. | We accidently entered. | It is hard to study in the dank. | They went to the scholl. | She was an activate child. | We should haste to arrive on time. | We spoke to no-one. | They reported their loses.
indeed_adv2_sp_rbst	R	The word $X may be misspelled.	We own varies cars. | We laughed buts didn’t cry. | He fell becuase he slips. | He fell becuase he slipped. | This believe is widely held. | We await your rely. | The malinger was caught. | They probablely lost. | Probablely they’ll lose. | He is probablely not the winner. | He arrived, probablely alone. | They were very exited. | They went to the play ground. | They sighed the papers. | We sat in the forth row. | They arrived on January forth. | He musn’t leave. | She drove a sport car. | We’ll comunicate with them. | We saw a monky. | They enjoyed the fire works. | He finished his home work. | She went snow boarding. | She went snow-boarding. | They admired the hand writting. | We met Marry and Kim. | They no doubtly arrived. | They stayed with in the park. | She performed with out a net. | They streched their legs. | We made some progess. | We saw hte cat. | We saw teh cat. | They in deed arrived. | They won in deed. | The european currency rose. | They jumped up and dawn. | It remained up side down. | They arrived November 1th. | They arrived November 2th. | They arrived November 3th. | That will benifit everyone. | They arrived in Febuary. | They arrived in Fabruary. | They arrived in Feburary. | They live near the Fifth Ring. | They stayed with in. | They stayed whithin the garden. | They stayed whithin. | We hurried inorder to be early. | They use to disappear. | The party was on the New Year Eve. | The down hill slope was steep. | We avoided the down hill. | We hurried down hill. | They read everyting. | We arrived in May . 2020. | They brought nothing becides books. | We didn’t do anything becides. | Becides, they were late. | They hurried in to the park. | He broke in to the room. | Biology is a blanch of science. | He thought l won. | We thought lt rained. | They liked lt. | We knew lt all was good. | She ls a writer. | She ls happy. | We take to them often. | We should hangout together. | The abovementioned article was good. | We accidently entered. | It is hard to study in the dank. | They went to the scholl. | She was an activate child. | We should haste to arrive on time. | We spoke to no-one. | They reported their loses.
aj_-_i_le_nocap_rbst	R	The word $X may be misspelled.	We own varies cars. | We laughed buts didn’t cry. | He fell becuase he slips. | He fell becuase he slipped. | This believe is widely held. | We await your rely. | The malinger was caught. | They probablely lost. | Probablely they’ll lose. | He is probablely not the winner. | He arrived, probablely alone. | They were very exited. | They went to the play ground. | They sighed the papers. | We sat in the forth row. | They arrived on January forth. | He musn’t leave. | She drove a sport car. | We’ll comunicate with them. | We saw a monky. | They enjoyed the fire works. | He finished his home work. | She went snow boarding. | She went snow-boarding. | They admired the hand writting. | We met Marry and Kim. | They no doubtly arrived. | They stayed with in the park. | She performed with out a net. | They streched their legs. | We made some progess. | We saw hte cat. | We saw teh cat. | They in deed arrived. | They won in deed. | The european currency rose. | They jumped up and dawn. | It remained up side down. | They arrived November 1th. | They arrived November 2th. | They arrived November 3th. | That will benifit everyone. | They arrived in Febuary. | They arrived in Fabruary. | They arrived in Feburary. | They live near the Fifth Ring. | They stayed with in. | They stayed whithin the garden. | They stayed whithin. | We hurried inorder to be early. | They use to disappear. | The party was on the New Year Eve. | The down hill slope was steep. | We avoided the down hill. | We hurried down hill. | They read everyting. | We arrived in May . 2020. | They brought nothing becides books. | We didn’t do anything becides. | Becides, they were late. | They hurried in to the park. | He broke in to the room. | Biology is a blanch of science. | He thought l won. | We thought lt rained. | They liked lt. | We knew lt all was good. | She ls a writer. | She ls happy. | We take to them often. | We should hangout together. | The abovementioned article was good. | We accidently entered. | It is hard to study in the dank. | They went to the scholl. | She was an activate child. | We should haste to arrive on time. | We spoke to no-one. | They reported their loses.
up_and_down_adv_sp_rbst	R	The word $X may be misspelled.	We own varies cars. | We laughed buts didn’t cry. | He fell becuase he slips. | He fell becuase he slipped. | This believe is widely held. | We await your rely. | The malinger was caught. | They probablely lost. | Probablely they’ll lose. | He is probablely not the winner. | He arrived, probablely alone. | They were very exited. | They went to the play ground. | They sighed the papers. | We sat in the forth row. | They arrived on January forth. | He musn’t leave. | She drove a sport car. | We’ll comunicate with them. | We saw a monky. | They enjoyed the fire works. | He finished his home work. | She went snow boarding. | She went snow-boarding. | They admired the hand writting. | We met Marry and Kim. | They no doubtly arrived. | They stayed with in the park. | She performed with out a net. | They streched their legs. | We made some progess. | We saw hte cat. | We saw teh cat. | They in deed arrived. | They won in deed. | The european currency rose. | They jumped up and dawn. | It remained up side down. | They arrived November 1th. | They arrived November 2th. | They arrived November 3th. | That will benifit everyone. | They arrived in Febuary. | They arrived in Fabruary. | They arrived in Feburary. | They live near the Fifth Ring. | They stayed with in. | They stayed whithin the garden. | They stayed whithin. | We hurried inorder to be early. | They use to disappear. | The party was on the New Year Eve. | The down hill slope was steep. | We avoided the down hill. | We hurried down hill. | They read everyting. | We arrived in May . 2020. | They brought nothing becides books. | We didn’t do anything becides. | Becides, they were late. | They hurried in to the park. | He broke in to the room. | Biology is a blanch of science. | He thought l won. | We thought lt rained. | They liked lt. | We knew lt all was good. | She ls a writer. | She ls happy. | We take to them often. | We should hangout together. | The abovementioned article was good. | We accidently entered. | It is hard to study in the dank. | They went to the scholl. | She was an activate child. | We should haste to arrive on time. | We spoke to no-one. | They reported their loses.
upside_down_pp_sp_rbst	R	The word $X may be misspelled.	We own varies cars. | We laughed buts didn’t cry. | He fell becuase he slips. | He fell becuase he slipped. | This believe is widely held. | We await your rely. | The malinger was caught. | They probablely lost. | Probablely they’ll lose. | He is probablely not the winner. | He arrived, probablely alone. | They were very exited. | They went to the play ground. | They sighed the papers. | We sat in the forth row. | They arrived on January forth. | He musn’t leave. | She drove a sport car. | We’ll comunicate with them. | We saw a monky. | They enjoyed the fire works. | He finished his home work. | She went snow boarding. | She went snow-boarding. | They admired the hand writting. | We met Marry and Kim. | They no doubtly arrived. | They stayed with in the park. | She performed with out a net. | They streched their legs. | We made some progess. | We saw hte cat. | We saw teh cat. | They in deed arrived. | They won in deed. | The european currency rose. | They jumped up and dawn. | It remained up side down. | They arrived November 1th. | They arrived November 2th. | They arrived November 3th. | That will benifit everyone. | They arrived in Febuary. | They arrived in Fabruary. | They arrived in Feburary. | They live near the Fifth Ring. | They stayed with in. | They stayed whithin the garden. | They stayed whithin. | We hurried inorder to be early. | They use to disappear. | The party was on the New Year Eve. | The down hill slope was steep. | We avoided the down hill. | We hurried down hill. | They read everyting. | We arrived in May . 2020. | They brought nothing becides books. | We didn’t do anything becides. | Becides, they were late. | They hurried in to the park. | He broke in to the room. | Biology is a blanch of science. | He thought l won. | We thought lt rained. | They liked lt. | We knew lt all was good. | She ls a writer. | She ls happy. | We take to them often. | We should hangout together. | The abovementioned article was good. | We accidently entered. | It is hard to study in the dank. | They went to the scholl. | She was an activate child. | We should haste to arrive on time. | We spoke to no-one. | They reported their loses.
first_dom_sp_rbst	R	The word $X may be misspelled.	We own varies cars. | We laughed buts didn’t cry. | He fell becuase he slips. | He fell becuase he slipped. | This believe is widely held. | We await your rely. | The malinger was caught. | They probablely lost. | Probablely they’ll lose. | He is probablely not the winner. | He arrived, probablely alone. | They were very exited. | They went to the play ground. | They sighed the papers. | We sat in the forth row. | They arrived on January forth. | He musn’t leave. | She drove a sport car. | We’ll comunicate with them. | We saw a monky. | They enjoyed the fire works. | He finished his home work. | She went snow boarding. | She went snow-boarding. | They admired the hand writting. | We met Marry and Kim. | They no doubtly arrived. | They stayed with in the park. | She performed with out a net. | They streched their legs. | We made some progess. | We saw hte cat. | We saw teh cat. | They in deed arrived. | They won in deed. | The european currency rose. | They jumped up and dawn. | It remained up side down. | They arrived November 1th. | They arrived November 2th. | They arrived November 3th. | That will benifit everyone. | They arrived in Febuary. | They arrived in Fabruary. | They arrived in Feburary. | They live near the Fifth Ring. | They stayed with in. | They stayed whithin the garden. | They stayed whithin. | We hurried inorder to be early. | They use to disappear. | The party was on the New Year Eve. | The down hill slope was steep. | We avoided the down hill. | We hurried down hill. | They read everyting. | We arrived in May . 2020. | They brought nothing becides books. | We didn’t do anything becides. | Becides, they were late. | They hurried in to the park. | He broke in to the room. | Biology is a blanch of science. | He thought l won. | We thought lt rained. | They liked lt. | We knew lt all was good. | She ls a writer. | She ls happy. | We take to them often. | We should hangout together. | The abovementioned article was good. | We accidently entered. | It is hard to study in the dank. | They went to the scholl. | She was an activate child. | We should haste to arrive on time. | We spoke to no-one. | They reported their loses.
second_dom_sp_rbst	R	The word $X may be misspelled.	We own varies cars. | We laughed buts didn’t cry. | He fell becuase he slips. | He fell becuase he slipped. | This believe is widely held. | We await your rely. | The malinger was caught. | They probablely lost. | Probablely they’ll lose. | He is probablely not the winner. | He arrived, probablely alone. | They were very exited. | They went to the play ground. | They sighed the papers. | We sat in the forth row. | They arrived on January forth. | He musn’t leave. | She drove a sport car. | We’ll comunicate with them. | We saw a monky. | They enjoyed the fire works. | He finished his home work. | She went snow boarding. | She went snow-boarding. | They admired the hand writting. | We met Marry and Kim. | They no doubtly arrived. | They stayed with in the park. | She performed with out a net. | They streched their legs. | We made some progess. | We saw hte cat. | We saw teh cat. | They in deed arrived. | They won in deed. | The european currency rose. | They jumped up and dawn. | It remained up side down. | They arrived November 1th. | They arrived November 2th. | They arrived November 3th. | That will benifit everyone. | They arrived in Febuary. | They arrived in Fabruary. | They arrived in Feburary. | They live near the Fifth Ring. | They stayed with in. | They stayed whithin the garden. | They stayed whithin. | We hurried inorder to be early. | They use to disappear. | The party was on the New Year Eve. | The down hill slope was steep. | We avoided the down hill. | We hurried down hill. | They read everyting. | We arrived in May . 2020. | They brought nothing becides books. | We didn’t do anything becides. | Becides, they were late. | They hurried in to the park. | He broke in to the room. | Biology is a blanch of science. | He thought l won. | We thought lt rained. | They liked lt. | We knew lt all was good. | She ls a writer. | She ls happy. | We take to them often. | We should hangout together. | The abovementioned article was good. | We accidently entered. | It is hard to study in the dank. | They went to the scholl. | She was an activate child. | We should haste to arrive on time. | We spoke to no-one. | They reported their loses.
third_dom_sp_rbst	R	The word $X may be misspelled.	We own varies cars. | We laughed buts didn’t cry. | He fell becuase he slips. | He fell becuase he slipped. | This believe is widely held. | We await your rely. | The malinger was caught. | They probablely lost. | Probablely they’ll lose. | He is probablely not the winner. | He arrived, probablely alone. | They were very exited. | They went to the play ground. | They sighed the papers. | We sat in the forth row. | They arrived on January forth. | He musn’t leave. | She drove a sport car. | We’ll comunicate with them. | We saw a monky. | They enjoyed the fire works. | He finished his home work. | She went snow boarding. | She went snow-boarding. | They admired the hand writting. | We met Marry and Kim. | They no doubtly arrived. | They stayed with in the park. | She performed with out a net. | They streched their legs. | We made some progess. | We saw hte cat. | We saw teh cat. | They in deed arrived. | They won in deed. | The european currency rose. | They jumped up and dawn. | It remained up side down. | They arrived November 1th. | They arrived November 2th. | They arrived November 3th. | That will benifit everyone. | They arrived in Febuary. | They arrived in Fabruary. | They arrived in Feburary. | They live near the Fifth Ring. | They stayed with in. | They stayed whithin the garden. | They stayed whithin. | We hurried inorder to be early. | They use to disappear. | The party was on the New Year Eve. | The down hill slope was steep. | We avoided the down hill. | We hurried down hill. | They read everyting. | We arrived in May . 2020. | They brought nothing becides books. | We didn’t do anything becides. | Becides, they were late. | They hurried in to the park. | He broke in to the room. | Biology is a blanch of science. | He thought l won. | We thought lt rained. | They liked lt. | We knew lt all was good. | She ls a writer. | She ls happy. | We take to them often. | We should hangout together. | The abovementioned article was good. | We accidently entered. | It is hard to study in the dank. | They went to the scholl. | She was an activate child. | We should haste to arrive on time. | We spoke to no-one. | They reported their loses.
benefit_v1_sp_rbst	R	The word $X may be misspelled.	We own varies cars. | We laughed buts didn’t cry. | He fell becuase he slips. | He fell becuase he slipped. | This believe is widely held. | We await your rely. | The malinger was caught. | They probablely lost. | Probablely they’ll lose. | He is probablely not the winner. | He arrived, probablely alone. | They were very exited. | They went to the play ground. | They sighed the papers. | We sat in the forth row. | They arrived on January forth. | He musn’t leave. | She drove a sport car. | We’ll comunicate with them. | We saw a monky. | They enjoyed the fire works. | He finished his home work. | She went snow boarding. | She went snow-boarding. | They admired the hand writting. | We met Marry and Kim. | They no doubtly arrived. | They stayed with in the park. | She performed with out a net. | They streched their legs. | We made some progess. | We saw hte cat. | We saw teh cat. | They in deed arrived. | They won in deed. | The european currency rose. | They jumped up and dawn. | It remained up side down. | They arrived November 1th. | They arrived November 2th. | They arrived November 3th. | That will benifit everyone. | They arrived in Febuary. | They arrived in Fabruary. | They arrived in Feburary. | They live near the Fifth Ring. | They stayed with in. | They stayed whithin the garden. | They stayed whithin. | We hurried inorder to be early. | They use to disappear. | The party was on the New Year Eve. | The down hill slope was steep. | We avoided the down hill. | We hurried down hill. | They read everyting. | We arrived in May . 2020. | They brought nothing becides books. | We didn’t do anything becides. | Becides, they were late. | They hurried in to the park. | He broke in to the room. | Biology is a blanch of science. | He thought l won. | We thought lt rained. | They liked lt. | We knew lt all was good. | She ls a writer. | She ls happy. | We take to them often. | We should hangout together. | The abovementioned article was good. | We accidently entered. | It is hard to study in the dank. | They went to the scholl. | She was an activate child. | We should haste to arrive on time. | We spoke to no-one. | They reported their loses.
february_sp_rbst	R	The word $X may be misspelled.	We own varies cars. | We laughed buts didn’t cry. | He fell becuase he slips. | He fell becuase he slipped. | This believe is widely held. | We await your rely. | The malinger was caught. | They probablely lost. | Probablely they’ll lose. | He is probablely not the winner. | He arrived, probablely alone. | They were very exited. | They went to the play ground. | They sighed the papers. | We sat in the forth row. | They arrived on January forth. | He musn’t leave. | She drove a sport car. | We’ll comunicate with them. | We saw a monky. | They enjoyed the fire works. | He finished his home work. | She went snow boarding. | She went snow-boarding. | They admired the hand writting. | We met Marry and Kim. | They no doubtly arrived. | They stayed with in the park. | She performed with out a net. | They streched their legs. | We made some progess. | We saw hte cat. | We saw teh cat. | They in deed arrived. | They won in deed. | The european currency rose. | They jumped up and dawn. | It remained up side down. | They arrived November 1th. | They arrived November 2th. | They arrived November 3th. | That will benifit everyone. | They arrived in Febuary. | They arrived in Fabruary. | They arrived in Feburary. | They live near the Fifth Ring. | They stayed with in. | They stayed whithin the garden. | They stayed whithin. | We hurried inorder to be early. | They use to disappear. | The party was on the New Year Eve. | The down hill slope was steep. | We avoided the down hill. | We hurried down hill. | They read everyting. | We arrived in May . 2020. | They brought nothing becides books. | We didn’t do anything becides. | Becides, they were late. | They hurried in to the park. | He broke in to the room. | Biology is a blanch of science. | He thought l won. | We thought lt rained. | They liked lt. | We knew lt all was good. | She ls a writer. | She ls happy. | We take to them often. | We should hangout together. | The abovementioned article was good. | We accidently entered. | It is hard to study in the dank. | They went to the scholl. | She was an activate child. | We should haste to arrive on time. | We spoke to no-one. | They reported their loses.
february_sp_2_rbst	R	The word $X may be misspelled.	We own varies cars. | We laughed buts didn’t cry. | He fell becuase he slips. | He fell becuase he slipped. | This believe is widely held. | We await your rely. | The malinger was caught. | They probablely lost. | Probablely they’ll lose. | He is probablely not the winner. | He arrived, probablely alone. | They were very exited. | They went to the play ground. | They sighed the papers. | We sat in the forth row. | They arrived on January forth. | He musn’t leave. | She drove a sport car. | We’ll comunicate with them. | We saw a monky. | They enjoyed the fire works. | He finished his home work. | She went snow boarding. | She went snow-boarding. | They admired the hand writting. | We met Marry and Kim. | They no doubtly arrived. | They stayed with in the park. | She performed with out a net. | They streched their legs. | We made some progess. | We saw hte cat. | We saw teh cat. | They in deed arrived. | They won in deed. | The european currency rose. | They jumped up and dawn. | It remained up side down. | They arrived November 1th. | They arrived November 2th. | They arrived November 3th. | That will benifit everyone. | They arrived in Febuary. | They arrived in Fabruary. | They arrived in Feburary. | They live near the Fifth Ring. | They stayed with in. | They stayed whithin the garden. | They stayed whithin. | We hurried inorder to be early. | They use to disappear. | The party was on the New Year Eve. | The down hill slope was steep. | We avoided the down hill. | We hurried down hill. | They read everyting. | We arrived in May . 2020. | They brought nothing becides books. | We didn’t do anything becides. | Becides, they were late. | They hurried in to the park. | He broke in to the room. | Biology is a blanch of science. | He thought l won. | We thought lt rained. | They liked lt. | We knew lt all was good. | She ls a writer. | She ls happy. | We take to them often. | We should hangout together. | The abovementioned article was good. | We accidently entered. | It is hard to study in the dank. | They went to the scholl. | She was an activate child. | We should haste to arrive on time. | We spoke to no-one. | They reported their loses.
february_sp_3_rbst	R	The word $X may be misspelled.	We own varies cars. | We laughed buts didn’t cry. | He fell becuase he slips. | He fell becuase he slipped. | This believe is widely held. | We await your rely. | The malinger was caught. | They probablely lost. | Probablely they’ll lose. | He is probablely not the winner. | He arrived, probablely alone. | They were very exited. | They went to the play ground. | They sighed the papers. | We sat in the forth row. | They arrived on January forth. | He musn’t leave. | She drove a sport car. | We’ll comunicate with them. | We saw a monky. | They enjoyed the fire works. | He finished his home work. | She went snow boarding. | She went snow-boarding. | They admired the hand writting. | We met Marry and Kim. | They no doubtly arrived. | They stayed with in the park. | She performed with out a net. | They streched their legs. | We made some progess. | We saw hte cat. | We saw teh cat. | They in deed arrived. | They won in deed. | The european currency rose. | They jumped up and dawn. | It remained up side down. | They arrived November 1th. | They arrived November 2th. | They arrived November 3th. | That will benifit everyone. | They arrived in Febuary. | They arrived in Fabruary. | They arrived in Feburary. | They live near the Fifth Ring. | They stayed with in. | They stayed whithin the garden. | They stayed whithin. | We hurried inorder to be early. | They use to disappear. | The party was on the New Year Eve. | The down hill slope was steep. | We avoided the down hill. | We hurried down hill. | They read everyting. | We arrived in May . 2020. | They brought nothing becides books. | We didn’t do anything becides. | Becides, they were late. | They hurried in to the park. | He broke in to the room. | Biology is a blanch of science. | He thought l won. | We thought lt rained. | They liked lt. | We knew lt all was good. | She ls a writer. | She ls happy. | We take to them often. | We should hangout together. | The abovementioned article was good. | We accidently entered. | It is hard to study in the dank. | They went to the scholl. | She was an activate child. | We should haste to arrive on time. | We spoke to no-one. | They reported their loses.
fifth_ring_n1_sp_rbst	R	The word $X may be misspelled.	We own varies cars. | We laughed buts didn’t cry. | He fell becuase he slips. | He fell becuase he slipped. | This believe is widely held. | We await your rely. | The malinger was caught. | They probablely lost. | Probablely they’ll lose. | He is probablely not the winner. | He arrived, probablely alone. | They were very exited. | They went to the play ground. | They sighed the papers. | We sat in the forth row. | They arrived on January forth. | He musn’t leave. | She drove a sport car. | We’ll comunicate with them. | We saw a monky. | They enjoyed the fire works. | He finished his home work. | She went snow boarding. | She went snow-boarding. | They admired the hand writting. | We met Marry and Kim. | They no doubtly arrived. | They stayed with in the park. | She performed with out a net. | They streched their legs. | We made some progess. | We saw hte cat. | We saw teh cat. | They in deed arrived. | They won in deed. | The european currency rose. | They jumped up and dawn. | It remained up side down. | They arrived November 1th. | They arrived November 2th. | They arrived November 3th. | That will benifit everyone. | They arrived in Febuary. | They arrived in Fabruary. | They arrived in Feburary. | They live near the Fifth Ring. | They stayed with in. | They stayed whithin the garden. | They stayed whithin. | We hurried inorder to be early. | They use to disappear. | The party was on the New Year Eve. | The down hill slope was steep. | We avoided the down hill. | We hurried down hill. | They read everyting. | We arrived in May . 2020. | They brought nothing becides books. | We didn’t do anything becides. | Becides, they were late. | They hurried in to the park. | He broke in to the room. | Biology is a blanch of science. | He thought l won. | We thought lt rained. | They liked lt. | We knew lt all was good. | She ls a writer. | She ls happy. | We take to them often. | We should hangout together. | The abovementioned article was good. | We accidently entered. | It is hard to study in the dank. | They went to the scholl. | She was an activate child. | We should haste to arrive on time. | We spoke to no-one. | They reported their loses.
within_pp_sp_rbst	R	The word $X may be misspelled.	We own varies cars. | We laughed buts didn’t cry. | He fell becuase he slips. | He fell becuase he slipped. | This believe is widely held. | We await your rely. | The malinger was caught. | They probablely lost. | Probablely they’ll lose. | He is probablely not the winner. | He arrived, probablely alone. | They were very exited. | They went to the play ground. | They sighed the papers. | We sat in the forth row. | They arrived on January forth. | He musn’t leave. | She drove a sport car. | We’ll comunicate with them. | We saw a monky. | They enjoyed the fire works. | He finished his home work. | She went snow boarding. | She went snow-boarding. | They admired the hand writting. | We met Marry and Kim. | They no doubtly arrived. | They stayed with in the park. | She performed with out a net. | They streched their legs. | We made some progess. | We saw hte cat. | We saw teh cat. | They in deed arrived. | They won in deed. | The european currency rose. | They jumped up and dawn. | It remained up side down. | They arrived November 1th. | They arrived November 2th. | They arrived November 3th. | That will benifit everyone. | They arrived in Febuary. | They arrived in Fabruary. | They arrived in Feburary. | They live near the Fifth Ring. | They stayed with in. | They stayed whithin the garden. | They stayed whithin. | We hurried inorder to be early. | They use to disappear. | The party was on the New Year Eve. | The down hill slope was steep. | We avoided the down hill. | We hurried down hill. | They read everyting. | We arrived in May . 2020. | They brought nothing becides books. | We didn’t do anything becides. | Becides, they were late. | They hurried in to the park. | He broke in to the room. | Biology is a blanch of science. | He thought l won. | We thought lt rained. | They liked lt. | We knew lt all was good. | She ls a writer. | She ls happy. | We take to them often. | We should hangout together. | The abovementioned article was good. | We accidently entered. | It is hard to study in the dank. | They went to the scholl. | She was an activate child. | We should haste to arrive on time. | We spoke to no-one. | They reported their loses.
within_sp2_rbst	R	The word $X may be misspelled.	We own varies cars. | We laughed buts didn’t cry. | He fell becuase he slips. | He fell becuase he slipped. | This believe is widely held. | We await your rely. | The malinger was caught. | They probablely lost. | Probablely they’ll lose. | He is probablely not the winner. | He arrived, probablely alone. | They were very exited. | They went to the play ground. | They sighed the papers. | We sat in the forth row. | They arrived on January forth. | He musn’t leave. | She drove a sport car. | We’ll comunicate with them. | We saw a monky. | They enjoyed the fire works. | He finished his home work. | She went snow boarding. | She went snow-boarding. | They admired the hand writting. | We met Marry and Kim. | They no doubtly arrived. | They stayed with in the park. | She performed with out a net. | They streched their legs. | We made some progess. | We saw hte cat. | We saw teh cat. | They in deed arrived. | They won in deed. | The european currency rose. | They jumped up and dawn. | It remained up side down. | They arrived November 1th. | They arrived November 2th. | They arrived November 3th. | That will benifit everyone. | They arrived in Febuary. | They arrived in Fabruary. | They arrived in Feburary. | They live near the Fifth Ring. | They stayed with in. | They stayed whithin the garden. | They stayed whithin. | We hurried inorder to be early. | They use to disappear. | The party was on the New Year Eve. | The down hill slope was steep. | We avoided the down hill. | We hurried down hill. | They read everyting. | We arrived in May . 2020. | They brought nothing becides books. | We didn’t do anything becides. | Becides, they were late. | They hurried in to the park. | He broke in to the room. | Biology is a blanch of science. | He thought l won. | We thought lt rained. | They liked lt. | We knew lt all was good. | She ls a writer. | She ls happy. | We take to them often. | We should hangout together. | The abovementioned article was good. | We accidently entered. | It is hard to study in the dank. | They went to the scholl. | She was an activate child. | We should haste to arrive on time. | We spoke to no-one. | They reported their loses.
within_pp_sp2_rbst	R	The word $X may be misspelled.	We own varies cars. | We laughed buts didn’t cry. | He fell becuase he slips. | He fell becuase he slipped. | This believe is widely held. | We await your rely. | The malinger was caught. | They probablely lost. | Probablely they’ll lose. | He is probablely not the winner. | He arrived, probablely alone. | They were very exited. | They went to the play ground. | They sighed the papers. | We sat in the forth row. | They arrived on January forth. | He musn’t leave. | She drove a sport car. | We’ll comunicate with them. | We saw a monky. | They enjoyed the fire works. | He finished his home work. | She went snow boarding. | She went snow-boarding. | They admired the hand writting. | We met Marry and Kim. | They no doubtly arrived. | They stayed with in the park. | She performed with out a net. | They streched their legs. | We made some progess. | We saw hte cat. | We saw teh cat. | They in deed arrived. | They won in deed. | The european currency rose. | They jumped up and dawn. | It remained up side down. | They arrived November 1th. | They arrived November 2th. | They arrived November 3th. | That will benifit everyone. | They arrived in Febuary. | They arrived in Fabruary. | They arrived in Feburary. | They live near the Fifth Ring. | They stayed with in. | They stayed whithin the garden. | They stayed whithin. | We hurried inorder to be early. | They use to disappear. | The party was on the New Year Eve. | The down hill slope was steep. | We avoided the down hill. | We hurried down hill. | They read everyting. | We arrived in May . 2020. | They brought nothing becides books. | We didn’t do anything becides. | Becides, they were late. | They hurried in to the park. | He broke in to the room. | Biology is a blanch of science. | He thought l won. | We thought lt rained. | They liked lt. | We knew lt all was good. | She ls a writer. | She ls happy. | We take to them often. | We should hangout together. | The abovementioned article was good. | We accidently entered. | It is hard to study in the dank. | They went to the scholl. | She was an activate child. | We should haste to arrive on time. | We spoke to no-one. | They reported their loses.
in_order_to_sp_rbst	R	The word $X may be misspelled.	We own varies cars. | We laughed buts didn’t cry. | He fell becuase he slips. | He fell becuase he slipped. | This believe is widely held. | We await your rely. | The malinger was caught. | They probablely lost. | Probablely they’ll lose. | He is probablely not the winner. | He arrived, probablely alone. | They were very exited. | They went to the play ground. | They sighed the papers. | We sat in the forth row. | They arrived on January forth. | He musn’t leave. | She drove a sport car. | We’ll comunicate with them. | We saw a monky. | They enjoyed the fire works. | He finished his home work. | She went snow boarding. | She went snow-boarding. | They admired the hand writting. | We met Marry and Kim. | They no doubtly arrived. | They stayed with in the park. | She performed with out a net. | They streched their legs. | We made some progess. | We saw hte cat. | We saw teh cat. | They in deed arrived. | They won in deed. | The european currency rose. | They jumped up and dawn. | It remained up side down. | They arrived November 1th. | They arrived November 2th. | They arrived November 3th. | That will benifit everyone. | They arrived in Febuary. | They arrived in Fabruary. | They arrived in Feburary. | They live near the Fifth Ring. | They stayed with in. | They stayed whithin the garden. | They stayed whithin. | We hurried inorder to be early. | They use to disappear. | The party was on the New Year Eve. | The down hill slope was steep. | We avoided the down hill. | We hurried down hill. | They read everyting. | We arrived in May . 2020. | They brought nothing becides books. | We didn’t do anything becides. | Becides, they were late. | They hurried in to the park. | He broke in to the room. | Biology is a blanch of science. | He thought l won. | We thought lt rained. | They liked lt. | We knew lt all was good. | She ls a writer. | She ls happy. | We take to them often. | We should hangout together. | The abovementioned article was good. | We accidently entered. | It is hard to study in the dank. | They went to the scholl. | She was an activate child. | We should haste to arrive on time. | We spoke to no-one. | They reported their loses.
use_to_aux_sp_rbst	R	The word $X may be misspelled.	We own varies cars. | We laughed buts didn’t cry. | He fell becuase he slips. | He fell becuase he slipped. | This believe is widely held. | We await your rely. | The malinger was caught. | They probablely lost. | Probablely they’ll lose. | He is probablely not the winner. | He arrived, probablely alone. | They were very exited. | They went to the play ground. | They sighed the papers. | We sat in the forth row. | They arrived on January forth. | He musn’t leave. | She drove a sport car. | We’ll comunicate with them. | We saw a monky. | They enjoyed the fire works. | He finished his home work. | She went snow boarding. | She went snow-boarding. | They admired the hand writting. | We met Marry and Kim. | They no doubtly arrived. | They stayed with in the park. | She performed with out a net. | They streched their legs. | We made some progess. | We saw hte cat. | We saw teh cat. | They in deed arrived. | They won in deed. | The european currency rose. | They jumped up and dawn. | It remained up side down. | They arrived November 1th. | They arrived November 2th. | They arrived November 3th. | That will benifit everyone. | They arrived in Febuary. | They arrived in Fabruary. | They arrived in Feburary. | They live near the Fifth Ring. | They stayed with in. | They stayed whithin the garden. | They stayed whithin. | We hurried inorder to be early. | They use to disappear. | The party was on the New Year Eve. | The down hill slope was steep. | We avoided the down hill. | We hurried down hill. | They read everyting. | We arrived in May . 2020. | They brought nothing becides books. | We didn’t do anything becides. | Becides, they were late. | They hurried in to the park. | He broke in to the room. | Biology is a blanch of science. | He thought l won. | We thought lt rained. | They liked lt. | We knew lt all was good. | She ls a writer. | She ls happy. | We take to them often. | We should hangout together. | The abovementioned article was good. | We accidently entered. | It is hard to study in the dank. | They went to the scholl. | She was an activate child. | We should haste to arrive on time. | We spoke to no-one. | They reported their loses.
new_year_eve_sp_rbst	R	The word $X may be misspelled.	We own varies cars. | We laughed buts didn’t cry. | He fell becuase he slips. | He fell becuase he slipped. | This believe is widely held. | We await your rely. | The malinger was caught. | They probablely lost. | Probablely they’ll lose. | He is probablely not the winner. | He arrived, probablely alone. | They were very exited. | They went to the play ground. | They sighed the papers. | We sat in the forth row. | They arrived on January forth. | He musn’t leave. | She drove a sport car. | We’ll comunicate with them. | We saw a monky. | They enjoyed the fire works. | He finished his home work. | She went snow boarding. | She went snow-boarding. | They admired the hand writting. | We met Marry and Kim. | They no doubtly arrived. | They stayed with in the park. | She performed with out a net. | They streched their legs. | We made some progess. | We saw hte cat. | We saw teh cat. | They in deed arrived. | They won in deed. | The european currency rose. | They jumped up and dawn. | It remained up side down. | They arrived November 1th. | They arrived November 2th. | They arrived November 3th. | That will benifit everyone. | They arrived in Febuary. | They arrived in Fabruary. | They arrived in Feburary. | They live near the Fifth Ring. | They stayed with in. | They stayed whithin the garden. | They stayed whithin. | We hurried inorder to be early. | They use to disappear. | The party was on the New Year Eve. | The down hill slope was steep. | We avoided the down hill. | We hurried down hill. | They read everyting. | We arrived in May . 2020. | They brought nothing becides books. | We didn’t do anything becides. | Becides, they were late. | They hurried in to the park. | He broke in to the room. | Biology is a blanch of science. | He thought l won. | We thought lt rained. | They liked lt. | We knew lt all was good. | She ls a writer. | She ls happy. | We take to them often. | We should hangout together. | The abovementioned article was good. | We accidently entered. | It is hard to study in the dank. | They went to the scholl. | She was an activate child. | We should haste to arrive on time. | We spoke to no-one. | They reported their loses.
downhill_a1_sp_rbst	R	The word $X may be misspelled.	We own varies cars. | We laughed buts didn’t cry. | He fell becuase he slips. | He fell becuase he slipped. | This believe is widely held. | We await your rely. | The malinger was caught. | They probablely lost. | Probablely they’ll lose. | He is probablely not the winner. | He arrived, probablely alone. | They were very exited. | They went to the play ground. | They sighed the papers. | We sat in the forth row. | They arrived on January forth. | He musn’t leave. | She drove a sport car. | We’ll comunicate with them. | We saw a monky. | They enjoyed the fire works. | He finished his home work. | She went snow boarding. | She went snow-boarding. | They admired the hand writting. | We met Marry and Kim. | They no doubtly arrived. | They stayed with in the park. | She performed with out a net. | They streched their legs. | We made some progess. | We saw hte cat. | We saw teh cat. | They in deed arrived. | They won in deed. | The european currency rose. | They jumped up and dawn. | It remained up side down. | They arrived November 1th. | They arrived November 2th. | They arrived November 3th. | That will benifit everyone. | They arrived in Febuary. | They arrived in Fabruary. | They arrived in Feburary. | They live near the Fifth Ring. | They stayed with in. | They stayed whithin the garden. | They stayed whithin. | We hurried inorder to be early. | They use to disappear. | The party was on the New Year Eve. | The down hill slope was steep. | We avoided the down hill. | We hurried down hill. | They read everyting. | We arrived in May . 2020. | They brought nothing becides books. | We didn’t do anything becides. | Becides, they were late. | They hurried in to the park. | He broke in to the room. | Biology is a blanch of science. | He thought l won. | We thought lt rained. | They liked lt. | We knew lt all was good. | She ls a writer. | She ls happy. | We take to them often. | We should hangout together. | The abovementioned article was good. | We accidently entered. | It is hard to study in the dank. | They went to the scholl. | She was an activate child. | We should haste to arrive on time. | We spoke to no-one. | They reported their loses.
downhill_n1_sp_rbst	R	The word $X may be misspelled.	We own varies cars. | We laughed buts didn’t cry. | He fell becuase he slips. | He fell becuase he slipped. | This believe is widely held. | We await your rely. | The malinger was caught. | They probablely lost. | Probablely they’ll lose. | He is probablely not the winner. | He arrived, probablely alone. | They were very exited. | They went to the play ground. | They sighed the papers. | We sat in the forth row. | They arrived on January forth. | He musn’t leave. | She drove a sport car. | We’ll comunicate with them. | We saw a monky. | They enjoyed the fire works. | He finished his home work. | She went snow boarding. | She went snow-boarding. | They admired the hand writting. | We met Marry and Kim. | They no doubtly arrived. | They stayed with in the park. | She performed with out a net. | They streched their legs. | We made some progess. | We saw hte cat. | We saw teh cat. | They in deed arrived. | They won in deed. | The european currency rose. | They jumped up and dawn. | It remained up side down. | They arrived November 1th. | They arrived November 2th. | They arrived November 3th. | That will benifit everyone. | They arrived in Febuary. | They arrived in Fabruary. | They arrived in Feburary. | They live near the Fifth Ring. | They stayed with in. | They stayed whithin the garden. | They stayed whithin. | We hurried inorder to be early. | They use to disappear. | The party was on the New Year Eve. | The down hill slope was steep. | We avoided the down hill. | We hurried down hill. | They read everyting. | We arrived in May . 2020. | They brought nothing becides books. | We didn’t do anything becides. | Becides, they were late. | They hurried in to the park. | He broke in to the room. | Biology is a blanch of science. | He thought l won. | We thought lt rained. | They liked lt. | We knew lt all was good. | She ls a writer. | She ls happy. | We take to them often. | We should hangout together. | The abovementioned article was good. | We accidently entered. | It is hard to study in the dank. | They went to the scholl. | She was an activate child. | We should haste to arrive on time. | We spoke to no-one. | They reported their loses.
downhill_pp_sp_rbst	R	The word $X may be misspelled.	We own varies cars. | We laughed buts didn’t cry. | He fell becuase he slips. | He fell becuase he slipped. | This believe is widely held. | We await your rely. | The malinger was caught. | They probablely lost. | Probablely they’ll lose. | He is probablely not the winner. | He arrived, probablely alone. | They were very exited. | They went to the play ground. | They sighed the papers. | We sat in the forth row. | They arrived on January forth. | He musn’t leave. | She drove a sport car. | We’ll comunicate with them. | We saw a monky. | They enjoyed the fire works. | He finished his home work. | She went snow boarding. | She went snow-boarding. | They admired the hand writting. | We met Marry and Kim. | They no doubtly arrived. | They stayed with in the park. | She performed with out a net. | They streched their legs. | We made some progess. | We saw hte cat. | We saw teh cat. | They in deed arrived. | They won in deed. | The european currency rose. | They jumped up and dawn. | It remained up side down. | They arrived November 1th. | They arrived November 2th. | They arrived November 3th. | That will benifit everyone. | They arrived in Febuary. | They arrived in Fabruary. | They arrived in Feburary. | They live near the Fifth Ring. | They stayed with in. | They stayed whithin the garden. | They stayed whithin. | We hurried inorder to be early. | They use to disappear. | The party was on the New Year Eve. | The down hill slope was steep. | We avoided the down hill. | We hurried down hill. | They read everyting. | We arrived in May . 2020. | They brought nothing becides books. | We didn’t do anything becides. | Becides, they were late. | They hurried in to the park. | He broke in to the room. | Biology is a blanch of science. | He thought l won. | We thought lt rained. | They liked lt. | We knew lt all was good. | She ls a writer. | She ls happy. | We take to them often. | We should hangout together. | The abovementioned article was good. | We accidently entered. | It is hard to study in the dank. | They went to the scholl. | She was an activate child. | We should haste to arrive on time. | We spoke to no-one. | They reported their loses.
everything_sp_rbst	R	The word $X may be misspelled.	We own varies cars. | We laughed buts didn’t cry. | He fell becuase he slips. | He fell becuase he slipped. | This believe is widely held. | We await your rely. | The malinger was caught. | They probablely lost. | Probablely they’ll lose. | He is probablely not the winner. | He arrived, probablely alone. | They were very exited. | They went to the play ground. | They sighed the papers. | We sat in the forth row. | They arrived on January forth. | He musn’t leave. | She drove a sport car. | We’ll comunicate with them. | We saw a monky. | They enjoyed the fire works. | He finished his home work. | She went snow boarding. | She went snow-boarding. | They admired the hand writting. | We met Marry and Kim. | They no doubtly arrived. | They stayed with in the park. | She performed with out a net. | They streched their legs. | We made some progess. | We saw hte cat. | We saw teh cat. | They in deed arrived. | They won in deed. | The european currency rose. | They jumped up and dawn. | It remained up side down. | They arrived November 1th. | They arrived November 2th. | They arrived November 3th. | That will benifit everyone. | They arrived in Febuary. | They arrived in Fabruary. | They arrived in Feburary. | They live near the Fifth Ring. | They stayed with in. | They stayed whithin the garden. | They stayed whithin. | We hurried inorder to be early. | They use to disappear. | The party was on the New Year Eve. | The down hill slope was steep. | We avoided the down hill. | We hurried down hill. | They read everyting. | We arrived in May . 2020. | They brought nothing becides books. | We didn’t do anything becides. | Becides, they were late. | They hurried in to the park. | He broke in to the room. | Biology is a blanch of science. | He thought l won. | We thought lt rained. | They liked lt. | We knew lt all was good. | She ls a writer. | She ls happy. | We take to them often. | We should hangout together. | The abovementioned article was good. | We accidently entered. | It is hard to study in the dank. | They went to the scholl. | She was an activate child. | We should haste to arrive on time. | We spoke to no-one. | They reported their loses.
may_n1_noabb_rbst	R	The word $X may be misspelled.	We own varies cars. | We laughed buts didn’t cry. | He fell becuase he slips. | He fell becuase he slipped. | This believe is widely held. | We await your rely. | The malinger was caught. | They probablely lost. | Probablely they’ll lose. | He is probablely not the winner. | He arrived, probablely alone. | They were very exited. | They went to the play ground. | They sighed the papers. | We sat in the forth row. | They arrived on January forth. | He musn’t leave. | She drove a sport car. | We’ll comunicate with them. | We saw a monky. | They enjoyed the fire works. | He finished his home work. | She went snow boarding. | She went snow-boarding. | They admired the hand writting. | We met Marry and Kim. | They no doubtly arrived. | They stayed with in the park. | She performed with out a net. | They streched their legs. | We made some progess. | We saw hte cat. | We saw teh cat. | They in deed arrived. | They won in deed. | The european currency rose. | They jumped up and dawn. | It remained up side down. | They arrived November 1th. | They arrived November 2th. | They arrived November 3th. | That will benifit everyone. | They arrived in Febuary. | They arrived in Fabruary. | They arrived in Feburary. | They live near the Fifth Ring. | They stayed with in. | They stayed whithin the garden. | They stayed whithin. | We hurried inorder to be early. | They use to disappear. | The party was on the New Year Eve. | The down hill slope was steep. | We avoided the down hill. | We hurried down hill. | They read everyting. | We arrived in May . 2020. | They brought nothing becides books. | We didn’t do anything becides. | Becides, they were late. | They hurried in to the park. | He broke in to the room. | Biology is a blanch of science. | He thought l won. | We thought lt rained. | They liked lt. | We knew lt all was good. | She ls a writer. | She ls happy. | We take to them often. | We should hangout together. | The abovementioned article was good. | We accidently entered. | It is hard to study in the dank. | They went to the scholl. | She was an activate child. | We should haste to arrive on time. | We spoke to no-one. | They reported their loses.
besides_sp_rbst	R	The word $X may be misspelled.	We own varies cars. | We laughed buts didn’t cry. | He fell becuase he slips. | He fell becuase he slipped. | This believe is widely held. | We await your rely. | The malinger was caught. | They probablely lost. | Probablely they’ll lose. | He is probablely not the winner. | He arrived, probablely alone. | They were very exited. | They went to the play ground. | They sighed the papers. | We sat in the forth row. | They arrived on January forth. | He musn’t leave. | She drove a sport car. | We’ll comunicate with them. | We saw a monky. | They enjoyed the fire works. | He finished his home work. | She went snow boarding. | She went snow-boarding. | They admired the hand writting. | We met Marry and Kim. | They no doubtly arrived. | They stayed with in the park. | She performed with out a net. | They streched their legs. | We made some progess. | We saw hte cat. | We saw teh cat. | They in deed arrived. | They won in deed. | The european currency rose. | They jumped up and dawn. | It remained up side down. | They arrived November 1th. | They arrived November 2th. | They arrived November 3th. | That will benifit everyone. | They arrived in Febuary. | They arrived in Fabruary. | They arrived in Feburary. | They live near the Fifth Ring. | They stayed with in. | They stayed whithin the garden. | They stayed whithin. | We hurried inorder to be early. | They use to disappear. | The party was on the New Year Eve. | The down hill slope was steep. | We avoided the down hill. | We hurried down hill. | They read everyting. | We arrived in May . 2020. | They brought nothing becides books. | We didn’t do anything becides. | Becides, they were late. | They hurried in to the park. | He broke in to the room. | Biology is a blanch of science. | He thought l won. | We thought lt rained. | They liked lt. | We knew lt all was good. | She ls a writer. | She ls happy. | We take to them often. | We should hangout together. | The abovementioned article was good. | We accidently entered. | It is hard to study in the dank. | They went to the scholl. | She was an activate child. | We should haste to arrive on time. | We spoke to no-one. | They reported their loses.
besides_adv1_sp_rbst	R	The word $X may be misspelled.	We own varies cars. | We laughed buts didn’t cry. | He fell becuase he slips. | He fell becuase he slipped. | This believe is widely held. | We await your rely. | The malinger was caught. | They probablely lost. | Probablely they’ll lose. | He is probablely not the winner. | He arrived, probablely alone. | They were very exited. | They went to the play ground. | They sighed the papers. | We sat in the forth row. | They arrived on January forth. | He musn’t leave. | She drove a sport car. | We’ll comunicate with them. | We saw a monky. | They enjoyed the fire works. | He finished his home work. | She went snow boarding. | She went snow-boarding. | They admired the hand writting. | We met Marry and Kim. | They no doubtly arrived. | They stayed with in the park. | She performed with out a net. | They streched their legs. | We made some progess. | We saw hte cat. | We saw teh cat. | They in deed arrived. | They won in deed. | The european currency rose. | They jumped up and dawn. | It remained up side down. | They arrived November 1th. | They arrived November 2th. | They arrived November 3th. | That will benifit everyone. | They arrived in Febuary. | They arrived in Fabruary. | They arrived in Feburary. | They live near the Fifth Ring. | They stayed with in. | They stayed whithin the garden. | They stayed whithin. | We hurried inorder to be early. | They use to disappear. | The party was on the New Year Eve. | The down hill slope was steep. | We avoided the down hill. | We hurried down hill. | They read everyting. | We arrived in May . 2020. | They brought nothing becides books. | We didn’t do anything becides. | Becides, they were late. | They hurried in to the park. | He broke in to the room. | Biology is a blanch of science. | He thought l won. | We thought lt rained. | They liked lt. | We knew lt all was good. | She ls a writer. | She ls happy. | We take to them often. | We should hangout together. | The abovementioned article was good. | We accidently entered. | It is hard to study in the dank. | They went to the scholl. | She was an activate child. | We should haste to arrive on time. | We spoke to no-one. | They reported their loses.
besides_adv2_sp_rbst	R	The word $X may be misspelled.	We own varies cars. | We laughed buts didn’t cry. | He fell becuase he slips. | He fell becuase he slipped. | This believe is widely held. | We await your rely. | The malinger was caught. | They probablely lost. | Probablely they’ll lose. | He is probablely not the winner. | He arrived, probablely alone. | They were very exited. | They went to the play ground. | They sighed the papers. | We sat in the forth row. | They arrived on January forth. | He musn’t leave. | She drove a sport car. | We’ll comunicate with them. | We saw a monky. | They enjoyed the fire works. | He finished his home work. | She went snow boarding. | She went snow-boarding. | They admired the hand writting. | We met Marry and Kim. | They no doubtly arrived. | They stayed with in the park. | She performed with out a net. | They streched their legs. | We made some progess. | We saw hte cat. | We saw teh cat. | They in deed arrived. | They won in deed. | The european currency rose. | They jumped up and dawn. | It remained up side down. | They arrived November 1th. | They arrived November 2th. | They arrived November 3th. | That will benifit everyone. | They arrived in Febuary. | They arrived in Fabruary. | They arrived in Feburary. | They live near the Fifth Ring. | They stayed with in. | They stayed whithin the garden. | They stayed whithin. | We hurried inorder to be early. | They use to disappear. | The party was on the New Year Eve. | The down hill slope was steep. | We avoided the down hill. | We hurried down hill. | They read everyting. | We arrived in May . 2020. | They brought nothing becides books. | We didn’t do anything becides. | Becides, they were late. | They hurried in to the park. | He broke in to the room. | Biology is a blanch of science. | He thought l won. | We thought lt rained. | They liked lt. | We knew lt all was good. | She ls a writer. | She ls happy. | We take to them often. | We should hangout together. | The abovementioned article was good. | We accidently entered. | It is hard to study in the dank. | They went to the scholl. | She was an activate child. | We should haste to arrive on time. | We spoke to no-one. | They reported their loses.
into_sp_rbst	R	The word $X may be misspelled.	We own varies cars. | We laughed buts didn’t cry. | He fell becuase he slips. | He fell becuase he slipped. | This believe is widely held. | We await your rely. | The malinger was caught. | They probablely lost. | Probablely they’ll lose. | He is probablely not the winner. | He arrived, probablely alone. | They were very exited. | They went to the play ground. | They sighed the papers. | We sat in the forth row. | They arrived on January forth. | He musn’t leave. | She drove a sport car. | We’ll comunicate with them. | We saw a monky. | They enjoyed the fire works. | He finished his home work. | She went snow boarding. | She went snow-boarding. | They admired the hand writting. | We met Marry and Kim. | They no doubtly arrived. | They stayed with in the park. | She performed with out a net. | They streched their legs. | We made some progess. | We saw hte cat. | We saw teh cat. | They in deed arrived. | They won in deed. | The european currency rose. | They jumped up and dawn. | It remained up side down. | They arrived November 1th. | They arrived November 2th. | They arrived November 3th. | That will benifit everyone. | They arrived in Febuary. | They arrived in Fabruary. | They arrived in Feburary. | They live near the Fifth Ring. | They stayed with in. | They stayed whithin the garden. | They stayed whithin. | We hurried inorder to be early. | They use to disappear. | The party was on the New Year Eve. | The down hill slope was steep. | We avoided the down hill. | We hurried down hill. | They read everyting. | We arrived in May . 2020. | They brought nothing becides books. | We didn’t do anything becides. | Becides, they were late. | They hurried in to the park. | He broke in to the room. | Biology is a blanch of science. | He thought l won. | We thought lt rained. | They liked lt. | We knew lt all was good. | She ls a writer. | She ls happy. | We take to them often. | We should hangout together. | The abovementioned article was good. | We accidently entered. | It is hard to study in the dank. | They went to the scholl. | She was an activate child. | We should haste to arrive on time. | We spoke to no-one. | They reported their loses.
into_prtcl_sp_rbst	R	The word $X may be misspelled.	We own varies cars. | We laughed buts didn’t cry. | He fell becuase he slips. | He fell becuase he slipped. | This believe is widely held. | We await your rely. | The malinger was caught. | They probablely lost. | Probablely they’ll lose. | He is probablely not the winner. | He arrived, probablely alone. | They were very exited. | They went to the play ground. | They sighed the papers. | We sat in the forth row. | They arrived on January forth. | He musn’t leave. | She drove a sport car. | We’ll comunicate with them. | We saw a monky. | They enjoyed the fire works. | He finished his home work. | She went snow boarding. | She went snow-boarding. | They admired the hand writting. | We met Marry and Kim. | They no doubtly arrived. | They stayed with in the park. | She performed with out a net. | They streched their legs. | We made some progess. | We saw hte cat. | We saw teh cat. | They in deed arrived. | They won in deed. | The european currency rose. | They jumped up and dawn. | It remained up side down. | They arrived November 1th. | They arrived November 2th. | They arrived November 3th. | That will benifit everyone. | They arrived in Febuary. | They arrived in Fabruary. | They arrived in Feburary. | They live near the Fifth Ring. | They stayed with in. | They stayed whithin the garden. | They stayed whithin. | We hurried inorder to be early. | They use to disappear. | The party was on the New Year Eve. | The down hill slope was steep. | We avoided the down hill. | We hurried down hill. | They read everyting. | We arrived in May . 2020. | They brought nothing becides books. | We didn’t do anything becides. | Becides, they were late. | They hurried in to the park. | He broke in to the room. | Biology is a blanch of science. | He thought l won. | We thought lt rained. | They liked lt. | We knew lt all was good. | She ls a writer. | She ls happy. | We take to them often. | We should hangout together. | The abovementioned article was good. | We accidently entered. | It is hard to study in the dank. | They went to the scholl. | She was an activate child. | We should haste to arrive on time. | We spoke to no-one. | They reported their loses.
blanch_n1_sp_rbst	R	The word $X may be misspelled.	We own varies cars. | We laughed buts didn’t cry. | He fell becuase he slips. | He fell becuase he slipped. | This believe is widely held. | We await your rely. | The malinger was caught. | They probablely lost. | Probablely they’ll lose. | He is probablely not the winner. | He arrived, probablely alone. | They were very exited. | They went to the play ground. | They sighed the papers. | We sat in the forth row. | They arrived on January forth. | He musn’t leave. | She drove a sport car. | We’ll comunicate with them. | We saw a monky. | They enjoyed the fire works. | He finished his home work. | She went snow boarding. | She went snow-boarding. | They admired the hand writting. | We met Marry and Kim. | They no doubtly arrived. | They stayed with in the park. | She performed with out a net. | They streched their legs. | We made some progess. | We saw hte cat. | We saw teh cat. | They in deed arrived. | They won in deed. | The european currency rose. | They jumped up and dawn. | It remained up side down. | They arrived November 1th. | They arrived November 2th. | They arrived November 3th. | That will benifit everyone. | They arrived in Febuary. | They arrived in Fabruary. | They arrived in Feburary. | They live near the Fifth Ring. | They stayed with in. | They stayed whithin the garden. | They stayed whithin. | We hurried inorder to be early. | They use to disappear. | The party was on the New Year Eve. | The down hill slope was steep. | We avoided the down hill. | We hurried down hill. | They read everyting. | We arrived in May . 2020. | They brought nothing becides books. | We didn’t do anything becides. | Becides, they were late. | They hurried in to the park. | He broke in to the room. | Biology is a blanch of science. | He thought l won. | We thought lt rained. | They liked lt. | We knew lt all was good. | She ls a writer. | She ls happy. | We take to them often. | We should hangout together. | The abovementioned article was good. | We accidently entered. | It is hard to study in the dank. | They went to the scholl. | She was an activate child. | We should haste to arrive on time. | We spoke to no-one. | They reported their loses.
i_spelled_l_rbst	R	The word $X may be misspelled.	We own varies cars. | We laughed buts didn’t cry. | He fell becuase he slips. | He fell becuase he slipped. | This believe is widely held. | We await your rely. | The malinger was caught. | They probablely lost. | Probablely they’ll lose. | He is probablely not the winner. | He arrived, probablely alone. | They were very exited. | They went to the play ground. | They sighed the papers. | We sat in the forth row. | They arrived on January forth. | He musn’t leave. | She drove a sport car. | We’ll comunicate with them. | We saw a monky. | They enjoyed the fire works. | He finished his home work. | She went snow boarding. | She went snow-boarding. | They admired the hand writting. | We met Marry and Kim. | They no doubtly arrived. | They stayed with in the park. | She performed with out a net. | They streched their legs. | We made some progess. | We saw hte cat. | We saw teh cat. | They in deed arrived. | They won in deed. | The european currency rose. | They jumped up and dawn. | It remained up side down. | They arrived November 1th. | They arrived November 2th. | They arrived November 3th. | That will benifit everyone. | They arrived in Febuary. | They arrived in Fabruary. | They arrived in Feburary. | They live near the Fifth Ring. | They stayed with in. | They stayed whithin the garden. | They stayed whithin. | We hurried inorder to be early. | They use to disappear. | The party was on the New Year Eve. | The down hill slope was steep. | We avoided the down hill. | We hurried down hill. | They read everyting. | We arrived in May . 2020. | They brought nothing becides books. | We didn’t do anything becides. | Becides, they were late. | They hurried in to the park. | He broke in to the room. | Biology is a blanch of science. | He thought l won. | We thought lt rained. | They liked lt. | We knew lt all was good. | She ls a writer. | She ls happy. | We take to them often. | We should hangout together. | The abovementioned article was good. | We accidently entered. | It is hard to study in the dank. | They went to the scholl. | She was an activate child. | We should haste to arrive on time. | We spoke to no-one. | They reported their loses.
it_sp_rbst	R	The word $X may be misspelled.	We own varies cars. | We laughed buts didn’t cry. | He fell becuase he slips. | He fell becuase he slipped. | This believe is widely held. | We await your rely. | The malinger was caught. | They probablely lost. | Probablely they’ll lose. | He is probablely not the winner. | He arrived, probablely alone. | They were very exited. | They went to the play ground. | They sighed the papers. | We sat in the forth row. | They arrived on January forth. | He musn’t leave. | She drove a sport car. | We’ll comunicate with them. | We saw a monky. | They enjoyed the fire works. | He finished his home work. | She went snow boarding. | She went snow-boarding. | They admired the hand writting. | We met Marry and Kim. | They no doubtly arrived. | They stayed with in the park. | She performed with out a net. | They streched their legs. | We made some progess. | We saw hte cat. | We saw teh cat. | They in deed arrived. | They won in deed. | The european currency rose. | They jumped up and dawn. | It remained up side down. | They arrived November 1th. | They arrived November 2th. | They arrived November 3th. | That will benifit everyone. | They arrived in Febuary. | They arrived in Fabruary. | They arrived in Feburary. | They live near the Fifth Ring. | They stayed with in. | They stayed whithin the garden. | They stayed whithin. | We hurried inorder to be early. | They use to disappear. | The party was on the New Year Eve. | The down hill slope was steep. | We avoided the down hill. | We hurried down hill. | They read everyting. | We arrived in May . 2020. | They brought nothing becides books. | We didn’t do anything becides. | Becides, they were late. | They hurried in to the park. | He broke in to the room. | Biology is a blanch of science. | He thought l won. | We thought lt rained. | They liked lt. | We knew lt all was good. | She ls a writer. | She ls happy. | We take to them often. | We should hangout together. | The abovementioned article was good. | We accidently entered. | It is hard to study in the dank. | They went to the scholl. | She was an activate child. | We should haste to arrive on time. | We spoke to no-one. | They reported their loses.
it2_sp_rbst	R	The word $X may be misspelled.	We own varies cars. | We laughed buts didn’t cry. | He fell becuase he slips. | He fell becuase he slipped. | This believe is widely held. | We await your rely. | The malinger was caught. | They probablely lost. | Probablely they’ll lose. | He is probablely not the winner. | He arrived, probablely alone. | They were very exited. | They went to the play ground. | They sighed the papers. | We sat in the forth row. | They arrived on January forth. | He musn’t leave. | She drove a sport car. | We’ll comunicate with them. | We saw a monky. | They enjoyed the fire works. | He finished his home work. | She went snow boarding. | She went snow-boarding. | They admired the hand writting. | We met Marry and Kim. | They no doubtly arrived. | They stayed with in the park. | She performed with out a net. | They streched their legs. | We made some progess. | We saw hte cat. | We saw teh cat. | They in deed arrived. | They won in deed. | The european currency rose. | They jumped up and dawn. | It remained up side down. | They arrived November 1th. | They arrived November 2th. | They arrived November 3th. | That will benifit everyone. | They arrived in Febuary. | They arrived in Fabruary. | They arrived in Feburary. | They live near the Fifth Ring. | They stayed with in. | They stayed whithin the garden. | They stayed whithin. | We hurried inorder to be early. | They use to disappear. | The party was on the New Year Eve. | The down hill slope was steep. | We avoided the down hill. | We hurried down hill. | They read everyting. | We arrived in May . 2020. | They brought nothing becides books. | We didn’t do anything becides. | Becides, they were late. | They hurried in to the park. | He broke in to the room. | Biology is a blanch of science. | He thought l won. | We thought lt rained. | They liked lt. | We knew lt all was good. | She ls a writer. | She ls happy. | We take to them often. | We should hangout together. | The abovementioned article was good. | We accidently entered. | It is hard to study in the dank. | They went to the scholl. | She was an activate child. | We should haste to arrive on time. | We spoke to no-one. | They reported their loses.
it_3_sp_rbst	R	The word $X may be misspelled.	We own varies cars. | We laughed buts didn’t cry. | He fell becuase he slips. | He fell becuase he slipped. | This believe is widely held. | We await your rely. | The malinger was caught. | They probablely lost. | Probablely they’ll lose. | He is probablely not the winner. | He arrived, probablely alone. | They were very exited. | They went to the play ground. | They sighed the papers. | We sat in the forth row. | They arrived on January forth. | He musn’t leave. | She drove a sport car. | We’ll comunicate with them. | We saw a monky. | They enjoyed the fire works. | He finished his home work. | She went snow boarding. | She went snow-boarding. | They admired the hand writting. | We met Marry and Kim. | They no doubtly arrived. | They stayed with in the park. | She performed with out a net. | They streched their legs. | We made some progess. | We saw hte cat. | We saw teh cat. | They in deed arrived. | They won in deed. | The european currency rose. | They jumped up and dawn. | It remained up side down. | They arrived November 1th. | They arrived November 2th. | They arrived November 3th. | That will benifit everyone. | They arrived in Febuary. | They arrived in Fabruary. | They arrived in Feburary. | They live near the Fifth Ring. | They stayed with in. | They stayed whithin the garden. | They stayed whithin. | We hurried inorder to be early. | They use to disappear. | The party was on the New Year Eve. | The down hill slope was steep. | We avoided the down hill. | We hurried down hill. | They read everyting. | We arrived in May . 2020. | They brought nothing becides books. | We didn’t do anything becides. | Becides, they were late. | They hurried in to the park. | He broke in to the room. | Biology is a blanch of science. | He thought l won. | We thought lt rained. | They liked lt. | We knew lt all was good. | She ls a writer. | She ls happy. | We take to them often. | We should hangout together. | The abovementioned article was good. | We accidently entered. | It is hard to study in the dank. | They went to the scholl. | She was an activate child. | We should haste to arrive on time. | We spoke to no-one. | They reported their loses.
be_id_is_sp_rbst	R	The word $X may be misspelled.	We own varies cars. | We laughed buts didn’t cry. | He fell becuase he slips. | He fell becuase he slipped. | This believe is widely held. | We await your rely. | The malinger was caught. | They probablely lost. | Probablely they’ll lose. | He is probablely not the winner. | He arrived, probablely alone. | They were very exited. | They went to the play ground. | They sighed the papers. | We sat in the forth row. | They arrived on January forth. | He musn’t leave. | She drove a sport car. | We’ll comunicate with them. | We saw a monky. | They enjoyed the fire works. | He finished his home work. | She went snow boarding. | She went snow-boarding. | They admired the hand writting. | We met Marry and Kim. | They no doubtly arrived. | They stayed with in the park. | She performed with out a net. | They streched their legs. | We made some progess. | We saw hte cat. | We saw teh cat. | They in deed arrived. | They won in deed. | The european currency rose. | They jumped up and dawn. | It remained up side down. | They arrived November 1th. | They arrived November 2th. | They arrived November 3th. | That will benifit everyone. | They arrived in Febuary. | They arrived in Fabruary. | They arrived in Feburary. | They live near the Fifth Ring. | They stayed with in. | They stayed whithin the garden. | They stayed whithin. | We hurried inorder to be early. | They use to disappear. | The party was on the New Year Eve. | The down hill slope was steep. | We avoided the down hill. | We hurried down hill. | They read everyting. | We arrived in May . 2020. | They brought nothing becides books. | We didn’t do anything becides. | Becides, they were late. | They hurried in to the park. | He broke in to the room. | Biology is a blanch of science. | He thought l won. | We thought lt rained. | They liked lt. | We knew lt all was good. | She ls a writer. | She ls happy. | We take to them often. | We should hangout together. | The abovementioned article was good. | We accidently entered. | It is hard to study in the dank. | They went to the scholl. | She was an activate child. | We should haste to arrive on time. | We spoke to no-one. | They reported their loses.
be_c_is_sp_rbst	R	The word $X may be misspelled.	We own varies cars. | We laughed buts didn’t cry. | He fell becuase he slips. | He fell becuase he slipped. | This believe is widely held. | We await your rely. | The malinger was caught. | They probablely lost. | Probablely they’ll lose. | He is probablely not the winner. | He arrived, probablely alone. | They were very exited. | They went to the play ground. | They sighed the papers. | We sat in the forth row. | They arrived on January forth. | He musn’t leave. | She drove a sport car. | We’ll comunicate with them. | We saw a monky. | They enjoyed the fire works. | He finished his home work. | She went snow boarding. | She went snow-boarding. | They admired the hand writting. | We met Marry and Kim. | They no doubtly arrived. | They stayed with in the park. | She performed with out a net. | They streched their legs. | We made some progess. | We saw hte cat. | We saw teh cat. | They in deed arrived. | They won in deed. | The european currency rose. | They jumped up and dawn. | It remained up side down. | They arrived November 1th. | They arrived November 2th. | They arrived November 3th. | That will benifit everyone. | They arrived in Febuary. | They arrived in Fabruary. | They arrived in Feburary. | They live near the Fifth Ring. | They stayed with in. | They stayed whithin the garden. | They stayed whithin. | We hurried inorder to be early. | They use to disappear. | The party was on the New Year Eve. | The down hill slope was steep. | We avoided the down hill. | We hurried down hill. | They read everyting. | We arrived in May . 2020. | They brought nothing becides books. | We didn’t do anything becides. | Becides, they were late. | They hurried in to the park. | He broke in to the room. | Biology is a blanch of science. | He thought l won. | We thought lt rained. | They liked lt. | We knew lt all was good. | She ls a writer. | She ls happy. | We take to them often. | We should hangout together. | The abovementioned article was good. | We accidently entered. | It is hard to study in the dank. | They went to the scholl. | She was an activate child. | We should haste to arrive on time. | We spoke to no-one. | They reported their loses.
talk_take_v1_sp_rbst	R	The word $X may be misspelled.	We own varies cars. | We laughed buts didn’t cry. | He fell becuase he slips. | He fell becuase he slipped. | This believe is widely held. | We await your rely. | The malinger was caught. | They probablely lost. | Probablely they’ll lose. | He is probablely not the winner. | He arrived, probablely alone. | They were very exited. | They went to the play ground. | They sighed the papers. | We sat in the forth row. | They arrived on January forth. | He musn’t leave. | She drove a sport car. | We’ll comunicate with them. | We saw a monky. | They enjoyed the fire works. | He finished his home work. | She went snow boarding. | She went snow-boarding. | They admired the hand writting. | We met Marry and Kim. | They no doubtly arrived. | They stayed with in the park. | She performed with out a net. | They streched their legs. | We made some progess. | We saw hte cat. | We saw teh cat. | They in deed arrived. | They won in deed. | The european currency rose. | They jumped up and dawn. | It remained up side down. | They arrived November 1th. | They arrived November 2th. | They arrived November 3th. | That will benifit everyone. | They arrived in Febuary. | They arrived in Fabruary. | They arrived in Feburary. | They live near the Fifth Ring. | They stayed with in. | They stayed whithin the garden. | They stayed whithin. | We hurried inorder to be early. | They use to disappear. | The party was on the New Year Eve. | The down hill slope was steep. | We avoided the down hill. | We hurried down hill. | They read everyting. | We arrived in May . 2020. | They brought nothing becides books. | We didn’t do anything becides. | Becides, they were late. | They hurried in to the park. | He broke in to the room. | Biology is a blanch of science. | He thought l won. | We thought lt rained. | They liked lt. | We knew lt all was good. | She ls a writer. | She ls happy. | We take to them often. | We should hangout together. | The abovementioned article was good. | We accidently entered. | It is hard to study in the dank. | They went to the scholl. | She was an activate child. | We should haste to arrive on time. | We spoke to no-one. | They reported their loses.
hang_out_v1_sp_rbst	R	The word $X may be misspelled.	We own varies cars. | We laughed buts didn’t cry. | He fell becuase he slips. | He fell becuase he slipped. | This believe is widely held. | We await your rely. | The malinger was caught. | They probablely lost. | Probablely they’ll lose. | He is probablely not the winner. | He arrived, probablely alone. | They were very exited. | They went to the play ground. | They sighed the papers. | We sat in the forth row. | They arrived on January forth. | He musn’t leave. | She drove a sport car. | We’ll comunicate with them. | We saw a monky. | They enjoyed the fire works. | He finished his home work. | She went snow boarding. | She went snow-boarding. | They admired the hand writting. | We met Marry and Kim. | They no doubtly arrived. | They stayed with in the park. | She performed with out a net. | They streched their legs. | We made some progess. | We saw hte cat. | We saw teh cat. | They in deed arrived. | They won in deed. | The european currency rose. | They jumped up and dawn. | It remained up side down. | They arrived November 1th. | They arrived November 2th. | They arrived November 3th. | That will benifit everyone. | They arrived in Febuary. | They arrived in Fabruary. | They arrived in Feburary. | They live near the Fifth Ring. | They stayed with in. | They stayed whithin the garden. | They stayed whithin. | We hurried inorder to be early. | They use to disappear. | The party was on the New Year Eve. | The down hill slope was steep. | We avoided the down hill. | We hurried down hill. | They read everyting. | We arrived in May . 2020. | They brought nothing becides books. | We didn’t do anything becides. | Becides, they were late. | They hurried in to the park. | He broke in to the room. | Biology is a blanch of science. | He thought l won. | We thought lt rained. | They liked lt. | We knew lt all was good. | She ls a writer. | She ls happy. | We take to them often. | We should hangout together. | The abovementioned article was good. | We accidently entered. | It is hard to study in the dank. | They went to the scholl. | She was an activate child. | We should haste to arrive on time. | We spoke to no-one. | They reported their loses.
above_mentioned_a1_sp_rbst	R	The word $X may be misspelled.	We own varies cars. | We laughed buts didn’t cry. | He fell becuase he slips. | He fell becuase he slipped. | This believe is widely held. | We await your rely. | The malinger was caught. | They probablely lost. | Probablely they’ll lose. | He is probablely not the winner. | He arrived, probablely alone. | They were very exited. | They went to the play ground. | They sighed the papers. | We sat in the forth row. | They arrived on January forth. | He musn’t leave. | She drove a sport car. | We’ll comunicate with them. | We saw a monky. | They enjoyed the fire works. | He finished his home work. | She went snow boarding. | She went snow-boarding. | They admired the hand writting. | We met Marry and Kim. | They no doubtly arrived. | They stayed with in the park. | She performed with out a net. | They streched their legs. | We made some progess. | We saw hte cat. | We saw teh cat. | They in deed arrived. | They won in deed. | The european currency rose. | They jumped up and dawn. | It remained up side down. | They arrived November 1th. | They arrived November 2th. | They arrived November 3th. | That will benifit everyone. | They arrived in Febuary. | They arrived in Fabruary. | They arrived in Feburary. | They live near the Fifth Ring. | They stayed with in. | They stayed whithin the garden. | They stayed whithin. | We hurried inorder to be early. | They use to disappear. | The party was on the New Year Eve. | The down hill slope was steep. | We avoided the down hill. | We hurried down hill. | They read everyting. | We arrived in May . 2020. | They brought nothing becides books. | We didn’t do anything becides. | Becides, they were late. | They hurried in to the park. | He broke in to the room. | Biology is a blanch of science. | He thought l won. | We thought lt rained. | They liked lt. | We knew lt all was good. | She ls a writer. | She ls happy. | We take to them often. | We should hangout together. | The abovementioned article was good. | We accidently entered. | It is hard to study in the dank. | They went to the scholl. | She was an activate child. | We should haste to arrive on time. | We spoke to no-one. | They reported their loses.
accidentally_adv1_sp_rbst	R	The word $X may be misspelled.	We own varies cars. | We laughed buts didn’t cry. | He fell becuase he slips. | He fell becuase he slipped. | This believe is widely held. | We await your rely. | The malinger was caught. | They probablely lost. | Probablely they’ll lose. | He is probablely not the winner. | He arrived, probablely alone. | They were very exited. | They went to the play ground. | They sighed the papers. | We sat in the forth row. | They arrived on January forth. | He musn’t leave. | She drove a sport car. | We’ll comunicate with them. | We saw a monky. | They enjoyed the fire works. | He finished his home work. | She went snow boarding. | She went snow-boarding. | They admired the hand writting. | We met Marry and Kim. | They no doubtly arrived. | They stayed with in the park. | She performed with out a net. | They streched their legs. | We made some progess. | We saw hte cat. | We saw teh cat. | They in deed arrived. | They won in deed. | The european currency rose. | They jumped up and dawn. | It remained up side down. | They arrived November 1th. | They arrived November 2th. | They arrived November 3th. | That will benifit everyone. | They arrived in Febuary. | They arrived in Fabruary. | They arrived in Feburary. | They live near the Fifth Ring. | They stayed with in. | They stayed whithin the garden. | They stayed whithin. | We hurried inorder to be early. | They use to disappear. | The party was on the New Year Eve. | The down hill slope was steep. | We avoided the down hill. | We hurried down hill. | They read everyting. | We arrived in May . 2020. | They brought nothing becides books. | We didn’t do anything becides. | Becides, they were late. | They hurried in to the park. | He broke in to the room. | Biology is a blanch of science. | He thought l won. | We thought lt rained. | They liked lt. | We knew lt all was good. | She ls a writer. | She ls happy. | We take to them often. | We should hangout together. | The abovementioned article was good. | We accidently entered. | It is hard to study in the dank. | They went to the scholl. | She was an activate child. | We should haste to arrive on time. | We spoke to no-one. | They reported their loses.
dank_dark_n1_sp_rbst	R	The word $X may be misspelled.	We own varies cars. | We laughed buts didn’t cry. | He fell becuase he slips. | He fell becuase he slipped. | This believe is widely held. | We await your rely. | The malinger was caught. | They probablely lost. | Probablely they’ll lose. | He is probablely not the winner. | He arrived, probablely alone. | They were very exited. | They went to the play ground. | They sighed the papers. | We sat in the forth row. | They arrived on January forth. | He musn’t leave. | She drove a sport car. | We’ll comunicate with them. | We saw a monky. | They enjoyed the fire works. | He finished his home work. | She went snow boarding. | She went snow-boarding. | They admired the hand writting. | We met Marry and Kim. | They no doubtly arrived. | They stayed with in the park. | She performed with out a net. | They streched their legs. | We made some progess. | We saw hte cat. | We saw teh cat. | They in deed arrived. | They won in deed. | The european currency rose. | They jumped up and dawn. | It remained up side down. | They arrived November 1th. | They arrived November 2th. | They arrived November 3th. | That will benifit everyone. | They arrived in Febuary. | They arrived in Fabruary. | They arrived in Feburary. | They live near the Fifth Ring. | They stayed with in. | They stayed whithin the garden. | They stayed whithin. | We hurried inorder to be early. | They use to disappear. | The party was on the New Year Eve. | The down hill slope was steep. | We avoided the down hill. | We hurried down hill. | They read everyting. | We arrived in May . 2020. | They brought nothing becides books. | We didn’t do anything becides. | Becides, they were late. | They hurried in to the park. | He broke in to the room. | Biology is a blanch of science. | He thought l won. | We thought lt rained. | They liked lt. | We knew lt all was good. | She ls a writer. | She ls happy. | We take to them often. | We should hangout together. | The abovementioned article was good. | We accidently entered. | It is hard to study in the dank. | They went to the scholl. | She was an activate child. | We should haste to arrive on time. | We spoke to no-one. | They reported their loses.
school_scholl_sp_rbst	R	The word $X may be misspelled.	We own varies cars. | We laughed buts didn’t cry. | He fell becuase he slips. | He fell becuase he slipped. | This believe is widely held. | We await your rely. | The malinger was caught. | They probablely lost. | Probablely they’ll lose. | He is probablely not the winner. | He arrived, probablely alone. | They were very exited. | They went to the play ground. | They sighed the papers. | We sat in the forth row. | They arrived on January forth. | He musn’t leave. | She drove a sport car. | We’ll comunicate with them. | We saw a monky. | They enjoyed the fire works. | He finished his home work. | She went snow boarding. | She went snow-boarding. | They admired the hand writting. | We met Marry and Kim. | They no doubtly arrived. | They stayed with in the park. | She performed with out a net. | They streched their legs. | We made some progess. | We saw hte cat. | We saw teh cat. | They in deed arrived. | They won in deed. | The european currency rose. | They jumped up and dawn. | It remained up side down. | They arrived November 1th. | They arrived November 2th. | They arrived November 3th. | That will benifit everyone. | They arrived in Febuary. | They arrived in Fabruary. | They arrived in Feburary. | They live near the Fifth Ring. | They stayed with in. | They stayed whithin the garden. | They stayed whithin. | We hurried inorder to be early. | They use to disappear. | The party was on the New Year Eve. | The down hill slope was steep. | We avoided the down hill. | We hurried down hill. | They read everyting. | We arrived in May . 2020. | They brought nothing becides books. | We didn’t do anything becides. | Becides, they were late. | They hurried in to the park. | He broke in to the room. | Biology is a blanch of science. | He thought l won. | We thought lt rained. | They liked lt. | We knew lt all was good. | She ls a writer. | She ls happy. | We take to them often. | We should hangout together. | The abovementioned article was good. | We accidently entered. | It is hard to study in the dank. | They went to the scholl. | She was an activate child. | We should haste to arrive on time. | We spoke to no-one. | They reported their loses.
activate_active_sp_a1_rbst	R	The word $X may be misspelled.	We own varies cars. | We laughed buts didn’t cry. | He fell becuase he slips. | He fell becuase he slipped. | This believe is widely held. | We await your rely. | The malinger was caught. | They probablely lost. | Probablely they’ll lose. | He is probablely not the winner. | He arrived, probablely alone. | They were very exited. | They went to the play ground. | They sighed the papers. | We sat in the forth row. | They arrived on January forth. | He musn’t leave. | She drove a sport car. | We’ll comunicate with them. | We saw a monky. | They enjoyed the fire works. | He finished his home work. | She went snow boarding. | She went snow-boarding. | They admired the hand writting. | We met Marry and Kim. | They no doubtly arrived. | They stayed with in the park. | She performed with out a net. | They streched their legs. | We made some progess. | We saw hte cat. | We saw teh cat. | They in deed arrived. | They won in deed. | The european currency rose. | They jumped up and dawn. | It remained up side down. | They arrived November 1th. | They arrived November 2th. | They arrived November 3th. | That will benifit everyone. | They arrived in Febuary. | They arrived in Fabruary. | They arrived in Feburary. | They live near the Fifth Ring. | They stayed with in. | They stayed whithin the garden. | They stayed whithin. | We hurried inorder to be early. | They use to disappear. | The party was on the New Year Eve. | The down hill slope was steep. | We avoided the down hill. | We hurried down hill. | They read everyting. | We arrived in May . 2020. | They brought nothing becides books. | We didn’t do anything becides. | Becides, they were late. | They hurried in to the park. | He broke in to the room. | Biology is a blanch of science. | He thought l won. | We thought lt rained. | They liked lt. | We knew lt all was good. | She ls a writer. | She ls happy. | We take to them often. | We should hangout together. | The abovementioned article was good. | We accidently entered. | It is hard to study in the dank. | They went to the scholl. | She was an activate child. | We should haste to arrive on time. | We spoke to no-one. | They reported their loses.
haste_v1_sp_rbst	R	The word $X may be misspelled.	We own varies cars. | We laughed buts didn’t cry. | He fell becuase he slips. | He fell becuase he slipped. | This believe is widely held. | We await your rely. | The malinger was caught. | They probablely lost. | Probablely they’ll lose. | He is probablely not the winner. | He arrived, probablely alone. | They were very exited. | They went to the play ground. | They sighed the papers. | We sat in the forth row. | They arrived on January forth. | He musn’t leave. | She drove a sport car. | We’ll comunicate with them. | We saw a monky. | They enjoyed the fire works. | He finished his home work. | She went snow boarding. | She went snow-boarding. | They admired the hand writting. | We met Marry and Kim. | They no doubtly arrived. | They stayed with in the park. | She performed with out a net. | They streched their legs. | We made some progess. | We saw hte cat. | We saw teh cat. | They in deed arrived. | They won in deed. | The european currency rose. | They jumped up and dawn. | It remained up side down. | They arrived November 1th. | They arrived November 2th. | They arrived November 3th. | That will benifit everyone. | They arrived in Febuary. | They arrived in Fabruary. | They arrived in Feburary. | They live near the Fifth Ring. | They stayed with in. | They stayed whithin the garden. | They stayed whithin. | We hurried inorder to be early. | They use to disappear. | The party was on the New Year Eve. | The down hill slope was steep. | We avoided the down hill. | We hurried down hill. | They read everyting. | We arrived in May . 2020. | They brought nothing becides books. | We didn’t do anything becides. | Becides, they were late. | They hurried in to the park. | He broke in to the room. | Biology is a blanch of science. | He thought l won. | We thought lt rained. | They liked lt. | We knew lt all was good. | She ls a writer. | She ls happy. | We take to them often. | We should hangout together. | The abovementioned article was good. | We accidently entered. | It is hard to study in the dank. | They went to the scholl. | She was an activate child. | We should haste to arrive on time. | We spoke to no-one. | They reported their loses.
no_one_sp_rbst	R	The word $X may be misspelled.	We own varies cars. | We laughed buts didn’t cry. | He fell becuase he slips. | He fell becuase he slipped. | This believe is widely held. | We await your rely. | The malinger was caught. | They probablely lost. | Probablely they’ll lose. | He is probablely not the winner. | He arrived, probablely alone. | They were very exited. | They went to the play ground. | They sighed the papers. | We sat in the forth row. | They arrived on January forth. | He musn’t leave. | She drove a sport car. | We’ll comunicate with them. | We saw a monky. | They enjoyed the fire works. | He finished his home work. | She went snow boarding. | She went snow-boarding. | They admired the hand writting. | We met Marry and Kim. | They no doubtly arrived. | They stayed with in the park. | She performed with out a net. | They streched their legs. | We made some progess. | We saw hte cat. | We saw teh cat. | They in deed arrived. | They won in deed. | The european currency rose. | They jumped up and dawn. | It remained up side down. | They arrived November 1th. | They arrived November 2th. | They arrived November 3th. | That will benifit everyone. | They arrived in Febuary. | They arrived in Fabruary. | They arrived in Feburary. | They live near the Fifth Ring. | They stayed with in. | They stayed whithin the garden. | They stayed whithin. | We hurried inorder to be early. | They use to disappear. | The party was on the New Year Eve. | The down hill slope was steep. | We avoided the down hill. | We hurried down hill. | They read everyting. | We arrived in May . 2020. | They brought nothing becides books. | We didn’t do anything becides. | Becides, they were late. | They hurried in to the park. | He broke in to the room. | Biology is a blanch of science. | He thought l won. | We thought lt rained. | They liked lt. | We knew lt all was good. | She ls a writer. | She ls happy. | We take to them often. | We should hangout together. | The abovementioned article was good. | We accidently entered. | It is hard to study in the dank. | They went to the scholl. | She was an activate child. | We should haste to arrive on time. | We spoke to no-one. | They reported their loses.
loses_losses_n1_sp_rbst	R	The word $X may be misspelled.	We own varies cars. | We laughed buts didn’t cry. | He fell becuase he slips. | He fell becuase he slipped. | This believe is widely held. | We await your rely. | The malinger was caught. | They probablely lost. | Probablely they’ll lose. | He is probablely not the winner. | He arrived, probablely alone. | They were very exited. | They went to the play ground. | They sighed the papers. | We sat in the forth row. | They arrived on January forth. | He musn’t leave. | She drove a sport car. | We’ll comunicate with them. | We saw a monky. | They enjoyed the fire works. | He finished his home work. | She went snow boarding. | She went snow-boarding. | They admired the hand writting. | We met Marry and Kim. | They no doubtly arrived. | They stayed with in the park. | She performed with out a net. | They streched their legs. | We made some progess. | We saw hte cat. | We saw teh cat. | They in deed arrived. | They won in deed. | The european currency rose. | They jumped up and dawn. | It remained up side down. | They arrived November 1th. | They arrived November 2th. | They arrived November 3th. | That will benifit everyone. | They arrived in Febuary. | They arrived in Fabruary. | They arrived in Feburary. | They live near the Fifth Ring. | They stayed with in. | They stayed whithin the garden. | They stayed whithin. | We hurried inorder to be early. | They use to disappear. | The party was on the New Year Eve. | The down hill slope was steep. | We avoided the down hill. | We hurried down hill. | They read everyting. | We arrived in May . 2020. | They brought nothing becides books. | We didn’t do anything becides. | Becides, they were late. | They hurried in to the park. | He broke in to the room. | Biology is a blanch of science. | He thought l won. | We thought lt rained. | They liked lt. | We knew lt all was good. | She ls a writer. | She ls happy. | We take to them often. | We should hangout together. | The abovementioned article was good. | We accidently entered. | It is hard to study in the dank. | They went to the scholl. | She was an activate child. | We should haste to arrive on time. | We spoke to no-one. | They reported their loses.
aj_-_i-cmpd_le_rbst	I	Use an apostrophe before the “s” in the word $X to show possession.	We went to the doctors office.
sb-hd_mc-ques_c_rbst	R	A statement should not end with a question mark. Change the word order to form a question.	You eat apples?
sb-hd_mc-cma_c_rbst	D	The subject in your sentence does not need a comma before the verb phrase.	Apples in trees, look good.
comma_sdwch_pct_rbst	I	Add a space after the comma, including after the Chinese comma.	A tall,green tree appeared.
aj_pp_i_le_rbst	R	The adjective $X needs a different preposition to follow it.	They were bored of it. | It was kind for Kim to stay.
aj_pp-vp_i-for-it_le_rbst	R	The adjective $X needs a different preposition to follow it.	They were bored of it. | It was kind for Kim to stay.
because_comma_rbst	D	The word “because” does not need a comma after it.	Because, they are happy, they stay. | They left because, they were tired.
because_comma_past_rbst	D	The word “because” does not need a comma after it.	Because, they are happy, they stay. | They left because, they were tired.
last_det_rbst	R	The time modifier does not match the tense of the verb.	They will arrive last week. | They arrived next week. | They arrived tomorrow morning. | They arrived tomorrow. | They will arrive yesterday morning. | They will arrive yesterday. | They will arrive two days ago.
next_det_rbst	R	The time modifier does not match the tense of the verb.	They will arrive last week. | They arrived next week. | They arrived tomorrow morning. | They arrived tomorrow. | They will arrive yesterday morning. | They will arrive yesterday. | They will arrive two days ago.
tomorrow_det_rbst	R	The time modifier does not match the tense of the verb.	They will arrive last week. | They arrived next week. | They arrived tomorrow morning. | They arrived tomorrow. | They will arrive yesterday morning. | They will arrive yesterday. | They will arrive two days ago.
tomorrow_np_rbst	R	The time modifier does not match the tense of the verb.	They will arrive last week. | They arrived next week. | They arrived tomorrow morning. | They arrived tomorrow. | They will arrive yesterday morning. | They will arrive yesterday. | They will arrive two days ago.
yesterday_det_rbst	R	The time modifier does not match the tense of the verb.	They will arrive last week. | They arrived next week. | They arrived tomorrow morning. | They arrived tomorrow. | They will arrive yesterday morning. | They will arrive yesterday. | They will arrive two days ago.
yesterday_np_rbst	R	The time modifier does not match the tense of the verb.	They will arrive last week. | They arrived next week. | They arrived tomorrow morning. | They arrived tomorrow. | They will arrive yesterday morning. | They will arrive yesterday. | They will arrive two days ago.
ago_p1_rbst	R	The time modifier does not match the tense of the verb.	They will arrive last week. | They arrived next week. | They arrived tomorrow morning. | They arrived tomorrow. | They will arrive yesterday morning. | They will arrive yesterday. | They will arrive two days ago.
aj_-_i-many_le_rbst	R	The noun after “many” is singular in number, so use “much” instead.	They received many news.
v_pst_scomp_olr_rbst	R	The tense of the verb in the modifier clause should match the tense of the clause being modified.	I suspected the driver is friendly. | When they lose, he suffered. | He suffered once they lose. | He suffered if they lose. | In that we lost, he suffers.
p_cp_s_le_rbst	R	The tense of the verb in the modifier clause should match the tense of the clause being modified.	I suspected the driver is friendly. | When they lose, he suffered. | He suffered once they lose. | He suffered if they lose. | In that we lost, he suffers.
p_cp_s-notop_le_rbst	R	The tense of the verb in the modifier clause should match the tense of the clause being modified.	I suspected the driver is friendly. | When they lose, he suffered. | He suffered once they lose. | He suffered if they lose. | In that we lost, he suffers.
p_cp_s-unsp_le_rbst	R	The tense of the verb in the modifier clause should match the tense of the clause being modified.	I suspected the driver is friendly. | When they lose, he suffered. | He suffered once they lose. | He suffered if they lose. | In that we lost, he suffers.
p_cp_s-tns_le_rbst	R	The tense of the verb in the modifier clause should match the tense of the clause being modified.	I suspected the driver is friendly. | When they lose, he suffered. | He suffered once they lose. | He suffered if they lose. | In that we lost, he suffers.
comma_prefix_pct_rbst	R	There should be a space after the comma, but not before the comma.	They arrived ,in the city.
w_comma-prefix_plr_rbst	R	There should be a space after the comma, but not before the comma.	They arrived ,in the city.
less_a2_rbst	R	Use “fewer” instead of “less” to modify plural nouns.	They bought less books.
after_pp_rbst	R	Use “afterward” instead of “after” here.	We bought books after.
v_np_cp_le_rbst	R	The verb $X should be followed by a sentence, not an object noun phrase.	They supposed his victory.
aj_pp_i-cmp_le_rbst	R	Use “better” instead of “gooder”, and “worse” instead of “badder”.	That was a gooder book.
think_np_prdp_rbst	I	Add a form of the verb “be” after the direct object of the verb $X.	They think parties fun.
well_a1_rbst	R	Use the adjective “good” instead of “well” here.	That was a well performance.
v_vp_seq-prp_le_rbst	R	Use the “-ing” form of the verb after $X instead of the usual "to" plus the base form.	They enjoyed to swim. | She is busy to drive. | It is no use to sleep.
aj_vp_i-seq-prp_le_rbst	R	Use the “-ing” form of the verb after $X instead of the usual "to" plus the base form.	They enjoyed to swim. | She is busy to drive. | It is no use to sleep.
no_use_a1_rbst	R	Use the “-ing” form of the verb after $X instead of the usual "to" plus the base form.	They enjoyed to swim. | She is busy to drive. | It is no use to sleep.
third_of_all_rbst	R	Use “third” or “thirdly” instead of “third of all”.	Third of all, they prefer apples.
bath_n1_rbst	R	Spell the noun “bathe” as “bath” instead.	They took a bathe today.
onto_rbst	D	Spell “on to” as one word “onto”, not two words.	They slid the book on to the shelf. | He latched on to the idea.
onto_prtcl_rbst	D	Spell “on to” as one word “onto”, not two words.	They slid the book on to the shelf. | He latched on to the idea.
v_cp_fin-inf-q-mc_le_rbst	R	In an embedded question, the verb must follow the subject of the question.	They know where is the house.
either_det_rbst	R	Use a singular noun with the articles “either” or “neither”.	We would read either books. | They read neither books.
neither_det_rbst	R	Use a singular noun with the articles “either” or “neither”.	We would read either books. | They read neither books.
n_pl_olr_rbst	R	The noun $X has an irregular plural form.	They saw some deers. | They saw many peoples of Japan.
people_n1_rbst	R	The noun $X has an irregular plural form.	They saw some deers. | They saw many peoples of Japan.
v_np-nppro_le_rbst	I	Insert the preposition “to” before the second object of $X when it is a pronoun, unless the first object is also a pronoun.	They gave the books him.
v-v_crd-fin-ncj_c_rbst	I	Insert “and” when conjoining two verb phrases.	They ate cookies, drank milk. | They can drink milk, eat cookies.
v-v_crd-nfin-ncj_c_rbst	I	Insert “and” when conjoining two verb phrases.	They ate cookies, drank milk. | They can drink milk, eat cookies.
generic_pl_noun_ne_rbst	I	You are missing the article "the" before the word $X.	They arrived in 1920s. | We attended Olympics.
n_-_c-nm-pl_le_rbst	I	You are missing the article "the" before the word $X.	They arrived in 1920s. | We attended Olympics.
be_th_cop_are_cx_rbst	W	The contracted form “there’re” is awkward, and should instead be written out as “there are”.	There’re flowers in the garden.
whom_wh_rbst	R	Use “who” instead of “whom” when it is the subject of its clause.	Whom did you think would win?
hundreds_rbst	R	Do not add the plural “-s” to a number word such as “hundred” when it modifies a noun.	They have two hundreds students. | They have two thousands students. | They have two millions students. | They have two billions articles. | They have two trillions pounds.
thousands_rbst	R	Do not add the plural “-s” to a number word such as “hundred” when it modifies a noun.	They have two hundreds students. | They have two thousands students. | They have two millions students. | They have two billions articles. | They have two trillions pounds.
millions_rbst	R	Do not add the plural “-s” to a number word such as “hundred” when it modifies a noun.	They have two hundreds students. | They have two thousands students. | They have two millions students. | They have two billions articles. | They have two trillions pounds.
billions_rbst	R	Do not add the plural “-s” to a number word such as “hundred” when it modifies a noun.	They have two hundreds students. | They have two thousands students. | They have two millions students. | They have two billions articles. | They have two trillions pounds.
trillions_rbst	R	Do not add the plural “-s” to a number word such as “hundred” when it modifies a noun.	They have two hundreds students. | They have two thousands students. | They have two millions students. | They have two billions articles. | They have two trillions pounds.
np-np_crd-i-and_c_rbst	W	Use “someone and I” instead of “I and someone”.	I and Maria enjoy books.
np-np_crd-me-i-and_c_rbst	R	Use “someone and I” instead of “me and someone” as the subject.	Me and Maria enjoy books.
np-np_crd-i-me-and_c_rbst	R	Use “someone and me” instead of “I and someone” here.	They recognized I and Maria.
flr-hd_nwh-nc-ap_c_rbst	R	Your sentence has an awkward word order.	Awkward this sentence seems.
there_expl_rbst	R	Spell the word as “there” when it is the subject.	Their are books in the library.
there_nom_rbst	R	Spell the word as “there” when used as an adverb.	We found some books their.
can_aux_neg_rbst	W	Spell the word as “cannot” or “can’t”.	He can not be in the classroom.
beijing_university_n1_rbst	R	The name is “Peking University”, not “Beijing University”.	Li Ming was admitted into Beijing University.
looker_on_n1_rbst	R	The singular form of this word is “on-looker”, and the plural is “on-lookers”.	He should not be a looker-on. | He should not be a looker on. | We should not be lookers-on. | We should not be lookers on. | We should not be looker-ons. | We should not be looker ons.
looker_on_n2_rbst	R	The singular form of this word is “on-looker”, and the plural is “on-lookers”.	He should not be a looker-on. | He should not be a looker on. | We should not be lookers-on. | We should not be lookers on. | We should not be looker-ons. | We should not be looker ons.
lookers_on_n1_rbst	R	The singular form of this word is “on-looker”, and the plural is “on-lookers”.	He should not be a looker-on. | He should not be a looker on. | We should not be lookers-on. | We should not be lookers on. | We should not be looker-ons. | We should not be looker ons.
lookers_on_n2_rbst	R	The singular form of this word is “on-looker”, and the plural is “on-lookers”.	He should not be a looker-on. | He should not be a looker on. | We should not be lookers-on. | We should not be lookers on. | We should not be looker-ons. | We should not be looker ons.
lookers_on_n3_rbst	R	The singular form of this word is “on-looker”, and the plural is “on-lookers”.	He should not be a looker-on. | He should not be a looker on. | We should not be lookers-on. | We should not be lookers on. | We should not be looker-ons. | We should not be looker ons.
lookers_on_n4_rbst	R	The singular form of this word is “on-looker”, and the plural is “on-lookers”.	He should not be a looker-on. | He should not be a looker on. | We should not be lookers-on. | We should not be lookers on. | We should not be looker-ons. | We should not be looker ons.
make_aux_rbst	D	The verb $X needs a direct object, so delete it here, or rephrase the sentence.	We made announce the event.
n_-_c-poss-cpd_le_rbst	R	Compound nouns are normally written without an “’s” on the first noun.	He went into those book’s shops.
aj_comp_equat_dlr_rbst	R	This degree modifier should not be combined with the comparative form of the adjective.	China is 24 times as larger as Japan. Their school is twice as larger as our school.
aj_-_i-att_le_rbst	R	The adjective $X should follow the noun here.	All the present people will be given a gift.
av_-_i-vp-adj_le_rbst	R	The word $X is an adjective even though it looks like an adverb, so it should not modify the verb phrase.	He nodded to me friendly.
if_such_adv1_rbst	R	Use “if so” instead of “if such”.	If such, I'll buy more apples.
n-hdn_j-n-cpd_c_rbst	R	Avoid putting an adjective in the middle of a compound noun.	There is an old brick large house on the farm.
n_-_m-mod_le_rbst	R	The adjective should follow words like “anything”, “someone”, and “nothing”.	Is there interesting anything at the meeting?
av_-_i-pr-aux_le_rbst	W	The adverb $X should follow helping verbs and modal verbs.	We almost have written twenty compositions. | The students all have arrived.
all_adv1_rbst	W	The adverb $X should follow helping verbs and modal verbs.	We almost have written twenty compositions. | The students all have arrived.
hardly_adv1_rbst	R	This word is spelled “hard” when it modifies a verb phrase.	The artist worked hardly.
av_-_i-po-pr_le_rbst	R	The word $X should have the form of an adverb here.	A video about bad-treated animals was condemned.
enough_deg_rbst	R	The word “enough” should follow the adjective.	I hope that I can be enough lucky to win.
av_-_dg-m_le_rbst	W	The word $X should not modify a comparative adjective.	The temperature will be fairly hotter than today.
av_-_dg-v_le_rbst	R	The word $X should only modify a comparative adjective.	That tree is much tall.
very_asleep_a1_rbst	R	Use the idiomatic expression “fast asleep”.	People very asleep snore. | People well asleep snore.
well_asleep_a1_rbst	R	Use the idiomatic expression “fast asleep”.	People very asleep snore. | People well asleep snore.
very_awake_a1_rbst	R	Use the idiomatic expression “wide awake”.	He is very awake. | He is well awake.
well_awake_a1_rbst	R	Use the idiomatic expression “wide awake”.	He is very awake. | He is well awake.
little_deg_less_rbst	R	Use “less” instead of “little” when modifying an adjective.	They are trained to be little aggressive.
nearly_deg2_rbst	W	Use “almost” instead of “nearly” here.	He said nearly nothing at the meeting.
v_np-np_nbar_le_rbst	D	Do not use the article in the second nominal phrase after the verb $X.	We elected Li Hua the monitor of our class.
av_pp_dg-as_le_rbst	D	Use just “as” instead of “as an” here.	This is as an interesting a story as that one.
every_each_rbst	W	Use “each” instead of “every” when followed by an “of”-phrase.	I always destroyed every of my toys.
what_rel_rbst	R	Either replace “what” with “that”, or delete if it is not the subject of the relative clause.	All what we need is an independent classroom.
if_whether_c_inf_rbst	R	Use “whether” instead of “if” before an infinitival verb phrase.	I don't know if to accept it.
hadnt_better_rbst	R	Use “had better not” instead of “hadn’t better”.	You hadn’t better stay up too late.
aj_np_i-frct-one_le_rbst	R	Use the plural form of the noun after a fraction modifier with “and”.	One and a half hour went by.
num_prt-of_c_rbst	R	Use the plural form of the noun after “one of the ...”, "many of the ...", etc.	Guangzhou is one of the largest city in the world.
of_poss_rbst	R	Use a possessive pronoun form as in “of mine” or “of yours” to show possession.	I would recommend it to any friend of me.
vp-vp_crd-asym-t_c_rbst	W	The tense needs to match in conjoined verb phrases.	I would rather take a train than went by bus.
aj_pp-cp_i-it_le_rbst	W	The adjective $X is awkward in this construction with an “it” subject.	It is sure that he will succeed.
worth_a1_rbst	R	The adjective “worth” should be followed by a verb phrase in the _ing” form, not with “to”.	The book is worth to be read.
worthy_a1_rbst	R	Use “worth” instead of “worthy” when followed by a verb phrase with the “-ing” form.	This history book is worthy reading.
by_means_rbst	D	Do not use an article after “by” when referring to a means of transportation.	Xiao Hong went to school by the bus every day.
c_-_so-on_le_rbst	D	Do not use “and so on” after a conjoined noun phrase that already includes “and”.	We enjoy novels and poetry and so on.
take_place_v1_rbst	R	Do not add a noun phrase after “taken place”.	Our country has taken place great changes.
v_np-vp_sor_le_rbst	R	The verb $X should be followed by a prepositional phrase or a clause beginning with “that”, not by a noun phrase and a verb phrase.	My parents hope me to become a surgeon.
d_-_prt-plm_le_rbst	R	Use a plural noun after $X.	Do you have any more question? | She asked the various question.
various_a1_sg_rbst	R	Use a plural noun after $X.	Do you have any more question? | She asked the various question.
closely_a1_rbst	W	Use the form “close” instead of “closely” here.	Don't stand too closely to him.
fewer_a1_rbst	R	Use “less” instead of “fewer” for non-countable nouns.	We should eat fewer food.
hardly_pre_rbst	W	Avoid using $X before a tensed verb phrase.	We hardly left the port when a storm came.
such_deg_so_rbst	R	Use “so much” or “so little” instead of “such much” or “such little”.	We have such much homework.
today_adj1_rbst	R	Place the word $X after the noun it modifies.	The today meeting was cancelled. | The tomorrow meeting was cancelled. | The yesterday meeting was cancelled.
tomorrow_adj1_rbst	R	Place the word $X after the noun it modifies.	The today meeting was cancelled. | The tomorrow meeting was cancelled. | The yesterday meeting was cancelled.
yesterday_adj1_rbst	R	Place the word $X after the noun it modifies.	The today meeting was cancelled. | The tomorrow meeting was cancelled. | The yesterday meeting was cancelled.
av_-_i-vp-dg_le_rbst	R	The word $X does not modify verbs, so rephrase, for example replacing “We very enjoyed it.” with “We very much enjoyed it.”	We very enjoyed it.
speak_v1_rbst	R	Use a form of the verb “say” instead of “speak” here.	Li Ming spoke goodbye.
later_and_sooner_adv1_rbst	R	The idiomatic expression here is “sooner or later”.	You will arrive later and sooner. | You will arrive later or sooner.
later_or_sooner_adv1_rbst	R	The idiomatic expression here is “sooner or later”.	You will arrive later and sooner. | You will arrive later or sooner.
but_adv1_rbst	R	Avoid using the word “but” here.	Although he tried, but he failed.
v_np-np_le_rbst	R	Put the two objects of $X in the reverse order, and use the preposition “to” before the second object.	She explained the students the problem.
by_nbar_time_rbst	I	Insert “the” between “by” and the time word.	They will pay him by hour.
pay_for_v1_rbst	R	Write “pay you/me” instead of “pay for you/me”	He will pay for us today.
instead_of_for_p_rbst	R	Write “instead of” rather than “instead for”.	They chose her instead for him. | They were disappointed instead for angry. | They will stay instead for disappear.
instead_of_for_rbst	R	Write “instead of” rather than “instead for”.	They chose her instead for him. | They were disappointed instead for angry. | They will stay instead for disappear.
instead_of_for_v_rbst	R	Write “instead of” rather than “instead for”.	They chose her instead for him. | They were disappointed instead for angry. | They will stay instead for disappear.
v_vp_pp-in_le_rbst	R	After the verb $X, write “in doing something” instead of “to do something”.	They succeeded to finish the book.
had_better_aux_pos_rbst	D	Do not insert “to” after “had better”.	They had better to leave. | They’d better to leave.
had_better_cx_pos_rbst	D	Do not insert “to” after “had better”.	They had better to leave. | They’d better to leave.
v_np-pp_np_le_rbst	R	Put the two objects of $X in the reverse order, and leave out the preposition.	It is costing too much money from him.
taste_tasty_a1_rbst	R	Instead of the verb $X, use its related adjective.	The oranges are juicy and taste.
aj_-_i-adv_le_rbst	R	Use the adjective form of $X without the “-ly”.	They read a widely variety of books. | The teacher was friendly and kindly.
kind_kindly_a1_rbst	R	Use the adjective form of $X without the “-ly”.	They read a widely variety of books. | The teacher was friendly and kindly.
take_adv_rbst	R	After its object, the verb $X needs an adverb with “-ly” instead of the adjective.	He took them very serious.
apology_apologize_v1_rbst	R	Instead of the noun $X, use the related verb.	I am writing to apology for my mistake.
opposite_to_p_rbst	D	Do not insert a preposition between $X and its object.	She lives opposite to the school.
able_enable_v1_rbst	R	Use the verb “enable” here instead of the adjective “able”.	Music ables us to relax.
risen_raised_v1_rbst	R	The correct verb form here is “raised” instead of “risen”.	They should get their pay risen.
pp-pp_mod_c_rbst	R	You may have an extra preposition after a modifier phrase.	After the victory, in we cheered.
v_cp_sbjnct_le_rbst	R	Use the subjunctive form of the verb in the sentence following $X (for example “be” instead of “is”, or “do” instead of “does”).	She will propose that he leaves.
hdn-np_app-rbc_c_rbst	I	The second noun phrase in an apposition should be followed by a comma.	For his brother, the plumber we stayed. | For his brother, a plumber we stayed. | For his brother, John we stayed.
hdn-np_app-idf-rbc_c_rbst	I	The second noun phrase in an apposition should be followed by a comma.	For his brother, the plumber we stayed. | For his brother, a plumber we stayed. | For his brother, John we stayed.
hdn-np_app-pnr-rbc_c_rbst	I	The second noun phrase in an apposition should be followed by a comma.	For his brother, the plumber we stayed. | For his brother, a plumber we stayed. | For his brother, John we stayed.
than_vp_p1_rbst	W	Use the form “to do something” instead of “doing sometihng” after $X here.	It is better to depart than weeping. | It is difficult admiring him. | You should not forget reading the book.
aj_vp_inf-prp_dlr_rbst	W	Use the form “to do something” instead of “doing sometihng” after $X here.	It is better to depart than weeping. | It is difficult admiring him. | You should not forget reading the book.
v_vp_ssr-prp_le_rbst	W	Use the form “to do something” instead of “doing sometihng” after $X here.	It is better to depart than weeping. | It is difficult admiring him. | You should not forget reading the book.
v_-_le_pas_rbst	R	Use the passive form of the verb $X here, or use a different verb.	The work had his health ruin. | The plans were carry out. | The town was surround by mountains.
v_p_le_pas_rbst	R	Use the passive form of the verb $X here, or use a different verb.	The work had his health ruin. | The plans were carry out. | The town was surround by mountains.
v_pas_bse_dlr_rbst	R	Use the passive form of the verb $X here, or use a different verb.	The work had his health ruin. | The plans were carry out. | The town was surround by mountains.
aj_-_i-ing-ed_le_rbst	W	Use the passive form instead of the “-ing” form here.	My hometown is a small under-developing city.
av_-_dc-conj_le_rbst	D	You may have an extra $X after the modifier phrase.	Given another hour and I could finish.
included_prep_rbst	W	Use the “-ing” form of the verb $X here.	We put ten members, included the treasurer, on the committee.
why1_nonfin_rbst	W	Use a full sentence after $X instead of a verb phrase.	They didn’t know why to read the book.
v_vp_wh_le_rbst	R	Use a sentence beginning with a question word such as “how” or “why” after $X.	She explained to make breakfast.
p_vp_ptcl-bse_le_rbst	R	Use the form “to do something” instead of just “do something” after $X here.	Nothing is easier than give up.
if_whether_c_fin_rbst	R	Use "whether" instead of "if" following a preposition.	We thought about if Kim won.
be_nv_is_rbst	R	Insert “that”to begin a sentence following $X.	My suggestion is we try it again. | My suggestions are we try again and we win. | My suggestion has been we try again. | My suggestion will be we try again. | My suggestion being we try again, we’ll win. | My suggestion was we try again. | My suggestions were we try again and we win.
be_nv_are_rbst	R	Insert “that”to begin a sentence following $X.	My suggestion is we try it again. | My suggestions are we try again and we win. | My suggestion has been we try again. | My suggestion will be we try again. | My suggestion being we try again, we’ll win. | My suggestion was we try again. | My suggestions were we try again and we win.
be_nv_been_rbst	R	Insert “that”to begin a sentence following $X.	My suggestion is we try it again. | My suggestions are we try again and we win. | My suggestion has been we try again. | My suggestion will be we try again. | My suggestion being we try again, we’ll win. | My suggestion was we try again. | My suggestions were we try again and we win.
be_nv_be_rbst	R	Insert “that”to begin a sentence following $X.	My suggestion is we try it again. | My suggestions are we try again and we win. | My suggestion has been we try again. | My suggestion will be we try again. | My suggestion being we try again, we’ll win. | My suggestion was we try again. | My suggestions were we try again and we win.
be_nv_being_rbst	R	Insert “that”to begin a sentence following $X.	My suggestion is we try it again. | My suggestions are we try again and we win. | My suggestion has been we try again. | My suggestion will be we try again. | My suggestion being we try again, we’ll win. | My suggestion was we try again. | My suggestions were we try again and we win.
be_nv_was_rbst	R	Insert “that”to begin a sentence following $X.	My suggestion is we try it again. | My suggestions are we try again and we win. | My suggestion has been we try again. | My suggestion will be we try again. | My suggestion being we try again, we’ll win. | My suggestion was we try again. | My suggestions were we try again and we win.
be_nv_were_rbst	R	Insert “that”to begin a sentence following $X.	My suggestion is we try it again. | My suggestions are we try again and we win. | My suggestion has been we try again. | My suggestion will be we try again. | My suggestion being we try again, we’ll win. | My suggestion was we try again. | My suggestions were we try again and we win.
cl_np-wh_c_rbst	R	Do not put the helping verb before the subject when a question is inside of a larger sentence.	What will he do should surprise them.
p_cp_s-notop_le_nf_rbst	R	Use “until” instead of “till”.	Till he arrived, we waited.
whose_1_rbst	R	Spell the possessive form as “whose” instead of “who’s”.	Who’s cat disappeared? | A child who’s parents arrived was waiting.
whose_2_rbst	R	Spell the possessive form as “whose” instead of “who’s”.	Who’s cat disappeared? | A child who’s parents arrived was waiting.
that_rel_rbst	R	Use “which” instead of “that” after a preposition.	That is the car for that I paid a high price.
where_rel_np_rbst	R	Use “that” or “which” instead of $X here.	The place where we took pictures of was beautiful. | The time when we took pictures of was memorable.
when_rel_np_rbst	R	Use “that” or “which” instead of $X here.	The place where we took pictures of was beautiful. | The time when we took pictures of was memorable.
be_c_am_is_rbst	R	Use “am” instead of $X when “I” is the subject.	I, who is happy, will stay. | I, who are happy, will stay. | I, who is your friend, will stay. | I, who are your friend, will stay.
be_c_am_are_rbst	R	Use “am” instead of $X when “I” is the subject.	I, who is happy, will stay. | I, who are happy, will stay. | I, who is your friend, will stay. | I, who are your friend, will stay.
be_id_am_is_rbst	R	Use “am” instead of $X when “I” is the subject.	I, who is happy, will stay. | I, who are happy, will stay. | I, who is your friend, will stay. | I, who are your friend, will stay.
be_id_am_are_rbst	R	Use “am” instead of $X when “I” is the subject.	I, who is happy, will stay. | I, who are happy, will stay. | I, who is your friend, will stay. | I, who are your friend, will stay.
v_cp_le_ques_rbst	R	The verb $X should be followed by a question sentence, beginning for example with “whether” or “who”.	He inquired that we would be late.
in_pp_prtcl_rbst	R	The object of the preposition $X is missing.	They want to take part in.
except_cp_p_rbst	R	Begin the sentence after $X with “that”.	We would stay except we’re late.
first_time_n1_rbst	W	Avoid using "first time" or “second time” to modify another noun.	That was my first time win. | That was my second time win. | That was my third time win.
second_time_n1_rbst	W	Avoid using "first time" or “second time” to modify another noun.	That was my first time win. | That was my second time win. | That was my third time win.
third_time_n1_rbst	W	Avoid using "first time" or “second time” to modify another noun.	That was my first time win. | That was my second time win. | That was my third time win.
once_in_p_rbst	R	The expression is “once a time-period”, not “once in a time-period”.	Once in every week, we have coffee.
many_all_a1_rbst	R	Do not use “all” after “many” here.	There are so many all kinds of books.
v_np_locinv-mv_le_rbst	R	Avoid the inverted order of verb and subject when the subject is a pronoun.	Here comes he.
w_noinitcap_dlr_rbst	R	Remember to capitalize the first word of each sentence.	the cat slept. | We left. the cat slept.
cl-cl_runon-nocap_c_rbst	R	Remember to capitalize the first word of each sentence.	the cat slept. | We left. the cat slept.
as_prd_rbst	R	When the subject is a pronoun, avoid starting the sentence with a prepositional phrase.	As for the new proposal, it should be discussed.
aj_vp_i-seq_dlr_rbst	R	Use the pronoun “it” for the subject with the adjective $X.	Kim is difficult to talk to her.
there_are_adv1_rbst	D	Avoid using “there is” or “there are” followed by a complete sentence.	There are many people admire her. | There is someone admires her. | There’s someone admires her.
there_is_adv1_rbst	D	Avoid using “there is” or “there are” followed by a complete sentence.	There are many people admire her. | There is someone admires her. | There’s someone admires her.
there_is_cx_adv1_rbst	D	Avoid using “there is” or “there are” followed by a complete sentence.	There are many people admire her. | There is someone admires her. | There’s someone admires her.
be_th_cop_is_has_rbst	R	Use a form of `be’ instead of `have’ with the subject `there’.	There has a solution for this problem. | There have many solutions for this problem. | There had a solution for this problem. | There had many solutions for this problem. | There will have many solutions for this problem.
be_th_cop_are_have_rbst	R	Use a form of `be’ instead of `have’ with the subject `there’.	There has a solution for this problem. | There have many solutions for this problem. | There had a solution for this problem. | There had many solutions for this problem. | There will have many solutions for this problem.
be_th_cop_was_had_rbst	R	Use a form of `be’ instead of `have’ with the subject `there’.	There has a solution for this problem. | There have many solutions for this problem. | There had a solution for this problem. | There had many solutions for this problem. | There will have many solutions for this problem.
be_th_cop_were_had_rbst	R	Use a form of `be’ instead of `have’ with the subject `there’.	There has a solution for this problem. | There have many solutions for this problem. | There had a solution for this problem. | There had many solutions for this problem. | There will have many solutions for this problem.
be_th_cop_be_have_rbst	R	Use a form of `be’ instead of `have’ with the subject `there’.	There has a solution for this problem. | There have many solutions for this problem. | There had a solution for this problem. | There had many solutions for this problem. | There will have many solutions for this problem.
hisself_rbst	R	The correct form of the pronoun is "himself".	He admired hisself. | He fixed the problem hisself.
hisself_adv_rbst	R	The correct form of the pronoun is "himself".	He admired hisself. | He fixed the problem hisself.
ourself_rbst	R	The correct form of the pronoun is "ourselves".	We admired ourself. | We fixed the problem ourself.
ourself_adv_rbst	R	The correct form of the pronoun is "ourselves".	We admired ourself. | We fixed the problem ourself.
apostrophe_s_pl_rbst	R	For the possessive of a plural noun phrase, add only an apostrophe without the following "s": cats', not cats's.	The teachers's students arrived.
aj_pp_i-cmp-sme_le_rbst	R	Use the article "the" in front of the adjective "same".	We had same answers.
if_i_was_you_pre_rbst	R	Use the subjunctive form of the verb "be" here.	If I was you, I would work harder. | I would work harder, if I was you.
if_I_was_you_post_rbst	R	Use the subjunctive form of the verb "be" here.	If I was you, I would work harder. | I would work harder, if I was you.
nature_n1_rbst	W	Do not use "the" or "a/an" in front of the abstract noun $X.	We enjoyed the beauty of the nature.
n_pl-reg_olr_rbst	R	Use the correct form of the plural noun $X.	They live in citys.
passers_by_n1_rbst	R	Use the unusual but correct plural "passers by" instead of "passer bys".	The passer bys were surprised. | The passer-bys were surprised.
passers_by_n2_rbst	R	Use the unusual but correct plural "passers by" instead of "passer bys".	The passer bys were surprised. | The passer-bys were surprised.
in_a_fact_adv1_rbst	D	Do not use "the" or "a" in this idiomatic expression with $X.	They in a fact did win. | He wondered whether in a fact we had won. | They had in a fact disappeared. | They in the fact did win. | He wondered whether in the fact we had won. | They had in the fact disappeared. | We knew that at the heart they were strong. | She remains at the heart a good friend. | He sleeps at the night. | They were at the first very nervous. | At the last they were ready.
in_a_fact_adv2_rbst	D	Do not use "the" or "a" in this idiomatic expression with $X.	They in a fact did win. | He wondered whether in a fact we had won. | They had in a fact disappeared. | They in the fact did win. | He wondered whether in the fact we had won. | They had in the fact disappeared. | We knew that at the heart they were strong. | She remains at the heart a good friend. | He sleeps at the night. | They were at the first very nervous. | At the last they were ready.
in_a_fact_adv3_rbst	D	Do not use "the" or "a" in this idiomatic expression with $X.	They in a fact did win. | He wondered whether in a fact we had won. | They had in a fact disappeared. | They in the fact did win. | He wondered whether in the fact we had won. | They had in the fact disappeared. | We knew that at the heart they were strong. | She remains at the heart a good friend. | He sleeps at the night. | They were at the first very nervous. | At the last they were ready.
in_the_fact_adv1_rbst	D	Do not use "the" or "a" in this idiomatic expression with $X.	They in a fact did win. | He wondered whether in a fact we had won. | They had in a fact disappeared. | They in the fact did win. | He wondered whether in the fact we had won. | They had in the fact disappeared. | We knew that at the heart they were strong. | She remains at the heart a good friend. | He sleeps at the night. | They were at the first very nervous. | At the last they were ready.
in_the_fact_adv2_rbst	D	Do not use "the" or "a" in this idiomatic expression with $X.	They in a fact did win. | He wondered whether in a fact we had won. | They had in a fact disappeared. | They in the fact did win. | He wondered whether in the fact we had won. | They had in the fact disappeared. | We knew that at the heart they were strong. | She remains at the heart a good friend. | He sleeps at the night. | They were at the first very nervous. | At the last they were ready.
in_the_fact_adv3_rbst	D	Do not use "the" or "a" in this idiomatic expression with $X.	They in a fact did win. | He wondered whether in a fact we had won. | They had in a fact disappeared. | They in the fact did win. | He wondered whether in the fact we had won. | They had in the fact disappeared. | We knew that at the heart they were strong. | She remains at the heart a good friend. | He sleeps at the night. | They were at the first very nervous. | At the last they were ready.
at_heart_adv_rbst	D	Do not use "the" or "a" in this idiomatic expression with $X.	They in a fact did win. | He wondered whether in a fact we had won. | They had in a fact disappeared. | They in the fact did win. | He wondered whether in the fact we had won. | They had in the fact disappeared. | We knew that at the heart they were strong. | She remains at the heart a good friend. | He sleeps at the night. | They were at the first very nervous. | At the last they were ready.
at_temp_rbst	D	Do not use "the" or "a" in this idiomatic expression with $X.	They in a fact did win. | He wondered whether in a fact we had won. | They had in a fact disappeared. | They in the fact did win. | He wondered whether in the fact we had won. | They had in the fact disappeared. | We knew that at the heart they were strong. | She remains at the heart a good friend. | He sleeps at the night. | They were at the first very nervous. | At the last they were ready.
at_first_adv1_rbst	D	Do not use "the" or "a" in this idiomatic expression with $X.	They in a fact did win. | He wondered whether in a fact we had won. | They had in a fact disappeared. | They in the fact did win. | He wondered whether in the fact we had won. | They had in the fact disappeared. | We knew that at the heart they were strong. | She remains at the heart a good friend. | He sleeps at the night. | They were at the first very nervous. | At the last they were ready.
at_last_adv2_rbst	D	Do not use "the" or "a" in this idiomatic expression with $X.	They in a fact did win. | He wondered whether in a fact we had won. | They had in a fact disappeared. | They in the fact did win. | He wondered whether in the fact we had won. | They had in the fact disappeared. | We knew that at the heart they were strong. | She remains at the heart a good friend. | He sleeps at the night. | They were at the first very nervous. | At the last they were ready.
det_prt-indef_dlr_rbst	I	Add the article "the" after the "of" following $X. For example, instead of "some of books", write "some of the books".	All of money had disappeared. | Each of my toy broke. | Half of money disappeared. | Two of cats disappeared.
det_prt-of-nagr_dlr_rbst	I	Add the article "the" after the "of" following $X. For example, instead of "some of books", write "some of the books".	All of money had disappeared. | Each of my toy broke. | Half of money disappeared. | Two of cats disappeared.
half_n1_rbst	I	Add the article "the" after the "of" following $X. For example, instead of "some of books", write "some of the books".	All of money had disappeared. | Each of my toy broke. | Half of money disappeared. | Two of cats disappeared.
num_prt-of-def_c_rbst	I	Add the article "the" after the "of" following $X. For example, instead of "some of books", write "some of the books".	All of money had disappeared. | Each of my toy broke. | Half of money disappeared. | Two of cats disappeared.
people_n1_poss_rbst	I	Use "s" for the possessive of the irregular plural noun $X.	The people money was all spent.
such_a_a1_rbst	D	Use "no such" instead of "no such a" with a noun.	He said no such a thing.
mnp_deg-attr_c_rbst	R	Use the singular form of a measure noun when it comes before the noun it modifies.	The two feet tall fence appeared.
mnp_deg-prd_c_rbst	R	Use the plural form of a measure noun (except with "a" or "one") when it modifies a predicative adjective.	The fence was two foot tall.
be_id_is_rbst	R	Noun phrases linked with the verb "is" or "was" should usually both be singular.	My friend is the neighbors. | My friend isn’t the neighbors. | My friend was the neighbors. | My friend wasn’t the neighbors.
be_id_is_neg_rbst	R	Noun phrases linked with the verb "is" or "was" should usually both be singular.	My friend is the neighbors. | My friend isn’t the neighbors. | My friend was the neighbors. | My friend wasn’t the neighbors.
be_id_was_rbst	R	Noun phrases linked with the verb "is" or "was" should usually both be singular.	My friend is the neighbors. | My friend isn’t the neighbors. | My friend was the neighbors. | My friend wasn’t the neighbors.
be_id_was_neg_rbst	R	Noun phrases linked with the verb "is" or "was" should usually both be singular.	My friend is the neighbors. | My friend isn’t the neighbors. | My friend was the neighbors. | My friend wasn’t the neighbors.
n_-_c-sg_le_rbst	R	The noun $X should be plural here.	He wore an overall. | She expressed her thank.
n_-_c-sg-nonnom_le_rbst	R	The noun $X should be plural here.	He wore an overall. | She expressed her thank.
n_-_c-vb_le_rbst	R	Instead of the verb $X, use the related noun.	We heard the begin section. | We have the expect that she will win. | He reacted with startle.
n_cp_mc-vb_le_rbst	R	Instead of the verb $X, use the related noun.	We heard the begin section. | We have the expect that she will win. | He reacted with startle.
n_-_m-vb_le_rbst	R	Instead of the verb $X, use the related noun.	We heard the begin section. | We have the expect that she will win. | He reacted with startle.
last+but+not+least_adv1_rbst	D	This idiomatic expression is "last but not least" without "the".	We competed, and the last but not the least, we won. | We competed, and the last but not least, we won. | We competed, and last but not the least, we won. | Last but not less, we ate dessert.
last+but+not+least_adv2_rbst	D	This idiomatic expression is "last but not least" without "the".	We competed, and the last but not the least, we won. | We competed, and the last but not least, we won. | We competed, and last but not the least, we won. | Last but not less, we ate dessert.
last+but+not+least_adv3_rbst	D	This idiomatic expression is "last but not least" without "the".	We competed, and the last but not the least, we won. | We competed, and the last but not least, we won. | We competed, and last but not the least, we won. | Last but not less, we ate dessert.
last+but+not+less_adv1_sp_rbst	D	This idiomatic expression is "last but not least" without "the".	We competed, and the last but not the least, we won. | We competed, and the last but not least, we won. | We competed, and last but not the least, we won. | Last but not less, we ate dessert.
first_of_all_adv1_rbst	R	This idiomatic expression is "first of all" without "the".	We won, the first of all. | The first of all, we won.
first_of_all_adv2_rbst	R	This idiomatic expression is "first of all" without "the".	We won, the first of all. | The first of all, we won.
your_you_rbst	R	You should use the possessive form of the pronoun $X instead of the subject form, or perhaps your sentence is missing a verb after $X.	He lost you book. | He lost we book. | He lost they book. | He lost me book. | He lost he book.
our_we_rbst	R	You should use the possessive form of the pronoun $X instead of the subject form, or perhaps your sentence is missing a verb after $X.	He lost you book. | He lost we book. | He lost they book. | He lost me book. | He lost he book.
their_they_rbst	R	You should use the possessive form of the pronoun $X instead of the subject form, or perhaps your sentence is missing a verb after $X.	He lost you book. | He lost we book. | He lost they book. | He lost me book. | He lost he book.
he_his_rbst	R	You should use the possessive form of the pronoun $X instead of the subject form, or perhaps your sentence is missing a verb after $X.	He lost you book. | He lost we book. | He lost they book. | He lost me book. | He lost he book.
my_me_rbst	R	You should use the possessive form of the pronoun $X instead of the subject form, or perhaps your sentence is missing a verb after $X.	He lost you book. | He lost we book. | He lost they book. | He lost me book. | He lost he book.
they_their_rbst	R	Use the subject form of the pronoun $X instead of the possessive, or add a noun for the possessed thing.	Their went to the museum. | Our went to the museum. | My went to the museum.
we_our_rbst	R	Use the subject form of the pronoun $X instead of the possessive, or add a noun for the possessed thing.	Their went to the museum. | Our went to the museum. | My went to the museum.
my_mine_rbst	R	Use the subject form of the pronoun $X instead of the possessive, or add a noun for the possessed thing.	Their went to the museum. | Our went to the museum. | My went to the museum.
us_our_rbst	R	Use the object form of the pronoun $x instead of the possessive here, or add a noun for the possessed thing.	She gave our a book.
our_ours_rbst	D	Use the possessive form of the pronoun $X without an -s or -'s here.	Ours book is new. | Our’s book is new. | Yours book is new. | Your’s book is new. | Hers book is new. | Her’s book is new.
our_our_s_rbst	D	Use the possessive form of the pronoun $X without an -s or -'s here.	Ours book is new. | Our’s book is new. | Yours book is new. | Your’s book is new. | Hers book is new. | Her’s book is new.
your_yours_rbst	D	Use the possessive form of the pronoun $X without an -s or -'s here.	Ours book is new. | Our’s book is new. | Yours book is new. | Your’s book is new. | Hers book is new. | Her’s book is new.
your_your_s_rbst	D	Use the possessive form of the pronoun $X without an -s or -'s here.	Ours book is new. | Our’s book is new. | Yours book is new. | Your’s book is new. | Hers book is new. | Her’s book is new.
hers_her_poss_rbst	D	Use the possessive form of the pronoun $X without an -s or -'s here.	Ours book is new. | Our’s book is new. | Yours book is new. | Your’s book is new. | Hers book is new. | Her’s book is new.
her_s_her_poss_rbst	D	Use the possessive form of the pronoun $X without an -s or -'s here.	Ours book is new. | Our’s book is new. | Yours book is new. | Your’s book is new. | Hers book is new. | Her’s book is new.
a+few_little_det_rbst	R	Use "a few" with countable nouns such as "books", and "little" with noncountable nouns such as "rice".	We had a few rain today. | We had a little troubles today.
a+little_few_a1_rbst	R	Use "a few" with countable nouns such as "books", and "little" with noncountable nouns such as "rice".	We had a few rain today. | We had a little troubles today.
another_other_a1_rbst	R	Use "other" instead of "another" here.	In another words, we lost.
v_pron-prtcl_dlr_rbst	R	The pronoun should come before the preposition here.	She picked up it.
somethings_rbst	R	The words "something, everything, nothing" should not be plural.	We found somethings.
yourself_youself_rbst	R	The reflexive form of this pronoun is "yourself" or "yourselves".	You should be proud of youself. | You can do it youself. | You should be proud of youselves. | You can do it youselves.
yourself_youself_adv_rbst	R	The reflexive form of this pronoun is "yourself" or "yourselves".	You should be proud of youself. | You can do it youself. | You should be proud of youselves. | You can do it youselves.
yourselves_youselves_rbst	R	The reflexive form of this pronoun is "yourself" or "yourselves".	You should be proud of youself. | You can do it youself. | You should be proud of youselves. | You can do it youselves.
yourselves_youselves_adv_rbst	R	The reflexive form of this pronoun is "yourself" or "yourselves".	You should be proud of youself. | You can do it youself. | You should be proud of youselves. | You can do it youselves.
v_np*_salut_le_rbst	I	This salutation expression should be spelled "Yours ...", not "Your ...".	Your truly
he_himself_rbst	R	Use the subject form of the pronoun $X instead of the reflexive form here.	Himself is winning. | Herself is winning. | Itself is disappearing. | Myself is winning. | Yourself are winning. | Yourselves are winning. | Ourself are winning. | Ourselves are winning. | Themself are winning. | Themselves are winning.
she_herself_rbst	R	Use the subject form of the pronoun $X instead of the reflexive form here.	Himself is winning. | Herself is winning. | Itself is disappearing. | Myself is winning. | Yourself are winning. | Yourselves are winning. | Ourself are winning. | Ourselves are winning. | Themself are winning. | Themselves are winning.
it_itself_rbst	R	Use the subject form of the pronoun $X instead of the reflexive form here.	Himself is winning. | Herself is winning. | Itself is disappearing. | Myself is winning. | Yourself are winning. | Yourselves are winning. | Ourself are winning. | Ourselves are winning. | Themself are winning. | Themselves are winning.
i_myself_rbst	R	Use the subject form of the pronoun $X instead of the reflexive form here.	Himself is winning. | Herself is winning. | Itself is disappearing. | Myself is winning. | Yourself are winning. | Yourselves are winning. | Ourself are winning. | Ourselves are winning. | Themself are winning. | Themselves are winning.
you_yourself_rbst	R	Use the subject form of the pronoun $X instead of the reflexive form here.	Himself is winning. | Herself is winning. | Itself is disappearing. | Myself is winning. | Yourself are winning. | Yourselves are winning. | Ourself are winning. | Ourselves are winning. | Themself are winning. | Themselves are winning.
we_ourself_rbst	R	Use the subject form of the pronoun $X instead of the reflexive form here.	Himself is winning. | Herself is winning. | Itself is disappearing. | Myself is winning. | Yourself are winning. | Yourselves are winning. | Ourself are winning. | Ourselves are winning. | Themself are winning. | Themselves are winning.
we_ourselves_rbst	R	Use the subject form of the pronoun $X instead of the reflexive form here.	Himself is winning. | Herself is winning. | Itself is disappearing. | Myself is winning. | Yourself are winning. | Yourselves are winning. | Ourself are winning. | Ourselves are winning. | Themself are winning. | Themselves are winning.
they_themself_rbst	R	Use the subject form of the pronoun $X instead of the reflexive form here.	Himself is winning. | Herself is winning. | Itself is disappearing. | Myself is winning. | Yourself are winning. | Yourselves are winning. | Ourself are winning. | Ourselves are winning. | Themself are winning. | Themselves are winning.
they_themselves_rbst	R	Use the subject form of the pronoun $X instead of the reflexive form here.	Himself is winning. | Herself is winning. | Itself is disappearing. | Myself is winning. | Yourself are winning. | Yourselves are winning. | Ourself are winning. | Ourselves are winning. | Themself are winning. | Themselves are winning.
her_herselfs_poss_rbst	R	Use the correct possessive form of the pronoun $X instead of a reflexive form with -self or -selves.	She lost herself’s book. | He lost himself’s book. | It chased itself’s tail. | I lost myself’s book. | We lost ourselves's books. | We lost ourselve’s books. | They lost themself’s books. | They lost themselves’s books. | They lost themselve’s books. | They lost yourself’s books. | They lost yourselves books. | They lost yourselve’s books. | They lost yourselves’s books. | They lost ourself’s books.
his_himselfs_poss_rbst	R	Use the correct possessive form of the pronoun $X instead of a reflexive form with -self or -selves.	She lost herself’s book. | He lost himself’s book. | It chased itself’s tail. | I lost myself’s book. | We lost ourselves's books. | We lost ourselve’s books. | They lost themself’s books. | They lost themselves’s books. | They lost themselve’s books. | They lost yourself’s books. | They lost yourselves books. | They lost yourselve’s books. | They lost yourselves’s books. | They lost ourself’s books.
its_itselfs_poss_rbst	R	Use the correct possessive form of the pronoun $X instead of a reflexive form with -self or -selves.	She lost herself’s book. | He lost himself’s book. | It chased itself’s tail. | I lost myself’s book. | We lost ourselves's books. | We lost ourselve’s books. | They lost themself’s books. | They lost themselves’s books. | They lost themselve’s books. | They lost yourself’s books. | They lost yourselves books. | They lost yourselve’s books. | They lost yourselves’s books. | They lost ourself’s books.
my_myselfs_rbst	R	Use the correct possessive form of the pronoun $X instead of a reflexive form with -self or -selves.	She lost herself’s book. | He lost himself’s book. | It chased itself’s tail. | I lost myself’s book. | We lost ourselves's books. | We lost ourselve’s books. | They lost themself’s books. | They lost themselves’s books. | They lost themselve’s books. | They lost yourself’s books. | They lost yourselves books. | They lost yourselve’s books. | They lost yourselves’s books. | They lost ourself’s books.
our_ourselves_rbst	R	Use the correct possessive form of the pronoun $X instead of a reflexive form with -self or -selves.	She lost herself’s book. | He lost himself’s book. | It chased itself’s tail. | I lost myself’s book. | We lost ourselves's books. | We lost ourselve’s books. | They lost themself’s books. | They lost themselves’s books. | They lost themselve’s books. | They lost yourself’s books. | They lost yourselves books. | They lost yourselve’s books. | They lost yourselves’s books. | They lost ourself’s books.
our_ourselves2_rbst	R	Use the correct possessive form of the pronoun $X instead of a reflexive form with -self or -selves.	She lost herself’s book. | He lost himself’s book. | It chased itself’s tail. | I lost myself’s book. | We lost ourselves's books. | We lost ourselve’s books. | They lost themself’s books. | They lost themselves’s books. | They lost themselve’s books. | They lost yourself’s books. | They lost yourselves books. | They lost yourselve’s books. | They lost yourselves’s books. | They lost ourself’s books.
their_themselfs_rbst	R	Use the correct possessive form of the pronoun $X instead of a reflexive form with -self or -selves.	She lost herself’s book. | He lost himself’s book. | It chased itself’s tail. | I lost myself’s book. | We lost ourselves's books. | We lost ourselve’s books. | They lost themself’s books. | They lost themselves’s books. | They lost themselve’s books. | They lost yourself’s books. | They lost yourselves books. | They lost yourselve’s books. | They lost yourselves’s books. | They lost ourself’s books.
their_themselves_rbst	R	Use the correct possessive form of the pronoun $X instead of a reflexive form with -self or -selves.	She lost herself’s book. | He lost himself’s book. | It chased itself’s tail. | I lost myself’s book. | We lost ourselves's books. | We lost ourselve’s books. | They lost themself’s books. | They lost themselves’s books. | They lost themselve’s books. | They lost yourself’s books. | They lost yourselves books. | They lost yourselve’s books. | They lost yourselves’s books. | They lost ourself’s books.
your_yourselfs_rbst	R	Use the correct possessive form of the pronoun $X instead of a reflexive form with -self or -selves.	She lost herself’s book. | He lost himself’s book. | It chased itself’s tail. | I lost myself’s book. | We lost ourselves's books. | We lost ourselve’s books. | They lost themself’s books. | They lost themselves’s books. | They lost themselve’s books. | They lost yourself’s books. | They lost yourselves books. | They lost yourselve’s books. | They lost yourselves’s books. | They lost ourself’s books.
your_yourselves_rbst	R	Use the correct possessive form of the pronoun $X instead of a reflexive form with -self or -selves.	She lost herself’s book. | He lost himself’s book. | It chased itself’s tail. | I lost myself’s book. | We lost ourselves's books. | We lost ourselve’s books. | They lost themself’s books. | They lost themselves’s books. | They lost themselve’s books. | They lost yourself’s books. | They lost yourselves books. | They lost yourselve’s books. | They lost yourselves’s books. | They lost ourself’s books.
our_ourselfs_rbst	R	Use the correct possessive form of the pronoun $X instead of a reflexive form with -self or -selves.	She lost herself’s book. | He lost himself’s book. | It chased itself’s tail. | I lost myself’s book. | We lost ourselves's books. | We lost ourselve’s books. | They lost themself’s books. | They lost themselves’s books. | They lost themselve’s books. | They lost yourself’s books. | They lost yourselves books. | They lost yourselve’s books. | They lost yourselves’s books. | They lost ourself’s books.
else_deg_rbst	R	The word "else" should follow the noun it modifies, not appear before it.	They didn't buy else anything.
no_none_det_rbst	R	Use "no" instead of "none" when followed by a noun.	We have none books.
be_inv_are_is_rbst	R	The form of the verb "be" here should agree in number with the noun phrase that follows it.	On the table is some books. | On the table are a book. | On the table were a book. | On the table was some books.
be_inv_is_are_rbst	R	The form of the verb "be" here should agree in number with the noun phrase that follows it.	On the table is some books. | On the table are a book. | On the table were a book. | On the table was some books.
be_inv_was_were_rbst	R	The form of the verb "be" here should agree in number with the noun phrase that follows it.	On the table is some books. | On the table are a book. | On the table were a book. | On the table was some books.
be_inv_were_was_rbst	R	The form of the verb "be" here should agree in number with the noun phrase that follows it.	On the table is some books. | On the table are a book. | On the table were a book. | On the table was some books.
fastly_adv1_rbst	R	This adverb is spelled "fast", not "fastly".	She moved fastly.
supposed_a2_rbst	R	This expression is "supposed to", not "suppose to".	We are suppose to disappear.
aj_np_i_le_rbst	I	The adjective $X needs a preposition before the following noun phrase.	He is very close the desk.
on_at_temp_rbst	R	Use the preposition "at" instead of "on" or "in" before clock times.	We began on 2pm.
on_at_temp_2_rbst	R	Use the preposition "in" instead of "on" with months or years.	We began on 2018. | We began on October.
on_at_temp_3_rbst	R	Use the preposition "in" instead of "on" with months or years.	We began on 2018. | We began on October.
increase_psv_np_rbst	R	Use the active form of the verb instead of the passive $X.	They are improved their situation. | Their earnings were increased. | Their costs were decreased. | They are increased their earnings. | They are decreased their costs.
decrease_psv_np_rbst	R	Use the active form of the verb instead of the passive $X.	They are improved their situation. | Their earnings were increased. | Their costs were decreased. | They are increased their earnings. | They are decreased their costs.
n-hdn_cpd-mnp_c_rbst	R	Use the singular form for a measure noun when it is used to modify a following noun.	They moved the ten tons boulder.
mine_my_rbst	R	Use the form “my” instead of “mine” when combined with a following noun.	I brought mine book.
p_nb_i_le_rbst	R	Use a singular noun after "per", as in "per student".	They charged ten cents per children.
by_this_way_adv_rbst	R	This expression is "in this way", not "by this way".	By this way, we can make progress.
last_adv_rbst	I	Use a comma after a sentence-initial connecting word such as "third" or "last".	Last we should sleep. | Third we should sleep.
third_adv_rbst	I	Use a comma after a sentence-initial connecting word such as "third" or "last".	Last we should sleep. | Third we should sleep.
v_prd_seq_le_rbst	I	Add the pronoun "it" or a missing noun after the verb $X.	They made easier to win.
opportunity_n4_rbst	W	Instead of "opportunity that ...", write "opportunity to ..."	We have an opportunity that we sleep.
a_lost_of_a1_rbst	D	Avoid using articles "a" and "the" with "plenty".	We brought a lost of books. | We brought a lost of wine. | We brought a plenty of books. | We brought a plenty of wine. | We brought a lots of books. | We brought a lots of wine.
a_lost_of_a2_rbst	D	Avoid using articles "a" and "the" with "plenty".	We brought a lost of books. | We brought a lost of wine. | We brought a plenty of books. | We brought a plenty of wine. | We brought a lots of books. | We brought a lots of wine.
a_plenty_of_a1_rbst	D	Avoid using articles "a" and "the" with "plenty".	We brought a lost of books. | We brought a lost of wine. | We brought a plenty of books. | We brought a plenty of wine. | We brought a lots of books. | We brought a lots of wine.
a_plenty_of_a2_rbst	D	Avoid using articles "a" and "the" with "plenty".	We brought a lost of books. | We brought a lost of wine. | We brought a plenty of books. | We brought a plenty of wine. | We brought a lots of books. | We brought a lots of wine.
a_lots_of_a1_rbst	D	Avoid using articles "a" and "the" with "plenty".	We brought a lost of books. | We brought a lost of wine. | We brought a plenty of books. | We brought a plenty of wine. | We brought a lots of books. | We brought a lots of wine.
a_lots_of_a2_rbst	D	Avoid using articles "a" and "the" with "plenty".	We brought a lost of books. | We brought a lost of wine. | We brought a plenty of books. | We brought a plenty of wine. | We brought a lots of books. | We brought a lots of wine.
bunch_of_a1_rbst	I	Use the article "a" for "a bunch of ..." and "a lot of ...".	We brought bunch of books. | We brought bunch of wine. | We brought lot of books. | We brought lot of wine.
bunch_of_a2_rbst	I	Use the article "a" for "a bunch of ..." and "a lot of ...".	We brought bunch of books. | We brought bunch of wine. | We brought lot of books. | We brought lot of wine.
lot_of_a1_rbst	I	Use the article "a" for "a bunch of ..." and "a lot of ...".	We brought bunch of books. | We brought bunch of wine. | We brought lot of books. | We brought lot of wine.
lot_of_a2_rbst	I	Use the article "a" for "a bunch of ..." and "a lot of ...".	We brought bunch of books. | We brought bunch of wine. | We brought lot of books. | We brought lot of wine.
a_lot_of_a1_rbst	I	Remember to write "a lot" with a space instead of "alot".	We brought alot of books. | We brought alot of wine.
a_lot_of_a2_rbst	I	Remember to write "a lot" with a space instead of "alot".	We brought alot of books. | We brought alot of wine.
oclock_2_rbst	D	Don't insert a space after the apostrophe in "o'clock".	They arrived at ten o' clock.
as_follows_rbst	R	The idiomatic expression is "as follows" or "in the following", instead of "as follow" or "on the following" or "in/on the follows" or "in/on the followings".	Three students arrived, as following. | Three students arrived, on the following. | Three students arrived, on the follows. | Three students arrived, in the followings. | Three students arrived, as follow.
on_the_following_rbst	R	The idiomatic expression is "as follows" or "in the following", instead of "as follow" or "on the following" or "in/on the follows" or "in/on the followings".	Three students arrived, as following. | Three students arrived, on the following. | Three students arrived, on the follows. | Three students arrived, in the followings. | Three students arrived, as follow.
on_the_follows_rbst	R	The idiomatic expression is "as follows" or "in the following", instead of "as follow" or "on the following" or "in/on the follows" or "in/on the followings".	Three students arrived, as following. | Three students arrived, on the following. | Three students arrived, on the follows. | Three students arrived, in the followings. | Three students arrived, as follow.
following_n1_rbst	R	The idiomatic expression is "as follows" or "in the following", instead of "as follow" or "on the following" or "in/on the follows" or "in/on the followings".	Three students arrived, as following. | Three students arrived, on the following. | Three students arrived, on the follows. | Three students arrived, in the followings. | Three students arrived, as follow.
as_follows_adv1_rbst	R	The idiomatic expression is "as follows" or "in the following", instead of "as follow" or "on the following" or "in/on the follows" or "in/on the followings".	Three students arrived, as following. | Three students arrived, on the following. | Three students arrived, on the follows. | Three students arrived, in the followings. | Three students arrived, as follow.
moon_month_rbst	R	Use "months" instead of "moons" to measure time.	The baby is four moons old.
thru_through_rbst	R	For careful writing, use the spelling "through" instead of the informal "thru".	They ran thru the park. | They ran thru. | They thought thru the problem.
thru_through_adv_rbst	R	For careful writing, use the spelling "through" instead of the informal "thru".	They ran thru the park. | They ran thru. | They thought thru the problem.
thru_through_prtcl_rbst	R	For careful writing, use the spelling "through" instead of the informal "thru".	They ran thru the park. | They ran thru. | They thought thru the problem.
i_nocap_rbst	R	The first-person pronoun "I" should always be capitalized.	He thought i was sleeping.
adv-hdn_c_rbst	R	Use an adjective instead of an adverb to modify a noun.	We saw the quietly dogs.
v_vp_be-bse-p_le_rbst	R	Use the form of the verb ending in "-ing" (present participle) or "-ed" (passive) after the helping verb "be".	The dog is chase the cats. | The dog isn’t chase the cats.
v_vp_be-bse-n_le_rbst	R	Use the form of the verb ending in "-ing" (present participle) or "-ed" (passive) after the helping verb "be".	The dog is chase the cats. | The dog isn’t chase the cats.
period_sdwch_pct_rbst	I	Remember to add a space after the period following the word $X.	1.Cats | Mr.Smith arrived.
n_-_c-pre-ttl-sdwch_le_rbst	I	Remember to add a space after the period following the word $X.	1.Cats | Mr.Smith arrived.
from_to_on_nbar_rbst	R	This idiomatic expression has the form "from <noun> to <noun>".	The cats jumped from branch on branch. | The cats jumped from branch by branch.
from_to_by_nbar_rbst	R	This idiomatic expression has the form "from <noun> to <noun>".	The cats jumped from branch on branch. | The cats jumped from branch by branch.
without_prd_p1_rbst	I	Add the helping verb "being" after $X here.	The children disappeared without noticed by the parents.
regardless_p1_rbst	I	The expression is "regardless of (something)".	We stayed regardless the danger.
aj_vp_i-seq-pp_le_rbst	R	The verb following the adjective $X should be a gerund (ending in "-ing") as the object of a suitable preposition, such as "responsible for doing something" or "capable of doing something".	The child is responsible to wash the dishes.
comparing_to_with_a1_rbst	W	The expression is "compared with", not "comparing to".	That tree is tall comparing to this one.
pursue_pursuit_n1_rbst	R	You used the verb $X but you should instead use the corresponding noun here.	We watched the pursue of the cat. | We asked for advise.
advise_advice_n1_rbst	R	You used the verb $X but you should instead use the corresponding noun here.	We watched the pursue of the cat. | We asked for advise.
circulate_circulation_n1_rbst	R	You used the verb $X but you should instead use the corresponding noun here.	We watched the pursue of the cat. | We asked for advise.
advice_advise_v4_rbst	R	You used the noun $X but you should instead use the corresponding verb here.	They want to advice me to stay. | We want to success in everything.
success_succeed_v2_rbst	R	You used the noun $X but you should instead use the corresponding verb here.	They want to advice me to stay. | We want to success in everything.
constraint_constrain_v3_rbst	R	You used the noun $X but you should instead use the corresponding verb here.	They want to advice me to stay. | We want to success in everything.
restraint_restrain_v1_rbst	R	You used the noun $X but you should instead use the corresponding verb here.	They want to advice me to stay. | We want to success in everything.
artifice_create_v1_rbst	R	You used the noun $X but you should instead use the corresponding verb here.	They want to advice me to stay. | We want to success in everything.
advice_advise_bse_rbst	R,I	You used the noun $X but you should instead use the corresponding verb here, and also remember to add "to" before the next verb.	They want to advice me stay.
p_vp_bse_le_rbst	R	The verb following $X should have the "-ing" or (passive) "-ed" form, such as "without doing something" or "if assigned some homework".	We will win if go quickly.
plan_on_to_v1_rbst	R	The verb phrase following $X should have the form "to do something", not "to doing something".	He plans to winning the race.
a+lot_det_rbst	I	The expression is "a lot of something", not "a lot something".	She made a lot progress.
from_form_sp_rbst	W	You may have misspelled the preposition "from" as "form".	They hurried away form the park. | They struggled form day to day.
from_to_nbar_sp_rbst	W	You may have misspelled the preposition "from" as "form".	They hurried away form the park. | They struggled form day to day.
n_-_pn_le_nocap_rbst	R	Remember to capitalize the word(s) $X.	They studied english. | We enjoy chinese culture. | She arrived april the fifth. | She arrived april 5. | We celebrated earth day. | They live in the us. | She is an american.
d_-_month_le_nocap_rbst	R	Remember to capitalize the word(s) $X.	They studied english. | We enjoy chinese culture. | She arrived april the fifth. | She arrived april 5. | We celebrated earth day. | They live in the us. | She is an american.
n_np_c-month_le_nocap_rbst	R	Remember to capitalize the word(s) $X.	They studied english. | We enjoy chinese culture. | She arrived april the fifth. | She arrived april 5. | We celebrated earth day. | They live in the us. | She is an american.
n_-_m-hldy_le_nocap_rbst	R	Remember to capitalize the word(s) $X.	They studied english. | We enjoy chinese culture. | She arrived april the fifth. | She arrived april 5. | We celebrated earth day. | They live in the us. | She is an american.
n_-_c-nm_le_nocap_rbst	R	Remember to capitalize the word(s) $X.	They studied english. | We enjoy chinese culture. | She arrived april the fifth. | She arrived april 5. | We celebrated earth day. | They live in the us. | She is an american.
n_-_c-nocnh-nocap_le_rbst	R	Remember to capitalize the word(s) $X.	They studied english. | We enjoy chinese culture. | She arrived april the fifth. | She arrived april 5. | We celebrated earth day. | They live in the us. | She is an american.
v_vp_ssr-have_le_rbst	I	After the verb $X, either insert a missing "to", or change the next verb's form to a past participle, such as in |has seen it|.	We have see them.
v_np-vp_fin_le_rbst	R	The verb in the phrase following the verb $X should not be inflected.	We made him ate bananas. | We have him eats bananas.
v_np-vp_fin-3sg_le_rbst	R	The verb in the phrase following the verb $X should not be inflected.	We made him ate bananas. | We have him eats bananas.
n_-_c-cpd_le_rbst	R	Use the adjective form of the name $X here, e.g. "Chinese" instead of "China".	We admire the China people.
couch_v1_rbst	R	The verb $X is rarely used, and its meaning is not related to the noun with the same spelling.	We couched on the sofa.
rise_raise_v2_rbst	R	The verb $X should not be used as a causative with an object.	They rised the flag. | They rised up the flag.
rise_up_v1_rbst	R	The verb $X should not be used as a causative with an object.	They rised the flag. | They rised up the flag.
lay_lie_v1_rbst	R	The verb $X should not be used without an object.	The books should lay on the table.
besides_of_rbst	D	Don't use a preposition together with the word after it for $X.	We bought several books besides of the paperback. | We won’t see them at anywhere. | We meet them in everyday. | We saw them at there. | We can meet them in anytime.
at_anywhere_adv_rbst	D	Don't use a preposition together with the word after it for $X.	We bought several books besides of the paperback. | We won’t see them at anywhere. | We meet them in everyday. | We saw them at there. | We can meet them in anytime.
in_everyday_adv_rbst	D	Don't use a preposition together with the word after it for $X.	We bought several books besides of the paperback. | We won’t see them at anywhere. | We meet them in everyday. | We saw them at there. | We can meet them in anytime.
at_there_adv_rbst	D	Don't use a preposition together with the word after it for $X.	We bought several books besides of the paperback. | We won’t see them at anywhere. | We meet them in everyday. | We saw them at there. | We can meet them in anytime.
in_anytime_adv_rbst	D	Don't use a preposition together with the word after it for $X.	We bought several books besides of the paperback. | We won’t see them at anywhere. | We meet them in everyday. | We saw them at there. | We can meet them in anytime.
in_afterward_adv_rbst	D	Don't use a preposition together with the word after it for $X.	We bought several books besides of the paperback. | We won’t see them at anywhere. | We meet them in everyday. | We saw them at there. | We can meet them in anytime.
in_home_adv_rbst	R	The idiomatic expression is "at home" rather than "in home".	In home, we watched movies.
v_vp_fin_le_rbst	R	The verb after $X should not be inflected for tense or number.	They will arrives.
great_a1_rbst	R	Avoid using "great" as an adverb. Instead, use a word such as "well".	They performed great.
elderlys_n1_rbst	R	Adjectives used as plural nouns combined with "the" should not have an "-s	The elderlys arrived. | The olds arrived.
olds_n1_rbst	R	Adjectives used as plural nouns combined with "the" should not have an "-s	The elderlys arrived. | The olds arrived.
v_p-cp_le_rbst	R	After the verb $X, don't use a preposition before the complement clause.	We dreamt of a town is beautiful.
v_pas-noby_odlr_rbst	I	Remember to use "by" after a verb in the passive form, or move the object to be the subject of the sentence	The actor was admired his fans.
will_v1_np_rbst	I	You may have forgotten the verb after $X.	We will the race.
w_hasnoninitcap_dlr_rbst	R	Check to see if the word $X is wrongly capitalized.	We slept During the lecture. | They arrived on the Eve of the New Year.
eve_n1_cap_rbst	R	Check to see if the word $X is wrongly capitalized.	We slept During the lecture. | They arrived on the Eve of the New Year.
n_cp_m-nocmp_le_rbst	I	The noun $X should be followed by "that" here.	We heard the good news he won.
cm_vp_to-fin_le_rbst	R	The verb after "to" should be the base form, not marked for tense.	We tried to arrives.
aware_of_rbst	I	Use the helping verb "be" with $X.	They should aware of the danger.
as_well_as_conj_rbst	R	Use "and" instead of "as well as" with verb phrases.	They sing as well as dance.
chinese_a1_sup_rbst	R	Use the possessive form instead of the adjective $X.	Beijing is Chinese most important city.
used_to_prp_v_rbst	R	Use the base form of the verb after $X instead of the -ing form.	We used to going to Paris. | I am writing to inviting you.
to_subord_prp_rbst	R	Use the base form of the verb after $X instead of the -ing form.	We used to going to Paris. | I am writing to inviting you.
to_home_pp_rbst	D	Delete the preposition in the expression $X.	We will go to home. | They left at yesterday.
pp_-_i-temp_le_rbst	D	Delete the preposition in the expression $X.	We will go to home. | They left at yesterday.
do_cop_are_neg_rbst	R	Use a form of the verb "be" instead of "do" to combine with a passive verb phrase.	They don’t seen by anyone. | He doesn’t seen by anyone. | They didn't seen by anyone.
does_cop_is_neg_rbst	R	Use a form of the verb "be" instead of "do" to combine with a passive verb phrase.	They don’t seen by anyone. | He doesn’t seen by anyone. | They didn't seen by anyone.
v_do-be-past-neg_le_rbst	R	Use a form of the verb "be" instead of "do" to combine with a passive verb phrase.	They don’t seen by anyone. | He doesn’t seen by anyone. | They didn't seen by anyone.
v_cp_q_le_rbst	R	The verb $X should be followed by a noun phrase, not a verbal phrase.	She introduced how to register.
kind_n1_pl_rbst	R	Use the plural form for the noun following $X here.	We bought all kinds of thing.
generic_dom_ord_euro_ne_rbst	R	For days of the month, write for example "May 7" or "May 7th" or "the 7th of May" but not "7th May".	We arrive on 5th July. | We arrived on 3th July.
n_-_pn-dom-euro_le_rbst	R	For days of the month, write for example "May 7" or "May 7th" or "the 7th of May" but not "7th May".	We arrive on 5th July. | We arrived on 3th July.
n_np_c_le_rbst	I	The noun $X needs the preposition "of" before the following noun phrase.	We saw thousands pictures.
n_np_c-det_le_rbst	I	The noun $X needs the preposition "of" before the following noun phrase.	We saw thousands pictures.
n-hdn_cpd-cap_c_rbst	R	Check the capitalization of the nouns and names in this sentence. For a noun compound, none of its nouns should be capitalized, while for a name compound, all of its nouns should be capitalized.	We enjoyed the tea Festival.
d_-_month_le_rbst	D	For date expressions with month and day, write for example "June 5th" instead of "the June 5th".	They arrived on the July 5th.
np-np_crd-and-acc_c_rbst	R	Use "someone and I" instead of "someone and me" as the subject.	Maria and me admired the painting.
flr-hd_nwh-inv_c_rbst	D	Do not use a comma with the phrase before the helping verb here.	Not until yesterday, did we read the assignment.
worse_worsen_v1_rbst	R	Use the verb "worsen" or "make (something) worse" instead of the adjective "worse" or "worst" here.	The problem will worse. | She will worse the problem. | The problem will worst. | He will worst the problem.
worse_worsen_v2_rbst	R	Use the verb "worsen" or "make (something) worse" instead of the adjective "worse" or "worst" here.	The problem will worse. | She will worse the problem. | The problem will worst. | He will worst the problem.
worst_worsen_v1_rbst	R	Use the verb "worsen" or "make (something) worse" instead of the adjective "worse" or "worst" here.	The problem will worse. | She will worse the problem. | The problem will worst. | He will worst the problem.
worst_worsen_v2_rbst	R	Use the verb "worsen" or "make (something) worse" instead of the adjective "worse" or "worst" here.	The problem will worse. | She will worse the problem. | The problem will worst. | He will worst the problem.
less_a2_det_rbst	R	Use "fewer" instead of "the less" or "a less".	He read the less books. | He read a less book.
a_less_det_rbst	R	Use "fewer" instead of "the less" or "a less".	He read the less books. | He read a less book.
a_more_det_rbst	D	Use "more" with a plural noun instead of "a more" with a singular one.	She read a more book.
enough_a1_rbst	D	Avoid using an article before the adjective "enough".	She received an enough salary.
aj_-_i-spobl_le_rbst	D	Avoid using "very" with the adjective $X.	He found a very unique solution. | It is very possible to disappear. | It is very possible that he disappeared.
possible_a2_spr_rbst	D	Avoid using "very" with the adjective $X.	He found a very unique solution. | It is very possible to disappear. | It is very possible that he disappeared.
possible_a3_spr_rbst	D	Avoid using "very" with the adjective $X.	He found a very unique solution. | It is very possible to disappear. | It is very possible that he disappeared.
v_np_adj_le_rbst	R	Use a verb instead of the adjective $X here, or insert a form of the verb "be".	We angry the neighbors. | He afraid that we will disappear. | They afraid of snakes.
v_cp_adj_le_rbst	R	Use a verb instead of the adjective $X here, or insert a form of the verb "be".	We angry the neighbors. | He afraid that we will disappear. | They afraid of snakes.
v_pp_e-adj_le_rbst	R	Use a verb instead of the adjective $X here, or insert a form of the verb "be".	We angry the neighbors. | He afraid that we will disappear. | They afraid of snakes.
v_vp_seq-adj_le_rbst	R	Rephrase the sentence to use a verb with the adjective $X.	They difficult to solve this problem.
n_-_c-natlty_le_rbst	R	For adjectives that identify nationality such as $X, use "the" instead of "a", or use the adjective with "person".	We met a Chinese yesterday.
n_-_c-natlty-nocap_le_rbst	R	Remember to capitalize adjectives of nationality such as $X, and avoid using the article "a" with them unless also followed by "person".	We met a chinese yesterday.
be_c_is_cx_lq_rbst	D	Don't leave a space before the contracted verb form $X.	The book 's heavy. | She ‘s a scientist. | They ‘re heavy. | They ‘re scientists. | They ‘d better have left. | They ‘d disappeared. | They ‘d often disappear.
be_id_is_cx_lq_rbst	D	Don't leave a space before the contracted verb form $X.	The book 's heavy. | She ‘s a scientist. | They ‘re heavy. | They ‘re scientists. | They ‘d better have left. | They ‘d disappeared. | They ‘d often disappear.
be_c_are_cx_lq_rbst	D	Don't leave a space before the contracted verb form $X.	The book 's heavy. | She ‘s a scientist. | They ‘re heavy. | They ‘re scientists. | They ‘d better have left. | They ‘d disappeared. | They ‘d often disappear.
be_id_are_cx_lq_rbst	D	Don't leave a space before the contracted verb form $X.	The book 's heavy. | She ‘s a scientist. | They ‘re heavy. | They ‘re scientists. | They ‘d better have left. | They ‘d disappeared. | They ‘d often disappear.
had_better_cx_lq_rbst	D	Don't leave a space before the contracted verb form $X.	The book 's heavy. | She ‘s a scientist. | They ‘re heavy. | They ‘re scientists. | They ‘d better have left. | They ‘d disappeared. | They ‘d often disappear.
had_aux_cx_lq_rbst	D	Don't leave a space before the contracted verb form $X.	The book 's heavy. | She ‘s a scientist. | They ‘re heavy. | They ‘re scientists. | They ‘d better have left. | They ‘d disappeared. | They ‘d often disappear.
would_aux_pos_cx_lq_rbst	D	Don't leave a space before the contracted verb form $X.	The book 's heavy. | She ‘s a scientist. | They ‘re heavy. | They ‘re scientists. | They ‘d better have left. | They ‘d disappeared. | They ‘d often disappear.
not_mv_adv1_rbst	I	Remember to use a form of a helping verb such as "be" or "have" or "do" before the word "not".	We not buy those books.
v_pp_cp_le_rbst	R	The verb $X should have a sentence following it, not a prepositional phrase.	We exclaimed for help.
av_-_s-vp-x_le_rbst	R	The adverb $X is an adjective modifier, so it should come after the helping verb, not precede it.	We have very been happy.
apostrophe_s_12_es_rbst	R	The possessive here is written 's, not 'es.	The bus'es door opened. | The cats’es owner arrived.
apostrophe_s_12_pl_es_rbst	R	The possessive here is written 's, not 'es.	The bus'es door opened. | The cats’es owner arrived.
ill_n1_rbst	R	The noun $X should be replaced with the corresponding abstract noun, for example replacing "ill" with "illness".	They recovered from their ill.
n_-_c-aj_le_rbst	R	Because $X is an adjective, either combine it with a noun, for example changing "an old" to "an old person", or replace it with a related noun, for example changing "a various" to "a variety of".	We read a various of books.
various_prd_rbst	R	Instead of the adjective $X, use the related verb.	The differences are various.
n_-_c-the_le_rbst	R	Use the article "a" or "an" instead of "the" before $X here.	We will return in the while.
cl-cl_frg-runon_c_rbst	R	Your sentence starts with a phrase that ends in a period or a semicolon, which should instead be a comma.	If we win. We will celebrate. | We will win. In the morning.
cl-frg_runon_c_rbst	R	Your sentence starts with a phrase that ends in a period or a semicolon, which should instead be a comma.	If we win. We will celebrate. | We will win. In the morning.
v_np-cp_q_le_rbst	R	The verb $X cannot be used as in the passive. Rephrase as an active voice sentence.	He was inquired whether we should stay.
v_vp_dont-imp_le_rbst	D	Don't use "to" after the imperative verb $X.	Don't to skip this class.
flr-hd_rel-prd_c_rbst	I	Your sentence needs a form of the verb "be" after the relative pronoun: for example, "the child who is sleeping" instead of "the child who sleeping".	The child who sleeping awoke.
p_pp_i-coprd_le_rbst	D	Your sentence contains an unwanted extra preposition after $X.	He apologized for without any excuse.
lets_imp_rbst	R	Write "let us" or "let's" instead of "let we".	Let we study the problem.
I_am_nospace_pn_rbst	I	Your sentence is missing space between "I" and "am".	You know Iam listening to you. | You know lam listening to you.
lam_I_am_adv1_rbst	I	Your sentence is missing space between "I" and "am".	You know Iam listening to you. | You know lam listening to you.
begin_with_adv1_rbst	I	You are missing the word "to" before $X.	Begin with, we should make an outline.
v_pas-cp_odlr_rbst	R	The subject of the passive verb $X should be the word "it".	The game has been decided that it will continue.
what_freerel_nocop_rbst	I	Insert a form of the verb "be" after the first verb following $X.	What we stressed that we will remain.
v_np-cp_fin-inf_le_rbst	I	You are missing a preposition after the verb $X.	She suggested you that we should remain.
hows_it_going_v1_rbst	I	Your sentence is missing the word "it" before "going" here.	How's going? | Hey, how’s going.
hows_it_going_v2_rbst	I	Your sentence is missing the word "it" before "going" here.	How's going? | Hey, how’s going.
causing_because_rbst	R	Use "because" instead of "causing" here.	She complained causing we snore. | He left causing she remained.
causing_because_past_rbst	R	Use "because" instead of "causing" here.	She complained causing we snore. | He left causing she remained.
ought_supposed_a1_rbst	R	Use "supposed" instead of "ought" after a form of "be".	You are ought to study.
now_that_rbst	I	Use "now that" instead of "now" here.	We should go now Kim is here.
millennia_n1_sg_rbst	R	Remember that the word $X is an irregular plural noun.	They appeared a millennia ago.
doesnt_be_id_rbst	R	Use "won't be" instead of a form of "don't" plus "be" here.	He doesn’t be the best candidate. | They don’t be the best candidates. | He does not be the best candidate. | They do not be the best candidates. | He doesn’t be sorry. | You don't be sorry if you stay. | He does not be sorry. | You do not be sorry if you stay.
dont_be_id_rbst	R	Use "won't be" instead of a form of "don't" plus "be" here.	He doesn’t be the best candidate. | They don’t be the best candidates. | He does not be the best candidate. | They do not be the best candidates. | He doesn’t be sorry. | You don't be sorry if you stay. | He does not be sorry. | You do not be sorry if you stay.
does_not_be_id_rbst	R	Use "won't be" instead of a form of "don't" plus "be" here.	He doesn’t be the best candidate. | They don’t be the best candidates. | He does not be the best candidate. | They do not be the best candidates. | He doesn’t be sorry. | You don't be sorry if you stay. | He does not be sorry. | You do not be sorry if you stay.
do_not_be_id_rbst	R	Use "won't be" instead of a form of "don't" plus "be" here.	He doesn’t be the best candidate. | They don’t be the best candidates. | He does not be the best candidate. | They do not be the best candidates. | He doesn’t be sorry. | You don't be sorry if you stay. | He does not be sorry. | You do not be sorry if you stay.
doesnt_be_prd_rbst	R	Use "won't be" instead of a form of "don't" plus "be" here.	He doesn’t be the best candidate. | They don’t be the best candidates. | He does not be the best candidate. | They do not be the best candidates. | He doesn’t be sorry. | You don't be sorry if you stay. | He does not be sorry. | You do not be sorry if you stay.
dont_be_prd_rbst	R	Use "won't be" instead of a form of "don't" plus "be" here.	He doesn’t be the best candidate. | They don’t be the best candidates. | He does not be the best candidate. | They do not be the best candidates. | He doesn’t be sorry. | You don't be sorry if you stay. | He does not be sorry. | You do not be sorry if you stay.
does_not_be_prd_rbst	R	Use "won't be" instead of a form of "don't" plus "be" here.	He doesn’t be the best candidate. | They don’t be the best candidates. | He does not be the best candidate. | They do not be the best candidates. | He doesn’t be sorry. | You don't be sorry if you stay. | He does not be sorry. | You do not be sorry if you stay.
do_not_be_prd_rbst	R	Use "won't be" instead of a form of "don't" plus "be" here.	He doesn’t be the best candidate. | They don’t be the best candidates. | He does not be the best candidate. | They do not be the best candidates. | He doesn’t be sorry. | You don't be sorry if you stay. | He does not be sorry. | You do not be sorry if you stay.
aj_vp_i-ing-ed_le_rbst	R	Use the passive "-ed" form of the verb $X instead of the "-ing" form here, or rephrase the sentence.	Designing to impress us, the watch glittered.
v_np_locinv_le_rbst	R	Replace $X with a different "posture" verb such as "stand/sit/rest/lie", or reorder the sentence to put the subject before the passive form of your verb.	In the corner locates the broom.
hdn-aj_rc-asym_c_rbst	I	Your sentence is missing a matching comma after the modifier phrase following a noun.	The cat, which we admire arose.
back_go_v1_rbst	R	Use a form of "go back" instead of the verb "back" here.	The students backed to school.
in_on_day_rbst	R	Use "on" instead of "in" with days of the week or days of the month.	We arrived in July 30th.
comma_pre_root_adv1_rbst	D	Your sentence begins with an unwanted comma.	, We arrived.
v_np_trans_le_rbst	I	The verb $X needs a prepositional phrase following the object noun phrase.	We were putting the book.
av_-_dg-att_le_rbst	R	The degree word "too" plus an adjective cannot immediately precede the noun it modifies.	The too tall trees appeared.
plur_noun_ilr_rbst	R	Change the noun $X to the plural form, or change the form of its verb to agree in number.	There are two cat.
v_cp_le_rbst	R	The verb $X needs a noun phrase object immediately following the verb.	She informed that he is our guest.
last+but+not+the+least_adv1_sp_rbst		"last but not least" is an idiomatic phrase, please remove "the".	Last but not the least, we are able to take photos and listen to music on the phone.
v_-_psv-get_le_rbst	R	Avoid using the passive of get as with $X. Instead, use for example "acquired" or "obtained".	A new book was got by the student.
v_-_refl_le_rbst	I	The verb $X needs an object, such as a reflexive pronoun.	They distinguished in several ways.
aj_np_i-it_le_rbst	R	The noun phrase after the adjective $X should be the subject in place of "it".	It was memorable the performance.
each_every_a1_rbst	R	Instead of a phrase such as "my each book', write "each of my books".	My each book was enjoyable.
vp_cp-sb-fin_c_rbst	I	Add the word "to" in front of the verb phrase being used as the subject.	Ask questions is a good strategy.
num-n_mnp-npcomp_c_rbst	I	The fraction or measure phrase needs the preposition "of" before the following noun phrase.	One third the workers remained.
run_on_np_cl_rule_rbst	I	Add "as for" in front of the focused noun phrase at the beginning of the sentence.	This cat, we like it. | Whatever you decide, we agree with it.
run_on_freerel_cl_rule_rbst	I	Add "as for" in front of the focused noun phrase at the beginning of the sentence.	This cat, we like it. | Whatever you decide, we agree with it.
no_matter_whatever_det_rbst	R	Use "whatever" instead of "no matter what".	We agree with no matter what decision you make.
no_matter_whichever_det_rbst	R	Use "whichever" instead of "no matter which".	We agree with no matter which decision you make.
be_cx_is_ellip_rbst	R	Do not use the contracted form $X as the last word of a clause.	She is not late, but he's. | You are not late, but we're.
be_cx_are_ellip_rbst	R	Do not use the contracted form $X as the last word of a clause.	She is not late, but he's. | You are not late, but we're.
in_spite_despite_of_rbst	D	Instead of $X, use either "in spite of something" or "despite something".	They stayed in despite of the warning. | They stayed despite of the warning.
despite_of_rbst	D	Instead of $X, use either "in spite of something" or "despite something".	They stayed in despite of the warning. | They stayed despite of the warning.
hd-aj_vmod-to_c_rbst	R	Move the modifier following "to" to the end of the verb phrase.	We want to every day arise early.
av_-_i-adj-pre_le_rbst	R	Use an adverb instead of the adjective $X to modify a verb phrase.	The students regular arrive early.
cl_rc-fin-nwh_c_rbst	D	Don't use commas to mark a relative clause lacking "which" or "who".	The supermarket, we often go to, is closed.
p_vp_fin_le_rbst	R	Either add a subject to the verb phrase following $X, or use the "-ing" form of the verb.	He left before sang a song.
p_cp_s-fin_le_rbst	R	Use a noun phrase or an "-ing" verb phrase after $X instead of a clause.	In spite of he arrived late, he stayed.
v_p_le_rbst	I	You are missing an object after $X and its preposition.	He stared at as if he was frightened.
most_deg_superl_rbst	D	Don't use "most" in front of a superlative ("-est") adjective.	The most greatest performer appeared.
v_vp_bse-ing_le_rbst	R	Use the "-ing" form of the verb following $X.	She advises use another method.
p_vp_pas_le_rbst	I	Add the linking verb "being" between $X and the following passive verb phrase.	We recognized the look of terrified.
v_vp_aux_prp_le_rbst	R	Use the base form of the verb following $X.	He will arriving.
v_cp_malsbjnct-inf_le_rbst	R	The verb $X does not take a subjunctive sentence complement, but instead combines with an object noun phrase and a verb phrase with "to".	They instructed that we be early.
v_cp_malsbjnct-fin_le_rbst	R	The verb $X does not take a subjunctive sentence complement, but instead an ordinary indicative one, so change the form of the verb in the complement sentence.	They stated that we be early.
v_np_prd_le_rbst	R	The verb $X does not combine with a noun phrase object, so use a different verb or rephrase the sentence.	These chips stayed their crispiness.
v_prd_np_le_rbst	R	The verb $X needs a noun phrase object, so use a different verb or rephrase the sentence.	These chips retained crispy.
generic_card_ne_rbst	D	There should not be a space following the comma in the number $X.	This town has 7, 500 houses.
should_had_better_rbst	R	The idiomatic expression is "had better" instead of $X.	We should better leave early.
