# word<TAB>kind (us, gb, ise, ize)<TAB>counterpart; generated from ESDB, see SOURCE.md
abetter	gb	abettor
abetters	gb	abettors
abettor	us	abetter
abettors	us	abetters
abridgement	gb	abridgment
abridgements	gb	abridgments
abridgment	us	abridgement
abridgments	us	abridgements
absinth	gb	absinthe
accessorise	gb	accessorize
accessorise	ise	accessorize
accessorised	gb	accessorized
accessorised	ise	accessorized
accessorises	gb	accessorizes
accessorises	ise	accessorizes
accessorising	gb	accessorizing
accessorising	ise	accessorizing
accessorize	ize	accessorise
accessorized	ize	accessorised
accessorizes	ize	accessorises
accessorizing	ize	accessorising
acclimatisation	gb	acclimatization
acclimatisation	ise	acclimatization
acclimatise	gb	acclimatize
acclimatise	ise	acclimatize
acclimatised	gb	acclimatized
acclimatised	ise	acclimatized
acclimatises	gb	acclimatizes
acclimatises	ise	acclimatizes
acclimatising	gb	acclimatizing
acclimatising	ise	acclimatizing
acclimatization	ize	acclimatisation
acclimatize	ize	acclimatise
acclimatized	ize	acclimatised
acclimatizes	ize	acclimatises
acclimatizing	ize	acclimatising
accouter	us	accoutre
accoutered	us	accoutred
accoutering	us	accoutring
accouterments	us	accoutrements
accouters	us	accoutres
accoutre	gb	accouter
accoutred	gb	accoutered
accoutrements	gb	accouterments
accoutres	gb	accouters
acknowledgement	gb	acknowledgment
acknowledgements	gb	acknowledgments
acknowledgment	us	acknowledgement
acknowledgments	us	acknowledgements
actualisation	gb	actualization
actualisation	ise	actualization
actualise	gb	actualize
actualise	ise	actualize
actualised	gb	actualized
actualised	ise	actualized
actualises	gb	actualizes
actualises	ise	actualizes
actualising	gb	actualizing
actualising	ise	actualizing
actualization	ize	actualisation
actualize	ize	actualise
actualized	ize	actualised
actualizes	ize	actualises
actualizing	ize	actualising
advisor	us	adviser
advisors	us	advisers
aeon	gb	eon
aeons	gb	eons
aerofoil	gb	airfoil
aerofoils	gb	airfoils
aeroplane	gb	airplane
aeroplanes	gb	airplanes
aesthetician	gb	esthetician
aestheticians	gb	estheticians
aetiologies	gb	etiologies
aetiology	gb	etiology
ageing	gb	aging
ageings	gb	agings
aggrandise	gb	aggrandize
aggrandise	ise	aggrandize
aggrandised	gb	aggrandized
aggrandised	ise	aggrandized
aggrandisement	gb	aggrandizement
aggrandisement	ise	aggrandizement
aggrandises	gb	aggrandizes
aggrandises	ise	aggrandizes
aggrandising	gb	aggrandizing
aggrandising	ise	aggrandizing
aggrandize	ize	aggrandise
aggrandized	ize	aggrandised
aggrandizement	ize	aggrandisement
aggrandizes	ize	aggrandises
aggrandizing	ize	aggrandising
aging	us	ageing
agings	us	ageings
agonise	gb	agonize
agonise	ise	agonize
agonised	gb	agonized
agonised	ise	agonized
agonises	gb	agonizes
agonises	ise	agonizes
agonising	gb	agonizing
agonising	ise	agonizing
agonisingly	gb	agonizingly
agonisingly	ise	agonizingly
agonize	ize	agonise
agonized	ize	agonised
agonizes	ize	agonises
agonizing	ize	agonising
agonizingly	ize	agonisingly
airfoil	us	aerofoil
airfoils	us	aerofoils
airplane	us	aeroplane
airplanes	us	aeroplanes
alkalise	gb	alkalize
alkalise	ise	alkalize
alkalised	gb	alkalized
alkalised	ise	alkalized
alkalises	gb	alkalizes
alkalises	ise	alkalizes
alkalising	gb	alkalizing
alkalising	ise	alkalizing
alkalize	ize	alkalise
alkalized	ize	alkalised
alkalizes	ize	alkalises
alkalizing	ize	alkalising
alphabetisation	gb	alphabetization
alphabetisation	ise	alphabetization
alphabetisations	gb	alphabetizations
alphabetisations	ise	alphabetizations
alphabetise	gb	alphabetize
alphabetise	ise	alphabetize
alphabetised	gb	alphabetized
alphabetised	ise	alphabetized
alphabetiser	gb	alphabetizer
alphabetiser	ise	alphabetizer
alphabetisers	gb	alphabetizers
alphabetisers	ise	alphabetizers
alphabetises	gb	alphabetizes
alphabetises	ise	alphabetizes
alphabetising	gb	alphabetizing
alphabetising	ise	alphabetizing
alphabetization	ize	alphabetisation
alphabetizations	ize	alphabetisations
alphabetize	ize	alphabetise
alphabetized	ize	alphabetised
alphabetizer	ize	alphabetiser
alphabetizers	ize	alphabetisers
alphabetizes	ize	alphabetises
alphabetizing	ize	alphabetising
aluminium	gb	aluminum
aluminum	us	aluminium
ambiance	us	ambience
ambiances	us	ambiences
amidst	gb	amid
amongst	gb	among
amortisable	gb	amortizable
amortisable	ise	amortizable
amortisation	gb	amortization
amortisation	ise	amortization
amortisations	gb	amortizations
amortisations	ise	amortizations
amortise	gb	amortize
amortise	ise	amortize
amortised	gb	amortized
amortised	ise	amortized
amortises	gb	amortizes
amortises	ise	amortizes
amortising	gb	amortizing
amortising	ise	amortizing
amortizable	ize	amortisable
amortization	ize	amortisation
amortizations	ize	amortisations
amortize	ize	amortise
amortized	ize	amortised
amortizes	ize	amortises
amortizing	ize	amortising
amphitheater	us	amphitheatre
amphitheaters	us	amphitheatres
amphitheatre	gb	amphitheater
amphitheatres	gb	amphitheaters
anaemia	gb	anemia
anaemic	gb	anemic
anaemically	gb	anemically
anaesthesia	gb	anesthesia
anaesthesiologist	gb	anesthesiologist
anaesthesiologists	gb	anesthesiologists
anaesthesiology	gb	anesthesiology
anaesthetic	gb	anesthetic
anaesthetics	gb	anesthetics
anaesthetisation	gb	anesthetization
anaesthetisation	ise	anaesthetization
anaesthetise	gb	anesthetize
anaesthetise	ise	anaesthetize
anaesthetised	gb	anesthetized
anaesthetised	ise	anaesthetized
anaesthetises	gb	anesthetizes
anaesthetises	ise	anaesthetizes
anaesthetising	gb	anesthetizing
anaesthetising	ise	anaesthetizing
anaesthetist	gb	anesthetist
anaesthetists	gb	anesthetists
anaesthetization	gb	anesthetization
anaesthetization	ize	anaesthetisation
anaesthetize	gb	anesthetize
anaesthetize	ize	anaesthetise
anaesthetized	gb	anesthetized
anaesthetized	ize	anaesthetised
anaesthetizes	gb	anesthetizes
anaesthetizes	ize	anaesthetises
anaesthetizing	gb	anesthetizing
anaesthetizing	ize	anaesthetising
analog	us	analogue
analogise	gb	analogize
analogise	ise	analogize
analogised	gb	analogized
analogised	ise	analogized
analogises	gb	analogizes
analogises	ise	analogizes
analogising	gb	analogizing
analogising	ise	analogizing
analogize	ize	analogise
analogized	ize	analogised
analogizes	ize	analogises
analogizing	ize	analogising
analogs	us	analogues
analysable	gb	analyzable
analyse	gb	analyze
analysed	gb	analyzed
analyser	gb	analyzer
analysers	gb	analyzers
analysing	gb	analyzing
analyzable	us	analysable
analyze	us	analyse
analyzed	us	analysed
analyzer	us	analyser
analyzers	us	analysers
analyzes	us	analyses
analyzing	us	analysing
anapaest	gb	anapest
anapaestic	gb	anapestic
anapaestics	gb	anapestics
anapaests	gb	anapests
anapest	us	anapaest
anapestic	us	anapaestic
anapestics	us	anapaestics
anapests	us	anapaests
anathematise	gb	anathematize
anathematise	ise	anathematize
anathematised	gb	anathematized
anathematised	ise	anathematized
anathematises	gb	anathematizes
anathematises	ise	anathematizes
anathematising	gb	anathematizing
anathematising	ise	anathematizing
anathematize	ize	anathematise
anathematized	ize	anathematised
anathematizes	ize	anathematises
anathematizing	ize	anathematising
anatomise	gb	anatomize
anatomise	ise	anatomize
anatomised	gb	anatomized
anatomised	ise	anatomized
anatomises	gb	anatomizes
anatomises	ise	anatomizes
anatomising	gb	anatomizing
anatomising	ise	anatomizing
anatomize	ize	anatomise
anatomized	ize	anatomised
anatomizes	ize	anatomises
anatomizing	ize	anatomising
anemia	us	anaemia
anemic	us	anaemic
anemically	us	anaemically
anesthesia	us	anaesthesia
anesthesiologist	us	anaesthesiologist
anesthesiologists	us	anaesthesiologists
anesthesiology	us	anaesthesiology
anesthetic	us	anaesthetic
anesthetics	us	anaesthetics
anesthetist	us	anaesthetist
anesthetists	us	anaesthetists
anesthetization	us	anaesthetisation
anesthetize	us	anaesthetise
anesthetized	us	anaesthetised
anesthetizes	us	anaesthetises
anesthetizing	us	anaesthetising
anglicise	gb	anglicize
anglicise	ise	anglicize
anglicised	gb	anglicized
anglicised	ise	anglicized
anglicises	gb	anglicizes
anglicises	ise	anglicizes
anglicising	gb	anglicizing
anglicising	ise	anglicizing
anglicize	ize	anglicise
anglicized	ize	anglicised
anglicizes	ize	anglicises
anglicizing	ize	anglicising
annexe	gb	annex
annexe	ise	annex
annualised	gb	annualized
annualised	ise	annualized
annualized	ize	annualised
anodise	gb	anodize
anodise	ise	anodize
anodised	gb	anodized
anodised	ise	anodized
anodises	gb	anodizes
anodises	ise	anodizes
anodising	gb	anodizing
anodising	ise	anodizing
anodize	ize	anodise
anodized	ize	anodised
anodizes	ize	anodises
anodizing	ize	anodising
antagonise	gb	antagonize
antagonise	ise	antagonize
antagonised	gb	antagonized
antagonised	ise	antagonized
antagonises	gb	antagonizes
antagonises	ise	antagonizes
antagonising	gb	antagonizing
antagonising	ise	antagonizing
antagonize	ize	antagonise
antagonized	ize	antagonised
antagonizes	ize	antagonises
antagonizing	ize	antagonising
anthologise	gb	anthologize
anthologise	ise	anthologize
anthologised	gb	anthologized
anthologised	ise	anthologized
anthologises	gb	anthologizes
anthologises	ise	anthologizes
anthologising	gb	anthologizing
anthologising	ise	anthologizing
anthologize	ize	anthologise
anthologized	ize	anthologised
anthologizes	ize	anthologises
anthologizing	ize	anthologising
anthropomorphise	gb	anthropomorphize
anthropomorphise	ise	anthropomorphize
anthropomorphize	ize	anthropomorphise
antilabor	us	antilabour
antilabour	gb	antilabor
apnea	us	apnoea
apneas	us	apnoeas
apnoea	gb	apnea
apnoeas	gb	apneas
apologise	gb	apologize
apologise	ise	apologize
apologised	gb	apologized
apologised	ise	apologized
apologises	gb	apologizes
apologises	ise	apologizes
apologising	gb	apologizing
apologising	ise	apologizing
apologize	ize	apologise
apologized	ize	apologised
apologizes	ize	apologises
apologizing	ize	apologising
apostatise	gb	apostatize
apostatise	ise	apostatize
apostatised	gb	apostatized
apostatised	ise	apostatized
apostatises	gb	apostatizes
apostatises	ise	apostatizes
apostatising	gb	apostatizing
apostatising	ise	apostatizing
apostatize	ize	apostatise
apostatized	ize	apostatised
apostatizes	ize	apostatises
apostatizing	ize	apostatising
appal	gb	appall
appall	us	appal
appalls	us	appals
appals	gb	appalls
appareled	us	apparelled
appareling	us	apparelling
apparelled	gb	appareled
apparelling	gb	appareling
appetiser	gb	appetizer
appetiser	ise	appetizer
appetisers	gb	appetizers
appetisers	ise	appetizers
appetising	gb	appetizing
appetising	ise	appetizing
appetisingly	gb	appetizingly
appetisingly	ise	appetizingly
appetizer	ize	appetiser
appetizers	ize	appetisers
appetizing	ize	appetising
appetizingly	ize	appetisingly
apprize	ize	apprise
apprized	ize	apprised
apprizes	ize	apprises
apprizing	ize	apprising
arbor	us	arbour
arbors	us	arbours
arbour	gb	arbor
arbours	gb	arbors
ardor	us	ardour
ardors	us	ardours
ardour	gb	ardor
ardours	gb	ardors
armor	us	armour
armored	us	armoured
armorer	us	armourer
armorers	us	armourers
armories	us	armouries
armoring	us	armouring
armors	us	armours
armory	us	armoury
armour	gb	armor
armoured	gb	armored
armourer	gb	armorer
armourers	gb	armorers
armouries	gb	armories
armouring	gb	armoring
armours	gb	armors
armoury	gb	armory
arsehole	gb	asshole
arseholes	gb	assholes
artefact	gb	artifact
artefacts	gb	artifacts
artifact	us	artefact
artifacts	us	artefacts
asses	us	arses
asshole	us	arsehole
assholes	us	arseholes
atomise	gb	atomize
atomise	ise	atomize
atomised	gb	atomized
atomised	ise	atomized
atomiser	gb	atomizer
atomiser	ise	atomizer
atomisers	gb	atomizers
atomisers	ise	atomizers
atomises	gb	atomizes
atomises	ise	atomizes
atomising	gb	atomizing
atomising	ise	atomizing
atomize	ize	atomise
atomized	ize	atomised
atomizer	ize	atomiser
atomizers	ize	atomisers
atomizes	ize	atomises
atomizing	ize	atomising
attitudinise	gb	attitudinize
attitudinise	ise	attitudinize
attitudinised	gb	attitudinized
attitudinised	ise	attitudinized
attitudinises	gb	attitudinizes
attitudinises	ise	attitudinizes
attitudinising	gb	attitudinizing
attitudinising	ise	attitudinizing
attitudinize	ize	attitudinise
attitudinized	ize	attitudinised
attitudinizes	ize	attitudinises
attitudinizing	ize	attitudinising
authorisation	gb	authorization
authorisation	ise	authorization
authorisations	gb	authorizations
authorisations	ise	authorizations
authorise	gb	authorize
authorise	ise	authorize
authorised	gb	authorized
authorised	ise	authorized
authorises	gb	authorizes
authorises	ise	authorizes
authorising	gb	authorizing
authorising	ise	authorizing
authorization	ize	authorisation
authorizations	ize	authorisations
authorize	ize	authorise
authorized	ize	authorised
authorizes	ize	authorises
authorizing	ize	authorising
automatise	gb	automatize
automatise	ise	automatize
automatised	gb	automatized
automatised	ise	automatized
automatises	gb	automatizes
automatises	ise	automatizes
automatising	gb	automatizing
automatising	ise	automatizing
automatize	ize	automatise
automatized	ize	automatised
automatizes	ize	automatises
automatizing	ize	automatising
ax	us	axe
backpedaled	us	backpedalled
backpedaling	us	backpedalling
backpedalled	gb	backpedaled
backpedalling	gb	backpedaling
balk	us	baulk
balked	us	baulked
balking	us	baulking
balks	us	baulks
baptise	gb	baptize
baptise	ise	baptize
baptised	gb	baptized
baptised	ise	baptized
baptiser	gb	baptizer
baptiser	ise	baptizer
baptisers	gb	baptizers
baptisers	ise	baptizers
baptises	gb	baptizes
baptises	ise	baptizes
baptising	gb	baptizing
baptising	ise	baptizing
baptize	ize	baptise
baptized	ize	baptised
baptizer	ize	baptiser
baptizers	ize	baptisers
baptizes	ize	baptises
baptizing	ize	baptising
barbarise	gb	barbarize
barbarise	ise	barbarize
barbarised	gb	barbarized
barbarised	ise	barbarized
barbarises	gb	barbarizes
barbarises	ise	barbarizes
barbarising	gb	barbarizing
barbarising	ise	barbarizing
barbarize	ize	barbarise
barbarized	ize	barbarised
barbarizes	ize	barbarises
barbarizing	ize	barbarising
barque	gb	bark
barques	gb	barks
barreled	us	barrelled
barreling	us	barrelling
barrelled	gb	barreled
barrelling	gb	barreling
bastardisation	gb	bastardization
bastardisation	ise	bastardization
bastardisations	gb	bastardizations
bastardisations	ise	bastardizations
bastardise	gb	bastardize
bastardise	ise	bastardize
bastardised	gb	bastardized
bastardised	ise	bastardized
bastardises	gb	bastardizes
bastardises	ise	bastardizes
bastardising	gb	bastardizing
bastardising	ise	bastardizing
bastardization	ize	bastardisation
bastardizations	ize	bastardisations
bastardize	ize	bastardise
bastardized	ize	bastardised
bastardizes	ize	bastardises
bastardizing	ize	bastardising
baulk	gb	balk
baulked	gb	balked
baulking	gb	balking
baulks	gb	balks
bedeviled	us	bedevilled
bedeviling	us	bedevilling
bedevilled	gb	bedeviled
bedevilling	gb	bedeviling
behavior	us	behaviour
behavioral	us	behavioural
behaviorally	us	behaviourally
behaviorism	us	behaviourism
behaviorist	us	behaviourist
behaviorists	us	behaviourists
behaviors	us	behaviours
behaviour	gb	behavior
behavioural	gb	behavioral
behaviourally	gb	behaviorally
behaviourism	gb	behaviorism
behaviourist	gb	behaviorist
behaviourists	gb	behaviorists
behaviours	gb	behaviors
behoove	us	behove
behooved	us	behoved
behooves	us	behoves
behooving	us	behoving
behove	gb	behoove
behoved	gb	behooved
behoves	gb	behooves
behoving	gb	behooving
bejeweled	us	bejewelled
bejeweling	us	bejewelling
bejewelled	gb	bejeweled
bejewelling	gb	bejeweling
belabor	us	belabour
belabored	us	belaboured
belaboring	us	belabouring
belabors	us	belabours
belabour	gb	belabor
belaboured	gb	belabored
belabouring	gb	belaboring
belabours	gb	belabors
beveled	us	bevelled
beveling	us	bevelling
bevelled	gb	beveled
bevelling	gb	beveling
blamable	us	blameable
blameable	gb	blamable
blowsier	gb	blowzier
blowsiest	gb	blowziest
blowsy	gb	blowzy
blowzier	us	blowsier
blowziest	us	blowsiest
blowzy	us	blowsy
bowdlerisation	gb	bowdlerization
bowdlerisation	ise	bowdlerization
bowdlerisations	gb	bowdlerizations
bowdlerisations	ise	bowdlerizations
bowdlerise	gb	bowdlerize
bowdlerise	ise	bowdlerize
bowdlerised	gb	bowdlerized
bowdlerised	ise	bowdlerized
bowdlerises	gb	bowdlerizes
bowdlerises	ise	bowdlerizes
bowdlerising	gb	bowdlerizing
bowdlerising	ise	bowdlerizing
bowdlerization	ize	bowdlerisation
bowdlerizations	ize	bowdlerisations
bowdlerize	ize	bowdlerise
bowdlerized	ize	bowdlerised
bowdlerizes	ize	bowdlerises
bowdlerizing	ize	bowdlerising
breathalyse	gb	breathalyze
breathalysed	gb	breathalyzed
breathalyser	gb	breathalyzer
breathalysers	gb	breathalyzers
breathalyses	gb	breathalyzes
breathalysing	gb	breathalyzing
breathalyze	us	breathalyse
breathalyzed	us	breathalysed
breathalyzer	us	breathalyser
breathalyzers	us	breathalysers
breathalyzes	us	breathalyses
breathalyzing	us	breathalysing
brutalisation	gb	brutalization
brutalisation	ise	brutalization
brutalise	gb	brutalize
brutalise	ise	brutalize
brutalised	gb	brutalized
brutalised	ise	brutalized
brutalises	gb	brutalizes
brutalises	ise	brutalizes
brutalising	gb	brutalizing
brutalising	ise	brutalizing
brutalization	ize	brutalisation
brutalize	ize	brutalise
brutalized	ize	brutalised
brutalizes	ize	brutalises
brutalizing	ize	brutalising
bureaucratisation	gb	bureaucratization
bureaucratisation	ise	bureaucratization
bureaucratise	gb	bureaucratize
bureaucratise	ise	bureaucratize
bureaucratised	gb	bureaucratized
bureaucratised	ise	bureaucratized
bureaucratises	gb	bureaucratizes
bureaucratises	ise	bureaucratizes
bureaucratising	gb	bureaucratizing
bureaucratising	ise	bureaucratizing
bureaucratization	ize	bureaucratisation
bureaucratize	ize	bureaucratise
bureaucratized	ize	bureaucratised
bureaucratizes	ize	bureaucratises
bureaucratizing	ize	bureaucratising
burglarise	gb	burglarize
burglarise	ise	burglarize
burglarised	gb	burglarized
burglarised	ise	burglarized
burglarises	gb	burglarizes
burglarises	ise	burglarizes
burglarising	gb	burglarizing
burglarising	ise	burglarizing
burglarize	ize	burglarise
burglarized	ize	burglarised
burglarizes	ize	burglarises
burglarizing	ize	burglarising
bused	us	bussed
busheled	us	bushelled
busheling	us	bushelling
bushelled	gb	busheled
bushelling	gb	busheling
busing	us	bussing
caeca	gb	ceca
caecum	gb	cecum
caesarean	gb	cesarean
caesareans	gb	cesareans
caesium	gb	cesium
caftan	us	kaftan
caftans	us	kaftans
caliber	us	calibre
calibers	us	calibres
calibre	gb	caliber
calibres	gb	calibers
calisthenic	us	callisthenic
calisthenics	us	callisthenics
calk	us	caulk
calked	us	caulked
calking	us	caulking
calks	us	caulks
callisthenic	gb	calisthenic
callisthenics	gb	calisthenics
canalisation	gb	canalization
canalisation	ise	canalization
canalise	gb	canalize
canalise	ise	canalize
canalised	gb	canalized
canalised	ise	canalized
canalises	gb	canalizes
canalises	ise	canalizes
canalising	gb	canalizing
canalising	ise	canalizing
canalization	ize	canalisation
canalize	ize	canalise
canalized	ize	canalised
canalizes	ize	canalises
canalizing	ize	canalising
canceled	us	cancelled
canceler	us	canceller
cancelers	us	cancellers
canceling	us	cancelling
cancelled	gb	canceled
canceller	gb	canceler
cancellers	gb	cancelers
cancelling	gb	canceling
cancellous	gb	cancelous
cancelous	us	cancellous
candor	us	candour
candour	gb	candor
cannibalisation	gb	cannibalization
cannibalisation	ise	cannibalization
cannibalise	gb	cannibalize
cannibalise	ise	cannibalize
cannibalised	gb	cannibalized
cannibalised	ise	cannibalized
cannibalises	gb	cannibalizes
cannibalises	ise	cannibalizes
cannibalising	gb	cannibalizing
cannibalising	ise	cannibalizing
cannibalization	ize	cannibalisation
cannibalize	ize	cannibalise
cannibalized	ize	cannibalised
cannibalizes	ize	cannibalises
cannibalizing	ize	cannibalising
canonisation	gb	canonization
canonisation	ise	canonization
canonisations	gb	canonizations
canonisations	ise	canonizations
canonise	gb	canonize
canonise	ise	canonize
canonised	gb	canonized
canonised	ise	canonized
canonises	gb	canonizes
canonises	ise	canonizes
canonising	gb	canonizing
canonising	ise	canonizing
canonization	ize	canonisation
canonizations	ize	canonisations
canonize	ize	canonise
canonized	ize	canonised
canonizes	ize	canonises
canonizing	ize	canonising
capitalisation	gb	capitalization
capitalisation	ise	capitalization
capitalise	gb	capitalize
capitalise	ise	capitalize
capitalised	gb	capitalized
capitalised	ise	capitalized
capitalises	gb	capitalizes
capitalises	ise	capitalizes
capitalising	gb	capitalizing
capitalising	ise	capitalizing
capitalization	ize	capitalisation
capitalize	ize	capitalise
capitalized	ize	capitalised
capitalizes	ize	capitalises
capitalizing	ize	capitalising
capsulise	gb	capsulize
capsulise	ise	capsulize
capsulised	gb	capsulized
capsulised	ise	capsulized
capsulises	gb	capsulizes
capsulises	ise	capsulizes
capsulising	gb	capsulizing
capsulising	ise	capsulizing
capsulize	ize	capsulise
capsulized	ize	capsulised
capsulizes	ize	capsulises
capsulizing	ize	capsulising
caramelise	gb	caramelize
caramelise	ise	caramelize
caramelised	gb	caramelized
caramelised	ise	caramelized
caramelises	gb	caramelizes
caramelises	ise	caramelizes
caramelising	gb	caramelizing
caramelising	ise	caramelizing
caramelize	ize	caramelise
caramelized	ize	caramelised
caramelizes	ize	caramelises
caramelizing	ize	caramelising
carbonise	gb	carbonize
carbonise	ise	carbonize
carbonised	gb	carbonized
carbonised	ise	carbonized
carbonises	gb	carbonizes
carbonises	ise	carbonizes
carbonising	gb	carbonizing
carbonising	ise	carbonizing
carbonize	ize	carbonise
carbonized	ize	carbonised
carbonizes	ize	carbonises
carbonizing	ize	carbonising
carburetor	us	carburettor
carburetors	us	carburettors
carburettor	gb	carburetor
carburettors	gb	carburetors
cardiae	gb	cardie
cardie	us	cardiae
caroled	us	carolled
caroler	us	caroller
carolers	us	carollers
caroling	us	carolling
carolled	gb	caroled
caroller	gb	caroler
carollers	gb	carolers
carolling	gb	caroling
catalog	us	catalogue
cataloged	us	catalogued
cataloger	us	cataloguer
catalogers	us	cataloguers
cataloging	us	cataloguing
catalogs	us	catalogues
catalogue	gb	catalog
catalogued	gb	cataloged
cataloguer	gb	cataloger
cataloguers	gb	catalogers
catalogues	gb	catalogs
cataloguing	gb	cataloging
catalyse	gb	catalyze
catalysed	gb	catalyzed
catalysing	gb	catalyzing
catalyze	us	catalyse
catalyzed	us	catalysed
catalyzes	us	catalyses
catalyzing	us	catalysing
catechise	gb	catechize
catechise	ise	catechize
catechised	gb	catechized
catechised	ise	catechized
catechises	gb	catechizes
catechises	ise	catechizes
catechising	gb	catechizing
catechising	ise	catechizing
catechize	ize	catechise
catechized	ize	catechised
catechizes	ize	catechises
catechizing	ize	catechising
categorisation	gb	categorization
categorisation	ise	categorization
categorisations	gb	categorizations
categorisations	ise	categorizations
categorise	gb	categorize
categorise	ise	categorize
categorised	gb	categorized
categorised	ise	categorized
categorises	gb	categorizes
categorises	ise	categorizes
categorising	gb	categorizing
categorising	ise	categorizing
categorization	ize	categorisation
categorizations	ize	categorisations
categorize	ize	categorise
categorized	ize	categorised
categorizes	ize	categorises
categorizing	ize	categorising
catheterise	gb	catheterize
catheterise	ise	catheterize
catheterised	gb	catheterized
catheterised	ise	catheterized
catheterises	gb	catheterizes
catheterises	ise	catheterizes
catheterising	gb	catheterizing
catheterising	ise	catheterizing
catheterize	ize	catheterise
catheterized	ize	catheterised
catheterizes	ize	catheterises
catheterizing	ize	catheterising
cauterisation	gb	cauterization
cauterisation	ise	cauterization
cauterise	gb	cauterize
cauterise	ise	cauterize
cauterised	gb	cauterized
cauterised	ise	cauterized
cauterises	gb	cauterizes
cauterises	ise	cauterizes
cauterising	gb	cauterizing
cauterising	ise	cauterizing
cauterization	ize	cauterisation
cauterize	ize	cauterise
cauterized	ize	cauterised
cauterizes	ize	cauterises
cauterizing	ize	cauterising
caviled	us	cavilled
caviler	us	caviller
cavilers	us	cavillers
caviling	us	cavilling
cavilled	gb	caviled
caviller	gb	caviler
cavillers	gb	cavilers
cavilling	gb	caviling
ceca	us	caeca
cecum	us	caecum
celiac	us	coeliac
cenobite	us	coenobite
cenobites	us	coenobites
cenobitic	us	coenobitic
center	us	centre
centerboard	us	centreboard
centerboards	us	centreboards
centered	us	centred
centerfold	us	centrefold
centerfolds	us	centrefolds
centering	us	centring
centerline	us	centreline
centerlines	us	centrelines
centerpiece	us	centrepiece
centerpieces	us	centrepieces
centers	us	centres
centiliter	us	centilitre
centiliters	us	centilitres
centilitre	gb	centiliter
centilitres	gb	centiliters
centimeter	us	centimetre
centimeters	us	centimetres
centimetre	gb	centimeter
centimetres	gb	centimeters
centralisation	gb	centralization
centralisation	ise	centralization
centralise	gb	centralize
centralise	ise	centralize
centralised	gb	centralized
centralised	ise	centralized
centraliser	gb	centralizer
centraliser	ise	centralizer
centralisers	gb	centralizers
centralisers	ise	centralizers
centralises	gb	centralizes
centralises	ise	centralizes
centralising	gb	centralizing
centralising	ise	centralizing
centralization	ize	centralisation
centralize	ize	centralise
centralized	ize	centralised
centralizer	ize	centraliser
centralizers	ize	centralisers
centralizes	ize	centralises
centralizing	ize	centralising
centre	gb	center
centreboard	gb	centerboard
centreboards	gb	centerboards
centred	gb	centered
centrefold	gb	centerfold
centrefolds	gb	centerfolds
centreline	gb	centerline
centrelines	gb	centerlines
centrepiece	gb	centerpiece
centrepieces	gb	centerpieces
centres	gb	centers
centring	gb	centering
cesarean	us	caesarean
cesareans	us	caesareans
cesium	us	caesium
channeled	us	channelled
channeling	us	channelling
channelisation	gb	channelization
channelisation	ise	channelization
channelise	gb	channelize
channelise	ise	channelize
channelised	gb	channelized
channelised	ise	channelized
channelises	gb	channelizes
channelises	ise	channelizes
channelising	gb	channelizing
channelising	ise	channelizing
channelization	ize	channelisation
channelize	ize	channelise
channelized	ize	channelised
channelizes	ize	channelises
channelizing	ize	channelising
channelled	gb	channeled
channelling	gb	channeling
chaperon	us	chaperone
chaperone	gb	chaperon
chaperones	gb	chaperons
chaperons	us	chaperones
characterisation	gb	characterization
characterisation	ise	characterization
characterisations	gb	characterizations
characterisations	ise	characterizations
characterise	gb	characterize
characterise	ise	characterize
characterised	gb	characterized
characterised	ise	characterized
characterises	gb	characterizes
characterises	ise	characterizes
characterising	gb	characterizing
characterising	ise	characterizing
characterization	ize	characterisation
characterizations	ize	characterisations
characterize	ize	characterise
characterized	ize	characterised
characterizes	ize	characterises
characterizing	ize	characterising
checkbook	us	chequebook
checkbooks	us	chequebooks
checkerboard	us	chequerboard
checkerboards	us	chequerboards
cheque	gb	check
chequebook	gb	checkbook
chequebooks	gb	checkbooks
chequer	gb	checker
chequerboard	gb	checkerboard
chequerboards	gb	checkerboards
chequered	gb	checkered
chequering	gb	checkering
chequers	gb	checkers
cheques	gb	checks
chili	us	chilli
chilies	us	chillies
chilli	gb	chili
chiseled	us	chiselled
chiseler	us	chiseller
chiselers	us	chisellers
chiseling	us	chiselling
chiselled	gb	chiseled
chiseller	gb	chiseler
chisellers	gb	chiselers
chiselling	gb	chiseling
chocolatey	gb	chocolaty
chocolaty	us	chocolatey
circularise	gb	circularize
circularise	ise	circularize
circularised	gb	circularized
circularised	ise	circularized
circularises	gb	circularizes
circularises	ise	circularizes
circularising	gb	circularizing
circularising	ise	circularizing
circularize	ize	circularise
circularized	ize	circularised
circularizes	ize	circularises
circularizing	ize	circularising
civilisation	gb	civilization
civilisation	ise	civilization
civilisations	gb	civilizations
civilisations	ise	civilizations
civilise	gb	civilize
civilise	ise	civilize
civilised	gb	civilized
civilised	ise	civilized
civilises	gb	civilizes
civilises	ise	civilizes
civilising	gb	civilizing
civilising	ise	civilizing
civilization	ize	civilisation
civilizations	ize	civilisations
civilize	ize	civilise
civilized	ize	civilised
civilizes	ize	civilises
civilizing	ize	civilising
clamor	us	clamour
clamored	us	clamoured
clamoring	us	clamouring
clamors	us	clamours
clamour	gb	clamor
clamoured	gb	clamored
clamouring	gb	clamoring
clamours	gb	clamors
clangor	us	clangour
clangour	gb	clangor
clarinetist	us	clarinettist
clarinetists	us	clarinettists
clarinettist	gb	clarinetist
clarinettists	gb	clarinetists
coeliac	gb	celiac
coenobite	gb	cenobite
coenobites	gb	cenobites
coenobitic	gb	cenobitic
cognisable	gb	cognizable
cognisable	ise	cognizable
cognisance	gb	cognizance
cognisance	ise	cognizance
cognisant	gb	cognizant
cognisant	ise	cognizant
cognizable	ize	cognisable
cognizance	ize	cognisance
cognizant	ize	cognisant
collateralise	gb	collateralize
collateralise	ise	collateralize
collateralize	ize	collateralise
collectable	gb	collectible
collectables	gb	collectibles
collectible	us	collectable
collectibles	us	collectables
collectivisation	gb	collectivization
collectivisation	ise	collectivization
collectivise	gb	collectivize
collectivise	ise	collectivize
collectivised	gb	collectivized
collectivised	ise	collectivized
collectivises	gb	collectivizes
collectivises	ise	collectivizes
collectivising	gb	collectivizing
collectivising	ise	collectivizing
collectivization	ize	collectivisation
collectivize	ize	collectivise
collectivized	ize	collectivised
collectivizes	ize	collectivises
collectivizing	ize	collectivising
colonisation	gb	colonization
colonisation	ise	colonization
colonise	gb	colonize
colonise	ise	colonize
colonised	gb	colonized
colonised	ise	colonized
coloniser	gb	colonizer
coloniser	ise	colonizer
colonisers	gb	colonizers
colonisers	ise	colonizers
colonises	gb	colonizes
colonises	ise	colonizes
colonising	gb	colonizing
colonising	ise	colonizing
colonization	ize	colonisation
colonize	ize	colonise
colonized	ize	colonised
colonizer	ize	coloniser
colonizers	ize	colonisers
colonizes	ize	colonises
colonizing	ize	colonising
color	us	colour
colorant	us	colourant
colorants	us	colourants
colorblind	us	colourblind
colorblindness	us	colourblindness
colorectal	us	colourectal
colored	us	coloured
coloreds	us	coloureds
colorfast	us	colourfast
colorfastness	us	colourfastness
colorful	us	colourful
colorfully	us	colourfully
colorfulness	us	colourfulness
coloring	us	colouring
colorist	us	colourist
colorists	us	colourists
colorization	us	colourisation
colorizations	us	colourisations
colorize	us	colourise
colorized	us	colourised
colorizes	us	colourises
colorizing	us	colourising
colorless	us	colourless
colorlessly	us	colourlessly
colorlessness	us	colourlessness
colors	us	colours
colorway	us	colourway
colorways	us	colourways
colour	gb	color
colourant	gb	colorant
colourants	gb	colorants
colourblind	gb	colorblind
colourblindness	gb	colorblindness
colourectal	gb	colorectal
coloured	gb	colored
coloureds	gb	coloreds
colourfast	gb	colorfast
colourfastness	gb	colorfastness
colourful	gb	colorful
colourfully	gb	colorfully
colourfulness	gb	colorfulness
colouring	gb	coloring
colourisation	gb	colorization
colourisation	ise	colourization
colourisations	gb	colorizations
colourisations	ise	colourizations
colourise	gb	colorize
colourise	ise	colourize
colourised	gb	colorized
colourised	ise	colourized
colourises	gb	colorizes
colourises	ise	colourizes
colourising	gb	colorizing
colourising	ise	colourizing
colourist	gb	colorist
colourists	gb	colorists
colourization	gb	colorization
colourization	ize	colourisation
colourizations	gb	colorizations
colourizations	ize	colourisations
colourize	gb	colorize
colourize	ize	colourise
colourized	gb	colorized
colourized	ize	colourised
colourizes	gb	colorizes
colourizes	ize	colourises
colourizing	gb	colorizing
colourizing	ize	colourising
colourless	gb	colorless
colourlessly	gb	colorlessly
colourlessness	gb	colorlessness
colours	gb	colors
colourway	gb	colorway
colourways	gb	colorways
commercialisation	gb	commercialization
commercialisation	ise	commercialization
commercialise	gb	commercialize
commercialise	ise	commercialize
commercialised	gb	commercialized
commercialised	ise	commercialized
commercialises	gb	commercializes
commercialises	ise	commercializes
commercialising	gb	commercializing
commercialising	ise	commercializing
commercialization	ize	commercialisation
commercialize	ize	commercialise
commercialized	ize	commercialised
commercializes	ize	commercialises
commercializing	ize	commercialising
compartmentalisation	gb	compartmentalization
compartmentalisation	ise	compartmentalization
compartmentalise	gb	compartmentalize
compartmentalise	ise	compartmentalize
compartmentalised	gb	compartmentalized
compartmentalised	ise	compartmentalized
compartmentalises	gb	compartmentalizes
compartmentalises	ise	compartmentalizes
compartmentalising	gb	compartmentalizing
compartmentalising	ise	compartmentalizing
compartmentalization	ize	compartmentalisation
compartmentalize	ize	compartmentalise
compartmentalized	ize	compartmentalised
compartmentalizes	ize	compartmentalises
compartmentalizing	ize	compartmentalising
computerisation	gb	computerization
computerisation	ise	computerization
computerise	gb	computerize
computerise	ise	computerize
computerised	gb	computerized
computerised	ise	computerized
computerises	gb	computerizes
computerises	ise	computerizes
computerising	gb	computerizing
computerising	ise	computerizing
computerization	ize	computerisation
computerize	ize	computerise
computerized	ize	computerised
computerizes	ize	computerises
computerizing	ize	computerising
conceptualisation	gb	conceptualization
conceptualisation	ise	conceptualization
conceptualisations	gb	conceptualizations
conceptualisations	ise	conceptualizations
conceptualise	gb	conceptualize
conceptualise	ise	conceptualize
conceptualised	gb	conceptualized
conceptualised	ise	conceptualized
conceptualises	gb	conceptualizes
conceptualises	ise	conceptualizes
conceptualising	gb	conceptualizing
conceptualising	ise	conceptualizing
conceptualization	ize	conceptualisation
conceptualizations	ize	conceptualisations
conceptualize	ize	conceptualise
conceptualized	ize	conceptualised
conceptualizes	ize	conceptualises
conceptualizing	ize	conceptualising
concertise	gb	concertize
concertise	ise	concertize
concertised	gb	concertized
concertised	ise	concertized
concertises	gb	concertizes
concertises	ise	concertizes
concertising	gb	concertizing
concertising	ise	concertizing
concertize	ize	concertise
concertized	ize	concertised
concertizes	ize	concertises
concertizing	ize	concertising
containerisation	gb	containerization
containerisation	ise	containerization
containerise	gb	containerize
containerise	ise	containerize
containerised	gb	containerized
containerised	ise	containerized
containerises	gb	containerizes
containerises	ise	containerizes
containerising	gb	containerizing
containerising	ise	containerizing
containerization	ize	containerisation
containerize	ize	containerise
containerized	ize	containerised
containerizes	ize	containerises
containerizing	ize	containerising
contextualisation	gb	contextualization
contextualisation	ise	contextualization
contextualise	gb	contextualize
contextualise	ise	contextualize
contextualised	gb	contextualized
contextualised	ise	contextualized
contextualises	gb	contextualizes
contextualises	ise	contextualizes
contextualising	gb	contextualizing
contextualising	ise	contextualizing
contextualization	ize	contextualisation
contextualize	ize	contextualise
contextualized	ize	contextualised
contextualizes	ize	contextualises
contextualizing	ize	contextualising
conventionalise	gb	conventionalize
conventionalise	ise	conventionalize
conventionalised	gb	conventionalized
conventionalised	ise	conventionalized
conventionalises	gb	conventionalizes
conventionalises	ise	conventionalizes
conventionalising	gb	conventionalizing
conventionalising	ise	conventionalizing
conventionalize	ize	conventionalise
conventionalized	ize	conventionalised
conventionalizes	ize	conventionalises
conventionalizing	ize	conventionalising
cosied	gb	cozied
cosier	gb	cozier
cosies	gb	cozies
cosiest	gb	coziest
cosily	gb	cozily
cosiness	gb	coziness
costumier	us	costumire
costumire	gb	costumier
cosy	gb	cozy
cosying	gb	cozying
councillor	gb	councilor
councillors	gb	councilors
councilor	us	councillor
councilors	us	councillors
counseled	us	counselled
counseling	us	counselling
counselings	us	counsellings
counselled	gb	counseled
counselling	gb	counseling
counsellings	gb	counselings
counsellor	gb	counselor
counsellors	gb	counselors
counselor	us	counsellor
counselors	us	counsellors
cozied	us	cosied
cozier	us	cosier
cozies	us	cosies
coziest	us	cosiest
cozily	us	cosily
coziness	us	cosiness
cozy	us	cosy
cozying	us	cosying
crenelate	us	crenellate
crenelated	us	crenellated
crenelates	us	crenellates
crenelating	us	crenellating
crenelation	us	crenellation
crenelations	us	crenellations
crenellate	gb	crenelate
crenellated	gb	crenelated
crenellates	gb	crenelates
crenellating	gb	crenelating
crenellation	gb	crenelation
crenellations	gb	crenelations
criminalisation	gb	criminalization
criminalisation	ise	criminalization
criminalise	gb	criminalize
criminalise	ise	criminalize
criminalised	gb	criminalized
criminalised	ise	criminalized
criminalises	gb	criminalizes
criminalises	ise	criminalizes
criminalising	gb	criminalizing
criminalising	ise	criminalizing
criminalization	ize	criminalisation
criminalize	ize	criminalise
criminalized	ize	criminalised
criminalizes	ize	criminalises
criminalizing	ize	criminalising
criticise	gb	criticize
criticise	ise	criticize
criticised	gb	criticized
criticised	ise	criticized
criticiser	gb	criticizer
criticiser	ise	criticizer
criticisers	gb	criticizers
criticisers	ise	criticizers
criticises	gb	criticizes
criticises	ise	criticizes
criticising	gb	criticizing
criticising	ise	criticizing
criticize	ize	criticise
criticized	ize	criticised
criticizer	ize	criticiser
criticizers	ize	criticisers
criticizes	ize	criticises
criticizing	ize	criticising
crosier	us	crozier
crosiers	us	croziers
crozier	gb	crosier
croziers	gb	crosiers
crueler	us	crueller
cruelest	us	cruellest
crueller	gb	crueler
cruellest	gb	cruelest
crystallisation	gb	crystallization
crystallisation	ise	crystallization
crystallise	gb	crystallize
crystallise	ise	crystallize
crystallised	gb	crystallized
crystallised	ise	crystallized
crystallises	gb	crystallizes
crystallises	ise	crystallizes
crystallising	gb	crystallizing
crystallising	ise	crystallizing
crystallization	ize	crystallisation
crystallize	ize	crystallise
crystallized	ize	crystallised
crystallizes	ize	crystallises
crystallizing	ize	crystallising
cudgeled	us	cudgelled
cudgeling	us	cudgelling
cudgelled	gb	cudgeled
cudgelling	gb	cudgeling
customisable	gb	customizable
customisable	ise	customizable
customisation	gb	customization
customisation	ise	customization
customise	gb	customize
customise	ise	customize
customised	gb	customized
customised	ise	customized
customises	gb	customizes
customises	ise	customizes
customising	gb	customizing
customising	ise	customizing
customizable	ize	customisable
customization	ize	customisation
customize	ize	customise
customized	ize	customised
customizes	ize	customises
customizing	ize	customising
czar	us	tsar
czars	us	tsars
decentralisation	gb	decentralization
decentralisation	ise	decentralization
decentralise	gb	decentralize
decentralise	ise	decentralize
decentralised	gb	decentralized
decentralised	ise	decentralized
decentralises	gb	decentralizes
decentralises	ise	decentralizes
decentralising	gb	decentralizing
decentralising	ise	decentralizing
decentralization	ize	decentralisation
decentralize	ize	decentralise
decentralized	ize	decentralised
decentralizes	ize	decentralises
decentralizing	ize	decentralising
deciliter	us	decilitre
deciliters	us	decilitres
decilitre	gb	deciliter
decilitres	gb	deciliters
decimalisation	gb	decimalization
decimalisation	ise	decimalization
decimalization	ize	decimalisation
decimeter	us	decimetre
decimeters	us	decimetres
decimetre	gb	decimeter
decimetres	gb	decimeters
decolonisation	gb	decolonization
decolonisation	ise	decolonization
decolonise	gb	decolonize
decolonise	ise	decolonize
decolonised	gb	decolonized
decolonised	ise	decolonized
decolonises	gb	decolonizes
decolonises	ise	decolonizes
decolonising	gb	decolonizing
decolonising	ise	decolonizing
decolonization	ize	decolonisation
decolonize	ize	decolonise
decolonized	ize	decolonised
decolonizes	ize	decolonises
decolonizing	ize	decolonising
decriminalisation	gb	decriminalization
decriminalisation	ise	decriminalization
decriminalise	gb	decriminalize
decriminalise	ise	decriminalize
decriminalised	gb	decriminalized
decriminalised	ise	decriminalized
decriminalises	gb	decriminalizes
decriminalises	ise	decriminalizes
decriminalising	gb	decriminalizing
decriminalising	ise	decriminalizing
decriminalization	ize	decriminalisation
decriminalize	ize	decriminalise
decriminalized	ize	decriminalised
decriminalizes	ize	decriminalises
decriminalizing	ize	decriminalising
deemphasise	gb	deemphasize
deemphasise	ise	deemphasize
deemphasised	gb	deemphasized
deemphasised	ise	deemphasized
deemphasises	gb	deemphasizes
deemphasises	ise	deemphasizes
deemphasising	gb	deemphasizing
deemphasising	ise	deemphasizing
deemphasize	ize	deemphasise
deemphasized	ize	deemphasised
deemphasizes	ize	deemphasises
deemphasizing	ize	deemphasising
defence	gb	defense
defenced	gb	defensed
defenceless	gb	defenseless
defencelessly	gb	defenselessly
defencelessness	gb	defenselessness
defenceman	gb	defenseman
defencemen	gb	defensemen
defences	gb	defenses
defencing	gb	defensing
defense	us	defence
defensed	us	defenced
defenseless	us	defenceless
defenselessly	us	defencelessly
defenselessness	us	defencelessness
defenseman	us	defenceman
defensemen	us	defencemen
defenses	us	defences
defensing	us	defencing
dehumanisation	gb	dehumanization
dehumanisation	ise	dehumanization
dehumanise	gb	dehumanize
dehumanise	ise	dehumanize
dehumanised	gb	dehumanized
dehumanised	ise	dehumanized
dehumanises	gb	dehumanizes
dehumanises	ise	dehumanizes
dehumanising	gb	dehumanizing
dehumanising	ise	dehumanizing
dehumanization	ize	dehumanisation
dehumanize	ize	dehumanise
dehumanized	ize	dehumanised
dehumanizes	ize	dehumanises
dehumanizing	ize	dehumanising
delegitimise	gb	delegitimize
delegitimise	ise	delegitimize
delegitimised	gb	delegitimized
delegitimised	ise	delegitimized
delegitimises	gb	delegitimizes
delegitimises	ise	delegitimizes
delegitimising	gb	delegitimizing
delegitimising	ise	delegitimizing
delegitimize	ize	delegitimise
delegitimized	ize	delegitimised
delegitimizes	ize	delegitimises
delegitimizing	ize	delegitimising
demagnetisation	gb	demagnetization
demagnetisation	ise	demagnetization
demagnetise	gb	demagnetize
demagnetise	ise	demagnetize
demagnetised	gb	demagnetized
demagnetised	ise	demagnetized
demagnetises	gb	demagnetizes
demagnetises	ise	demagnetizes
demagnetising	gb	demagnetizing
demagnetising	ise	demagnetizing
demagnetization	ize	demagnetisation
demagnetize	ize	demagnetise
demagnetized	ize	demagnetised
demagnetizes	ize	demagnetises
demagnetizing	ize	demagnetising
demeanor	us	demeanour
demeanour	gb	demeanor
demilitarisation	gb	demilitarization
demilitarisation	ise	demilitarization
demilitarise	gb	demilitarize
demilitarise	ise	demilitarize
demilitarised	gb	demilitarized
demilitarised	ise	demilitarized
demilitarises	gb	demilitarizes
demilitarises	ise	demilitarizes
demilitarising	gb	demilitarizing
demilitarising	ise	demilitarizing
demilitarization	ize	demilitarisation
demilitarize	ize	demilitarise
demilitarized	ize	demilitarised
demilitarizes	ize	demilitarises
demilitarizing	ize	demilitarising
demobilisation	gb	demobilization
demobilisation	ise	demobilization
demobilise	gb	demobilize
demobilise	ise	demobilize
demobilised	gb	demobilized
demobilised	ise	demobilized
demobilises	gb	demobilizes
demobilises	ise	demobilizes
demobilising	gb	demobilizing
demobilising	ise	demobilizing
demobilization	ize	demobilisation
demobilize	ize	demobilise
demobilized	ize	demobilised
demobilizes	ize	demobilises
demobilizing	ize	demobilising
democratisation	gb	democratization
democratisation	ise	democratization
democratise	gb	democratize
democratise	ise	democratize
democratised	gb	democratized
democratised	ise	democratized
democratises	gb	democratizes
democratises	ise	democratizes
democratising	gb	democratizing
democratising	ise	democratizing
democratization	ize	democratisation
democratize	ize	democratise
democratized	ize	democratised
democratizes	ize	democratises
democratizing	ize	democratising
demonetisation	gb	demonetization
demonetisation	ise	demonetization
demonetise	gb	demonetize
demonetise	ise	demonetize
demonetised	gb	demonetized
demonetised	ise	demonetized
demonetises	gb	demonetizes
demonetises	ise	demonetizes
demonetising	gb	demonetizing
demonetising	ise	demonetizing
demonetization	ize	demonetisation
demonetize	ize	demonetise
demonetized	ize	demonetised
demonetizes	ize	demonetises
demonetizing	ize	demonetising
demonisation	gb	demonization
demonisation	ise	demonization
demonise	gb	demonize
demonise	ise	demonize
demonised	gb	demonized
demonised	ise	demonized
demonises	gb	demonizes
demonises	ise	demonizes
demonising	gb	demonizing
demonising	ise	demonizing
demonization	ize	demonisation
demonize	ize	demonise
demonized	ize	demonised
demonizes	ize	demonises
demonizing	ize	demonising
demoralisation	gb	demoralization
demoralisation	ise	demoralization
demoralise	gb	demoralize
demoralise	ise	demoralize
demoralised	gb	demoralized
demoralised	ise	demoralized
demoralises	gb	demoralizes
demoralises	ise	demoralizes
demoralising	gb	demoralizing
demoralising	ise	demoralizing
demoralization	ize	demoralisation
demoralize	ize	demoralise
demoralized	ize	demoralised
demoralizes	ize	demoralises
demoralizing	ize	demoralising
denationalisation	gb	denationalization
denationalisation	ise	denationalization
denationalise	gb	denationalize
denationalise	ise	denationalize
denationalised	gb	denationalized
denationalised	ise	denationalized
denationalises	gb	denationalizes
denationalises	ise	denationalizes
denationalising	gb	denationalizing
denationalising	ise	denationalizing
denationalization	ize	denationalisation
denationalize	ize	denationalise
denationalized	ize	denationalised
denationalizes	ize	denationalises
denationalizing	ize	denationalising
dentin	us	dentine
dentine	gb	dentin
denuclearise	gb	denuclearize
denuclearise	ise	denuclearize
denuclearised	gb	denuclearized
denuclearised	ise	denuclearized
denuclearises	gb	denuclearizes
denuclearises	ise	denuclearizes
denuclearising	gb	denuclearizing
denuclearising	ise	denuclearizing
denuclearize	ize	denuclearise
denuclearized	ize	denuclearised
denuclearizes	ize	denuclearises
denuclearizing	ize	denuclearising
deodorisation	gb	deodorization
deodorisation	ise	deodorization
deodorise	gb	deodorize
deodorise	ise	deodorize
deodorised	gb	deodorized
deodorised	ise	deodorized
deodoriser	gb	deodorizer
deodoriser	ise	deodorizer
deodorisers	gb	deodorizers
deodorisers	ise	deodorizers
deodorises	gb	deodorizes
deodorises	ise	deodorizes
deodorising	gb	deodorizing
deodorising	ise	deodorizing
deodorization	ize	deodorisation
deodorize	ize	deodorise
deodorized	ize	deodorised
deodorizer	ize	deodoriser
deodorizers	ize	deodorisers
deodorizes	ize	deodorises
deodorizing	ize	deodorising
departmentalisation	gb	departmentalization
departmentalisation	ise	departmentalization
departmentalise	gb	departmentalize
departmentalise	ise	departmentalize
departmentalised	gb	departmentalized
departmentalised	ise	departmentalized
departmentalises	gb	departmentalizes
departmentalises	ise	departmentalizes
departmentalising	gb	departmentalizing
departmentalising	ise	departmentalizing
departmentalization	ize	departmentalisation
departmentalize	ize	departmentalise
departmentalized	ize	departmentalised
departmentalizes	ize	departmentalises
departmentalizing	ize	departmentalising
dependants	gb	dependents
dependents	us	dependants
depersonalise	gb	depersonalize
depersonalise	ise	depersonalize
depersonalised	gb	depersonalized
depersonalised	ise	depersonalized
depersonalises	gb	depersonalizes
depersonalises	ise	depersonalizes
depersonalising	gb	depersonalizing
depersonalising	ise	depersonalizing
depersonalize	ize	depersonalise
depersonalized	ize	depersonalised
depersonalizes	ize	depersonalises
depersonalizing	ize	depersonalising
depolarisation	gb	depolarization
depolarisation	ise	depolarization
depolarise	gb	depolarize
depolarise	ise	depolarize
depolarised	gb	depolarized
depolarised	ise	depolarized
depolarises	gb	depolarizes
depolarises	ise	depolarizes
depolarising	gb	depolarizing
depolarising	ise	depolarizing
depolarization	ize	depolarisation
depolarize	ize	depolarise
depolarized	ize	depolarised
depolarizes	ize	depolarises
depolarizing	ize	depolarising
depoliticise	gb	depoliticize
depoliticise	ise	depoliticize
depoliticised	gb	depoliticized
depoliticised	ise	depoliticized
depoliticises	gb	depoliticizes
depoliticises	ise	depoliticizes
depoliticising	gb	depoliticizing
depoliticising	ise	depoliticizing
depoliticize	ize	depoliticise
depoliticized	ize	depoliticised
depoliticizes	ize	depoliticises
depoliticizing	ize	depoliticising
depressurisation	gb	depressurization
depressurisation	ise	depressurization
depressurise	gb	depressurize
depressurise	ise	depressurize
depressurised	gb	depressurized
depressurised	ise	depressurized
depressurises	gb	depressurizes
depressurises	ise	depressurizes
depressurising	gb	depressurizing
depressurising	ise	depressurizing
depressurization	ize	depressurisation
depressurize	ize	depressurise
depressurized	ize	depressurised
depressurizes	ize	depressurises
depressurizing	ize	depressurising
deprogram	us	deprogramme
deprogramme	gb	deprogram
deprogrammes	gb	deprograms
deprograms	us	deprogrammes
deputise	gb	deputize
deputise	ise	deputize
deputised	gb	deputized
deputised	ise	deputized
deputises	gb	deputizes
deputises	ise	deputizes
deputising	gb	deputizing
deputising	ise	deputizing
deputize	ize	deputise
deputized	ize	deputised
deputizes	ize	deputises
deputizing	ize	deputising
desalinisation	gb	desalinization
desalinisation	ise	desalinization
desalinise	gb	desalinize
desalinise	ise	desalinize
desalinised	gb	desalinized
desalinised	ise	desalinized
desalinises	gb	desalinizes
desalinises	ise	desalinizes
desalinising	gb	desalinizing
desalinising	ise	desalinizing
desalinization	ize	desalinisation
desalinize	ize	desalinise
desalinized	ize	desalinised
desalinizes	ize	desalinises
desalinizing	ize	desalinising
descendent	gb	descendant
desensitisation	gb	desensitization
desensitisation	ise	desensitization
desensitise	gb	desensitize
desensitise	ise	desensitize
desensitised	gb	desensitized
desensitised	ise	desensitized
desensitises	gb	desensitizes
desensitises	ise	desensitizes
desensitising	gb	desensitizing
desensitising	ise	desensitizing
desensitization	ize	desensitisation
desensitize	ize	desensitise
desensitized	ize	desensitised
desensitizes	ize	desensitises
desensitizing	ize	desensitising
deserialisation	gb	deserialization
deserialisation	ise	deserialization
deserialisations	gb	deserializations
deserialisations	ise	deserializations
deserialise	gb	deserialize
deserialise	ise	deserialize
deserialised	gb	deserialized
deserialised	ise	deserialized
deserialises	gb	deserializes
deserialises	ise	deserializes
deserialising	gb	deserializing
deserialising	ise	deserializing
deserialization	ize	deserialisation
deserializations	ize	deserialisations
deserialize	ize	deserialise
deserialized	ize	deserialised
deserializes	ize	deserialises
deserializing	ize	deserialising
destabilisation	gb	destabilization
destabilisation	ise	destabilization
destabilise	gb	destabilize
destabilise	ise	destabilize
destabilised	gb	destabilized
destabilised	ise	destabilized
destabilises	gb	destabilizes
destabilises	ise	destabilizes
destabilising	gb	destabilizing
destabilising	ise	destabilizing
destabilization	ize	destabilisation
destabilize	ize	destabilise
destabilized	ize	destabilised
destabilizes	ize	destabilises
destabilizing	ize	destabilising
deviled	us	devilled
deviling	us	devilling
devilled	gb	deviled
devilling	gb	deviling
devitalise	gb	devitalize
devitalise	ise	devitalize
devitalised	gb	devitalized
devitalised	ise	devitalized
devitalises	gb	devitalizes
devitalises	ise	devitalizes
devitalising	gb	devitalizing
devitalising	ise	devitalizing
devitalize	ize	devitalise
devitalized	ize	devitalised
devitalizes	ize	devitalises
devitalizing	ize	devitalising
dialed	us	dialled
dialer	us	dialler
dialers	us	diallers
dialing	us	dialling
dialled	gb	dialed
dialler	gb	dialer
diallers	gb	dialers
dialling	gb	dialing
diarrhea	us	diarrhoea
diarrhoea	gb	diarrhea
digitisation	gb	digitization
digitisation	ise	digitization
digitise	gb	digitize
digitise	ise	digitize
digitised	gb	digitized
digitised	ise	digitized
digitises	gb	digitizes
digitises	ise	digitizes
digitising	gb	digitizing
digitising	ise	digitizing
digitization	ize	digitisation
digitize	ize	digitise
digitized	ize	digitised
digitizes	ize	digitises
digitizing	ize	digitising
dike	us	dyke
diked	us	dyked
dikes	us	dykes
diking	us	dyking
discolor	us	discolour
discolored	us	discoloured
discoloring	us	discolouring
discolors	us	discolours
discolour	gb	discolor
discoloured	gb	discolored
discolouring	gb	discoloring
discolours	gb	discolors
disemboweled	us	disembowelled
disemboweling	us	disembowelling
disembowelled	gb	disemboweled
disembowelling	gb	disemboweling
disfavor	us	disfavour
disfavored	us	disfavoured
disfavoring	us	disfavouring
disfavors	us	disfavours
disfavour	gb	disfavor
disfavoured	gb	disfavored
disfavouring	gb	disfavoring
disfavours	gb	disfavors
dishabille	us	déshabillé
disheveled	us	dishevelled
disheveling	us	dishevelling
dishevelled	gb	disheveled
dishevelling	gb	disheveling
dishonor	us	dishonour
dishonorable	us	dishonourable
dishonorably	us	dishonourably
dishonored	us	dishonoured
dishonoring	us	dishonouring
dishonors	us	dishonours
dishonour	gb	dishonor
dishonourable	gb	dishonorable
dishonourably	gb	dishonorably
dishonoured	gb	dishonored
dishonouring	gb	dishonoring
dishonours	gb	dishonors
disorganisation	gb	disorganization
disorganisation	ise	disorganization
disorganise	gb	disorganize
disorganise	ise	disorganize
disorganised	gb	disorganized
disorganised	ise	disorganized
disorganises	gb	disorganizes
disorganises	ise	disorganizes
disorganising	gb	disorganizing
disorganising	ise	disorganizing
disorganization	ize	disorganisation
disorganize	ize	disorganise
disorganized	ize	disorganised
disorganizes	ize	disorganises
disorganizing	ize	disorganising
distil	gb	distill
distill	us	distil
distills	us	distils
distils	gb	distills
dolor	us	dolour
dolors	us	dolours
dolour	gb	dolor
dolours	gb	dolors
donut	us	doughnut
donuts	us	doughnuts
doweled	us	dowelled
doweling	us	dowelling
dowelled	gb	doweled
dowelling	gb	doweling
downdraft	us	downdraught
downdraught	gb	downdraft
draftier	us	draughtier
draftiest	us	draughtiest
draftily	us	draughtily
draftiness	us	draughtiness
draftsman	us	draughtsman
draftsmanship	us	draughtsmanship
draftsmen	us	draughtsmen
draftswoman	us	draughtswoman
draftswomen	us	draughtswomen
drafty	us	draughty
dramatisation	gb	dramatization
dramatisation	ise	dramatization
dramatisations	gb	dramatizations
dramatisations	ise	dramatizations
dramatise	gb	dramatize
dramatise	ise	dramatize
dramatised	gb	dramatized
dramatised	ise	dramatized
dramatises	gb	dramatizes
dramatises	ise	dramatizes
dramatising	gb	dramatizing
dramatising	ise	dramatizing
dramatization	ize	dramatisation
dramatizations	ize	dramatisations
dramatize	ize	dramatise
dramatized	ize	dramatised
dramatizes	ize	dramatises
dramatizing	ize	dramatising
draughtier	gb	draftier
draughtiest	gb	draftiest
draughtily	gb	draftily
draughtiness	gb	draftiness
draughtsmanship	gb	draftsmanship
draughtswoman	gb	draftswoman
draughtswomen	gb	draftswomen
draughty	gb	drafty
drily	gb	dryly
driveled	us	drivelled
driveler	us	driveller
drivelers	us	drivellers
driveling	us	drivelling
drivelled	gb	driveled
driveller	gb	driveler
drivellers	gb	drivelers
drivelling	gb	driveling
dryly	us	drily
dueled	us	duelled
dueler	us	dueller
duelers	us	duellers
dueling	us	duelling
duelist	us	duellist
duelists	us	duellists
duelled	gb	dueled
dueller	gb	dueler
duellers	gb	duelers
duelling	gb	dueling
duellist	gb	duelist
duellists	gb	duelists
dyked	gb	diked
dyking	gb	diking
déshabillé	gb	dishabille
economise	gb	economize
economise	ise	economize
economised	gb	economized
economised	ise	economized
economiser	gb	economizer
economiser	ise	economizer
economisers	gb	economizers
economisers	ise	economizers
economises	gb	economizes
economises	ise	economizes
economising	gb	economizing
economising	ise	economizing
economize	ize	economise
economized	ize	economised
economizer	ize	economiser
economizers	ize	economisers
economizes	ize	economises
economizing	ize	economising
ecus	us	oecus
edema	us	oedema
editorialise	gb	editorialize
editorialise	ise	editorialize
editorialised	gb	editorialized
editorialised	ise	editorialized
editorialises	gb	editorializes
editorialises	ise	editorializes
editorialising	gb	editorializing
editorialising	ise	editorializing
editorialize	ize	editorialise
editorialized	ize	editorialised
editorializes	ize	editorialises
editorializing	ize	editorialising
elasticise	gb	elasticize
elasticise	ise	elasticize
elasticised	gb	elasticized
elasticised	ise	elasticized
elasticises	gb	elasticizes
elasticises	ise	elasticizes
elasticising	gb	elasticizing
elasticising	ise	elasticizing
elasticize	ize	elasticise
elasticized	ize	elasticised
elasticizes	ize	elasticises
elasticizing	ize	elasticising
embolisation	gb	embolization
embolisation	ise	embolization
embolization	ize	embolisation
emotionalise	gb	emotionalize
emotionalise	ise	emotionalize
emotionalised	gb	emotionalized
emotionalised	ise	emotionalized
emotionalises	gb	emotionalizes
emotionalises	ise	emotionalizes
emotionalising	gb	emotionalizing
emotionalising	ise	emotionalizing
emotionalize	ize	emotionalise
emotionalized	ize	emotionalised
emotionalizes	ize	emotionalises
emotionalizing	ize	emotionalising
empathise	gb	empathize
empathise	ise	empathize
empathised	gb	empathized
empathised	ise	empathized
empathises	gb	empathizes
empathises	ise	empathizes
empathising	gb	empathizing
empathising	ise	empathizing
empathize	ize	empathise
empathized	ize	empathised
empathizes	ize	empathises
empathizing	ize	empathising
emphasise	gb	emphasize
emphasise	ise	emphasize
emphasised	gb	emphasized
emphasised	ise	emphasized
emphasises	gb	emphasizes
emphasises	ise	emphasizes
emphasising	gb	emphasizing
emphasising	ise	emphasizing
emphasize	ize	emphasise
emphasized	ize	emphasised
emphasizes	ize	emphasises
emphasizing	ize	emphasising
enameled	us	enamelled
enameler	us	enameller
enamelers	us	enamellers
enameling	us	enamelling
enamelled	gb	enameled
enameller	gb	enameler
enamellers	gb	enamelers
enamelling	gb	enameling
enamor	us	enamour
enamored	us	enamoured
enamoring	us	enamouring
enamors	us	enamours
enamour	gb	enamor
enamoured	gb	enamored
enamouring	gb	enamoring
enamours	gb	enamors
endeavor	us	endeavour
endeavored	us	endeavoured
endeavoring	us	endeavouring
endeavors	us	endeavours
endeavour	gb	endeavor
endeavoured	gb	endeavored
endeavouring	gb	endeavoring
endeavours	gb	endeavors
energise	gb	energize
energise	ise	energize
energised	gb	energized
energised	ise	energized
energiser	gb	energizer
energiser	ise	energizer
energisers	gb	energizers
energisers	ise	energizers
energises	gb	energizes
energises	ise	energizes
energising	gb	energizing
energising	ise	energizing
energize	ize	energise
energized	ize	energised
energizer	ize	energiser
energizers	ize	energisers
energizes	ize	energises
energizing	ize	energising
enquire	gb	inquire
enquired	gb	inquired
enquires	gb	inquires
enquiries	gb	inquiries
enquiring	gb	inquiring
enquiry	gb	inquiry
enrol	gb	enroll
enroll	us	enrol
enrollment	us	enrolment
enrollments	us	enrolments
enrolls	us	enrols
enrolment	gb	enrollment
enrolments	gb	enrollments
enrols	gb	enrolls
enthral	gb	enthrall
enthrall	us	enthral
enthrallment	us	enthralment
enthralls	us	enthrals
enthralment	gb	enthrallment
enthrals	gb	enthralls
epaulet	us	epaulette
epaulets	us	epaulettes
epaulette	gb	epaulet
epaulettes	gb	epaulets
epicenter	us	epicentre
epicenters	us	epicentres
epicentre	gb	epicenter
epicentres	gb	epicenters
epitomise	gb	epitomize
epitomise	ise	epitomize
epitomised	gb	epitomized
epitomised	ise	epitomized
epitomises	gb	epitomizes
epitomises	ise	epitomizes
epitomising	gb	epitomizing
epitomising	ise	epitomizing
epitomize	ize	epitomise
epitomized	ize	epitomised
epitomizes	ize	epitomises
epitomizing	ize	epitomising
equaled	us	equalled
equaling	us	equalling
equalisation	gb	equalization
equalisation	ise	equalization
equalise	gb	equalize
equalise	ise	equalize
equalised	gb	equalized
equalised	ise	equalized
equaliser	gb	equalizer
equaliser	ise	equalizer
equalisers	gb	equalizers
equalisers	ise	equalizers
equalises	gb	equalizes
equalises	ise	equalizes
equalising	gb	equalizing
equalising	ise	equalizing
equalization	ize	equalisation
equalize	ize	equalise
equalized	ize	equalised
equalizer	ize	equaliser
equalizers	ize	equalisers
equalizes	ize	equalises
equalizing	ize	equalising
equalled	gb	equaled
equalling	gb	equaling
esophagi	us	oesophagi
esophagus	us	oesophagus
esthetician	us	aesthetician
estheticians	us	aestheticians
estradiol	us	oestradiol
estrogen	us	oestrogen
estrogens	us	oestrogens
estrous	us	oestrous
estrus	us	oestrus
estruses	us	oestruses
etiologies	us	aetiologies
etiology	us	aetiology
eulogise	gb	eulogize
eulogise	ise	eulogize
eulogised	gb	eulogized
eulogised	ise	eulogized
eulogiser	gb	eulogizer
eulogiser	ise	eulogizer
eulogisers	gb	eulogizers
eulogisers	ise	eulogizers
eulogises	gb	eulogizes
eulogises	ise	eulogizes
eulogising	gb	eulogizing
eulogising	ise	eulogizing
eulogize	ize	eulogise
eulogized	ize	eulogised
eulogizer	ize	eulogiser
eulogizers	ize	eulogisers
eulogizes	ize	eulogises
eulogizing	ize	eulogising
euthanise	gb	euthanize
euthanise	ise	euthanize
euthanised	gb	euthanized
euthanised	ise	euthanized
euthanises	gb	euthanizes
euthanises	ise	euthanizes
euthanising	gb	euthanizing
euthanising	ise	euthanizing
euthanize	ize	euthanise
euthanized	ize	euthanised
euthanizes	ize	euthanises
euthanizing	ize	euthanising
evangelisation	gb	evangelization
evangelisation	ise	evangelization
evangelise	gb	evangelize
evangelise	ise	evangelize
evangelised	gb	evangelized
evangelised	ise	evangelized
evangelises	gb	evangelizes
evangelises	ise	evangelizes
evangelising	gb	evangelizing
evangelising	ise	evangelizing
evangelization	ize	evangelisation
evangelize	ize	evangelise
evangelized	ize	evangelised
evangelizes	ize	evangelises
evangelizing	ize	evangelising
eviler	us	eviller
evilest	us	evillest
eviller	gb	eviler
evillest	gb	evilest
exorcise	ise	exorcize
exorcised	ise	exorcized
exorcises	ise	exorcizes
exorcising	ise	exorcizing
exorcize	gb	exorcise
exorcize	ize	exorcise
exorcized	gb	exorcised
exorcized	ize	exorcised
exorcizes	gb	exorcises
exorcizes	ize	exorcises
exorcizing	gb	exorcising
exorcizing	ize	exorcising
extemporisation	gb	extemporization
extemporisation	ise	extemporization
extemporise	gb	extemporize
extemporise	ise	extemporize
extemporised	gb	extemporized
extemporised	ise	extemporized
extemporises	gb	extemporizes
extemporises	ise	extemporizes
extemporising	gb	extemporizing
extemporising	ise	extemporizing
extemporization	ize	extemporisation
extemporize	ize	extemporise
extemporized	ize	extemporised
extemporizes	ize	extemporises
extemporizing	ize	extemporising
externalisation	gb	externalization
externalisation	ise	externalization
externalisations	gb	externalizations
externalisations	ise	externalizations
externalise	gb	externalize
externalise	ise	externalize
externalised	gb	externalized
externalised	ise	externalized
externalises	gb	externalizes
externalises	ise	externalizes
externalising	gb	externalizing
externalising	ise	externalizing
externalization	ize	externalisation
externalizations	ize	externalisations
externalize	ize	externalise
externalized	ize	externalised
externalizes	ize	externalises
externalizing	ize	externalising
factorisation	gb	factorization
factorisation	ise	factorization
factorise	gb	factorize
factorise	ise	factorize
factorised	gb	factorized
factorised	ise	factorized
factorises	gb	factorizes
factorises	ise	factorizes
factorising	gb	factorizing
factorising	ise	factorizing
factorization	ize	factorisation
factorize	ize	factorise
factorized	ize	factorised
factorizes	ize	factorises
factorizing	ize	factorising
faecal	gb	fecal
faeces	gb	feces
fagot	us	faggot
fagots	us	faggots
familiarisation	gb	familiarization
familiarisation	ise	familiarization
familiarise	gb	familiarize
familiarise	ise	familiarize
familiarised	gb	familiarized
familiarised	ise	familiarized
familiarises	gb	familiarizes
familiarises	ise	familiarizes
familiarising	gb	familiarizing
familiarising	ise	familiarizing
familiarization	ize	familiarisation
familiarize	ize	familiarise
familiarized	ize	familiarised
familiarizes	ize	familiarises
familiarizing	ize	familiarising
fantasise	gb	fantasize
fantasise	ise	fantasize
fantasised	gb	fantasized
fantasised	ise	fantasized
fantasises	gb	fantasizes
fantasises	ise	fantasizes
fantasising	gb	fantasizing
fantasising	ise	fantasizing
fantasize	ize	fantasise
fantasized	ize	fantasised
fantasizes	ize	fantasises
fantasizing	ize	fantasising
faradise	gb	faradize
faradise	ise	faradize
faradised	gb	faradized
faradised	ise	faradized
faradising	gb	faradizing
faradising	ise	faradizing
faradize	ize	faradise
faradized	ize	faradised
faradizing	ize	faradising
favor	us	favour
favorable	us	favourable
favorably	us	favourably
favored	us	favoured
favoring	us	favouring
favorite	us	favourite
favorites	us	favourites
favoritism	us	favouritism
favors	us	favours
favour	gb	favor
favourable	gb	favorable
favourably	gb	favorably
favoured	gb	favored
favouring	gb	favoring
favourite	gb	favorite
favourites	gb	favorites
favouritism	gb	favoritism
favours	gb	favors
fecal	us	faecal
feces	us	faeces
federalisation	gb	federalization
federalisation	ise	federalization
federalise	gb	federalize
federalise	ise	federalize
federalised	gb	federalized
federalised	ise	federalized
federalises	gb	federalizes
federalises	ise	federalizes
federalising	gb	federalizing
federalising	ise	federalizing
federalization	ize	federalisation
federalize	ize	federalise
federalized	ize	federalised
federalizes	ize	federalises
federalizing	ize	federalising
feminisation	gb	feminization
feminisation	ise	feminization
feminise	gb	feminize
feminise	ise	feminize
feminised	gb	feminized
feminised	ise	feminized
feminises	gb	feminizes
feminises	ise	feminizes
feminising	gb	feminizing
feminising	ise	feminizing
feminization	ize	feminisation
feminize	ize	feminise
feminized	ize	feminised
feminizes	ize	feminises
feminizing	ize	feminising
fertilisation	gb	fertilization
fertilisation	ise	fertilization
fertilise	gb	fertilize
fertilise	ise	fertilize
fertilised	gb	fertilized
fertilised	ise	fertilized
fertiliser	gb	fertilizer
fertiliser	ise	fertilizer
fertilisers	gb	fertilizers
fertilisers	ise	fertilizers
fertilises	gb	fertilizes
fertilises	ise	fertilizes
fertilising	gb	fertilizing
fertilising	ise	fertilizing
fertilization	ize	fertilisation
fertilize	ize	fertilise
fertilized	ize	fertilised
fertilizer	ize	fertiliser
fertilizers	ize	fertilisers
fertilizes	ize	fertilises
fertilizing	ize	fertilising
fervor	us	fervour
fervour	gb	fervor
fetishise	gb	fetishize
fetishise	ise	fetishize
fetishised	gb	fetishized
fetishised	ise	fetishized
fetishises	gb	fetishizes
fetishises	ise	fetishizes
fetishising	gb	fetishizing
fetishising	ise	fetishizing
fetishize	ize	fetishise
fetishized	ize	fetishised
fetishizes	ize	fetishises
fetishizing	ize	fetishising
fiber	us	fibre
fiberboard	us	fibreboard
fiberfill	us	fibrefill
fiberglass	us	fibreglass
fibers	us	fibres
fibre	gb	fiber
fibreboard	gb	fiberboard
fibrefill	gb	fiberfill
fibreglass	gb	fiberglass
fibres	gb	fibers
fictionalisation	gb	fictionalization
fictionalisation	ise	fictionalization
fictionalisations	gb	fictionalizations
fictionalisations	ise	fictionalizations
fictionalise	gb	fictionalize
fictionalise	ise	fictionalize
fictionalised	gb	fictionalized
fictionalised	ise	fictionalized
fictionalises	gb	fictionalizes
fictionalises	ise	fictionalizes
fictionalising	gb	fictionalizing
fictionalising	ise	fictionalizing
fictionalization	ize	fictionalisation
fictionalizations	ize	fictionalisations
fictionalize	ize	fictionalise
fictionalized	ize	fictionalised
fictionalizes	ize	fictionalises
fictionalizing	ize	fictionalising
finalisation	gb	finalization
finalisation	ise	finalization
finalise	gb	finalize
finalise	ise	finalize
finalised	gb	finalized
finalised	ise	finalized
finalises	gb	finalizes
finalises	ise	finalizes
finalising	gb	finalizing
finalising	ise	finalizing
finalization	ize	finalisation
finalize	ize	finalise
finalized	ize	finalised
finalizes	ize	finalises
finalizing	ize	finalising
flanneled	us	flannelled
flanneling	us	flannelling
flannelled	gb	flanneled
flannelling	gb	flanneling
flautist	gb	flutist
flautists	gb	flutists
flavor	us	flavour
flavored	us	flavoured
flavorful	us	flavourful
flavoring	us	flavouring
flavorings	us	flavourings
flavorless	us	flavourless
flavors	us	flavours
flavorsome	us	flavoursome
flavour	gb	flavor
flavoured	gb	flavored
flavourful	gb	flavorful
flavouring	gb	flavoring
flavourings	gb	flavorings
flavourless	gb	flavorless
flavours	gb	flavors
flavoursome	gb	flavorsome
fliers	us	flyers
flutist	us	flautist
flutists	us	flautists
flyer	gb	flier
flyers	gb	fliers
fogey	gb	fogy
fogeys	gb	fogies
fogies	us	fogeys
fogy	us	fogey
fontanel	us	fontanelle
fontanelle	gb	fontanel
fontanelles	gb	fontanels
fontanels	us	fontanelles
foregather	gb	forgather
foregathered	gb	forgathered
foregathering	gb	forgathering
foregathers	gb	forgathers
forgather	us	foregather
forgathered	us	foregathered
forgathering	us	foregathering
forgathers	us	foregathers
formalisation	gb	formalization
formalisation	ise	formalization
formalise	gb	formalize
formalise	ise	formalize
formalised	gb	formalized
formalised	ise	formalized
formalises	gb	formalizes
formalises	ise	formalizes
formalising	gb	formalizing
formalising	ise	formalizing
formalization	ize	formalisation
formalize	ize	formalise
formalized	ize	formalised
formalizes	ize	formalises
formalizing	ize	formalising
formulae	gb	formulas
fossilisation	gb	fossilization
fossilisation	ise	fossilization
fossilise	gb	fossilize
fossilise	ise	fossilize
fossilised	gb	fossilized
fossilised	ise	fossilized
fossilises	gb	fossilizes
fossilises	ise	fossilizes
fossilising	gb	fossilizing
fossilising	ise	fossilizing
fossilization	ize	fossilisation
fossilize	ize	fossilise
fossilized	ize	fossilised
fossilizes	ize	fossilises
fossilizing	ize	fossilising
fraternisation	gb	fraternization
fraternisation	ise	fraternization
fraternise	gb	fraternize
fraternise	ise	fraternize
fraternised	gb	fraternized
fraternised	ise	fraternized
fraterniser	gb	fraternizer
fraterniser	ise	fraternizer
fraternisers	gb	fraternizers
fraternisers	ise	fraternizers
fraternises	gb	fraternizes
fraternises	ise	fraternizes
fraternising	gb	fraternizing
fraternising	ise	fraternizing
fraternization	ize	fraternisation
fraternize	ize	fraternise
fraternized	ize	fraternised
fraternizer	ize	fraterniser
fraternizers	ize	fraternisers
fraternizes	ize	fraternises
fraternizing	ize	fraternising
fueled	us	fuelled
fueling	us	fuelling
fuelled	gb	fueled
fuelling	gb	fueling
fulfil	gb	fulfill
fulfill	us	fulfil
fulfillment	us	fulfilment
fulfills	us	fulfils
fulfilment	gb	fulfillment
fulfils	gb	fulfills
funneled	us	funnelled
funneling	us	funnelling
funnelled	gb	funneled
funnelling	gb	funneling
furor	us	furore
furore	gb	furor
furores	gb	furors
furors	us	furores
fête	gb	fete
fêted	gb	feted
fêtes	gb	fetes
fêting	gb	feting
galvanisation	gb	galvanization
galvanisation	ise	galvanization
galvanise	gb	galvanize
galvanise	ise	galvanize
galvanised	gb	galvanized
galvanised	ise	galvanized
galvanises	gb	galvanizes
galvanises	ise	galvanizes
galvanising	gb	galvanizing
galvanising	ise	galvanizing
galvanization	ize	galvanisation
galvanize	ize	galvanise
galvanized	ize	galvanised
galvanizes	ize	galvanises
galvanizing	ize	galvanising
gamboled	us	gambolled
gamboling	us	gambolling
gambolled	gb	gamboled
gambolling	gb	gamboling
gemmological	gb	gemological
gemmologist	gb	gemologist
gemmologists	gb	gemologists
gemmology	gb	gemology
gemological	us	gemmological
gemologist	us	gemmologist
gemologists	us	gemmologists
gemology	us	gemmology
generalisability	gb	generalizability
generalisability	ise	generalizability
generalisable	gb	generalizable
generalisable	ise	generalizable
generalisation	gb	generalization
generalisation	ise	generalization
generalisations	gb	generalizations
generalisations	ise	generalizations
generalise	gb	generalize
generalise	ise	generalize
generalised	gb	generalized
generalised	ise	generalized
generalises	gb	generalizes
generalises	ise	generalizes
generalising	gb	generalizing
generalising	ise	generalizing
generalizability	ize	generalisability
generalizable	ize	generalisable
generalization	ize	generalisation
generalizations	ize	generalisations
generalize	ize	generalise
generalized	ize	generalised
generalizes	ize	generalises
generalizing	ize	generalising
ghettoise	gb	ghettoize
ghettoise	ise	ghettoize
ghettoised	gb	ghettoized
ghettoised	ise	ghettoized
ghettoises	gb	ghettoizes
ghettoises	ise	ghettoizes
ghettoising	gb	ghettoizing
ghettoising	ise	ghettoizing
ghettoize	ize	ghettoise
ghettoized	ize	ghettoised
ghettoizes	ize	ghettoises
ghettoizing	ize	ghettoising
gibe	us	jibe
gibed	us	jibed
gibes	us	jibes
gibing	us	jibing
gigameter	us	gigametre
gigameters	us	gigametres
gigametre	gb	gigameter
gigametres	gb	gigameters
glamorisation	gb	glamorization
glamorisation	ise	glamorization
glamorise	gb	glamorize
glamorise	ise	glamorize
glamorised	gb	glamorized
glamorised	ise	glamorized
glamorises	gb	glamorizes
glamorises	ise	glamorizes
glamorising	gb	glamorizing
glamorising	ise	glamorizing
glamorization	ize	glamorisation
glamorize	ize	glamorise
glamorized	ize	glamorised
glamorizes	ize	glamorises
glamorizing	ize	glamorising
globalisation	gb	globalization
globalisation	ise	globalization
globalise	gb	globalize
globalise	ise	globalize
globalised	gb	globalized
globalised	ise	globalized
globalises	gb	globalizes
globalises	ise	globalizes
globalising	gb	globalizing
globalising	ise	globalizing
globalization	ize	globalisation
globalize	ize	globalise
globalized	ize	globalised
globalizes	ize	globalises
globalizing	ize	globalising
glycerin	us	glycerine
glycerine	gb	glycerin
gobbledegook	gb	gobbledygook
gobbledygook	us	gobbledegook
goiter	us	goitre
goiters	us	goitres
goitre	gb	goiter
goitres	gb	goiters
gonorrhea	us	gonorrhoea
gonorrheal	us	gonorrhoeal
gonorrhoea	gb	gonorrhea
gonorrhoeal	gb	gonorrheal
gormandise	gb	gormandize
gormandise	ise	gormandize
gormandised	gb	gormandized
gormandised	ise	gormandized
gormandiser	gb	gormandizer
gormandiser	ise	gormandizer
gormandisers	gb	gormandizers
gormandisers	ise	gormandizers
gormandises	gb	gormandizes
gormandises	ise	gormandizes
gormandising	gb	gormandizing
gormandising	ise	gormandizing
gormandize	ize	gormandise
gormandized	ize	gormandised
gormandizer	ize	gormandiser
gormandizers	ize	gormandisers
gormandizes	ize	gormandises
gormandizing	ize	gormandising
gotten	us	got
graveled	us	gravelled
graveling	us	gravelling
gravelled	gb	graveled
gravelling	gb	graveling
grayed	us	greyed
grayer	us	greyer
grayest	us	greyest
graying	us	greying
grayish	us	greyish
grayness	us	greyness
grayscale	us	greyscale
grayscales	us	greyscales
grey	gb	gray
greyed	gb	grayed
greyer	gb	grayer
greyest	gb	grayest
greying	gb	graying
greyish	gb	grayish
greyness	gb	grayness
greys	gb	grays
greyscale	gb	grayscale
greyscales	gb	grayscales
groveled	us	grovelled
groveler	us	groveller
grovelers	us	grovellers
groveling	us	grovelling
grovelled	gb	groveled
groveller	gb	groveler
grovellers	gb	grovelers
grovelling	gb	groveling
groyne	gb	groin
groynes	gb	groins
grueling	us	gruelling
gruelingly	us	gruellingly
gruelling	gb	grueling
gruellingly	gb	gruelingly
gybe	gb	jibe
gybed	gb	jibed
gybes	gb	jibes
gybing	gb	jibing
gynaecologic	gb	gynecologic
gynaecological	gb	gynecological
gynaecologist	gb	gynecologist
gynaecologists	gb	gynecologists
gynaecology	gb	gynecology
gynecologic	us	gynaecologic
gynecological	us	gynaecological
gynecologist	us	gynaecologist
gynecologists	us	gynaecologists
gynecology	us	gynaecology
haem	gb	heme
haematite	gb	hematite
haematologic	gb	hematologic
haematological	gb	hematological
haematologist	gb	hematologist
haematologists	gb	hematologists
haematology	gb	hematology
haemoglobin	gb	hemoglobin
haemophilia	gb	hemophilia
haemophiliac	gb	hemophiliac
haemophiliacs	gb	hemophiliacs
haemorrhage	gb	hemorrhage
haemorrhaged	gb	hemorrhaged
haemorrhages	gb	hemorrhages
haemorrhagic	gb	hemorrhagic
haemorrhaging	gb	hemorrhaging
haemorrhoid	gb	hemorrhoid
haemorrhoids	gb	hemorrhoids
hankie	us	hanky
harbor	us	harbour
harbored	us	harboured
harboring	us	harbouring
harbors	us	harbours
harbour	gb	harbor
harboured	gb	harbored
harbouring	gb	harboring
harbours	gb	harbors
harmonisation	gb	harmonization
harmonisation	ise	harmonization
harmonise	gb	harmonize
harmonise	ise	harmonize
harmonised	gb	harmonized
harmonised	ise	harmonized
harmoniser	gb	harmonizer
harmoniser	ise	harmonizer
harmonisers	gb	harmonizers
harmonisers	ise	harmonizers
harmonises	gb	harmonizes
harmonises	ise	harmonizes
harmonising	gb	harmonizing
harmonising	ise	harmonizing
harmonization	ize	harmonisation
harmonize	ize	harmonise
harmonized	ize	harmonised
harmonizer	ize	harmoniser
harmonizers	ize	harmonisers
harmonizes	ize	harmonises
harmonizing	ize	harmonising
hectometer	us	hectometre
hectometers	us	hectometres
hectometre	gb	hectometer
hectometres	gb	hectometers
hematite	us	haematite
hematologic	us	haematologic
hematological	us	haematological
hematologist	us	haematologist
hematologists	us	haematologists
hematology	us	haematology
heme	us	haem
hemoglobin	us	haemoglobin
hemophilia	us	haemophilia
hemophiliac	us	haemophiliac
hemophiliacs	us	haemophiliacs
hemorrhage	us	haemorrhage
hemorrhaged	us	haemorrhaged
hemorrhages	us	haemorrhages
hemorrhagic	us	haemorrhagic
hemorrhaging	us	haemorrhaging
hemorrhoid	us	haemorrhoid
hemorrhoids	us	haemorrhoids
homogenisation	gb	homogenization
homogenisation	ise	homogenization
homogenise	gb	homogenize
homogenise	ise	homogenize
homogenised	gb	homogenized
homogenised	ise	homogenized
homogenises	gb	homogenizes
homogenises	ise	homogenizes
homogenising	gb	homogenizing
homogenising	ise	homogenizing
homogenization	ize	homogenisation
homogenize	ize	homogenise
homogenized	ize	homogenised
homogenizes	ize	homogenises
homogenizing	ize	homogenising
honor	us	honour
honorable	us	honourable
honorableness	us	honourableness
honorably	us	honourably
honored	us	honoured
honoree	us	honouree
honorees	us	honourees
honorer	us	honourer
honorers	us	honourers
honoring	us	honouring
honors	us	honours
honour	gb	honor
honourable	gb	honorable
honourableness	gb	honorableness
honourably	gb	honorably
honoured	gb	honored
honouree	gb	honoree
honourees	gb	honorees
honourer	gb	honorer
honourers	gb	honorers
honouring	gb	honoring
honours	gb	honors
hospitalisation	gb	hospitalization
hospitalisation	ise	hospitalization
hospitalisations	gb	hospitalizations
hospitalisations	ise	hospitalizations
hospitalise	gb	hospitalize
hospitalise	ise	hospitalize
hospitalised	gb	hospitalized
hospitalised	ise	hospitalized
hospitalises	gb	hospitalizes
hospitalises	ise	hospitalizes
hospitalising	gb	hospitalizing
hospitalising	ise	hospitalizing
hospitalization	ize	hospitalisation
hospitalizations	ize	hospitalisations
hospitalize	ize	hospitalise
hospitalized	ize	hospitalised
hospitalizes	ize	hospitalises
hospitalizing	ize	hospitalising
humanisation	gb	humanization
humanisation	ise	humanization
humanise	gb	humanize
humanise	ise	humanize
humanised	gb	humanized
humanised	ise	humanized
humaniser	gb	humanizer
humaniser	ise	humanizer
humanisers	gb	humanizers
humanisers	ise	humanizers
humanises	gb	humanizes
humanises	ise	humanizes
humanising	gb	humanizing
humanising	ise	humanizing
humanization	ize	humanisation
humanize	ize	humanise
humanized	ize	humanised
humanizer	ize	humaniser
humanizers	ize	humanisers
humanizes	ize	humanises
humanizing	ize	humanising
humor	us	humour
humored	us	humoured
humoring	us	humouring
humorless	us	humourless
humorlessly	us	humourlessly
humorlessness	us	humourlessness
humors	us	humours
humour	gb	humor
humoured	gb	humored
humouring	gb	humoring
humourless	gb	humorless
humourlessly	gb	humorlessly
humourlessness	gb	humorlessness
humours	gb	humors
hybridisation	gb	hybridization
hybridisation	ise	hybridization
hybridise	gb	hybridize
hybridise	ise	hybridize
hybridised	gb	hybridized
hybridised	ise	hybridized
hybridises	gb	hybridizes
hybridises	ise	hybridizes
hybridising	gb	hybridizing
hybridising	ise	hybridizing
hybridization	ize	hybridisation
hybridize	ize	hybridise
hybridized	ize	hybridised
hybridizes	ize	hybridises
hybridizing	ize	hybridising
hydrolyse	gb	hydrolyze
hydrolysed	gb	hydrolyzed
hydrolysing	gb	hydrolyzing
hydrolyze	us	hydrolyse
hydrolyzed	us	hydrolysed
hydrolyzes	us	hydrolyses
hydrolyzing	us	hydrolysing
hyperglycaemia	gb	hyperglycemia
hyperglycemia	us	hyperglycaemia
hypnotise	gb	hypnotize
hypnotise	ise	hypnotize
hypnotised	gb	hypnotized
hypnotised	ise	hypnotized
hypnotises	gb	hypnotizes
hypnotises	ise	hypnotizes
hypnotising	gb	hypnotizing
hypnotising	ise	hypnotizing
hypnotize	ize	hypnotise
hypnotized	ize	hypnotised
hypnotizes	ize	hypnotises
hypnotizing	ize	hypnotising
hypothesise	gb	hypothesize
hypothesise	ise	hypothesize
hypothesised	gb	hypothesized
hypothesised	ise	hypothesized
hypothesises	gb	hypothesizes
hypothesises	ise	hypothesizes
hypothesising	gb	hypothesizing
hypothesising	ise	hypothesizing
hypothesize	ize	hypothesise
hypothesized	ize	hypothesised
hypothesizes	ize	hypothesises
hypothesizing	ize	hypothesising
idealisation	gb	idealization
idealisation	ise	idealization
idealisations	gb	idealizations
idealisations	ise	idealizations
idealise	gb	idealize
idealise	ise	idealize
idealised	gb	idealized
idealised	ise	idealized
idealises	gb	idealizes
idealises	ise	idealizes
idealising	gb	idealizing
idealising	ise	idealizing
idealization	ize	idealisation
idealizations	ize	idealisations
idealize	ize	idealise
idealized	ize	idealised
idealizes	ize	idealises
idealizing	ize	idealising
idolisation	gb	idolization
idolisation	ise	idolization
idolise	gb	idolize
idolise	ise	idolize
idolised	gb	idolized
idolised	ise	idolized
idolises	gb	idolizes
idolises	ise	idolizes
idolising	gb	idolizing
idolising	ise	idolizing
idolization	ize	idolisation
idolize	ize	idolise
idolized	ize	idolised
idolizes	ize	idolises
idolizing	ize	idolising
imagoes	us	imagos
imagos	gb	imagoes
immobilisation	gb	immobilization
immobilisation	ise	immobilization
immobilise	gb	immobilize
immobilise	ise	immobilize
immobilised	gb	immobilized
immobilised	ise	immobilized
immobiliser	gb	immobilizer
immobiliser	ise	immobilizer
immobilisers	gb	immobilizers
immobilisers	ise	immobilizers
immobilises	gb	immobilizes
immobilises	ise	immobilizes
immobilising	gb	immobilizing
immobilising	ise	immobilizing
immobilization	ize	immobilisation
immobilize	ize	immobilise
immobilized	ize	immobilised
immobilizer	ize	immobiliser
immobilizers	ize	immobilisers
immobilizes	ize	immobilises
immobilizing	ize	immobilising
immortalise	gb	immortalize
immortalise	ise	immortalize
immortalised	gb	immortalized
immortalised	ise	immortalized
immortalises	gb	immortalizes
immortalises	ise	immortalizes
immortalising	gb	immortalizing
immortalising	ise	immortalizing
immortalize	ize	immortalise
immortalized	ize	immortalised
immortalizes	ize	immortalises
immortalizing	ize	immortalising
immunisation	gb	immunization
immunisation	ise	immunization
immunisations	gb	immunizations
immunisations	ise	immunizations
immunise	gb	immunize
immunise	ise	immunize
immunised	gb	immunized
immunised	ise	immunized
immunises	gb	immunizes
immunises	ise	immunizes
immunising	gb	immunizing
immunising	ise	immunizing
immunization	ize	immunisation
immunizations	ize	immunisations
immunize	ize	immunise
immunized	ize	immunised
immunizes	ize	immunises
immunizing	ize	immunising
impaneled	us	impanelled
impaneling	us	impanelling
impanelled	gb	impaneled
impanelling	gb	impaneling
imperiled	us	imperilled
imperiling	us	imperilling
imperilled	gb	imperiled
imperilling	gb	imperiling
incentivise	gb	incentivize
incentivise	ise	incentivize
incentivised	gb	incentivized
incentivised	ise	incentivized
incentivises	gb	incentivizes
incentivises	ise	incentivizes
incentivising	gb	incentivizing
incentivising	ise	incentivizing
incentivize	ize	incentivise
incentivized	ize	incentivised
incentivizes	ize	incentivises
incentivizing	ize	incentivising
individualisation	gb	individualization
individualisation	ise	individualization
individualise	gb	individualize
individualise	ise	individualize
individualised	gb	individualized
individualised	ise	individualized
individualises	gb	individualizes
individualises	ise	individualizes
individualising	gb	individualizing
individualising	ise	individualizing
individualization	ize	individualisation
individualize	ize	individualise
individualized	ize	individualised
individualizes	ize	individualises
individualizing	ize	individualising
industrialisation	gb	industrialization
industrialisation	ise	industrialization
industrialise	gb	industrialize
industrialise	ise	industrialize
industrialised	gb	industrialized
industrialised	ise	industrialized
industrialises	gb	industrializes
industrialises	ise	industrializes
industrialising	gb	industrializing
industrialising	ise	industrializing
industrialization	ize	industrialisation
industrialize	ize	industrialise
industrialized	ize	industrialised
industrializes	ize	industrialises
industrializing	ize	industrialising
infantilise	gb	infantilize
infantilise	ise	infantilize
infantilised	gb	infantilized
infantilised	ise	infantilized
infantilises	gb	infantilizes
infantilises	ise	infantilizes
infantilising	gb	infantilizing
infantilising	ise	infantilizing
infantilize	ize	infantilise
infantilized	ize	infantilised
infantilizes	ize	infantilises
infantilizing	ize	infantilising
inflexion	gb	inflection
inflexions	gb	inflections
initialed	us	initialled
initialing	us	initialling
initialisation	gb	initialization
initialisation	ise	initialization
initialise	gb	initialize
initialise	ise	initialize
initialised	gb	initialized
initialised	ise	initialized
initialises	gb	initializes
initialises	ise	initializes
initialising	gb	initializing
initialising	ise	initializing
initialization	ize	initialisation
initialize	ize	initialise
initialized	ize	initialised
initializes	ize	initialises
initializing	ize	initialising
initialled	gb	initialed
initialling	gb	initialing
installment	us	instalment
installments	us	instalments
instalment	gb	installment
instalments	gb	installments
instil	gb	instill
instill	us	instil
instills	us	instils
instils	gb	instills
institutionalisation	gb	institutionalization
institutionalisation	ise	institutionalization
institutionalise	gb	institutionalize
institutionalise	ise	institutionalize
institutionalised	gb	institutionalized
institutionalised	ise	institutionalized
institutionalises	gb	institutionalizes
institutionalises	ise	institutionalizes
institutionalising	gb	institutionalizing
institutionalising	ise	institutionalizing
institutionalization	ize	institutionalisation
institutionalize	ize	institutionalise
institutionalized	ize	institutionalised
institutionalizes	ize	institutionalises
institutionalizing	ize	institutionalising
intellectualise	gb	intellectualize
intellectualise	ise	intellectualize
intellectualised	gb	intellectualized
intellectualised	ise	intellectualized
intellectualises	gb	intellectualizes
intellectualises	ise	intellectualizes
intellectualising	gb	intellectualizing
intellectualising	ise	intellectualizing
intellectualize	ize	intellectualise
intellectualized	ize	intellectualised
intellectualizes	ize	intellectualises
intellectualizing	ize	intellectualising
internalisation	gb	internalization
internalisation	ise	internalization
internalise	gb	internalize
internalise	ise	internalize
internalised	gb	internalized
internalised	ise	internalized
internalises	gb	internalizes
internalises	ise	internalizes
internalising	gb	internalizing
internalising	ise	internalizing
internalization	ize	internalisation
internalize	ize	internalise
internalized	ize	internalised
internalizes	ize	internalises
internalizing	ize	internalising
internationalisation	gb	internationalization
internationalisation	ise	internationalization
internationalise	gb	internationalize
internationalise	ise	internationalize
internationalised	gb	internationalized
internationalised	ise	internationalized
internationalises	gb	internationalizes
internationalises	ise	internationalizes
internationalising	gb	internationalizing
internationalising	ise	internationalizing
internationalization	ize	internationalisation
internationalize	ize	internationalise
internationalized	ize	internationalised
internationalizes	ize	internationalises
internationalizing	ize	internationalising
iodise	gb	iodize
iodise	ise	iodize
iodised	gb	iodized
iodised	ise	iodized
iodises	gb	iodizes
iodises	ise	iodizes
iodising	gb	iodizing
iodising	ise	iodizing
iodize	ize	iodise
iodized	ize	iodised
iodizes	ize	iodises
iodizing	ize	iodising
ionisation	gb	ionization
ionisation	ise	ionization
ionise	gb	ionize
ionise	ise	ionize
ionised	gb	ionized
ionised	ise	ionized
ionises	gb	ionizes
ionises	ise	ionizes
ionising	gb	ionizing
ionising	ise	ionizing
ionization	ize	ionisation
ionize	ize	ionise
ionized	ize	ionised
ionizes	ize	ionises
ionizing	ize	ionising
ischaemia	gb	ischemia
ischaemic	gb	ischemic
ischemia	us	ischaemia
ischemic	us	ischaemic
italicisation	gb	italicization
italicisation	ise	italicization
italicise	gb	italicize
italicise	ise	italicize
italicised	gb	italicized
italicised	ise	italicized
italicises	gb	italicizes
italicises	ise	italicizes
italicising	gb	italicizing
italicising	ise	italicizing
italicization	ize	italicisation
italicize	ize	italicise
italicized	ize	italicised
italicizes	ize	italicises
italicizing	ize	italicising
itemisation	gb	itemization
itemisation	ise	itemization
itemise	gb	itemize
itemise	ise	itemize
itemised	gb	itemized
itemised	ise	itemized
itemises	gb	itemizes
itemises	ise	itemizes
itemising	gb	itemizing
itemising	ise	itemizing
itemization	ize	itemisation
itemize	ize	itemise
itemized	ize	itemised
itemizes	ize	itemises
itemizing	ize	itemising
jeopardise	gb	jeopardize
jeopardise	ise	jeopardize
jeopardised	gb	jeopardized
jeopardised	ise	jeopardized
jeopardises	gb	jeopardizes
jeopardises	ise	jeopardizes
jeopardising	gb	jeopardizing
jeopardising	ise	jeopardizing
jeopardize	ize	jeopardise
jeopardized	ize	jeopardised
jeopardizes	ize	jeopardises
jeopardizing	ize	jeopardising
jeweled	us	jewelled
jeweler	us	jeweller
jewelers	us	jewellers
jeweling	us	jewelling
jewelled	gb	jeweled
jeweller	gb	jeweler
jewelleries	gb	jewelries
jewellers	gb	jewelers
jewellery	gb	jewelry
jewelling	gb	jeweling
jewelries	us	jewelleries
jewelry	us	jewellery
judgement	gb	judgment
judgemental	gb	judgmental
judgements	gb	judgments
judgment	us	judgement
judgmental	us	judgemental
judgments	us	judgements
kaftan	gb	caftan
kaftans	gb	caftans
kenneled	us	kennelled
kenneling	us	kennelling
kennelled	gb	kenneled
kennelling	gb	kenneling
kerb	gb	curb
kerbed	gb	curbed
kerbing	gb	curbing
kerbs	gb	curbs
kiloliter	us	kilolitre
kiloliters	us	kilolitres
kilolitre	gb	kiloliter
kilolitres	gb	kiloliters
kilometer	us	kilometre
kilometers	us	kilometres
kilometre	gb	kilometer
kilometres	gb	kilometers
kinaesthetic	gb	kinesthetic
kindergartener	gb	kindergartner
kindergarteners	gb	kindergartners
kindergartner	us	kindergartener
kindergartners	us	kindergarteners
kinesthetic	us	kinaesthetic
labeled	us	labelled
labeling	us	labelling
labelled	gb	labeled
labelling	gb	labeling
labor	us	labour
labored	us	laboured
laborer	us	labourer
laborers	us	labourers
laboring	us	labouring
labors	us	labours
laborsaving	us	laboursaving
labour	gb	labor
laboured	gb	labored
labourer	gb	laborer
labourers	gb	laborers
labouring	gb	laboring
labours	gb	labors
laboursaving	gb	laborsaving
lackluster	us	lacklustre
lacklustre	gb	lackluster
lambast	gb	lambaste
lambaste	us	lambast
lambastes	us	lambasts
lambasts	gb	lambastes
lasagna	us	lasagne
lasagnas	us	lasagnes
lasagne	gb	lasagna
lasagnes	gb	lasagnas
learnt	gb	learned
legalisation	gb	legalization
legalisation	ise	legalization
legalise	gb	legalize
legalise	ise	legalize
legalised	gb	legalized
legalised	ise	legalized
legalises	gb	legalizes
legalises	ise	legalizes
legalising	gb	legalizing
legalising	ise	legalizing
legalization	ize	legalisation
legalize	ize	legalise
legalized	ize	legalised
legalizes	ize	legalises
legalizing	ize	legalising
legitimatise	gb	legitimatize
legitimatise	ise	legitimatize
legitimatised	gb	legitimatized
legitimatised	ise	legitimatized
legitimatises	gb	legitimatizes
legitimatises	ise	legitimatizes
legitimatising	gb	legitimatizing
legitimatising	ise	legitimatizing
legitimatize	ize	legitimatise
legitimatized	ize	legitimatised
legitimatizes	ize	legitimatises
legitimatizing	ize	legitimatising
legitimisation	gb	legitimization
legitimisation	ise	legitimization
legitimise	gb	legitimize
legitimise	ise	legitimize
legitimised	gb	legitimized
legitimised	ise	legitimized
legitimises	gb	legitimizes
legitimises	ise	legitimizes
legitimising	gb	legitimizing
legitimising	ise	legitimizing
legitimization	ize	legitimisation
legitimize	ize	legitimise
legitimized	ize	legitimised
legitimizes	ize	legitimises
legitimizing	ize	legitimising
leucocyte	gb	leukocyte
leucocytes	gb	leukocytes
leukaemia	gb	leukemia
leukaemic	gb	leukemic
leukemia	us	leukaemia
leukocyte	us	leucocyte
leukocytes	us	leucocytes
leveled	us	levelled
leveler	us	leveller
levelers	us	levellers
leveling	us	levelling
levelled	gb	leveled
leveller	gb	leveler
levellers	gb	levelers
levelling	gb	leveling
libeled	us	libelled
libeler	us	libeller
libelers	us	libellers
libeling	us	libelling
libelled	gb	libeled
libeller	gb	libeler
libellers	gb	libelers
libelling	gb	libeling
libellous	gb	libelous
libelous	us	libellous
liberalisation	gb	liberalization
liberalisation	ise	liberalization
liberalisations	gb	liberalizations
liberalisations	ise	liberalizations
liberalise	gb	liberalize
liberalise	ise	liberalize
liberalised	gb	liberalized
liberalised	ise	liberalized
liberalises	gb	liberalizes
liberalises	ise	liberalizes
liberalising	gb	liberalizing
liberalising	ise	liberalizing
liberalization	ize	liberalisation
liberalizations	ize	liberalisations
liberalize	ize	liberalise
liberalized	ize	liberalised
liberalizes	ize	liberalises
liberalizing	ize	liberalising
licence	gb	license
licences	gb	licenses
licorice	us	liquorice
licorices	us	liquorices
likability	us	likeability
likable	us	likeable
likableness	us	likeableness
likeability	gb	likability
likeable	gb	likable
likeableness	gb	likableness
lionisation	gb	lionization
lionisation	ise	lionization
lionise	gb	lionize
lionise	ise	lionize
lionised	gb	lionized
lionised	ise	lionized
lionises	gb	lionizes
lionises	ise	lionizes
lionising	gb	lionizing
lionising	ise	lionizing
lionization	ize	lionisation
lionize	ize	lionise
lionized	ize	lionised
lionizes	ize	lionises
lionizing	ize	lionising
liquidise	gb	liquidize
liquidise	ise	liquidize
liquidised	gb	liquidized
liquidised	ise	liquidized
liquidiser	gb	liquidizer
liquidiser	ise	liquidizer
liquidisers	gb	liquidizers
liquidisers	ise	liquidizers
liquidises	gb	liquidizes
liquidises	ise	liquidizes
liquidising	gb	liquidizing
liquidising	ise	liquidizing
liquidize	ize	liquidise
liquidized	ize	liquidised
liquidizer	ize	liquidiser
liquidizers	ize	liquidisers
liquidizes	ize	liquidises
liquidizing	ize	liquidising
liquorice	gb	licorice
liquorices	gb	licorices
lissom	gb	lissome
lissome	us	lissom
liter	us	litre
liters	us	litres
litre	gb	liter
litres	gb	liters
livability	us	liveability
livable	us	liveable
liveability	gb	livability
liveable	gb	livable
lobotomise	gb	lobotomize
lobotomise	ise	lobotomize
lobotomised	gb	lobotomized
lobotomised	ise	lobotomized
lobotomises	gb	lobotomizes
lobotomises	ise	lobotomizes
lobotomising	gb	lobotomizing
lobotomising	ise	lobotomizing
lobotomize	ize	lobotomise
lobotomized	ize	lobotomised
lobotomizes	ize	lobotomises
lobotomizing	ize	lobotomising
localisation	gb	localization
localisation	ise	localization
localise	gb	localize
localise	ise	localize
localised	gb	localized
localised	ise	localized
localises	gb	localizes
localises	ise	localizes
localising	gb	localizing
localising	ise	localizing
localization	ize	localisation
localize	ize	localise
localized	ize	localised
localizes	ize	localises
localizing	ize	localising
louver	us	louvre
louvered	us	louvred
louvers	us	louvres
louvre	gb	louver
louvred	gb	louvered
louvres	gb	louvers
lupin	gb	lupine
lupines	us	lupins
lupins	gb	lupines
luster	us	lustre
lusterless	us	lustreless
lustre	gb	luster
lustreless	gb	lusterless
macadamise	gb	macadamize
macadamise	ise	macadamize
macadamised	gb	macadamized
macadamised	ise	macadamized
macadamises	gb	macadamizes
macadamises	ise	macadamizes
macadamising	gb	macadamizing
macadamising	ise	macadamizing
macadamize	ize	macadamise
macadamized	ize	macadamised
macadamizes	ize	macadamises
macadamizing	ize	macadamising
magnetisable	gb	magnetizable
magnetisable	ise	magnetizable
magnetisation	gb	magnetization
magnetisation	ise	magnetization
magnetise	gb	magnetize
magnetise	ise	magnetize
magnetised	gb	magnetized
magnetised	ise	magnetized
magnetises	gb	magnetizes
magnetises	ise	magnetizes
magnetising	gb	magnetizing
magnetising	ise	magnetizing
magnetizable	ize	magnetisable
magnetization	ize	magnetisation
magnetize	ize	magnetise
magnetized	ize	magnetised
magnetizes	ize	magnetises
magnetizing	ize	magnetising
maneuver	us	manoeuvre
maneuverability	us	manoeuvrability
maneuverable	us	manoeuvrable
maneuvered	us	manoeuvred
maneuvering	us	manoeuvring
maneuverings	us	manoeuvrings
maneuvers	us	manoeuvres
manila	us	manilla
manilla	gb	manila
manoeuvrability	gb	maneuverability
manoeuvrable	gb	maneuverable
manoeuvre	gb	maneuver
manoeuvred	gb	maneuvered
manoeuvres	gb	maneuvers
manoeuvring	gb	maneuvering
manoeuvrings	gb	maneuverings
marbleise	gb	marbleize
marbleise	ise	marbleize
marbleised	gb	marbleized
marbleised	ise	marbleized
marbleises	gb	marbleizes
marbleises	ise	marbleizes
marbleising	gb	marbleizing
marbleising	ise	marbleizing
marbleize	ize	marbleise
marbleized	ize	marbleised
marbleizes	ize	marbleises
marbleizing	ize	marbleising
marginalisation	gb	marginalization
marginalisation	ise	marginalization
marginalise	gb	marginalize
marginalise	ise	marginalize
marginalised	gb	marginalized
marginalised	ise	marginalized
marginalises	gb	marginalizes
marginalises	ise	marginalizes
marginalising	gb	marginalizing
marginalising	ise	marginalizing
marginalization	ize	marginalisation
marginalize	ize	marginalise
marginalized	ize	marginalised
marginalizes	ize	marginalises
marginalizing	ize	marginalising
marshaled	us	marshalled
marshaling	us	marshalling
marshalled	gb	marshaled
marshalling	gb	marshaling
marveled	us	marvelled
marveling	us	marvelling
marvelled	gb	marveled
marvelling	gb	marveling
marvellous	gb	marvelous
marvellously	gb	marvelously
marvelous	us	marvellous
marvelously	us	marvellously
materialisation	gb	materialization
materialisation	ise	materialization
materialise	gb	materialize
materialise	ise	materialize
materialised	gb	materialized
materialised	ise	materialized
materialises	gb	materializes
materialises	ise	materializes
materialising	gb	materializing
materialising	ise	materializing
materialization	ize	materialisation
materialize	ize	materialise
materialized	ize	materialised
materializes	ize	materialises
materializing	ize	materialising
maters	us	matres
math	us	maths
maths	gb	math
matres	gb	maters
matt	gb	mat
matts	gb	mats
maximisation	gb	maximization
maximisation	ise	maximization
maximise	gb	maximize
maximise	ise	maximize
maximised	gb	maximized
maximised	ise	maximized
maximises	gb	maximizes
maximises	ise	maximizes
maximising	gb	maximizing
maximising	ise	maximizing
maximization	ize	maximisation
maximize	ize	maximise
maximized	ize	maximised
maximizes	ize	maximises
maximizing	ize	maximising
meager	us	meagre
meagerly	us	meagrely
meagerness	us	meagreness
meagre	gb	meager
meagrely	gb	meagerly
meagreness	gb	meagerness
mechanisation	gb	mechanization
mechanisation	ise	mechanization
mechanise	gb	mechanize
mechanise	ise	mechanize
mechanised	gb	mechanized
mechanised	ise	mechanized
mechanises	gb	mechanizes
mechanises	ise	mechanizes
mechanising	gb	mechanizing
mechanising	ise	mechanizing
mechanization	ize	mechanisation
mechanize	ize	mechanise
mechanized	ize	mechanised
mechanizes	ize	mechanises
mechanizing	ize	mechanising
medalist	us	medallist
medalists	us	medallists
medallist	gb	medalist
medallists	gb	medalists
megameter	us	megametre
megameters	us	megametres
megametre	gb	megameter
megametres	gb	megameters
memorialise	gb	memorialize
memorialise	ise	memorialize
memorialised	gb	memorialized
memorialised	ise	memorialized
memorialises	gb	memorializes
memorialises	ise	memorializes
memorialising	gb	memorializing
memorialising	ise	memorializing
memorialize	ize	memorialise
memorialized	ize	memorialised
memorializes	ize	memorialises
memorializing	ize	memorialising
memorisation	gb	memorization
memorisation	ise	memorization
memorise	gb	memorize
memorise	ise	memorize
memorised	gb	memorized
memorised	ise	memorized
memorises	gb	memorizes
memorises	ise	memorizes
memorising	gb	memorizing
memorising	ise	memorizing
memorization	ize	memorisation
memorize	ize	memorise
memorized	ize	memorised
memorizes	ize	memorises
memorizing	ize	memorising
meow	us	miaow
meowed	us	miaowed
meowing	us	miaowing
meows	us	miaows
mercerise	gb	mercerize
mercerise	ise	mercerize
mercerised	gb	mercerized
mercerised	ise	mercerized
mercerises	gb	mercerizes
mercerises	ise	mercerizes
mercerising	gb	mercerizing
mercerising	ise	mercerizing
mercerize	ize	mercerise
mercerized	ize	mercerised
mercerizes	ize	mercerises
mercerizing	ize	mercerising
mesmerise	gb	mesmerize
mesmerise	ise	mesmerize
mesmerised	gb	mesmerized
mesmerised	ise	mesmerized
mesmeriser	gb	mesmerizer
mesmeriser	ise	mesmerizer
mesmerisers	gb	mesmerizers
mesmerisers	ise	mesmerizers
mesmerises	gb	mesmerizes
mesmerises	ise	mesmerizes
mesmerising	gb	mesmerizing
mesmerising	ise	mesmerizing
mesmerize	ize	mesmerise
mesmerized	ize	mesmerised
mesmerizer	ize	mesmeriser
mesmerizers	ize	mesmerisers
mesmerizes	ize	mesmerises
mesmerizing	ize	mesmerising
metabolise	gb	metabolize
metabolise	ise	metabolize
metabolised	gb	metabolized
metabolised	ise	metabolized
metabolises	gb	metabolizes
metabolises	ise	metabolizes
metabolising	gb	metabolizing
metabolising	ise	metabolizing
metabolize	ize	metabolise
metabolized	ize	metabolised
metabolizes	ize	metabolises
metabolizing	ize	metabolising
metaled	us	metalled
metalled	gb	metaled
metastasise	gb	metastasize
metastasise	ise	metastasize
metastasised	gb	metastasized
metastasised	ise	metastasized
metastasises	gb	metastasizes
metastasises	ise	metastasizes
metastasising	gb	metastasizing
metastasising	ise	metastasizing
metastasize	ize	metastasise
metastasized	ize	metastasised
metastasizes	ize	metastasises
metastasizing	ize	metastasising
metricise	gb	metricize
metricise	ise	metricize
metricised	gb	metricized
metricised	ise	metricized
metricises	gb	metricizes
metricises	ise	metricizes
metricising	gb	metricizing
metricising	ise	metricizing
metricize	ize	metricise
metricized	ize	metricised
metricizes	ize	metricises
metricizing	ize	metricising
miaow	gb	meow
miaowed	gb	meowed
miaowing	gb	meowing
miaows	gb	meows
microfiber	us	microfibre
microfibers	us	microfibres
microfibre	gb	microfiber
microfibres	gb	microfibers
micrometre	gb	micrometer
micrometres	gb	micrometers
militarisation	gb	militarization
militarisation	ise	militarization
militarise	gb	militarize
militarise	ise	militarize
militarised	gb	militarized
militarised	ise	militarized
militarises	gb	militarizes
militarises	ise	militarizes
militarising	gb	militarizing
militarising	ise	militarizing
militarization	ize	militarisation
militarize	ize	militarise
militarized	ize	militarised
militarizes	ize	militarises
militarizing	ize	militarising
milliliter	us	millilitre
milliliters	us	millilitres
millilitre	gb	milliliter
millilitres	gb	milliliters
millimeter	us	millimetre
millimeters	us	millimetres
millimetre	gb	millimeter
millimetres	gb	millimeters
miniaturisation	gb	miniaturization
miniaturisation	ise	miniaturization
miniaturise	gb	miniaturize
miniaturise	ise	miniaturize
miniaturised	gb	miniaturized
miniaturised	ise	miniaturized
miniaturises	gb	miniaturizes
miniaturises	ise	miniaturizes
miniaturising	gb	miniaturizing
miniaturising	ise	miniaturizing
miniaturization	ize	miniaturisation
miniaturize	ize	miniaturise
miniaturized	ize	miniaturised
miniaturizes	ize	miniaturises
miniaturizing	ize	miniaturising
minimisation	gb	minimization
minimisation	ise	minimization
minimise	gb	minimize
minimise	ise	minimize
minimised	gb	minimized
minimised	ise	minimized
minimises	gb	minimizes
minimises	ise	minimizes
minimising	gb	minimizing
minimising	ise	minimizing
minimization	ize	minimisation
minimize	ize	minimise
minimized	ize	minimised
minimizes	ize	minimises
minimizing	ize	minimising
misbehavior	us	misbehaviour
misbehaviour	gb	misbehavior
mischaracterisation	gb	mischaracterization
mischaracterisation	ise	mischaracterization
mischaracterisations	gb	mischaracterizations
mischaracterisations	ise	mischaracterizations
mischaracterise	gb	mischaracterize
mischaracterise	ise	mischaracterize
mischaracterised	gb	mischaracterized
mischaracterised	ise	mischaracterized
mischaracterises	gb	mischaracterizes
mischaracterises	ise	mischaracterizes
mischaracterising	gb	mischaracterizing
mischaracterising	ise	mischaracterizing
mischaracterization	ize	mischaracterisation
mischaracterizations	ize	mischaracterisations
mischaracterize	ize	mischaracterise
mischaracterized	ize	mischaracterised
mischaracterizes	ize	mischaracterises
mischaracterizing	ize	mischaracterising
misdemeanor	us	misdemeanour
misdemeanors	us	misdemeanours
misdemeanour	gb	misdemeanor
misdemeanours	gb	misdemeanors
misjudgement	gb	misjudgment
misjudgements	gb	misjudgments
misjudgment	us	misjudgement
misjudgments	us	misjudgements
mislabeled	us	mislabelled
mislabeling	us	mislabelling
mislabelled	gb	mislabeled
mislabelling	gb	mislabeling
misspelt	gb	misspelled
miter	us	mitre
mitered	us	mitred
mitering	us	mitring
miters	us	mitres
mitre	gb	miter
mitred	gb	mitered
mitres	gb	miters
mitring	gb	mitering
mobilisation	gb	mobilization
mobilisation	ise	mobilization
mobilisations	gb	mobilizations
mobilisations	ise	mobilizations
mobilise	gb	mobilize
mobilise	ise	mobilize
mobilised	gb	mobilized
mobilised	ise	mobilized
mobiliser	gb	mobilizer
mobiliser	ise	mobilizer
mobilisers	gb	mobilizers
mobilisers	ise	mobilizers
mobilises	gb	mobilizes
mobilises	ise	mobilizes
mobilising	gb	mobilizing
mobilising	ise	mobilizing
mobilization	ize	mobilisation
mobilizations	ize	mobilisations
mobilize	ize	mobilise
mobilized	ize	mobilised
mobilizer	ize	mobiliser
mobilizers	ize	mobilisers
mobilizes	ize	mobilises
mobilizing	ize	mobilising
modeled	us	modelled
modeler	us	modeller
modelers	us	modellers
modeling	us	modelling
modelings	us	modellings
modelled	gb	modeled
modeller	gb	modeler
modellers	gb	modelers
modelling	gb	modeling
modellings	gb	modelings
modernisation	gb	modernization
modernisation	ise	modernization
modernise	gb	modernize
modernise	ise	modernize
modernised	gb	modernized
modernised	ise	modernized
moderniser	gb	modernizer
moderniser	ise	modernizer
modernisers	gb	modernizers
modernisers	ise	modernizers
modernises	gb	modernizes
modernises	ise	modernizes
modernising	gb	modernizing
modernising	ise	modernizing
modernization	ize	modernisation
modernize	ize	modernise
modernized	ize	modernised
modernizer	ize	moderniser
modernizers	ize	modernisers
modernizes	ize	modernises
modernizing	ize	modernising
modularisation	gb	modularization
modularisation	ise	modularization
modularization	ize	modularisation
moggie	gb	moggy
moggy	us	moggie
moisturise	gb	moisturize
moisturise	ise	moisturize
moisturised	gb	moisturized
moisturised	ise	moisturized
moisturiser	gb	moisturizer
moisturiser	ise	moisturizer
moisturisers	gb	moisturizers
moisturisers	ise	moisturizers
moisturises	gb	moisturizes
moisturises	ise	moisturizes
moisturising	gb	moisturizing
moisturising	ise	moisturizing
moisturize	ize	moisturise
moisturized	ize	moisturised
moisturizer	ize	moisturiser
moisturizers	ize	moisturisers
moisturizes	ize	moisturises
moisturizing	ize	moisturising
mold	us	mould
moldable	us	mouldable
molded	us	moulded
molder	us	moulder
moldered	us	mouldered
moldering	us	mouldering
molders	us	moulders
moldier	us	mouldier
moldiest	us	mouldiest
moldiness	us	mouldiness
molding	us	moulding
moldings	us	mouldings
molds	us	moulds
moldy	us	mouldy
mollusc	gb	mollusk
molluscs	gb	mollusks
mollusk	us	mollusc
mollusks	us	molluscs
molt	us	moult
molted	us	moulted
molting	us	moulting
molts	us	moults
mom	us	mum
moms	us	mums
monetisation	gb	monetization
monetisation	ise	monetization
monetise	gb	monetize
monetise	ise	monetize
monetised	gb	monetized
monetised	ise	monetized
monetises	gb	monetizes
monetises	ise	monetizes
monetising	gb	monetizing
monetising	ise	monetizing
monetization	ize	monetisation
monetize	ize	monetise
monetized	ize	monetised
monetizes	ize	monetises
monetizing	ize	monetising
monopolisation	gb	monopolization
monopolisation	ise	monopolization
monopolise	gb	monopolize
monopolise	ise	monopolize
monopolised	gb	monopolized
monopolised	ise	monopolized
monopoliser	gb	monopolizer
monopoliser	ise	monopolizer
monopolisers	gb	monopolizers
monopolisers	ise	monopolizers
monopolises	gb	monopolizes
monopolises	ise	monopolizes
monopolising	gb	monopolizing
monopolising	ise	monopolizing
monopolization	ize	monopolisation
monopolize	ize	monopolise
monopolized	ize	monopolised
monopolizer	ize	monopoliser
monopolizers	ize	monopolisers
monopolizes	ize	monopolises
monopolizing	ize	monopolising
moralisation	gb	moralization
moralisation	ise	moralization
moralise	gb	moralize
moralise	ise	moralize
moralised	gb	moralized
moralised	ise	moralized
moraliser	gb	moralizer
moraliser	ise	moralizer
moralisers	gb	moralizers
moralisers	ise	moralizers
moralises	gb	moralizes
moralises	ise	moralizes
moralising	gb	moralizing
moralising	ise	moralizing
moralization	ize	moralisation
moralize	ize	moralise
moralized	ize	moralised
moralizer	ize	moraliser
moralizers	ize	moralisers
moralizes	ize	moralises
moralizing	ize	moralising
motorisation	gb	motorization
motorisation	ise	motorization
motorise	gb	motorize
motorise	ise	motorize
motorised	gb	motorized
motorised	ise	motorized
motorises	gb	motorizes
motorises	ise	motorizes
motorising	gb	motorizing
motorising	ise	motorizing
motorization	ize	motorisation
motorize	ize	motorise
motorized	ize	motorised
motorizes	ize	motorises
motorizing	ize	motorising
mould	gb	mold
mouldable	gb	moldable
moulded	gb	molded
moulder	gb	molder
mouldered	gb	moldered
mouldering	gb	moldering
moulders	gb	molders
mouldier	gb	moldier
mouldiest	gb	moldiest
mouldiness	gb	moldiness
moulding	gb	molding
mouldings	gb	moldings
moulds	gb	molds
mouldy	gb	moldy
moult	gb	molt
moulted	gb	molted
moulting	gb	molting
moults	gb	molts
moustache	gb	mustache
moustached	gb	mustached
moustaches	gb	mustaches
multicolored	us	multicoloured
multicoloured	gb	multicolored
multistorey	gb	multistory
mums	gb	moms
mustache	us	moustache
mustached	us	moustached
mustaches	us	moustaches
myna	us	mynah
mynah	gb	myna
mynas	us	mynahs
mythologise	gb	mythologize
mythologise	ise	mythologize
mythologised	gb	mythologized
mythologised	ise	mythologized
mythologises	gb	mythologizes
mythologises	ise	mythologizes
mythologising	gb	mythologizing
mythologising	ise	mythologizing
mythologize	ize	mythologise
mythologized	ize	mythologised
mythologizes	ize	mythologises
mythologizing	ize	mythologising
nanometer	us	nanometre
nanometers	us	nanometres
nanometre	gb	nanometer
nanometres	gb	nanometers
narcotisation	gb	narcotization
narcotisation	ise	narcotization
narcotise	gb	narcotize
narcotise	ise	narcotize
narcotised	gb	narcotized
narcotised	ise	narcotized
narcotises	gb	narcotizes
narcotises	ise	narcotizes
narcotising	gb	narcotizing
narcotising	ise	narcotizing
narcotization	ize	narcotisation
narcotize	ize	narcotise
narcotized	ize	narcotised
narcotizes	ize	narcotises
narcotizing	ize	narcotising
nasalisation	gb	nasalization
nasalisation	ise	nasalization
nasalise	gb	nasalize
nasalise	ise	nasalize
nasalised	gb	nasalized
nasalised	ise	nasalized
nasalises	gb	nasalizes
nasalises	ise	nasalizes
nasalising	gb	nasalizing
nasalising	ise	nasalizing
nasalization	ize	nasalisation
nasalize	ize	nasalise
nasalized	ize	nasalised
nasalizes	ize	nasalises
nasalizing	ize	nasalising
nationalisation	gb	nationalization
nationalisation	ise	nationalization
nationalisations	gb	nationalizations
nationalisations	ise	nationalizations
nationalise	gb	nationalize
nationalise	ise	nationalize
nationalised	gb	nationalized
nationalised	ise	nationalized
nationalises	gb	nationalizes
nationalises	ise	nationalizes
nationalising	gb	nationalizing
nationalising	ise	nationalizing
nationalization	ize	nationalisation
nationalizations	ize	nationalisations
nationalize	ize	nationalise
nationalized	ize	nationalised
nationalizes	ize	nationalises
nationalizing	ize	nationalising
naturalisation	gb	naturalization
naturalisation	ise	naturalization
naturalise	gb	naturalize
naturalise	ise	naturalize
naturalised	gb	naturalized
naturalised	ise	naturalized
naturalises	gb	naturalizes
naturalises	ise	naturalizes
naturalising	gb	naturalizing
naturalising	ise	naturalizing
naturalization	ize	naturalisation
naturalize	ize	naturalise
naturalized	ize	naturalised
naturalizes	ize	naturalises
naturalizing	ize	naturalising
neighbor	us	neighbour
neighbored	us	neighboured
neighborhood	us	neighbourhood
neighborhoods	us	neighbourhoods
neighboring	us	neighbouring
neighborliness	us	neighbourliness
neighborly	us	neighbourly
neighbors	us	neighbours
neighbour	gb	neighbor
neighboured	gb	neighbored
neighbourhood	gb	neighborhood
neighbourhoods	gb	neighborhoods
neighbouring	gb	neighboring
neighbourliness	gb	neighborliness
neighbourly	gb	neighborly
neighbours	gb	neighbors
neutralisation	gb	neutralization
neutralisation	ise	neutralization
neutralise	gb	neutralize
neutralise	ise	neutralize
neutralised	gb	neutralized
neutralised	ise	neutralized
neutraliser	gb	neutralizer
neutraliser	ise	neutralizer
neutralisers	gb	neutralizers
neutralisers	ise	neutralizers
neutralises	gb	neutralizes
neutralises	ise	neutralizes
neutralising	gb	neutralizing
neutralising	ise	neutralizing
neutralization	ize	neutralisation
neutralize	ize	neutralise
neutralized	ize	neutralised
neutralizer	ize	neutraliser
neutralizers	ize	neutralisers
neutralizes	ize	neutralises
neutralizing	ize	neutralising
niter	us	nitre
nitre	gb	niter
nitroglycerin	us	nitroglycerine
nitroglycerine	gb	nitroglycerin
nonjudgemental	gb	nonjudgmental
nonjudgmental	us	nonjudgemental
nonsympathiser	gb	nonsympathizer
nonsympathiser	ise	nonsympathizer
nonsympathisers	gb	nonsympathizers
nonsympathisers	ise	nonsympathizers
nonsympathizer	ize	nonsympathiser
nonsympathizers	ize	nonsympathisers
normalisation	gb	normalization
normalisation	ise	normalization
normalise	gb	normalize
normalise	ise	normalize
normalised	gb	normalized
normalised	ise	normalized
normalises	gb	normalizes
normalises	ise	normalizes
normalising	gb	normalizing
normalising	ise	normalizing
normalization	ize	normalisation
normalize	ize	normalise
normalized	ize	normalised
normalizes	ize	normalises
normalizing	ize	normalising
notarisation	gb	notarization
notarisation	ise	notarization
notarise	gb	notarize
notarise	ise	notarize
notarised	gb	notarized
notarised	ise	notarized
notarises	gb	notarizes
notarises	ise	notarizes
notarising	gb	notarizing
notarising	ise	notarizing
notarization	ize	notarisation
notarize	ize	notarise
notarized	ize	notarised
notarizes	ize	notarises
notarizing	ize	notarising
nought	gb	naught
noughts	gb	naughts
novelisation	gb	novelization
novelisation	ise	novelization
novelisations	gb	novelizations
novelisations	ise	novelizations
novelise	gb	novelize
novelise	ise	novelize
novelised	gb	novelized
novelised	ise	novelized
novelises	gb	novelizes
novelises	ise	novelizes
novelising	gb	novelizing
novelising	ise	novelizing
novelization	ize	novelisation
novelizations	ize	novelisations
novelize	ize	novelise
novelized	ize	novelised
novelizes	ize	novelises
novelizing	ize	novelising
novenae	gb	novene
novene	us	novenae
numbskull	gb	numskull
numbskulls	gb	numskulls
numskull	us	numbskull
numskulls	us	numbskulls
ocher	us	ochre
ochre	gb	ocher
odor	us	odour
odored	us	odoured
odorless	us	odourless
odors	us	odours
odour	gb	odor
odoured	gb	odored
odourless	gb	odorless
odours	gb	odors
oecus	gb	ecus
oedema	gb	edema
oesophagi	gb	esophagi
oesophagus	gb	esophagus
oestradiol	gb	estradiol
oestrogen	gb	estrogen
oestrogens	gb	estrogens
oestrous	gb	estrous
oestrus	gb	estrus
oestruses	gb	estruses
offence	gb	offense
offences	gb	offenses
offense	us	offence
offenses	us	offences
omelet	us	omelette
omelets	us	omelettes
omelette	gb	omelet
omelettes	gb	omelets
optimisation	gb	optimization
optimisation	ise	optimization
optimisations	gb	optimizations
optimisations	ise	optimizations
optimise	gb	optimize
optimise	ise	optimize
optimised	gb	optimized
optimised	ise	optimized
optimiser	gb	optimizer
optimiser	ise	optimizer
optimises	gb	optimizes
optimises	ise	optimizes
optimising	gb	optimizing
optimising	ise	optimizing
optimization	ize	optimisation
optimizations	ize	optimisations
optimize	ize	optimise
optimized	ize	optimised
optimizer	ize	optimiser
optimizes	ize	optimises
optimizing	ize	optimising
organdie	gb	organdy
organdy	us	organdie
organisation	gb	organization
organisation	ise	organization
organisational	gb	organizational
organisational	ise	organizational
organisationally	gb	organizationally
organisationally	ise	organizationally
organisations	gb	organizations
organisations	ise	organizations
organise	gb	organize
organise	ise	organize
organised	gb	organized
organised	ise	organized
organiser	gb	organizer
organiser	ise	organizer
organisers	gb	organizers
organisers	ise	organizers
organises	gb	organizes
organises	ise	organizes
organising	gb	organizing
organising	ise	organizing
organization	ize	organisation
organizational	ize	organisational
organizationally	ize	organisationally
organizations	ize	organisations
organize	ize	organise
organized	ize	organised
organizer	ize	organiser
organizers	ize	organisers
organizes	ize	organises
organizing	ize	organising
orthopaedic	gb	orthopedic
orthopaedics	gb	orthopedics
orthopaedist	gb	orthopedist
orthopaedists	gb	orthopedists
orthopedic	us	orthopaedic
orthopedics	us	orthopaedics
orthopedist	us	orthopaedist
orthopedists	us	orthopaedists
ostracise	gb	ostracize
ostracise	ise	ostracize
ostracised	gb	ostracized
ostracised	ise	ostracized
ostracises	gb	ostracizes
ostracises	ise	ostracizes
ostracising	gb	ostracizing
ostracising	ise	ostracizing
ostracize	ize	ostracise
ostracized	ize	ostracised
ostracizes	ize	ostracises
ostracizing	ize	ostracising
outmaneuver	us	outmanoeuvre
outmaneuvered	us	outmanoeuvred
outmaneuvering	us	outmanoeuvring
outmaneuvers	us	outmanoeuvres
outmanoeuvre	gb	outmaneuver
outmanoeuvred	gb	outmaneuvered
outmanoeuvres	gb	outmaneuvers
outmanoeuvring	gb	outmaneuvering
overanalyse	gb	overanalyze
overanalyze	us	overanalyse
overcapitalise	gb	overcapitalize
overcapitalise	ise	overcapitalize
overcapitalised	gb	overcapitalized
overcapitalised	ise	overcapitalized
overcapitalises	gb	overcapitalizes
overcapitalises	ise	overcapitalizes
overcapitalising	gb	overcapitalizing
overcapitalising	ise	overcapitalizing
overcapitalize	ize	overcapitalise
overcapitalized	ize	overcapitalised
overcapitalizes	ize	overcapitalises
overcapitalizing	ize	overcapitalising
overemphasise	gb	overemphasize
overemphasise	ise	overemphasize
overemphasised	gb	overemphasized
overemphasised	ise	overemphasized
overemphasises	gb	overemphasizes
overemphasises	ise	overemphasizes
overemphasising	gb	overemphasizing
overemphasising	ise	overemphasizing
overemphasize	ize	overemphasise
overemphasized	ize	overemphasised
overemphasizes	ize	overemphasises
overemphasizing	ize	overemphasising
overgeneralise	gb	overgeneralize
overgeneralise	ise	overgeneralize
overgeneralised	gb	overgeneralized
overgeneralised	ise	overgeneralized
overgeneralises	gb	overgeneralizes
overgeneralises	ise	overgeneralizes
overgeneralising	gb	overgeneralizing
overgeneralising	ise	overgeneralizing
overgeneralize	ize	overgeneralise
overgeneralized	ize	overgeneralised
overgeneralizes	ize	overgeneralises
overgeneralizing	ize	overgeneralising
oversize	us	oversized
oversized	gb	oversize
overspecialisation	gb	overspecialization
overspecialisation	ise	overspecialization
overspecialise	gb	overspecialize
overspecialise	ise	overspecialize
overspecialised	gb	overspecialized
overspecialised	ise	overspecialized
overspecialises	gb	overspecializes
overspecialises	ise	overspecializes
overspecialising	gb	overspecializing
overspecialising	ise	overspecializing
overspecialization	ize	overspecialisation
overspecialize	ize	overspecialise
overspecialized	ize	overspecialised
overspecializes	ize	overspecialises
overspecializing	ize	overspecialising
oxidisation	gb	oxidization
oxidisation	ise	oxidization
oxidise	gb	oxidize
oxidise	ise	oxidize
oxidised	gb	oxidized
oxidised	ise	oxidized
oxidiser	gb	oxidizer
oxidiser	ise	oxidizer
oxidisers	gb	oxidizers
oxidisers	ise	oxidizers
oxidises	gb	oxidizes
oxidises	ise	oxidizes
oxidising	gb	oxidizing
oxidising	ise	oxidizing
oxidization	ize	oxidisation
oxidize	ize	oxidise
oxidized	ize	oxidised
oxidizer	ize	oxidiser
oxidizers	ize	oxidisers
oxidizes	ize	oxidises
oxidizing	ize	oxidising
paediatric	gb	pediatric
paediatrician	gb	pediatrician
paediatricians	gb	pediatricians
paediatrics	gb	pediatrics
paedophile	gb	pedophile
paedophiles	gb	pedophiles
paedophilia	gb	pedophilia
pajama	us	pyjama
pajamas	us	pyjamas
palaeographer	gb	paleographer
palaeographers	gb	paleographers
palaeography	gb	paleography
palaeolithic	gb	paleolithic
palaeontologist	gb	paleontologist
palaeontologists	gb	paleontologists
palaeontology	gb	paleontology
palatalisation	gb	palatalization
palatalisation	ise	palatalization
palatalise	gb	palatalize
palatalise	ise	palatalize
palatalised	gb	palatalized
palatalised	ise	palatalized
palatalises	gb	palatalizes
palatalises	ise	palatalizes
palatalising	gb	palatalizing
palatalising	ise	palatalizing
palatalization	ize	palatalisation
palatalize	ize	palatalise
palatalized	ize	palatalised
palatalizes	ize	palatalises
palatalizing	ize	palatalising
paleographer	us	palaeographer
paleographers	us	palaeographers
paleography	us	palaeography
paleolithic	us	palaeolithic
paleontologist	us	palaeontologist
paleontologists	us	palaeontologists
paleontology	us	palaeontology
paneled	us	panelled
paneling	us	panelling
panelings	us	panellings
panelist	us	panellist
panelists	us	panellists
panelled	gb	paneled
panelling	gb	paneling
panellings	gb	panelings
panellist	gb	panelist
panellists	gb	panelists
parallelisation	gb	parallelization
parallelisation	ise	parallelization
parallelised	gb	parallelized
parallelised	ise	parallelized
parallelization	ize	parallelisation
parallelized	ize	parallelised
paralyse	gb	paralyze
paralysed	gb	paralyzed
paralysing	gb	paralyzing
paralysingly	gb	paralyzingly
paralyze	us	paralyse
paralyzed	us	paralysed
paralyzes	us	paralyses
paralyzing	us	paralysing
paralyzingly	us	paralysingly
parameterise	gb	parameterize
parameterise	ise	parameterize
parameterised	gb	parameterized
parameterised	ise	parameterized
parameterises	gb	parameterizes
parameterises	ise	parameterizes
parameterising	gb	parameterizing
parameterising	ise	parameterizing
parameterize	ize	parameterise
parameterized	ize	parameterised
parameterizes	ize	parameterises
parameterizing	ize	parameterising
parceled	us	parcelled
parceling	us	parcelling
parcelled	gb	parceled
parcelling	gb	parceling
parenthesise	gb	parenthesize
parenthesise	ise	parenthesize
parenthesised	gb	parenthesized
parenthesised	ise	parenthesized
parenthesises	gb	parenthesizes
parenthesises	ise	parenthesizes
parenthesising	gb	parenthesizing
parenthesising	ise	parenthesizing
parenthesize	ize	parenthesise
parenthesized	ize	parenthesised
parenthesizes	ize	parenthesises
parenthesizing	ize	parenthesising
parlor	us	parlour
parlors	us	parlours
parlour	gb	parlor
parlours	gb	parlors
particularisation	gb	particularization
particularisation	ise	particularization
particularise	gb	particularize
particularise	ise	particularize
particularised	gb	particularized
particularised	ise	particularized
particularises	gb	particularizes
particularises	ise	particularizes
particularising	gb	particularizing
particularising	ise	particularizing
particularization	ize	particularisation
particularize	ize	particularise
particularized	ize	particularised
particularizes	ize	particularises
particularizing	ize	particularising
passivisation	gb	passivization
passivisation	ise	passivization
passivization	ize	passivisation
pasteurisation	gb	pasteurization
pasteurisation	ise	pasteurization
pasteurise	gb	pasteurize
pasteurise	ise	pasteurize
pasteurised	gb	pasteurized
pasteurised	ise	pasteurized
pasteuriser	gb	pasteurizer
pasteuriser	ise	pasteurizer
pasteurisers	gb	pasteurizers
pasteurisers	ise	pasteurizers
pasteurises	gb	pasteurizes
pasteurises	ise	pasteurizes
pasteurising	gb	pasteurizing
pasteurising	ise	pasteurizing
pasteurization	ize	pasteurisation
pasteurize	ize	pasteurise
pasteurized	ize	pasteurised
pasteurizer	ize	pasteuriser
pasteurizers	ize	pasteurisers
pasteurizes	ize	pasteurises
pasteurizing	ize	pasteurising
patinae	gb	patine
patine	us	patinae
patronise	gb	patronize
patronise	ise	patronize
patronised	gb	patronized
patronised	ise	patronized
patroniser	gb	patronizer
patroniser	ise	patronizer
patronisers	gb	patronizers
patronisers	ise	patronizers
patronises	gb	patronizes
patronises	ise	patronizes
patronising	gb	patronizing
patronising	ise	patronizing
patronisingly	gb	patronizingly
patronisingly	ise	patronizingly
patronize	ize	patronise
patronized	ize	patronised
patronizer	ize	patroniser
patronizers	ize	patronisers
patronizes	ize	patronises
patronizing	ize	patronising
patronizingly	ize	patronisingly
pauperise	gb	pauperize
pauperise	ise	pauperize
pauperised	gb	pauperized
pauperised	ise	pauperized
pauperises	gb	pauperizes
pauperises	ise	pauperizes
pauperising	gb	pauperizing
pauperising	ise	pauperizing
pauperize	ize	pauperise
pauperized	ize	pauperised
pauperizes	ize	pauperises
pauperizing	ize	pauperising
pedaled	us	pedalled
pedaling	us	pedalling
pedalled	gb	pedaled
pedalling	gb	pedaling
pedestrianisation	gb	pedestrianization
pedestrianisation	ise	pedestrianization
pedestrianise	gb	pedestrianize
pedestrianise	ise	pedestrianize
pedestrianised	gb	pedestrianized
pedestrianised	ise	pedestrianized
pedestrianises	gb	pedestrianizes
pedestrianises	ise	pedestrianizes
pedestrianising	gb	pedestrianizing
pedestrianising	ise	pedestrianizing
pedestrianization	ize	pedestrianisation
pedestrianize	ize	pedestrianise
pedestrianized	ize	pedestrianised
pedestrianizes	ize	pedestrianises
pedestrianizing	ize	pedestrianising
pediatric	us	paediatric
pediatrician	us	paediatrician
pediatricians	us	paediatricians
pediatrics	us	paediatrics
pedlar	gb	peddler
pedlars	gb	peddlers
pedophile	us	paedophile
pedophiles	us	paedophiles
pedophilia	us	paedophilia
penalisation	gb	penalization
penalisation	ise	penalization
penalise	gb	penalize
penalise	ise	penalize
penalised	gb	penalized
penalised	ise	penalized
penalises	gb	penalizes
penalises	ise	penalizes
penalising	gb	penalizing
penalising	ise	penalizing
penalization	ize	penalisation
penalize	ize	penalise
penalized	ize	penalised
penalizes	ize	penalises
penalizing	ize	penalising
penciled	us	pencilled
penciling	us	pencilling
pencilled	gb	penciled
pencilling	gb	penciling
penne	us	pennae
performative	us	preformative
periled	us	perilled
periling	us	perilling
perilled	gb	periled
perilling	gb	periling
personalisation	gb	personalization
personalisation	ise	personalization
personalisations	gb	personalizations
personalisations	ise	personalizations
personalise	gb	personalize
personalise	ise	personalize
personalised	gb	personalized
personalised	ise	personalized
personalises	gb	personalizes
personalises	ise	personalizes
personalising	gb	personalizing
personalising	ise	personalizing
personalization	ize	personalisation
personalizations	ize	personalisations
personalize	ize	personalise
personalized	ize	personalised
personalizes	ize	personalises
personalizing	ize	personalising
perv	us	prev
petaled	us	petalled
petalled	gb	petaled
philosophise	gb	philosophize
philosophise	ise	philosophize
philosophised	gb	philosophized
philosophised	ise	philosophized
philosophiser	gb	philosophizer
philosophiser	ise	philosophizer
philosophisers	gb	philosophizers
philosophisers	ise	philosophizers
philosophises	gb	philosophizes
philosophises	ise	philosophizes
philosophising	gb	philosophizing
philosophising	ise	philosophizing
philosophize	ize	philosophise
philosophized	ize	philosophised
philosophizer	ize	philosophiser
philosophizers	ize	philosophisers
philosophizes	ize	philosophises
philosophizing	ize	philosophising
philter	us	philtre
philters	us	philtres
philtre	gb	philter
philtres	gb	philters
photosynthesise	gb	photosynthesize
photosynthesise	ise	photosynthesize
photosynthesised	gb	photosynthesized
photosynthesised	ise	photosynthesized
photosynthesises	gb	photosynthesizes
photosynthesising	gb	photosynthesizing
photosynthesising	ise	photosynthesizing
photosynthesize	ize	photosynthesise
photosynthesized	ize	photosynthesised
photosynthesizes	ize	photosynthesises
photosynthesizing	ize	photosynthesising
piaster	us	piastre
piasters	us	piastres
piastre	gb	piaster
piastres	gb	piasters
pickax	us	pickaxe
plagiarise	gb	plagiarize
plagiarise	ise	plagiarize
plagiarised	gb	plagiarized
plagiarised	ise	plagiarized
plagiariser	gb	plagiarizer
plagiariser	ise	plagiarizer
plagiarisers	gb	plagiarizers
plagiarisers	ise	plagiarizers
plagiarises	gb	plagiarizes
plagiarises	ise	plagiarizes
plagiarising	gb	plagiarizing
plagiarising	ise	plagiarizing
plagiarize	ize	plagiarise
plagiarized	ize	plagiarised
plagiarizer	ize	plagiariser
plagiarizers	ize	plagiarisers
plagiarizes	ize	plagiarises
plagiarizing	ize	plagiarising
plasticise	gb	plasticize
plasticise	ise	plasticize
plasticised	gb	plasticized
plasticised	ise	plasticized
plasticises	gb	plasticizes
plasticises	ise	plasticizes
plasticising	gb	plasticizing
plasticising	ise	plasticizing
plasticize	ize	plasticise
plasticized	ize	plasticised
plasticizes	ize	plasticises
plasticizing	ize	plasticising
plough	gb	plow
ploughed	gb	plowed
ploughing	gb	plowing
ploughman	gb	plowman
ploughmen	gb	plowmen
ploughs	gb	plows
ploughshare	gb	plowshare
ploughshares	gb	plowshares
plow	us	plough
plowed	us	ploughed
plowing	us	ploughing
plowman	us	ploughman
plowmen	us	ploughmen
plows	us	ploughs
plowshare	us	ploughshare
plowshares	us	ploughshares
pluralisation	gb	pluralization
pluralisation	ise	pluralization
pluralise	gb	pluralize
pluralise	ise	pluralize
pluralised	gb	pluralized
pluralised	ise	pluralized
pluralises	gb	pluralizes
pluralises	ise	pluralizes
pluralising	gb	pluralizing
pluralising	ise	pluralizing
pluralization	ize	pluralisation
pluralize	ize	pluralise
pluralized	ize	pluralised
pluralizes	ize	pluralises
pluralizing	ize	pluralising
podgier	gb	pudgier
podgiest	gb	pudgiest
podgy	gb	pudgy
polarisation	gb	polarization
polarisation	ise	polarization
polarise	gb	polarize
polarise	ise	polarize
polarised	gb	polarized
polarised	ise	polarized
polarises	gb	polarizes
polarises	ise	polarizes
polarising	gb	polarizing
polarising	ise	polarizing
polarization	ize	polarisation
polarize	ize	polarise
polarized	ize	polarised
polarizes	ize	polarises
polarizing	ize	polarising
politicisation	gb	politicization
politicisation	ise	politicization
politicise	gb	politicize
politicise	ise	politicize
politicised	gb	politicized
politicised	ise	politicized
politicises	gb	politicizes
politicises	ise	politicizes
politicising	gb	politicizing
politicising	ise	politicizing
politicization	ize	politicisation
politicize	ize	politicise
politicized	ize	politicised
politicizes	ize	politicises
politicizing	ize	politicising
polymerisation	gb	polymerization
polymerisation	ise	polymerization
polymerise	gb	polymerize
polymerise	ise	polymerize
polymerised	gb	polymerized
polymerised	ise	polymerized
polymerises	gb	polymerizes
polymerises	ise	polymerizes
polymerising	gb	polymerizing
polymerising	ise	polymerizing
polymerization	ize	polymerisation
polymerize	ize	polymerise
polymerized	ize	polymerised
polymerizes	ize	polymerises
polymerizing	ize	polymerising
pommeled	us	pommelled
pommeling	us	pommelling
pommelled	gb	pommeled
pommelling	gb	pommeling
popularisation	gb	popularization
popularisation	ise	popularization
popularise	gb	popularize
popularise	ise	popularize
popularised	gb	popularized
popularised	ise	popularized
popularises	gb	popularizes
popularises	ise	popularizes
popularising	gb	popularizing
popularising	ise	popularizing
popularization	ize	popularisation
popularize	ize	popularise
popularized	ize	popularised
popularizes	ize	popularises
popularizing	ize	popularising
practiced	us	practised
practicing	us	practising
practise	gb	practice
practised	gb	practiced
practises	gb	practices
practising	gb	practicing
preformative	gb	performative
prejudgement	gb	prejudgment
prejudgements	gb	prejudgments
prejudgment	us	prejudgement
prejudgments	us	prejudgements
pressurisation	gb	pressurization
pressurisation	ise	pressurization
pressurise	gb	pressurize
pressurise	ise	pressurize
pressurised	gb	pressurized
pressurised	ise	pressurized
pressuriser	gb	pressurizer
pressuriser	ise	pressurizer
pressurisers	gb	pressurizers
pressurisers	ise	pressurizers
pressurises	gb	pressurizes
pressurises	ise	pressurizes
pressurising	gb	pressurizing
pressurising	ise	pressurizing
pressurization	ize	pressurisation
pressurize	ize	pressurise
pressurized	ize	pressurised
pressurizer	ize	pressuriser
pressurizers	ize	pressurisers
pressurizes	ize	pressurises
pressurizing	ize	pressurising
pretence	gb	pretense
pretences	gb	pretenses
pretense	us	pretence
pretenses	us	pretences
preterit	us	preterite
preterite	gb	preterit
preterites	gb	preterits
preterits	us	preterites
prev	gb	perv
prioritisation	gb	prioritization
prioritisation	ise	prioritization
prioritise	gb	prioritize
prioritise	ise	prioritize
prioritised	gb	prioritized
prioritised	ise	prioritized
prioritises	gb	prioritizes
prioritises	ise	prioritizes
prioritising	gb	prioritizing
prioritising	ise	prioritizing
prioritization	ize	prioritisation
prioritize	ize	prioritise
prioritized	ize	prioritised
prioritizes	ize	prioritises
prioritizing	ize	prioritising
prise	gb	prize
prised	gb	prized
prises	gb	prizes
prising	gb	prizing
privatisation	gb	privatization
privatisation	ise	privatization
privatisations	gb	privatizations
privatisations	ise	privatizations
privatise	gb	privatize
privatise	ise	privatize
privatised	gb	privatized
privatised	ise	privatized
privatises	gb	privatizes
privatises	ise	privatizes
privatising	gb	privatizing
privatising	ise	privatizing
privatization	ize	privatisation
privatizations	ize	privatisations
privatize	ize	privatise
privatized	ize	privatised
privatizes	ize	privatises
privatizing	ize	privatising
professionalisation	gb	professionalization
professionalisation	ise	professionalization
professionalise	gb	professionalize
professionalise	ise	professionalize
professionalised	gb	professionalized
professionalised	ise	professionalized
professionalises	gb	professionalizes
professionalises	ise	professionalizes
professionalising	gb	professionalizing
professionalising	ise	professionalizing
professionalization	ize	professionalisation
professionalize	ize	professionalise
professionalized	ize	professionalised
professionalizes	ize	professionalises
professionalizing	ize	professionalising
programme	gb	program
programmes	gb	programs
propagandise	gb	propagandize
propagandise	ise	propagandize
propagandised	gb	propagandized
propagandised	ise	propagandized
propagandises	gb	propagandizes
propagandises	ise	propagandizes
propagandising	gb	propagandizing
propagandising	ise	propagandizing
propagandize	ize	propagandise
propagandized	ize	propagandised
propagandizes	ize	propagandises
propagandizing	ize	propagandising
proselytise	gb	proselytize
proselytise	ise	proselytize
proselytised	gb	proselytized
proselytised	ise	proselytized
proselytiser	gb	proselytizer
proselytiser	ise	proselytizer
proselytisers	gb	proselytizers
proselytisers	ise	proselytizers
proselytises	gb	proselytizes
proselytises	ise	proselytizes
proselytising	gb	proselytizing
proselytising	ise	proselytizing
proselytize	ize	proselytise
proselytized	ize	proselytised
proselytizer	ize	proselytiser
proselytizers	ize	proselytisers
proselytizes	ize	proselytises
proselytizing	ize	proselytising
psychoanalyse	gb	psychoanalyze
psychoanalysed	gb	psychoanalyzed
psychoanalysing	gb	psychoanalyzing
psychoanalyze	us	psychoanalyse
psychoanalyzed	us	psychoanalysed
psychoanalyzes	us	psychoanalyses
psychoanalyzing	us	psychoanalysing
publicise	gb	publicize
publicise	ise	publicize
publicised	gb	publicized
publicised	ise	publicized
publicises	gb	publicizes
publicises	ise	publicizes
publicising	gb	publicizing
publicising	ise	publicizing
publicize	ize	publicise
publicized	ize	publicised
publicizes	ize	publicises
publicizing	ize	publicising
pudgier	us	podgier
pudgiest	us	podgiest
pudgy	us	podgy
pulverisation	gb	pulverization
pulverisation	ise	pulverization
pulverise	gb	pulverize
pulverise	ise	pulverize
pulverised	gb	pulverized
pulverised	ise	pulverized
pulverises	gb	pulverizes
pulverises	ise	pulverizes
pulverising	gb	pulverizing
pulverising	ise	pulverizing
pulverization	ize	pulverisation
pulverize	ize	pulverise
pulverized	ize	pulverised
pulverizes	ize	pulverises
pulverizing	ize	pulverising
pummeled	us	pummelled
pummeling	us	pummelling
pummelled	gb	pummeled
pummelling	gb	pummeling
pyjama	gb	pajama
pyjamas	gb	pajamas
pyorrhea	us	pyorrhoea
pyorrhoea	gb	pyorrhea
quantisation	gb	quantization
quantisation	ise	quantization
quantise	gb	quantize
quantise	ise	quantize
quantised	gb	quantized
quantised	ise	quantized
quantises	gb	quantizes
quantises	ise	quantizes
quantising	gb	quantizing
quantising	ise	quantizing
quantization	ize	quantisation
quantize	ize	quantise
quantized	ize	quantised
quantizes	ize	quantises
quantizing	ize	quantising
quarreled	us	quarrelled
quarreler	us	quarreller
quarrelers	us	quarrellers
quarreling	us	quarrelling
quarrelled	gb	quarreled
quarreller	gb	quarreler
quarrellers	gb	quarrelers
quarrelling	gb	quarreling
racialised	gb	racialized
racialised	ise	racialized
racialized	ize	racialised
radicalisation	gb	radicalization
radicalisation	ise	radicalization
radicalise	gb	radicalize
radicalise	ise	radicalize
radicalised	gb	radicalized
radicalised	ise	radicalized
radicalises	gb	radicalizes
radicalises	ise	radicalizes
radicalising	gb	radicalizing
radicalising	ise	radicalizing
radicalization	ize	radicalisation
radicalize	ize	radicalise
radicalized	ize	radicalised
radicalizes	ize	radicalises
radicalizing	ize	radicalising
rancor	us	rancour
rancour	gb	rancor
randomisation	gb	randomization
randomisation	ise	randomization
randomise	gb	randomize
randomise	ise	randomize
randomised	gb	randomized
randomised	ise	randomized
randomises	gb	randomizes
randomises	ise	randomizes
randomising	gb	randomizing
randomising	ise	randomizing
randomization	ize	randomisation
randomize	ize	randomise
randomized	ize	randomised
randomizes	ize	randomises
randomizing	ize	randomising
rationalisation	gb	rationalization
rationalisation	ise	rationalization
rationalisations	gb	rationalizations
rationalisations	ise	rationalizations
rationalise	gb	rationalize
rationalise	ise	rationalize
rationalised	gb	rationalized
rationalised	ise	rationalized
rationalises	gb	rationalizes
rationalises	ise	rationalizes
rationalising	gb	rationalizing
rationalising	ise	rationalizing
rationalization	ize	rationalisation
rationalizations	ize	rationalisations
rationalize	ize	rationalise
rationalized	ize	rationalised
rationalizes	ize	rationalises
rationalizing	ize	rationalising
raveled	us	ravelled
raveling	us	ravelling
ravelled	gb	raveled
ravelling	gb	raveling
realisable	gb	realizable
realisable	ise	realizable
realisation	gb	realization
realisation	ise	realization
realisations	gb	realizations
realisations	ise	realizations
realise	gb	realize
realise	ise	realize
realised	gb	realized
realised	ise	realized
realises	gb	realizes
realises	ise	realizes
realising	gb	realizing
realising	ise	realizing
realizable	ize	realisable
realization	ize	realisation
realizations	ize	realisations
realize	ize	realise
realized	ize	realised
realizes	ize	realises
realizing	ize	realising
reanalyse	gb	reanalyze
reanalysed	gb	reanalyzed
reanalysing	gb	reanalyzing
reanalyze	us	reanalyse
reanalyzed	us	reanalysed
reanalyzes	us	reanalyses
reanalyzing	us	reanalysing
reauthorisation	gb	reauthorization
reauthorisation	ise	reauthorization
reauthorisations	gb	reauthorizations
reauthorisations	ise	reauthorizations
reauthorise	gb	reauthorize
reauthorise	ise	reauthorize
reauthorises	gb	reauthorizes
reauthorises	ise	reauthorizes
reauthorization	ize	reauthorisation
reauthorizations	ize	reauthorisations
reauthorize	ize	reauthorise
reauthorizes	ize	reauthorises
recapitalisation	gb	recapitalization
recapitalisation	ise	recapitalization
recapitalise	gb	recapitalize
recapitalise	ise	recapitalize
recapitalised	gb	recapitalized
recapitalised	ise	recapitalized
recapitalises	gb	recapitalizes
recapitalises	ise	recapitalizes
recapitalising	gb	recapitalizing
recapitalising	ise	recapitalizing
recapitalization	ize	recapitalisation
recapitalize	ize	recapitalise
recapitalized	ize	recapitalised
recapitalizes	ize	recapitalises
recapitalizing	ize	recapitalising
recognisable	gb	recognizable
recognisable	ise	recognizable
recognisably	gb	recognizably
recognisably	ise	recognizably
recognisance	gb	recognizance
recognisance	ise	recognizance
recognise	gb	recognize
recognise	ise	recognize
recognised	gb	recognized
recognised	ise	recognized
recogniser	gb	recognizer
recogniser	ise	recognizer
recognises	gb	recognizes
recognises	ise	recognizes
recognising	gb	recognizing
recognising	ise	recognizing
recognizable	ize	recognisable
recognizably	ize	recognisably
recognizance	ize	recognisance
recognize	ize	recognise
recognized	ize	recognised
recognizer	ize	recogniser
recognizes	ize	recognises
recognizing	ize	recognising
recolonisation	gb	recolonization
recolonisation	ise	recolonization
recolonise	gb	recolonize
recolonise	ise	recolonize
recolonised	gb	recolonized
recolonised	ise	recolonized
recolonises	gb	recolonizes
recolonises	ise	recolonizes
recolonising	gb	recolonizing
recolonising	ise	recolonizing
recolonization	ize	recolonisation
recolonize	ize	recolonise
recolonized	ize	recolonised
recolonizes	ize	recolonises
recolonizing	ize	recolonising
recolor	us	recolour
recolored	us	recoloured
recoloring	us	recolouring
recolors	us	recolours
recolour	gb	recolor
recoloured	gb	recolored
recolouring	gb	recoloring
recolours	gb	recolors
reconnoiter	us	reconnoitre
reconnoitered	us	reconnoitred
reconnoitering	us	reconnoitring
reconnoiters	us	reconnoitres
reconnoitre	gb	reconnoiter
reconnoitred	gb	reconnoitered
reconnoitres	gb	reconnoiters
reconnoitring	gb	reconnoitering
recrystallise	gb	recrystallize
recrystallise	ise	recrystallize
recrystallised	gb	recrystallized
recrystallised	ise	recrystallized
recrystallises	gb	recrystallizes
recrystallises	ise	recrystallizes
recrystallising	gb	recrystallizing
recrystallising	ise	recrystallizing
recrystallize	ize	recrystallise
recrystallized	ize	recrystallised
recrystallizes	ize	recrystallises
recrystallizing	ize	recrystallising
redialed	us	redialled
redialing	us	redialling
redialled	gb	redialed
redialling	gb	redialing
reemphasise	gb	reemphasize
reemphasise	ise	reemphasize
reemphasised	gb	reemphasized
reemphasised	ise	reemphasized
reemphasises	gb	reemphasizes
reemphasises	ise	reemphasizes
reemphasising	gb	reemphasizing
reemphasising	ise	reemphasizing
reemphasize	ize	reemphasise
reemphasized	ize	reemphasised
reemphasizes	ize	reemphasises
reemphasizing	ize	reemphasising
reenergise	gb	reenergize
reenergise	ise	reenergize
reenergize	ize	reenergise
refueled	us	refuelled
refueling	us	refuelling
refuelled	gb	refueled
refuelling	gb	refueling
regularisation	gb	regularization
regularisation	ise	regularization
regularise	gb	regularize
regularise	ise	regularize
regularised	gb	regularized
regularised	ise	regularized
regularises	gb	regularizes
regularises	ise	regularizes
regularising	gb	regularizing
regularising	ise	regularizing
regularization	ize	regularisation
regularize	ize	regularise
regularized	ize	regularised
regularizes	ize	regularises
regularizing	ize	regularising
reinitialise	gb	reinitialize
reinitialise	ise	reinitialize
reinitialised	gb	reinitialized
reinitialised	ise	reinitialized
reinitialises	gb	reinitializes
reinitialises	ise	reinitializes
reinitialising	gb	reinitializing
reinitialising	ise	reinitializing
reinitialize	ize	reinitialise
reinitialized	ize	reinitialised
reinitializes	ize	reinitialises
reinitializing	ize	reinitialising
relabeled	us	relabelled
relabeling	us	relabelling
relabelled	gb	relabeled
relabelling	gb	relabeling
remodeled	us	remodelled
remodeling	us	remodelling
remodelled	gb	remodeled
remodelling	gb	remodeling
remold	us	remould
remolded	us	remoulded
remolding	us	remoulding
remolds	us	remoulds
remould	gb	remold
remoulded	gb	remolded
remoulding	gb	remolding
remoulds	gb	remolds
reorganisation	gb	reorganization
reorganisation	ise	reorganization
reorganisations	gb	reorganizations
reorganisations	ise	reorganizations
reorganise	gb	reorganize
reorganise	ise	reorganize
reorganised	gb	reorganized
reorganised	ise	reorganized
reorganises	gb	reorganizes
reorganises	ise	reorganizes
reorganising	gb	reorganizing
reorganising	ise	reorganizing
reorganization	ize	reorganisation
reorganizations	ize	reorganisations
reorganize	ize	reorganise
reorganized	ize	reorganised
reorganizes	ize	reorganises
reorganizing	ize	reorganising
reveled	us	revelled
reveler	us	reveller
revelers	us	revellers
reveling	us	revelling
revelled	gb	reveled
reveller	gb	reveler
revellers	gb	revelers
revelling	gb	reveling
revitalisation	gb	revitalization
revitalisation	ise	revitalization
revitalise	gb	revitalize
revitalise	ise	revitalize
revitalised	gb	revitalized
revitalised	ise	revitalized
revitalises	gb	revitalizes
revitalises	ise	revitalizes
revitalising	gb	revitalizing
revitalising	ise	revitalizing
revitalization	ize	revitalisation
revitalize	ize	revitalise
revitalized	ize	revitalised
revitalizes	ize	revitalises
revitalizing	ize	revitalising
revolutionise	gb	revolutionize
revolutionise	ise	revolutionize
revolutionised	gb	revolutionized
revolutionised	ise	revolutionized
revolutionises	gb	revolutionizes
revolutionises	ise	revolutionizes
revolutionising	gb	revolutionizing
revolutionising	ise	revolutionizing
revolutionize	ize	revolutionise
revolutionized	ize	revolutionised
revolutionizes	ize	revolutionises
revolutionizing	ize	revolutionising
rhapsodise	gb	rhapsodize
rhapsodise	ise	rhapsodize
rhapsodised	gb	rhapsodized
rhapsodised	ise	rhapsodized
rhapsodises	gb	rhapsodizes
rhapsodises	ise	rhapsodizes
rhapsodising	gb	rhapsodizing
rhapsodising	ise	rhapsodizing
rhapsodize	ize	rhapsodise
rhapsodized	ize	rhapsodised
rhapsodizes	ize	rhapsodises
rhapsodizing	ize	rhapsodising
rigor	us	rigour
rigors	us	rigours
rigour	gb	rigor
rigours	gb	rigors
ritualised	gb	ritualized
ritualised	ise	ritualized
ritualized	ize	ritualised
rivaled	us	rivalled
rivaling	us	rivalling
rivalled	gb	rivaled
rivalling	gb	rivaling
robotise	gb	robotize
robotise	ise	robotize
robotised	gb	robotized
robotised	ise	robotized
robotises	gb	robotizes
robotises	ise	robotizes
robotising	gb	robotizing
robotising	ise	robotizing
robotize	ize	robotise
robotized	ize	robotised
robotizes	ize	robotises
robotizing	ize	robotising
romanticise	gb	romanticize
romanticise	ise	romanticize
romanticised	gb	romanticized
romanticised	ise	romanticized
romanticises	gb	romanticizes
romanticises	ise	romanticizes
romanticising	gb	romanticizing
romanticising	ise	romanticizing
romanticize	ize	romanticise
romanticized	ize	romanticised
romanticizes	ize	romanticises
romanticizing	ize	romanticising
rouble	gb	ruble
roubles	gb	rubles
routinise	gb	routinize
routinise	ise	routinize
routinised	gb	routinized
routinised	ise	routinized
routinises	gb	routinizes
routinises	ise	routinizes
routinising	gb	routinizing
routinising	ise	routinizing
routinize	ize	routinise
routinized	ize	routinised
routinizes	ize	routinises
routinizing	ize	routinising
roweled	us	rowelled
roweling	us	rowelling
rowelled	gb	roweled
rowelling	gb	roweling
rubberise	gb	rubberize
rubberise	ise	rubberize
rubberised	gb	rubberized
rubberised	ise	rubberized
rubberises	gb	rubberizes
rubberises	ise	rubberizes
rubberising	gb	rubberizing
rubberising	ise	rubberizing
rubberize	ize	rubberise
rubberized	ize	rubberised
rubberizes	ize	rubberises
rubberizing	ize	rubberising
ruble	us	rouble
rubles	us	roubles
rumor	us	rumour
rumored	us	rumoured
rumoring	us	rumouring
rumormonger	us	rumourmonger
rumormongers	us	rumourmongers
rumors	us	rumours
rumour	gb	rumor
rumoured	gb	rumored
rumouring	gb	rumoring
rumourmonger	gb	rumormonger
rumourmongers	gb	rumormongers
rumours	gb	rumors
saber	us	sabre
sabers	us	sabres
sabre	gb	saber
sabres	gb	sabers
saki	gb	sake
sakis	gb	sakes
salable	us	saleable
saleable	gb	salable
saltpeter	us	saltpetre
saltpetre	gb	saltpeter
sanitisation	gb	sanitization
sanitisation	ise	sanitization
sanitisations	gb	sanitizations
sanitisations	ise	sanitizations
sanitise	gb	sanitize
sanitise	ise	sanitize
sanitised	gb	sanitized
sanitised	ise	sanitized
sanitiser	gb	sanitizer
sanitiser	ise	sanitizer
sanitisers	gb	sanitizers
sanitisers	ise	sanitizers
sanitises	gb	sanitizes
sanitises	ise	sanitizes
sanitising	gb	sanitizing
sanitising	ise	sanitizing
sanitization	ize	sanitisation
sanitizations	ize	sanitisations
sanitize	ize	sanitise
sanitized	ize	sanitised
sanitizer	ize	sanitiser
sanitizers	ize	sanitisers
sanitizes	ize	sanitises
sanitizing	ize	sanitising
satirise	gb	satirize
satirise	ise	satirize
satirised	gb	satirized
satirised	ise	satirized
satirises	gb	satirizes
satirises	ise	satirizes
satirising	gb	satirizing
satirising	ise	satirizing
satirize	ize	satirise
satirized	ize	satirised
satirizes	ize	satirises
satirizing	ize	satirising
savior	us	saviour
saviors	us	saviours
saviour	gb	savior
saviours	gb	saviors
savor	us	savour
savored	us	savoured
savorier	us	savourier
savories	us	savouries
savoriest	us	savouriest
savoriness	us	savouriness
savoring	us	savouring
savors	us	savours
savory	us	savoury
savour	gb	savor
savoured	gb	savored
savourier	gb	savorier
savouries	gb	savories
savouriest	gb	savoriest
savouriness	gb	savoriness
savouring	gb	savoring
savours	gb	savors
savoury	gb	savory
sawn	gb	sawed
scandalise	gb	scandalize
scandalise	ise	scandalize
scandalised	gb	scandalized
scandalised	ise	scandalized
scandalises	gb	scandalizes
scandalises	ise	scandalizes
scandalising	gb	scandalizing
scandalising	ise	scandalizing
scandalize	ize	scandalise
scandalized	ize	scandalised
scandalizes	ize	scandalises
scandalizing	ize	scandalising
scepter	us	sceptre
scepters	us	sceptres
sceptic	gb	skeptic
sceptical	gb	skeptical
sceptically	gb	skeptically
scepticism	gb	skepticism
sceptics	gb	skeptics
sceptre	gb	scepter
sceptres	gb	scepters
schematise	gb	schematize
schematise	ise	schematize
schematised	gb	schematized
schematised	ise	schematized
schematises	gb	schematizes
schematises	ise	schematizes
schematising	gb	schematizing
schematising	ise	schematizing
schematize	ize	schematise
schematized	ize	schematised
schematizes	ize	schematises
schematizing	ize	schematising
scrutinise	gb	scrutinize
scrutinise	ise	scrutinize
scrutinised	gb	scrutinized
scrutinised	ise	scrutinized
scrutinises	gb	scrutinizes
scrutinises	ise	scrutinizes
scrutinising	gb	scrutinizing
scrutinising	ise	scrutinizing
scrutinize	ize	scrutinise
scrutinized	ize	scrutinised
scrutinizes	ize	scrutinises
scrutinizing	ize	scrutinising
seborrhea	us	seborrhoea
seborrhoea	gb	seborrhea
secularisation	gb	secularization
secularisation	ise	secularization
secularise	gb	secularize
secularise	ise	secularize
secularised	gb	secularized
secularised	ise	secularized
secularises	gb	secularizes
secularises	ise	secularizes
secularising	gb	secularizing
secularising	ise	secularizing
secularization	ize	secularisation
secularize	ize	secularise
secularized	ize	secularised
secularizes	ize	secularises
secularizing	ize	secularising
sensationalise	gb	sensationalize
sensationalise	ise	sensationalize
sensationalised	gb	sensationalized
sensationalised	ise	sensationalized
sensationalises	gb	sensationalizes
sensationalises	ise	sensationalizes
sensationalising	gb	sensationalizing
sensationalising	ise	sensationalizing
sensationalize	ize	sensationalise
sensationalized	ize	sensationalised
sensationalizes	ize	sensationalises
sensationalizing	ize	sensationalising
sensitisation	gb	sensitization
sensitisation	ise	sensitization
sensitise	gb	sensitize
sensitise	ise	sensitize
sensitised	gb	sensitized
sensitised	ise	sensitized
sensitises	gb	sensitizes
sensitises	ise	sensitizes
sensitising	gb	sensitizing
sensitising	ise	sensitizing
sensitization	ize	sensitisation
sensitize	ize	sensitise
sensitized	ize	sensitised
sensitizes	ize	sensitises
sensitizing	ize	sensitising
sentimentalisation	gb	sentimentalization
sentimentalisation	ise	sentimentalization
sentimentalise	gb	sentimentalize
sentimentalise	ise	sentimentalize
sentimentalised	gb	sentimentalized
sentimentalised	ise	sentimentalized
sentimentalises	gb	sentimentalizes
sentimentalises	ise	sentimentalizes
sentimentalising	gb	sentimentalizing
sentimentalising	ise	sentimentalizing
sentimentalization	ize	sentimentalisation
sentimentalize	ize	sentimentalise
sentimentalized	ize	sentimentalised
sentimentalizes	ize	sentimentalises
sentimentalizing	ize	sentimentalising
septicaemia	gb	septicemia
septicaemic	gb	septicemic
septicemia	us	septicaemia
septicemic	us	septicaemic
sepulcher	us	sepulchre
sepulchered	us	sepulchred
sepulchering	us	sepulchring
sepulchers	us	sepulchres
sepulchre	gb	sepulcher
sepulchred	gb	sepulchered
sepulchres	gb	sepulchers
sepulchring	gb	sepulchering
serialisable	gb	serializable
serialisable	ise	serializable
serialisation	gb	serialization
serialisation	ise	serialization
serialisations	gb	serializations
serialisations	ise	serializations
serialise	gb	serialize
serialise	ise	serialize
serialised	gb	serialized
serialised	ise	serialized
serialises	gb	serializes
serialises	ise	serializes
serialising	gb	serializing
serialising	ise	serializing
serializable	ize	serialisable
serialization	ize	serialisation
serializations	ize	serialisations
serialize	ize	serialise
serialized	ize	serialised
serializes	ize	serialises
serializing	ize	serialising
sermonise	gb	sermonize
sermonise	ise	sermonize
sermonised	gb	sermonized
sermonised	ise	sermonized
sermonises	gb	sermonizes
sermonises	ise	sermonizes
sermonising	gb	sermonizing
sermonising	ise	sermonizing
sermonize	ize	sermonise
sermonized	ize	sermonised
sermonizes	ize	sermonises
sermonizing	ize	sermonising
sexualisation	gb	sexualization
sexualisation	ise	sexualization
sexualise	gb	sexualize
sexualise	ise	sexualize
sexualised	gb	sexualized
sexualised	ise	sexualized
sexualises	gb	sexualizes
sexualises	ise	sexualizes
sexualising	gb	sexualizing
sexualising	ise	sexualizing
sexualization	ize	sexualisation
sexualize	ize	sexualise
sexualized	ize	sexualised
sexualizes	ize	sexualises
sexualizing	ize	sexualising
shoveled	us	shovelled
shoveling	us	shovelling
shovelled	gb	shoveled
shovelling	gb	shoveling
shriveled	us	shrivelled
shriveling	us	shrivelling
shrivelled	gb	shriveled
shrivelling	gb	shriveling
signaled	us	signalled
signaler	us	signaller
signalers	us	signallers
signaling	us	signalling
signalisation	gb	signalization
signalisation	ise	signalization
signalise	gb	signalize
signalise	ise	signalize
signalised	gb	signalized
signalised	ise	signalized
signalises	gb	signalizes
signalises	ise	signalizes
signalising	gb	signalizing
signalising	ise	signalizing
signalization	ize	signalisation
signalize	ize	signalise
signalized	ize	signalised
signalizes	ize	signalises
signalizing	ize	signalising
signalled	gb	signaled
signaller	gb	signaler
signallers	gb	signalers
signalling	gb	signaling
simonise	gb	simonize
simonise	ise	simonize
simonize	ize	simonise
sizable	us	sizeable
sizeable	gb	sizable
skeptic	us	sceptic
skeptical	us	sceptical
skeptically	us	sceptically
skepticism	us	scepticism
skeptics	us	sceptics
skilful	gb	skillful
skilfully	gb	skillfully
skilfulness	gb	skillfulness
skillful	us	skilful
skillfully	us	skilfully
skillfulness	us	skilfulness
slenderise	gb	slenderize
slenderise	ise	slenderize
slenderised	gb	slenderized
slenderised	ise	slenderized
slenderises	gb	slenderizes
slenderises	ise	slenderizes
slenderising	gb	slenderizing
slenderising	ise	slenderizing
slenderize	ize	slenderise
slenderized	ize	slenderised
slenderizes	ize	slenderises
slenderizing	ize	slenderising
slyer	gb	slier
slyest	gb	sliest
smolder	us	smoulder
smoldered	us	smouldered
smoldering	us	smouldering
smolders	us	smoulders
smoulder	gb	smolder
smouldered	gb	smoldered
smouldering	gb	smoldering
smoulders	gb	smolders
sniveled	us	snivelled
sniveler	us	sniveller
snivelers	us	snivellers
sniveling	us	snivelling
snivelled	gb	sniveled
sniveller	gb	sniveler
snivellers	gb	snivelers
snivelling	gb	sniveling
snorkeled	us	snorkelled
snorkeler	us	snorkeller
snorkeling	us	snorkelling
snorkelled	gb	snorkeled
snorkeller	gb	snorkeler
snorkelling	gb	snorkeling
snowplough	gb	snowplow
snowploughed	gb	snowplowed
snowploughing	gb	snowplowing
snowploughs	gb	snowplows
snowplow	us	snowplough
snowplowed	us	snowploughed
snowplowing	us	snowploughing
snowplows	us	snowploughs
socialisation	gb	socialization
socialisation	ise	socialization
socialise	gb	socialize
socialise	ise	socialize
socialised	gb	socialized
socialised	ise	socialized
socialises	gb	socializes
socialises	ise	socializes
socialising	gb	socializing
socialising	ise	socializing
socialization	ize	socialisation
socialize	ize	socialise
socialized	ize	socialised
socializes	ize	socialises
socializing	ize	socialising
sodomise	gb	sodomize
sodomise	ise	sodomize
sodomised	gb	sodomized
sodomised	ise	sodomized
sodomises	gb	sodomizes
sodomises	ise	sodomizes
sodomising	gb	sodomizing
sodomising	ise	sodomizing
sodomize	ize	sodomise
sodomized	ize	sodomised
sodomizes	ize	sodomises
sodomizing	ize	sodomising
solemnisation	gb	solemnization
solemnisation	ise	solemnization
solemnise	gb	solemnize
solemnise	ise	solemnize
solemnised	gb	solemnized
solemnised	ise	solemnized
solemnises	gb	solemnizes
solemnises	ise	solemnizes
solemnising	gb	solemnizing
solemnising	ise	solemnizing
solemnization	ize	solemnisation
solemnize	ize	solemnise
solemnized	ize	solemnised
solemnizes	ize	solemnises
solemnizing	ize	solemnising
soliloquise	gb	soliloquize
soliloquise	ise	soliloquize
soliloquised	gb	soliloquized
soliloquised	ise	soliloquized
soliloquises	gb	soliloquizes
soliloquises	ise	soliloquizes
soliloquising	gb	soliloquizing
soliloquising	ise	soliloquizing
soliloquize	ize	soliloquise
soliloquized	ize	soliloquised
soliloquizes	ize	soliloquises
soliloquizing	ize	soliloquising
somber	us	sombre
somberly	us	sombrely
somberness	us	sombreness
sombre	gb	somber
sombrely	gb	somberly
sombreness	gb	somberness
specialisation	gb	specialization
specialisation	ise	specialization
specialisations	gb	specializations
specialisations	ise	specializations
specialise	gb	specialize
specialise	ise	specialize
specialised	gb	specialized
specialised	ise	specialized
specialises	gb	specializes
specialises	ise	specializes
specialising	gb	specializing
specialising	ise	specializing
specialities	gb	specialties
speciality	gb	specialty
specialization	ize	specialisation
specializations	ize	specialisations
specialize	ize	specialise
specialized	ize	specialised
specializes	ize	specialises
specializing	ize	specialising
specialties	us	specialities
specialty	us	speciality
specter	us	spectre
specters	us	spectres
spectre	gb	specter
spectres	gb	specters
spilt	gb	spilled
spiraea	gb	spirea
spiraeas	gb	spireas
spiraled	us	spiralled
spiraling	us	spiralling
spiralled	gb	spiraled
spiralling	gb	spiraling
spirea	us	spiraea
spireas	us	spiraeas
spirochaete	gb	spirochete
spirochaetes	gb	spirochetes
spirochete	us	spirochaete
spirochetes	us	spirochaetes
splendor	us	splendour
splendors	us	splendours
splendour	gb	splendor
splendours	gb	splendors
spoilt	gb	spoiled
squirreled	us	squirrelled
squirreling	us	squirrelling
squirrelled	gb	squirreled
squirrelling	gb	squirreling
stabilisation	gb	stabilization
stabilisation	ise	stabilization
stabilise	gb	stabilize
stabilise	ise	stabilize
stabilised	gb	stabilized
stabilised	ise	stabilized
stabiliser	gb	stabilizer
stabiliser	ise	stabilizer
stabilisers	gb	stabilizers
stabilisers	ise	stabilizers
stabilises	gb	stabilizes
stabilises	ise	stabilizes
stabilising	gb	stabilizing
stabilising	ise	stabilizing
stabilization	ize	stabilisation
stabilize	ize	stabilise
stabilized	ize	stabilised
stabilizer	ize	stabiliser
stabilizers	ize	stabilisers
stabilizes	ize	stabilises
stabilizing	ize	stabilising
standardisation	gb	standardization
standardisation	ise	standardization
standardise	gb	standardize
standardise	ise	standardize
standardised	gb	standardized
standardised	ise	standardized
standardises	gb	standardizes
standardises	ise	standardizes
standardising	gb	standardizing
standardising	ise	standardizing
standardization	ize	standardisation
standardize	ize	standardise
standardized	ize	standardised
standardizes	ize	standardises
standardizing	ize	standardising
stenciled	us	stencilled
stenciling	us	stencilling
stencilled	gb	stenciled
stencilling	gb	stenciling
sterilisation	gb	sterilization
sterilisation	ise	sterilization
sterilisations	gb	sterilizations
sterilisations	ise	sterilizations
sterilise	gb	sterilize
sterilise	ise	sterilize
sterilised	gb	sterilized
sterilised	ise	sterilized
steriliser	gb	sterilizer
steriliser	ise	sterilizer
sterilisers	gb	sterilizers
sterilisers	ise	sterilizers
sterilises	gb	sterilizes
sterilises	ise	sterilizes
sterilising	gb	sterilizing
sterilising	ise	sterilizing
sterilization	ize	sterilisation
sterilizations	ize	sterilisations
sterilize	ize	sterilise
sterilized	ize	sterilised
sterilizer	ize	steriliser
sterilizers	ize	sterilisers
sterilizes	ize	sterilises
sterilizing	ize	sterilising
stigmatisation	gb	stigmatization
stigmatisation	ise	stigmatization
stigmatise	gb	stigmatize
stigmatise	ise	stigmatize
stigmatised	gb	stigmatized
stigmatised	ise	stigmatized
stigmatises	gb	stigmatizes
stigmatises	ise	stigmatizes
stigmatising	gb	stigmatizing
stigmatising	ise	stigmatizing
stigmatization	ize	stigmatisation
stigmatize	ize	stigmatise
stigmatized	ize	stigmatised
stigmatizes	ize	stigmatises
stigmatizing	ize	stigmatising
storey	gb	story
storeyed	gb	storied
storeys	gb	stories
strategise	gb	strategize
strategise	ise	strategize
strategised	gb	strategized
strategised	ise	strategized
strategises	gb	strategizes
strategises	ise	strategizes
strategising	gb	strategizing
strategising	ise	strategizing
strategize	ize	strategise
strategized	ize	strategised
strategizes	ize	strategises
strategizing	ize	strategising
strived	us	strove
stylise	gb	stylize
stylise	ise	stylize
stylised	gb	stylized
stylised	ise	stylized
stylises	gb	stylizes
stylises	ise	stylizes
stylising	gb	stylizing
stylising	ise	stylizing
stylize	ize	stylise
stylized	ize	stylised
stylizes	ize	stylises
stylizing	ize	stylising
subsidisation	gb	subsidization
subsidisation	ise	subsidization
subsidise	gb	subsidize
subsidise	ise	subsidize
subsidised	gb	subsidized
subsidised	ise	subsidized
subsidiser	gb	subsidizer
subsidiser	ise	subsidizer
subsidisers	gb	subsidizers
subsidisers	ise	subsidizers
subsidises	gb	subsidizes
subsidises	ise	subsidizes
subsidising	gb	subsidizing
subsidising	ise	subsidizing
subsidization	ize	subsidisation
subsidize	ize	subsidise
subsidized	ize	subsidised
subsidizer	ize	subsidiser
subsidizers	ize	subsidisers
subsidizes	ize	subsidises
subsidizing	ize	subsidising
subtotaled	us	subtotalled
subtotaling	us	subtotalling
subtotalled	gb	subtotaled
subtotalling	gb	subtotaling
succor	us	succour
succored	us	succoured
succoring	us	succouring
succors	us	succours
succour	gb	succor
succoured	gb	succored
succouring	gb	succoring
succours	gb	succors
sulfate	us	sulphate
sulfates	us	sulphates
sulfide	us	sulphide
sulfides	us	sulphides
sulfur	us	sulphur
sulfured	us	sulphured
sulfuric	us	sulphuric
sulfuring	us	sulphuring
sulfurous	us	sulphurous
sulfurs	us	sulphurs
sulphate	gb	sulfate
sulphates	gb	sulfates
sulphide	gb	sulfide
sulphides	gb	sulfides
sulphur	gb	sulfur
sulphured	gb	sulfured
sulphuric	gb	sulfuric
sulphuring	gb	sulfuring
sulphurous	gb	sulfurous
sulphurs	gb	sulfurs
summarise	gb	summarize
summarise	ise	summarize
summarised	gb	summarized
summarised	ise	summarized
summarises	gb	summarizes
summarises	ise	summarizes
summarising	gb	summarizing
summarising	ise	summarizing
summarize	ize	summarise
summarized	ize	summarised
summarizes	ize	summarises
summarizing	ize	summarising
sweepstake	gb	sweepstakes
sweepstakes	us	sweepstake
swiveled	us	swivelled
swiveling	us	swivelling
swivelled	gb	swiveled
swivelling	gb	swiveling
symbolisation	gb	symbolization
symbolisation	ise	symbolization
symbolise	gb	symbolize
symbolise	ise	symbolize
symbolised	gb	symbolized
symbolised	ise	symbolized
symbolises	gb	symbolizes
symbolises	ise	symbolizes
symbolising	gb	symbolizing
symbolising	ise	symbolizing
symbolization	ize	symbolisation
symbolize	ize	symbolise
symbolized	ize	symbolised
symbolizes	ize	symbolises
symbolizing	ize	symbolising
sympathise	gb	sympathize
sympathise	ise	sympathize
sympathised	gb	sympathized
sympathised	ise	sympathized
sympathiser	gb	sympathizer
sympathiser	ise	sympathizer
sympathisers	gb	sympathizers
sympathisers	ise	sympathizers
sympathises	gb	sympathizes
sympathises	ise	sympathizes
sympathising	gb	sympathizing
sympathising	ise	sympathizing
sympathize	ize	sympathise
sympathized	ize	sympathised
sympathizer	ize	sympathiser
sympathizers	ize	sympathisers
sympathizes	ize	sympathises
sympathizing	ize	sympathising
synchronisation	gb	synchronization
synchronisation	ise	synchronization
synchronisations	gb	synchronizations
synchronisations	ise	synchronizations
synchronise	gb	synchronize
synchronise	ise	synchronize
synchronised	gb	synchronized
synchronised	ise	synchronized
synchronises	gb	synchronizes
synchronises	ise	synchronizes
synchronising	gb	synchronizing
synchronising	ise	synchronizing
synchronization	ize	synchronisation
synchronizations	ize	synchronisations
synchronize	ize	synchronise
synchronized	ize	synchronised
synchronizes	ize	synchronises
synchronizing	ize	synchronising
synthesise	gb	synthesize
synthesise	ise	synthesize
synthesised	gb	synthesized
synthesised	ise	synthesized
synthesises	gb	synthesizes
synthesising	gb	synthesizing
synthesising	ise	synthesizing
synthesize	ize	synthesise
synthesized	ize	synthesised
synthesizes	ize	synthesises
synthesizing	ize	synthesising
systematisation	gb	systematization
systematisation	ise	systematization
systematise	gb	systematize
systematise	ise	systematize
systematised	gb	systematized
systematised	ise	systematized
systematises	gb	systematizes
systematises	ise	systematizes
systematising	gb	systematizing
systematising	ise	systematizing
systematization	ize	systematisation
systematize	ize	systematise
systematized	ize	systematised
systematizes	ize	systematises
systematizing	ize	systematising
tantalisation	gb	tantalization
tantalisation	ise	tantalization
tantalise	gb	tantalize
tantalise	ise	tantalize
tantalised	gb	tantalized
tantalised	ise	tantalized
tantaliser	gb	tantalizer
tantaliser	ise	tantalizer
tantalisers	gb	tantalizers
tantalisers	ise	tantalizers
tantalises	gb	tantalizes
tantalises	ise	tantalizes
tantalising	gb	tantalizing
tantalising	ise	tantalizing
tantalisingly	gb	tantalizingly
tantalisingly	ise	tantalizingly
tantalization	ize	tantalisation
tantalize	ize	tantalise
tantalized	ize	tantalised
tantalizer	ize	tantaliser
tantalizers	ize	tantalisers
tantalizes	ize	tantalises
tantalizing	ize	tantalising
tantalizingly	ize	tantalisingly
tasseled	us	tasselled
tasseling	us	tasselling
tasselled	gb	tasseled
tasselling	gb	tasseling
teetotaler	us	teetotaller
teetotalers	us	teetotallers
teetotaller	gb	teetotaler
teetotallers	gb	teetotalers
temporise	gb	temporize
temporise	ise	temporize
temporised	gb	temporized
temporised	ise	temporized
temporiser	gb	temporizer
temporiser	ise	temporizer
temporisers	gb	temporizers
temporisers	ise	temporizers
temporises	gb	temporizes
temporises	ise	temporizes
temporising	gb	temporizing
temporising	ise	temporizing
temporize	ize	temporise
temporized	ize	temporised
temporizer	ize	temporiser
temporizers	ize	temporisers
temporizes	ize	temporises
temporizing	ize	temporising
tenderise	gb	tenderize
tenderise	ise	tenderize
tenderised	gb	tenderized
tenderised	ise	tenderized
tenderiser	gb	tenderizer
tenderiser	ise	tenderizer
tenderisers	gb	tenderizers
tenderisers	ise	tenderizers
tenderises	gb	tenderizes
tenderises	ise	tenderizes
tenderising	gb	tenderizing
tenderising	ise	tenderizing
tenderize	ize	tenderise
tenderized	ize	tenderised
tenderizer	ize	tenderiser
tenderizers	ize	tenderisers
tenderizes	ize	tenderises
tenderizing	ize	tenderising
terrorise	gb	terrorize
terrorise	ise	terrorize
terrorised	gb	terrorized
terrorised	ise	terrorized
terrorises	gb	terrorizes
terrorises	ise	terrorizes
terrorising	gb	terrorizing
terrorising	ise	terrorizing
terrorize	ize	terrorise
terrorized	ize	terrorised
terrorizes	ize	terrorises
terrorizing	ize	terrorising
theater	us	theatre
theatergoer	us	theatregoer
theatergoers	us	theatregoers
theaters	us	theatres
theatre	gb	theater
theatregoer	gb	theatergoer
theatregoers	gb	theatergoers
theatres	gb	theaters
theorise	gb	theorize
theorise	ise	theorize
theorised	gb	theorized
theorised	ise	theorized
theorises	gb	theorizes
theorises	ise	theorizes
theorising	gb	theorizing
theorising	ise	theorizing
theorize	ize	theorise
theorized	ize	theorised
theorizes	ize	theorises
theorizing	ize	theorising
thraldom	gb	thralldom
thralldom	us	thraldom
throughway	gb	thruway
throughways	gb	thruways
thruway	us	throughway
thruways	us	throughways
tidbit	us	titbit
tidbits	us	titbits
tinseled	us	tinselled
tinseling	us	tinselling
tinselled	gb	tinseled
tinselling	gb	tinseling
titbit	gb	tidbit
titbits	gb	tidbits
tokenisation	gb	tokenization
tokenisation	ise	tokenization
tokenise	gb	tokenize
tokenise	ise	tokenize
tokenised	gb	tokenized
tokenised	ise	tokenized
tokenises	gb	tokenizes
tokenises	ise	tokenizes
tokenising	gb	tokenizing
tokenising	ise	tokenizing
tokenization	ize	tokenisation
tokenize	ize	tokenise
tokenized	ize	tokenised
tokenizes	ize	tokenises
tokenizing	ize	tokenising
totaled	us	totalled
totaling	us	totalling
totalisator	gb	totalizator
totalisators	gb	totalizators
totalizator	us	totalisator
totalizators	us	totalisators
totalled	gb	totaled
totalling	gb	totaling
toweled	us	towelled
toweling	us	towelling
towelings	us	towellings
towelled	gb	toweled
towelling	gb	toweling
towellings	gb	towelings
toxaemia	gb	toxemia
toxemia	us	toxaemia
trabeculae	gb	trabecule
trabecule	us	trabeculae
trammeled	us	trammelled
trammeling	us	trammelling
trammelled	gb	trammeled
trammelling	gb	trammeling
tranquility	us	tranquillity
tranquilize	us	tranquillize
tranquilized	us	tranquillized
tranquilizer	us	tranquillizer
tranquilizers	us	tranquillizers
tranquilizes	us	tranquillizes
tranquilizing	us	tranquillizing
tranquillise	gb	tranquilize
tranquillise	ise	tranquillize
tranquillised	gb	tranquilized
tranquillised	ise	tranquillized
tranquilliser	gb	tranquilizer
tranquilliser	ise	tranquillizer
tranquillisers	gb	tranquilizers
tranquillisers	ise	tranquillizers
tranquillises	gb	tranquilizes
tranquillises	ise	tranquillizes
tranquillising	gb	tranquilizing
tranquillising	ise	tranquillizing
tranquillity	gb	tranquility
tranquillize	gb	tranquilize
tranquillize	ize	tranquillise
tranquillized	gb	tranquilized
tranquillized	ize	tranquillised
tranquillizer	gb	tranquilizer
tranquillizer	ize	tranquilliser
tranquillizers	gb	tranquilizers
tranquillizers	ize	tranquillisers
tranquillizes	gb	tranquilizes
tranquillizes	ize	tranquillises
tranquillizing	gb	tranquilizing
tranquillizing	ize	tranquillising
transistorise	gb	transistorize
transistorise	ise	transistorize
transistorised	gb	transistorized
transistorised	ise	transistorized
transistorises	gb	transistorizes
transistorises	ise	transistorizes
transistorising	gb	transistorizing
transistorising	ise	transistorizing
transistorize	ize	transistorise
transistorized	ize	transistorised
transistorizes	ize	transistorises
transistorizing	ize	transistorising
traumatise	gb	traumatize
traumatise	ise	traumatize
traumatised	gb	traumatized
traumatised	ise	traumatized
traumatises	gb	traumatizes
traumatises	ise	traumatizes
traumatising	gb	traumatizing
traumatising	ise	traumatizing
traumatize	ize	traumatise
traumatized	ize	traumatised
traumatizes	ize	traumatises
traumatizing	ize	traumatising
traveled	us	travelled
traveler	us	traveller
travelers	us	travellers
traveling	us	travelling
travelings	us	travellings
travelled	gb	traveled
traveller	gb	traveler
travellers	gb	travelers
travelling	gb	traveling
travellings	gb	travelings
trialed	us	trialled
trialing	us	trialling
trialled	gb	trialed
trialling	gb	trialing
tricolor	us	tricolour
tricolored	us	tricoloured
tricolors	us	tricolours
tricolour	gb	tricolor
tricoloured	gb	tricolored
tricolours	gb	tricolors
trivialisation	gb	trivialization
trivialisation	ise	trivialization
trivialise	gb	trivialize
trivialise	ise	trivialize
trivialised	gb	trivialized
trivialised	ise	trivialized
trivialises	gb	trivializes
trivialises	ise	trivializes
trivialising	gb	trivializing
trivialising	ise	trivializing
trivialization	ize	trivialisation
trivialize	ize	trivialise
trivialized	ize	trivialised
trivializes	ize	trivialises
trivializing	ize	trivialising
troweled	us	trowelled
troweling	us	trowelling
trowelled	gb	troweled
trowelling	gb	troweling
tsar	gb	czar
tsars	gb	czars
tularaemia	gb	tularemia
tularemia	us	tularaemia
tumbrel	us	tumbril
tumbrels	us	tumbrils
tumbril	gb	tumbrel
tumbrils	gb	tumbrels
tumor	us	tumour
tumors	us	tumours
tumour	gb	tumor
tumours	gb	tumors
tunneled	us	tunnelled
tunneler	us	tunneller
tunnelers	us	tunnellers
tunneling	us	tunnelling
tunnelled	gb	tunneled
tunneller	gb	tunneler
tunnellers	gb	tunnelers
tunnelling	gb	tunneling
tyrannise	gb	tyrannize
tyrannise	ise	tyrannize
tyrannised	gb	tyrannized
tyrannised	ise	tyrannized
tyrannises	gb	tyrannizes
tyrannises	ise	tyrannizes
tyrannising	gb	tyrannizing
tyrannising	ise	tyrannizing
tyrannize	ize	tyrannise
tyrannized	ize	tyrannised
tyrannizes	ize	tyrannises
tyrannizing	ize	tyrannising
tyre	gb	tire
unappetising	gb	unappetizing
unappetising	ise	unappetizing
unappetizing	ize	unappetising
unarmored	us	unarmoured
unarmoured	gb	unarmored
unauthorised	gb	unauthorized
unauthorised	ise	unauthorized
unauthorized	ize	unauthorised
unbaptised	gb	unbaptized
unbaptised	ise	unbaptized
unbaptized	ize	unbaptised
unbeknown	gb	unbeknownst
uncivilised	gb	uncivilized
uncivilised	ise	uncivilized
uncivilized	ize	uncivilised
uncolored	us	uncoloured
uncoloured	gb	uncolored
underutilise	gb	underutilize
underutilise	ise	underutilize
underutilised	gb	underutilized
underutilised	ise	underutilized
underutilize	ize	underutilise
underutilized	ize	underutilised
unequaled	us	unequalled
unequalled	gb	unequaled
unfavorable	us	unfavourable
unfavorably	us	unfavourably
unfavourable	gb	unfavorable
unfavourably	gb	unfavorably
unfertilised	gb	unfertilized
unfertilised	ise	unfertilized
unfertilized	ize	unfertilised
unflavored	us	unflavoured
unflavoured	gb	unflavored
uninitialised	gb	uninitialized
uninitialised	ise	uninitialized
uninitialized	ize	uninitialised
unionisation	gb	unionization
unionisation	ise	unionization
unionise	gb	unionize
unionise	ise	unionize
unionised	gb	unionized
unionised	ise	unionized
unionises	gb	unionizes
unionises	ise	unionizes
unionising	gb	unionizing
unionising	ise	unionizing
unionization	ize	unionisation
unionize	ize	unionise
unionized	ize	unionised
unionizes	ize	unionises
unionizing	ize	unionising
unitise	gb	unitize
unitise	ise	unitize
unitised	gb	unitized
unitised	ise	unitized
unitises	gb	unitizes
unitises	ise	unitizes
unitising	gb	unitizing
unitising	ise	unitizing
unitize	ize	unitise
unitized	ize	unitised
unitizes	ize	unitises
unitizing	ize	unitising
universalise	gb	universalize
universalise	ise	universalize
universalised	gb	universalized
universalised	ise	universalized
universalises	gb	universalizes
universalises	ise	universalizes
universalising	gb	universalizing
universalising	ise	universalizing
universalize	ize	universalise
universalized	ize	universalised
universalizes	ize	universalises
universalizing	ize	universalising
unlabeled	us	unlabelled
unlabelled	gb	unlabeled
unlearnt	gb	unlearned
unlikable	us	unlikeable
unlikeable	gb	unlikable
unorganised	gb	unorganized
unorganised	ise	unorganized
unorganized	ize	unorganised
unpasteurised	gb	unpasteurized
unpasteurised	ise	unpasteurized
unpasteurized	ize	unpasteurised
unpracticed	us	unpractised
unpractised	gb	unpracticed
unraveled	us	unravelled
unraveling	us	unravelling
unravelled	gb	unraveled
unravelling	gb	unraveling
unrealised	gb	unrealized
unrealised	ise	unrealized
unrealized	ize	unrealised
unrecognisable	gb	unrecognizable
unrecognisable	ise	unrecognizable
unrecognisably	gb	unrecognizably
unrecognisably	ise	unrecognizably
unrecognised	gb	unrecognized
unrecognised	ise	unrecognized
unrecognizable	ize	unrecognisable
unrecognizably	ize	unrecognisably
unrecognized	ize	unrecognised
unrivaled	us	unrivalled
unrivalled	gb	unrivaled
unsavory	us	unsavoury
unsavoury	gb	unsavory
unshakable	us	unshakeable
unshakeable	gb	unshakable
unsubsidised	gb	unsubsidized
unsubsidised	ise	unsubsidized
unsubsidized	ize	unsubsidised
unsynchronised	gb	unsynchronized
unsynchronised	ise	unsynchronized
unsynchronized	ize	unsynchronised
untrammeled	us	untrammelled
untrammelled	gb	untrammeled
untraveled	us	untravelled
untravelled	gb	untraveled
updraft	us	updraught
updrafts	us	updraughts
updraught	gb	updraft
updraughts	gb	updrafts
uraemia	gb	uremia
uraemic	gb	uremic
urbanisation	gb	urbanization
urbanisation	ise	urbanization
urbanise	gb	urbanize
urbanise	ise	urbanize
urbanised	gb	urbanized
urbanised	ise	urbanized
urbanises	gb	urbanizes
urbanises	ise	urbanizes
urbanising	gb	urbanizing
urbanising	ise	urbanizing
urbanization	ize	urbanisation
urbanize	ize	urbanise
urbanized	ize	urbanised
urbanizes	ize	urbanises
urbanizing	ize	urbanising
uremia	us	uraemia
uremic	us	uraemic
utilisable	gb	utilizable
utilisable	ise	utilizable
utilisation	gb	utilization
utilisation	ise	utilization
utilise	gb	utilize
utilise	ise	utilize
utilised	gb	utilized
utilised	ise	utilized
utilises	gb	utilizes
utilises	ise	utilizes
utilising	gb	utilizing
utilising	ise	utilizing
utilizable	ize	utilisable
utilization	ize	utilisation
utilize	ize	utilise
utilized	ize	utilised
utilizes	ize	utilises
utilizing	ize	utilising
valor	us	valour
valour	gb	valor
vandalise	gb	vandalize
vandalise	ise	vandalize
vandalised	gb	vandalized
vandalised	ise	vandalized
vandalises	gb	vandalizes
vandalises	ise	vandalizes
vandalising	gb	vandalizing
vandalising	ise	vandalizing
vandalize	ize	vandalise
vandalized	ize	vandalised
vandalizes	ize	vandalises
vandalizing	ize	vandalising
vapor	us	vapour
vaporisation	gb	vaporization
vaporisation	ise	vaporization
vaporise	gb	vaporize
vaporise	ise	vaporize
vaporised	gb	vaporized
vaporised	ise	vaporized
vaporiser	gb	vaporizer
vaporiser	ise	vaporizer
vaporisers	gb	vaporizers
vaporisers	ise	vaporizers
vaporises	gb	vaporizes
vaporises	ise	vaporizes
vaporising	gb	vaporizing
vaporising	ise	vaporizing
vaporization	ize	vaporisation
vaporize	ize	vaporise
vaporized	ize	vaporised
vaporizer	ize	vaporiser
vaporizers	ize	vaporisers
vaporizes	ize	vaporises
vaporizing	ize	vaporising
vapors	us	vapours
vaporware	us	vapourware
vapory	us	vapoury
vapour	gb	vapor
vapours	gb	vapors
vapourware	gb	vaporware
vapoury	gb	vapory
varicolored	us	varicoloured
varicoloured	gb	varicolored
verbalisation	gb	verbalization
verbalisation	ise	verbalization
verbalise	gb	verbalize
verbalise	ise	verbalize
verbalised	gb	verbalized
verbalised	ise	verbalized
verbalises	gb	verbalizes
verbalises	ise	verbalizes
verbalising	gb	verbalizing
verbalising	ise	verbalizing
verbalization	ize	verbalisation
verbalize	ize	verbalise
verbalized	ize	verbalised
verbalizes	ize	verbalises
verbalizing	ize	verbalising
victimisation	gb	victimization
victimisation	ise	victimization
victimise	gb	victimize
victimise	ise	victimize
victimised	gb	victimized
victimised	ise	victimized
victimises	gb	victimizes
victimises	ise	victimizes
victimising	gb	victimizing
victimising	ise	victimizing
victimization	ize	victimisation
victimize	ize	victimise
victimized	ize	victimised
victimizes	ize	victimises
victimizing	ize	victimising
victualed	us	victualled
victualing	us	victualling
victualled	gb	victualed
victualling	gb	victualing
vigor	us	vigour
vigour	gb	vigor
virtualisation	gb	virtualization
virtualization	us	virtualisation
visualisation	gb	visualization
visualisation	ise	visualization
visualisations	gb	visualizations
visualisations	ise	visualizations
visualise	gb	visualize
visualise	ise	visualize
visualised	gb	visualized
visualised	ise	visualized
visualiser	gb	visualizer
visualiser	ise	visualizer
visualisers	gb	visualizers
visualisers	ise	visualizers
visualises	gb	visualizes
visualises	ise	visualizes
visualising	gb	visualizing
visualising	ise	visualizing
visualization	ize	visualisation
visualizations	ize	visualisations
visualize	ize	visualise
visualized	ize	visualised
visualizer	ize	visualiser
visualizers	ize	visualisers
visualizes	ize	visualises
visualizing	ize	visualising
vitalisation	gb	vitalization
vitalisation	ise	vitalization
vitalise	gb	vitalize
vitalise	ise	vitalize
vitalised	gb	vitalized
vitalised	ise	vitalized
vitalises	gb	vitalizes
vitalises	ise	vitalizes
vitalising	gb	vitalizing
vitalising	ise	vitalizing
vitalization	ize	vitalisation
vitalize	ize	vitalise
vitalized	ize	vitalised
vitalizes	ize	vitalises
vitalizing	ize	vitalising
vocalisation	gb	vocalization
vocalisation	ise	vocalization
vocalisations	gb	vocalizations
vocalisations	ise	vocalizations
vocalise	gb	vocalize
vocalise	ise	vocalize
vocalised	gb	vocalized
vocalised	ise	vocalized
vocalises	gb	vocalizes
vocalises	ise	vocalizes
vocalising	gb	vocalizing
vocalising	ise	vocalizing
vocalization	ize	vocalisation
vocalizations	ize	vocalisations
vocalize	ize	vocalise
vocalized	ize	vocalised
vocalizes	ize	vocalises
vocalizing	ize	vocalising
volatilise	gb	volatilize
volatilise	ise	volatilize
volatilised	gb	volatilized
volatilised	ise	volatilized
volatilises	gb	volatilizes
volatilises	ise	volatilizes
volatilising	gb	volatilizing
volatilising	ise	volatilizing
volatilize	ize	volatilise
volatilized	ize	volatilised
volatilizes	ize	volatilises
volatilizing	ize	volatilising
vulcanisation	gb	vulcanization
vulcanisation	ise	vulcanization
vulcanise	gb	vulcanize
vulcanise	ise	vulcanize
vulcanised	gb	vulcanized
vulcanised	ise	vulcanized
vulcanises	gb	vulcanizes
vulcanises	ise	vulcanizes
vulcanising	gb	vulcanizing
vulcanising	ise	vulcanizing
vulcanization	ize	vulcanisation
vulcanize	ize	vulcanise
vulcanized	ize	vulcanised
vulcanizes	ize	vulcanises
vulcanizing	ize	vulcanising
vulgarisation	gb	vulgarization
vulgarisation	ise	vulgarization
vulgarise	gb	vulgarize
vulgarise	ise	vulgarize
vulgarised	gb	vulgarized
vulgarised	ise	vulgarized
vulgariser	gb	vulgarizer
vulgariser	ise	vulgarizer
vulgarisers	gb	vulgarizers
vulgarisers	ise	vulgarizers
vulgarises	gb	vulgarizes
vulgarises	ise	vulgarizes
vulgarising	gb	vulgarizing
vulgarising	ise	vulgarizing
vulgarization	ize	vulgarisation
vulgarize	ize	vulgarise
vulgarized	ize	vulgarised
vulgarizer	ize	vulgariser
vulgarizers	ize	vulgarisers
vulgarizes	ize	vulgarises
vulgarizing	ize	vulgarising
waked	us	woke
watercolor	us	watercolour
watercolors	us	watercolours
watercolour	gb	watercolor
watercolours	gb	watercolors
weaponisation	gb	weaponization
weaponisation	ise	weaponization
weaponise	gb	weaponize
weaponise	ise	weaponize
weaponised	gb	weaponized
weaponised	ise	weaponized
weaponises	gb	weaponizes
weaponises	ise	weaponizes
weaponising	gb	weaponizing
weaponising	ise	weaponizing
weaponization	ize	weaponisation
weaponize	ize	weaponise
weaponized	ize	weaponised
weaponizes	ize	weaponises
weaponizing	ize	weaponising
weaseled	us	weaselled
weaseling	us	weaselling
weaselled	gb	weaseled
weaselling	gb	weaseling
weatherise	gb	weatherize
weatherise	ise	weatherize
weatherised	gb	weatherized
weatherised	ise	weatherized
weatherises	gb	weatherizes
weatherises	ise	weatherizes
weatherising	gb	weatherizing
weatherising	ise	weatherizing
weatherize	ize	weatherise
weatherized	ize	weatherised
weatherizes	ize	weatherises
weatherizing	ize	weatherising
westernisation	gb	westernization
westernisation	ise	westernization
westernise	gb	westernize
westernise	ise	westernize
westernised	gb	westernized
westernised	ise	westernized
westernises	gb	westernizes
westernises	ise	westernizes
westernising	gb	westernizing
westernising	ise	westernizing
westernization	ize	westernisation
westernize	ize	westernise
westernized	ize	westernised
westernizes	ize	westernises
westernizing	ize	westernising
whir	us	whirr
whirr	gb	whir
whirrs	gb	whirs
whirs	us	whirrs
whiskies	gb	whiskeys
whisky	gb	whiskey
whiz	us	whizz
whizz	gb	whiz
wilful	gb	willful
wilfully	gb	willfully
wilfulness	gb	willfulness
willful	us	wilful
willfully	us	wilfully
willfulness	us	wilfulness
winterise	gb	winterize
winterise	ise	winterize
winterised	gb	winterized
winterised	ise	winterized
winterises	gb	winterizes
winterises	ise	winterizes
winterising	gb	winterizing
winterising	ise	winterizing
winterize	ize	winterise
winterized	ize	winterised
winterizes	ize	winterises
winterizing	ize	winterising
womanise	gb	womanize
womanise	ise	womanize
womanised	gb	womanized
womanised	ise	womanized
womaniser	gb	womanizer
womaniser	ise	womanizer
womanisers	gb	womanizers
womanisers	ise	womanizers
womanises	gb	womanizes
womanises	ise	womanizes
womanising	gb	womanizing
womanising	ise	womanizing
womanize	ize	womanise
womanized	ize	womanised
womanizer	ize	womaniser
womanizers	ize	womanisers
womanizes	ize	womanises
womanizing	ize	womanising
woolen	us	woollen
woolens	us	woollens
woollen	gb	woolen
woollens	gb	woolens
worshiped	us	worshipped
worshiper	us	worshipper
worshipers	us	worshippers
worshiping	us	worshipping
worshipped	gb	worshiped
worshipper	gb	worshiper
worshippers	gb	worshipers
worshipping	gb	worshiping
yodeled	us	yodelled
yodeler	us	yodeller
yodelers	us	yodellers
yodeling	us	yodelling
yodelled	gb	yodeled
yodeller	gb	yodeler
yodellers	gb	yodelers
yodelling	gb	yodeling
yoghurt	gb	yogurt
yoghurts	gb	yogurts
yogurt	us	yoghurt
yogurts	us	yoghurts
