1.786830	le:aj_-_i-an-nmd_le
-0.973206	le:aj_-_i-color_le
-0.913896	le:aj_-_i-crd-gen_le
0.422570	le:aj_-_i-crd-one_le
-0.902089	le:aj_-_i-crd-two_le
0.800454	le:aj_-_i-er_le
0.825250	le:aj_-_i-many-spr_le
-0.825250	le:aj_-_i-many_le
-0.096412	le:aj_-_i-much-spr_le
3.698865	le:aj_-_i-ndpt_le
-0.826249	le:aj_-_i-one-nmd_le
2.131562	le:aj_-_i-one_le
-0.913896	le:aj_-_i-ord-gen_le
-0.913488	le:aj_-_i-ord-one_le
0.900091	le:aj_-_i-prd-ndpt_le
-0.977611	le:aj_-_i-rom-one_le
-0.207675	le:aj_-_i-rom-pl_le
-0.974932	le:aj_-_i-spn-att_le
-1.685786	le:aj_-_i-unk_le
-1.776431	le:aj_-_i_le
-0.273342	le:aj_cp_i-fin_le
0.734696	le:aj_cp_i-it-c_le
-0.782834	le:aj_cp_i-it_le
-1.701680	le:aj_cp_i_le
0.975795	le:aj_pp-vp_i-it-nt_le
0.767620	le:aj_pp-vp_i-it_le
0.868937	le:aj_pp_i-cmp_le
0.260400	le:aj_pp_i-er_le
-0.069346	le:aj_pp_i-more_le
1.193460	le:aj_pp_i-obl_le
1.453542	le:aj_pp_i_le
0.078247	le:aj_vp_i-seq_le
0.332561	le:av_-_dg-any_le
0.897729	le:av_-_dg-cmp-more_le
-0.103906	le:av_-_dg-cmp-so_le
-1.150454	le:av_-_dg-det_le
-0.848955	le:av_-_dg-jo_le
-2.451953	le:av_-_dg-jomv_le
0.997866	le:av_-_dg-m_le
0.724932	le:av_-_dg-notj_le
-0.766440	le:av_-_dg-pp_le
-0.791553	le:av_-_dg-tt_le
1.870981	le:av_-_dg-v-wh_le
0.074841	le:av_-_dg-v_le
-0.994005	le:av_-_i-ap-pp-po_le
1.685786	le:av_-_i-unk_le
-0.868937	le:av_-_i-vp-cmp_le
0.096412	le:av_-_i-vp-only_le
-0.897729	le:av_-_i-vp-po-cmp_le
0.919391	le:av_-_i-vp-po-nmb_le
0.990054	le:av_-_i-vp-po-nvm_le
0.124205	le:av_-_i-vp-po_le
-0.917893	le:av_-_i-vp-pr_le
-0.997866	le:av_-_i-vp-x-spr_le
-1.836285	le:av_-_i-vp-x_le
1.978565	le:av_-_i-vp_le
-0.955041	le:av_-_pr-herself_le
-1.004541	le:av_-_pr-himself_le
-0.208992	le:av_-_pr-myself_le
-0.958401	le:av_-_pr-thmslvs_le
1.237557	le:av_-_s-cp-mc-pr_le
1.702452	le:av_-_s-cp-nsp-po_le
0.906540	le:av_-_s-cp-nsp-pr_le
0.019391	le:av_-_s-cp-pr-inv-ell_le
-0.003996	le:av_-_s-cp-pr_le
0.136649	le:av_-_s-not-prdp_le
1.809537	le:av_-_s-not_le
0.994005	le:av_-_s-vp-only_le
0.992779	le:av_-_s-vp-x_le
-0.900999	le:av_-_s-vp_le
0.945095	le:av_pp_dg-as_le
0.993915	le:av_pp_dg-more_le
2.465804	le:c_xp_both-mrk_le
0.947548	le:c_xp_either-mrk_le
0.922480	le:c_xp_neither-mrk_le
-0.937738	le:cm_-_to_le
1.778474	le:cm_np-vp_for_le
-0.162125	le:cm_np-vp_if-ic_le
1.798774	le:cm_np-vp_that_le
0.438420	le:cm_np-vp_wh_le
0.969437	le:cm_vp_from_le
2.787103	le:cm_vp_to_le
0.938874	le:cm_vp_wh_le
-0.669664	le:d_-_freerel_le
-0.923252	le:d_-_idf-cnj-an_le
0.900999	le:d_-_no_le
0.865895	le:d_-_poss-her_le
0.941099	le:d_-_poss-his_le
0.901272	le:d_-_poss-my_le
-0.938601	le:d_-_poss-na_le
1.137738	le:d_-_poss-their_le
-2.465804	le:d_-_prt-pl-both_le
-1.774614	le:d_-_prt-plm_le
-1.866939	le:d_-_prt-sg_le
-0.500454	le:d_-_prt-unsp_le
0.102225	le:d_-_sg-nmd-an_le
2.518347	le:d_-_sg-nmd_le
-1.727975	le:d_-_sgm_le
-0.428747	le:d_-_wh_le
-2.600772	le:n_-_ad-acc_le
-1.849955	le:n_-_ad-br_le
-0.900999	le:n_-_ad-gr-nm_le
-1.658674	le:n_-_ad-loc_le
-0.958265	le:n_-_ad-time-acc_le
1.463124	le:n_-_ad-time-once_le
-0.724932	le:n_-_ad-time-twice_le
2.812307	le:n_-_ad-time_le
0.995958	le:n_-_ad-wh-pl_le
0.814532	le:n_-_ad-wh-tm_le
-2.703088	le:n_-_c-br-idm_le
0.994187	le:n_-_c-brj-idm_le
-0.900954	le:n_-_c-dpt-df-sg_le
0.900954	le:n_-_c-dpt_le
-1.727884	le:n_-_c-ed_le
0.606767	le:n_-_c-gr_le
-0.859628	le:n_-_c-meas-abb_le
-0.900772	le:n_-_c-meas-nb_le
-1.779155	le:n_-_c-meas_le
1.819573	le:n_-_c-nocnh-cap_le
-0.006540	le:n_-_c-nocnh_le
2.641780	le:n_-_c-ns_le
-0.112262	le:n_-_c-ntc_le
-2.962897	le:n_-_c-pl-def_le
0.852816	le:n_-_c-pl-idm_le
-0.207675	le:n_-_c-pl-unk_le
-1.830926	le:n_-_c-pl_le
-0.924886	le:n_-_c-sg-nocnh_le
1.819709	le:n_-_c-sg_le
0.304450	le:n_-_c-time_le
1.669664	le:n_-_c_le
2.357039	le:n_-_cl-poss_le
-1.948501	le:n_-_gq_le
-0.939282	le:n_-_m-nocnh-mod_le
-0.772162	le:n_-_m-nocnh_le
0.639873	le:n_-_m-time_le
0.045186	le:n_-_m_le
-0.694959	le:n_-_mc-ns_le
-0.912443	le:n_-_mc-prt_le
-6.667530	le:n_-_mc-unk_le
-0.533697	le:n_-_mc_le
-0.959946	le:n_-_pn-abb_le
0.788828	le:n_-_pn-cap_le
-1.827520	le:n_-_pn-dom-card_le
0.913896	le:n_-_pn-dom-o-gen_le
-2.708901	le:n_-_pn-gen_le
0.175477	le:n_-_pn-hour_le
-0.865895	le:n_-_pn-mealtm_le
-0.721662	le:n_-_pn-nonom_le
-0.807675	le:n_-_pn-sg_le
0.913896	le:n_-_pn-yoc-gen_le
-2.733969	le:n_-_pn_le
-0.672025	le:n_-_pr-dei-sg_le
-0.900727	le:n_-_pr-fr-ever_le
-0.543915	le:n_-_pr-fr-wh_le
-0.347866	le:n_-_pr-fr_le
0.999591	le:n_-_pr-he_le
-0.340463	le:n_-_pr-her_le
0.955041	le:n_-_pr-herself_le
1.004541	le:n_-_pr-himself_le
-0.941099	le:n_-_pr-his_le
1.699273	le:n_-_pr-i_le
1.807766	le:n_-_pr-it-x_le
1.615304	le:n_-_pr-it_le
-0.195686	le:n_-_pr-me_le
0.997775	le:n_-_pr-mine_le
0.208992	le:n_-_pr-myself_le
-0.059991	le:n_-_pr-na_le
0.004087	le:n_-_pr-rel-acc_le
1.207584	le:n_-_pr-rel-nwh_le
0.500454	le:n_-_pr-rel-what_le
1.341735	le:n_-_pr-rel-who_le
0.943143	le:n_-_pr-she_le
0.958401	le:n_-_pr-themslves_le
3.457493	le:n_-_pr-there-x_le
0.059991	le:n_-_pr-they_le
0.929337	le:n_-_pr-we_le
-0.004087	le:n_-_pr-wh-acc_le
3.086467	le:n_-_pr-wh_le
1.056676	le:n_-_pr-who_le
0.977702	le:n_-_pr-you_le
0.992552	le:n_-_pr_le
0.414033	le:n_-_tt-post_le
-2.363034	le:n_cp_mc-optc_le
-0.977702	le:n_nb_pr-you_le
-0.993233	le:n_nb_x-for-y_le
-0.907221	le:n_nb_x-to-y_le
0.914351	le:n_np_mc-indef_le
-4.088238	le:n_pp_ad-dir_le
-0.187511	le:n_pp_c-dir_le
0.815259	le:n_pp_c-ns-of_le
1.495322	le:n_pp_c-nt-of_le
0.886966	le:n_pp_c-obl_le
0.966303	le:n_pp_c-of-brn_le
-0.550272	le:n_pp_c-of-lhc_le
0.920890	le:n_pp_c-of-obl_le
-1.665849	le:n_pp_c-of_le
-0.966985	le:n_pp_c-pl-sg_le
-1.676294	le:n_pp_c-pl_le
0.400817	le:n_pp_c-plc-of_le
-0.891508	le:n_pp_c_le
0.963624	le:n_pp_m_le
0.912443	le:n_pp_mc-a-of_le
1.049319	le:n_pp_mc-of-ns_le
0.084242	le:n_pp_mc-of_le
-2.131698	le:n_vp_c-it_le
3.315168	le:n_vp_c_le
2.512579	le:n_vp_mc_le
0.452180	le:n_vpslnp_c_le
-0.825250	le:p_cp_gap-s_le
-2.634423	le:p_cp_i-nmod_le
-0.843551	le:p_cp_i_le
-1.448501	le:p_cp_inv-ell_le
1.050545	le:p_cp_ptcl-ell_le
-0.548865	le:p_cp_ptcl-npgap_le
-0.078429	le:p_cp_ptcl-ppgap_le
-0.038828	le:p_cp_s-cln_le
-2.006312	le:p_cp_s-for_le
-0.793506	le:p_cp_s-ncop_le
0.198501	le:p_cp_s-notop_le
0.910854	le:p_cp_s-unsp_le
1.993233	le:p_cp_s_le
-0.902089	le:p_nb-pp_i-frm-to_le
-0.965804	le:p_nb_i-nm-an_le
-0.965895	le:p_nb_i-nm-any_le
0.788874	le:p_nb_i-nm_le
-0.902089	le:p_nb_i-nmd-to_le
0.966303	le:p_nb_i-nmd_le
-2.404450	le:p_nb_i_le
-0.002407	le:p_np-np_s-ncop_le
0.902089	le:p_np-pp_i-frm-to_le
-0.924569	le:p_np-pp_i-more-than_le
-1.839691	le:p_np_i-dgsp_le
-1.959491	le:p_np_i-nm-no-tm-to_le
1.175023	le:p_np_i-nm-poss_le
-3.343778	le:p_np_i-nnm-nprd_le
0.843551	le:p_np_i-nnm-npro_le
-0.466848	le:p_np_i-nnm_le
-0.781562	le:p_np_i-nomnp_le
0.912534	le:p_np_i-nsp-ngap_le
-1.679519	le:p_np_i-prd-a_le
1.678974	le:p_np_i-reg_le
5.328565	le:p_np_i-tmp_le
-0.582925	le:p_np_i_le
1.442144	le:p_np_ptcl-ngap_le
1.202452	le:p_np_ptcl-of_le
3.593688	le:p_np_ptcl-ref_le
2.633833	le:p_np_ptcl_le
-0.932698	le:p_np_s_le
-1.700363	le:p_pp_i-coprd-lx_le
-0.964759	le:p_pp_i-coprd_le
-0.938874	le:p_pp_i_le
-0.920300	le:p_prd_ptcl-ngap_le
2.700363	le:p_prd_ptcl_le
-0.943688	le:p_prd_s-v-p_le
-0.995958	le:p_prd_s_le
0.917711	le:p_vp_bse_le
0.038828	le:pp_-_i-cln_le
-0.026067	le:pp_-_i-dir-nomodn_le
-1.223206	le:pp_-_i-nm_le
-0.500272	le:pp_-_i-nmb_le
-2.655041	le:pp_-_i-nomodn_le
0.185195	le:pp_-_i-rel-that_le
0.361989	le:pp_-_i-vm_le
-0.642779	le:pp_-_i-wh_le
1.366122	le:pp_-_i_le
1.658674	le:pp_-_ptcl_le
-1.399364	le:pt_-_comma-informal_le
1.399364	le:pt_-_comma_le
0.907221	le:pt_-_hyphn-rgt_le
0.907675	le:pt_-_qmark_le
0.708447	le:v_-_it_le
1.650590	le:v_-_le
1.172480	le:v_-_unacc_le
-0.019028	le:v_adv_le
-1.738738	le:v_ap_seq_le
-0.419936	le:v_cp_been_le
0.551726	le:v_cp_fin-inf-q-mob_le
-0.959401	le:v_cp_fin-inf-q_le
2.443778	le:v_cp_inf-only_le
-0.807084	le:v_cp_is-cx_le
-1.665622	le:v_cp_is_le
-0.459401	le:v_cp_it-s_le
-1.933015	le:v_cp_le
1.743733	le:v_cp_prop_le
-0.863624	le:v_cp_sbjnct_le
-1.859310	le:v_cp_was_le
-0.977748	le:v_it-pp-cp_le
1.680018	le:v_it-pp-vp_oeq_le
1.000863	le:v_nb_idm_le
-0.984832	le:v_nb_le
0.902316	le:v_np*-np-vp_it-s_le
-1.763079	le:v_np*-np_le
-0.872025	le:v_np*-pp*_to_le
-0.884877	le:v_np*-pp_e_le
-2.458084	le:v_np*_bse-unk_le
1.241235	le:v_np*_le
-0.807675	le:v_np*_pr-3s-unk_le
-1.501998	le:v_np-ap_oeq_le
0.164260	le:v_np-cp_fin-inf_le
-0.510445	le:v_np-cp_it-s_le
-0.778020	le:v_np-cp_prop_le
-0.800136	le:v_np-nb_le
-2.578065	le:v_np-np*_le
0.409900	le:v_np-np_le
-3.866122	le:v_np-np_only_le
0.836194	le:v_np-pp_e-idm_le
-0.968665	le:v_np-pp_e_le
0.934423	le:v_np-pp_oeq-as_le
-1.604450	le:v_np-pp_prop_le
1.765940	le:v_np-pp_seq-as_le
0.590282	le:v_np-pp_to_le
-2.609128	le:v_np-prd_oeq-ntr_le
-1.387602	le:v_np-prd_oeq_le
0.290509	le:v_np-prd_sor_le
-0.949682	le:v_np-rc_is-scop_le
0.865032	le:v_np-rc_was_le
1.681381	le:v_np-vp_aeq-ntr_le
-0.080245	le:v_np-vp_aeq-psv_le
-0.962080	le:v_np-vp_bse_le
-0.958401	le:v_np-vp_oeq-bse_le
0.969437	le:v_np-vp_oeq-from_le
0.262943	le:v_np-vp_oeq-psv_le
-4.374160	le:v_np-vp_oeq_le
0.291417	le:v_np-vp_sor-ntr_le
2.565713	le:v_np-vp_sor_le
0.640554	le:v_np-vpslnp_oeq_le
0.507629	le:v_np-xp_be_le
0.789600	le:v_np-xp_is-cx_le
-0.099955	le:v_np_are_le
-0.205722	le:v_np_be_le
0.095005	le:v_np_been_le
-0.976022	le:v_np_idm_le
-0.681017	le:v_np_is-cx_le
0.799228	le:v_np_is_le
-0.708447	le:v_np_it_le
0.557584	le:v_np_le
-1.669210	le:v_np_locinv-be_le
0.536331	le:v_np_locinv-is_le
-1.227566	le:v_np_noger_le
-1.149001	le:v_np_ntr_le
1.263760	le:v_np_poss_le
-0.901272	le:v_np_salut_le
-1.535286	le:v_np_thr-s_le
-0.919391	le:v_np_was-n_le
0.871571	le:v_np_was_le
-2.285104	le:v_p-np_le
0.987920	le:v_p-pp_e_le
0.852498	le:v_p-vp_ssr_le
0.955904	le:v_p_le
-0.907675	le:v_pp*-cp_fin-imp_le
0.150272	le:v_pp*-cp_inf_le
0.601680	le:v_pp*-cp_le
0.887557	le:v_pp*-cp_unsp_le
2.731562	le:v_pp*-pp*_le
-3.455631	le:v_pp*-vp_oeq_le
0.398547	le:v_pp*_dir_le
-0.900863	le:v_pp*_le
0.997729	le:v_pp-vp_oeq_le
-1.790054	le:v_pp_arg_le
1.651862	le:v_pp_dir_le
2.735332	le:v_pp_e_le
0.205540	le:v_pp_unacc_le
0.099955	le:v_prd_are_le
1.367302	le:v_prd_be_le
0.324932	le:v_prd_been_le
0.189646	le:v_prd_is-cx_le
1.144641	le:v_prd_is_le
-0.938102	le:v_prd_seq-va_le
-0.867847	le:v_prd_seq_le
0.919391	le:v_prd_was-n_le
-0.720618	le:v_prd_was-sv_le
0.843324	le:v_prd_was_le
-0.607084	le:v_sc_is-cx_le
-0.114896	le:v_sc_is_le
1.732698	le:v_vp_did_le
3.705313	le:v_vp_does_le
0.749909	le:v_vp_had-sv_le
1.016757	le:v_vp_had_le
-0.189646	le:v_vp_has-cx_le
0.995913	le:v_vp_have-bse_le
-0.900999	le:v_vp_have-f_le
0.802452	le:v_vp_mdl-n-pst_le
-0.802452	le:v_vp_mdl-n_le
-0.746322	le:v_vp_mdl-p-inv_le
0.272570	le:v_vp_mdl-p-pst_le
-0.272570	le:v_vp_mdl-p-unsp_le
0.990145	le:v_vp_qsmd_le
0.958401	le:v_vp_seq-bse_le
3.367484	le:v_vp_seq-prp_le
1.075295	le:v_vp_seq_le
0.746322	le:v_vp_ssr-n3sg-r_le
-0.980836	le:v_vp_ssr-nimp_le
2.421980	le:v_vp_ssr-prp_le
0.852679	le:v_vp_ssr_le
0.792779	le:v_vp_will-p_le
-0.795731	le:x_-_not-cp_le
0.418302	le:x_-_wh-cp_le
-1.479382	le:x_-_who-cp_le
-0.727021	le^:aj-hd_int-inv_c>pp_-_i-dir-nomodn_le
-0.812579	le^:aj-hd_int_c>aj_-_i-crd-one_le
-0.681562	le^:aj-hd_int_c>aj_-_i-one-nmd_le
0.289419	le^:aj-hd_int_c>av_-_i-unk_le
-0.917893	le^:aj-hd_int_c>av_-_i-vp-pr_le
0.445413	le^:aj-hd_int_c>av_-_i-vp-x_le
0.887829	le^:aj-hd_int_c>av_-_i-vp_le
-0.958401	le^:aj-hd_int_c>av_-_pr-thmslvs_le
0.954768	le^:aj-hd_scp-xp_c>aj_-_i-many_le
0.919482	le^:aj-hd_scp-xp_c>av_-_s-cp-pr-inv-ell_le
0.136649	le^:aj-hd_scp-xp_c>av_-_s-not-prdp_le
-0.647775	le^:aj-hd_scp-xp_c>av_-_s-not_le
2.138510	le^:aj-hd_scp-xp_c>av_-_s-vp-x_le
-0.332561	le^:aj-hd_scp_c>av_-_s-cp-mc-pr_le
-0.003996	le^:aj-hd_scp_c>av_-_s-cp-pr_le
-0.913488	le^:aj-hdn_adjn_c>aj_-_i-ord-one_le
-0.099955	le^:aj-hdn_norm_c>aj_-_i-crd-one_le
-1.894460	le^:aj-hdn_norm_c>aj_-_i-er_le
-0.016167	le^:aj-hdn_norm_c>aj_-_i-many_le
1.824160	le^:aj-hdn_norm_c>aj_-_i-ndpt_le
2.326158	le^:aj-hdn_norm_c>aj_-_i-svrl_le
-0.368847	le^:aj-hdn_norm_c>aj_-_i_le
0.924569	le^:aj-hdn_norm_c>aj_pp_i-more_le
-0.959900	le^:aj-hdn_norm_c>n_-_c-pl_le
-1.953860	le^:det_prt-nocmp_dlr>d_-_prt-plm_le
-0.919391	le^:det_prt-nocmp_dlr>d_-_prt-sg_le
-0.500454	le^:det_prt-nocmp_dlr>d_-_prt-unsp_le
-0.841553	le^:flr-hd_nwh-nc_c>pp_-_i_le
0.185195	le^:flr-hd_rel-fin-pp_c>pp_-_i-rel-that_le
-0.626431	le^:flr-hd_rel-fin_c>n_-_pr-rel-acc_le
1.207584	le^:flr-hd_rel-fin_c>n_-_pr-rel-nwh_le
0.500454	le^:flr-hd_rel-fin_c>n_-_pr-rel-what_le
1.341735	le^:flr-hd_rel-fin_c>n_-_pr-rel-who_le
-0.943233	le^:flr-hd_wh-mc_c>pp_-_i-wh_le
0.300454	le^:flr-hd_wh-nmc-inf_c>pp_-_i-wh_le
0.873797	le^:hd-aj_int-unsl_c>aj_-_i_le
-0.897729	le^:hd-aj_int-unsl_c>av_-_i-vp-po-cmp_le
1.427611	le^:hd-aj_int-unsl_c>av_-_i-vp-po_le
0.979473	le^:hd-aj_int-unsl_c>av_-_i-vp_le
-0.955041	le^:hd-aj_int-unsl_c>av_-_pr-herself_le
-0.934332	le^:hd-aj_int-unsl_c>av_-_pr-himself_le
-0.864078	le^:hd-aj_int-unsl_c>av_-_pr-myself_le
-0.900954	le^:hd-aj_int-unsl_c>pp_-_i-dir-nomodn_le
-0.500272	le^:hd-aj_int-unsl_c>pp_-_i-nmb_le
-0.998819	le^:hd-aj_int-unsl_c>pp_-_i-nomodn_le
1.612489	le^:hd-aj_int-unsl_c>pp_-_i_le
1.632062	le^:hd-aj_scp_c>aj_-_i_le
-0.993915	le^:hd-aj_vmod_c>aj_pp_i-more_le
-1.283333	le^:hd-aj_vmod_c>av_-_i-unk_le
-0.868937	le^:hd-aj_vmod_c>av_-_i-vp-cmp_le
-2.568392	le^:hd-aj_vmod_c>av_-_i-vp-po_le
-0.900636	le^:hd-aj_vmod_c>v_cp_was_le
-0.958265	le^:hd-aj_vmod_c>v_prd_was_le
-0.900999	le^:hd-aj_vmod_c>v_vp_will-p_le
-0.543915	le^:hd-cl_fr-rel_c>n_-_pr-fr-wh_le
-0.347866	le^:hd-cl_fr-rel_c>n_-_pr-fr_le
-0.886649	le^:hd-cmp_2_c>aj_-_i-er_le
-0.563351	le^:hd-cmp_2_c>aj_-_i_le
-0.687148	le^:hd-cmp_2_c>pp_-_i_le
0.786149	le^:hd-cmp_u_c>aj_-_i-er_le
-2.471753	le^:hd-cmp_u_c>aj_-_i_le
-0.273342	le^:hd-cmp_u_c>aj_cp_i-fin_le
0.734696	le^:hd-cmp_u_c>aj_cp_i-it-c_le
0.461399	le^:hd-cmp_u_c>aj_cp_i-it_le
-0.900681	le^:hd-cmp_u_c>aj_cp_i_le
0.975795	le^:hd-cmp_u_c>aj_pp-vp_i-it-nt_le
0.275522	le^:hd-cmp_u_c>aj_pp-vp_i-it_le
-0.653996	le^:hd-cmp_u_c>aj_pp_i-er_le
1.193460	le^:hd-cmp_u_c>aj_pp_i-obl_le
0.078247	le^:hd-cmp_u_c>aj_vp_i-seq_le
-0.997866	le^:hd-cmp_u_c>av_-_i-vp-x-spr_le
-2.281698	le^:hd-cmp_u_c>av_-_i-vp-x_le
2.457312	le^:hd-cmp_u_c>av_-_s-not_le
-1.145731	le^:hd-cmp_u_c>av_-_s-vp-x_le
1.778474	le^:hd-cmp_u_c>cm_np-vp_for_le
-0.162125	le^:hd-cmp_u_c>cm_np-vp_if-ic_le
1.798774	le^:hd-cmp_u_c>cm_np-vp_that_le
0.438420	le^:hd-cmp_u_c>cm_np-vp_wh_le
0.969437	le^:hd-cmp_u_c>cm_vp_from_le
2.787103	le^:hd-cmp_u_c>cm_vp_to_le
0.938874	le^:hd-cmp_u_c>cm_vp_wh_le
-0.669664	le^:hd-cmp_u_c>d_-_freerel_le
0.702271	le^:hd-cmp_u_c>n_-_pr-it-x_le
0.630518	le^:hd-cmp_u_c>n_-_pr-rel-acc_le
0.991916	le^:hd-cmp_u_c>n_-_pr-there-x_le
-0.930745	le^:hd-cmp_u_c>n_-_pr_le
-0.977702	le^:hd-cmp_u_c>n_nb_pr-you_le
-0.993233	le^:hd-cmp_u_c>n_nb_x-for-y_le
-0.907221	le^:hd-cmp_u_c>n_nb_x-to-y_le
0.914351	le^:hd-cmp_u_c>n_np_mc-indef_le
-0.966985	le^:hd-cmp_u_c>n_pp_c-pl-sg_le
0.912443	le^:hd-cmp_u_c>n_pp_mc-a-of_le
-0.825250	le^:hd-cmp_u_c>p_cp_gap-s_le
-2.634423	le^:hd-cmp_u_c>p_cp_i-nmod_le
-0.843551	le^:hd-cmp_u_c>p_cp_i_le
-1.448501	le^:hd-cmp_u_c>p_cp_inv-ell_le
1.050545	le^:hd-cmp_u_c>p_cp_ptcl-ell_le
-0.548865	le^:hd-cmp_u_c>p_cp_ptcl-npgap_le
-0.078429	le^:hd-cmp_u_c>p_cp_ptcl-ppgap_le
-0.038828	le^:hd-cmp_u_c>p_cp_s-cln_le
-2.006312	le^:hd-cmp_u_c>p_cp_s-for_le
-0.793506	le^:hd-cmp_u_c>p_cp_s-ncop_le
0.198501	le^:hd-cmp_u_c>p_cp_s-notop_le
0.910854	le^:hd-cmp_u_c>p_cp_s-unsp_le
1.993233	le^:hd-cmp_u_c>p_cp_s_le
-0.902089	le^:hd-cmp_u_c>p_nb-pp_i-frm-to_le
-0.965804	le^:hd-cmp_u_c>p_nb_i-nm-an_le
-0.965895	le^:hd-cmp_u_c>p_nb_i-nm-any_le
0.788874	le^:hd-cmp_u_c>p_nb_i-nm_le
-0.902089	le^:hd-cmp_u_c>p_nb_i-nmd-to_le
0.966303	le^:hd-cmp_u_c>p_nb_i-nmd_le
-2.404450	le^:hd-cmp_u_c>p_nb_i_le
-0.002407	le^:hd-cmp_u_c>p_np-np_s-ncop_le
0.902089	le^:hd-cmp_u_c>p_np-pp_i-frm-to_le
-0.924569	le^:hd-cmp_u_c>p_np-pp_i-more-than_le
-1.839691	le^:hd-cmp_u_c>p_np_i-dgsp_le
-1.959491	le^:hd-cmp_u_c>p_np_i-nm-no-tm-to_le
1.175023	le^:hd-cmp_u_c>p_np_i-nm-poss_le
-3.343778	le^:hd-cmp_u_c>p_np_i-nnm-nprd_le
0.843551	le^:hd-cmp_u_c>p_np_i-nnm-npro_le
-0.604587	le^:hd-cmp_u_c>p_np_i-nnm_le
-0.781562	le^:hd-cmp_u_c>p_np_i-nomnp_le
0.912534	le^:hd-cmp_u_c>p_np_i-nsp-ngap_le
-1.679519	le^:hd-cmp_u_c>p_np_i-prd-a_le
0.919528	le^:hd-cmp_u_c>p_np_i-reg_le
5.328565	le^:hd-cmp_u_c>p_np_i-tmp_le
0.304042	le^:hd-cmp_u_c>p_np_i_le
1.442144	le^:hd-cmp_u_c>p_np_ptcl-ngap_le
1.202452	le^:hd-cmp_u_c>p_np_ptcl-of_le
3.593688	le^:hd-cmp_u_c>p_np_ptcl-ref_le
0.782289	le^:hd-cmp_u_c>p_np_ptcl_le
-0.932698	le^:hd-cmp_u_c>p_np_s_le
-1.700363	le^:hd-cmp_u_c>p_pp_i-coprd-lx_le
-0.964759	le^:hd-cmp_u_c>p_pp_i-coprd_le
-0.938874	le^:hd-cmp_u_c>p_pp_i_le
-0.920300	le^:hd-cmp_u_c>p_prd_ptcl-ngap_le
2.700363	le^:hd-cmp_u_c>p_prd_ptcl_le
-0.943688	le^:hd-cmp_u_c>p_prd_s-v-p_le
-0.995958	le^:hd-cmp_u_c>p_prd_s_le
0.917711	le^:hd-cmp_u_c>p_vp_bse_le
1.601907	le^:hd-cmp_u_c>pp_-_i-dir-nomodn_le
-0.800500	le^:hd-cmp_u_c>pp_-_i-vm_le
-0.900045	le^:hd-cmp_u_c>pp_-_i_le
1.658674	le^:hd-cmp_u_c>pp_-_ptcl_le
-0.419936	le^:hd-cmp_u_c>v_cp_been_le
-1.665622	le^:hd-cmp_u_c>v_cp_is_le
0.273297	le^:hd-cmp_u_c>v_np*_bse-unk_le
-0.949682	le^:hd-cmp_u_c>v_np-rc_is-scop_le
2.220981	le^:hd-cmp_u_c>v_np-rc_was_le
-0.408946	le^:hd-cmp_u_c>v_np-xp_be_le
-1.600817	le^:hd-cmp_u_c>v_np_am_le
-0.099955	le^:hd-cmp_u_c>v_np_are_le
0.695005	le^:hd-cmp_u_c>v_np_be_le
0.095005	le^:hd-cmp_u_c>v_np_been_le
3.140554	le^:hd-cmp_u_c>v_np_is_le
-1.669210	le^:hd-cmp_u_c>v_np_locinv-be_le
0.536331	le^:hd-cmp_u_c>v_np_locinv-is_le
-0.919391	le^:hd-cmp_u_c>v_np_was-n_le
0.415304	le^:hd-cmp_u_c>v_np_was_le
-0.619255	le^:hd-cmp_u_c>v_prd_are_le
3.727793	le^:hd-cmp_u_c>v_prd_be_le
1.899637	le^:hd-cmp_u_c>v_prd_been_le
2.312352	le^:hd-cmp_u_c>v_prd_is_le
-0.720618	le^:hd-cmp_u_c>v_prd_was-sv_le
0.824614	le^:hd-cmp_u_c>v_prd_was_le
-0.012897	le^:hd-cmp_u_c>v_prd_wre_le
-0.114896	le^:hd-cmp_u_c>v_sc_is_le
0.718756	le^:hd-cmp_u_c>v_vp_does-n_le
0.999364	le^:hd-cmp_u_c>v_vp_had-n_le
0.749909	le^:hd-cmp_u_c>v_vp_had-sv_le
1.016757	le^:hd-cmp_u_c>v_vp_had_le
0.586966	le^:hd-cmp_u_c>v_vp_has_le
1.954587	le^:hd-cmp_u_c>v_vp_have-bse_le
2.293551	le^:hd-cmp_u_c>v_vp_mdl-n-pst_le
0.888647	le^:hd-cmp_u_c>v_vp_mdl-n_le
-0.839192	le^:hd-cmp_u_c>v_vp_mdl-p-niv_le
0.627838	le^:hd-cmp_u_c>v_vp_mdl-p-pst_le
0.214668	le^:hd-cmp_u_c>v_vp_mdl-p-unsp_le
1.908084	le^:hd-cmp_u_c>v_vp_mdl-p_le
0.990145	le^:hd-cmp_u_c>v_vp_qsmd_le
1.693778	le^:hd-cmp_u_c>v_vp_will-p_le
-0.795731	le^:hd-cmp_u_c>x_-_not-cp_le
-0.300454	le^:hd-cmp_u_c>x_-_wh-cp_le
-1.479382	le^:hd-cmp_u_c>x_-_who-cp_le
-0.973206	le^:hd-pct_c>aj_-_i-color_le
-0.913896	le^:hd-pct_c>aj_-_i-crd-gen_le
-1.704178	le^:hd-pct_c>aj_-_i-crd-one_le
1.887602	le^:hd-pct_c>aj_-_i-er_le
1.874705	le^:hd-pct_c>aj_-_i-ndpt_le
2.131562	le^:hd-pct_c>aj_-_i-one_le
0.900091	le^:hd-pct_c>aj_-_i-prd-ndpt_le
-1.685786	le^:hd-pct_c>aj_-_i-unk_le
0.000999	le^:hd-pct_c>aj_-_i_le
-1.244233	le^:hd-pct_c>aj_cp_i-it_le
-0.800999	le^:hd-pct_c>aj_cp_i_le
-1.897866	le^:hd-pct_c>aj_pp_i-er_le
2.188238	le^:hd-pct_c>aj_pp_i_le
0.724932	le^:hd-pct_c>av_-_dg-notj_le
-0.994005	le^:hd-pct_c>av_-_i-ap-pp-po_le
1.685786	le^:hd-pct_c>av_-_i-unk_le
0.919391	le^:hd-pct_c>av_-_i-vp-po-nmb_le
0.990054	le^:hd-pct_c>av_-_i-vp-po-nvm_le
0.321753	le^:hd-pct_c>av_-_i-vp-po_le
-0.788828	le^:hd-pct_c>av_-_i-vp_le
-0.070209	le^:hd-pct_c>av_-_pr-himself_le
0.655086	le^:hd-pct_c>av_-_pr-myself_le
1.570663	le^:hd-pct_c>av_-_s-cp-mc-pr_le
-0.000454	le^:hd-pct_c>av_-_s-cp-nsp-po_le
-0.900091	le^:hd-pct_c>av_-_s-cp-pr-inv-ell_le
0.994005	le^:hd-pct_c>av_-_s-vp-only_le
-0.900999	le^:hd-pct_c>av_-_s-vp_le
-0.937738	le^:hd-pct_c>cm_-_to_le
0.000454	le^:hd-pct_c>n_-_ad-br_le
-0.724932	le^:hd-pct_c>n_-_ad-time-twice_le
-0.718756	le^:hd-pct_c>n_-_ad-wh-tm_le
-0.900954	le^:hd-pct_c>n_-_c-dpt-df-sg_le
-0.984832	le^:hd-pct_c>n_-_c-pl-def_le
-0.207675	le^:hd-pct_c>n_-_c-pl-unk_le
-0.753270	le^:hd-pct_c>n_-_c-pl_le
-1.788738	le^:hd-pct_c>n_-_gq_le
-0.865895	le^:hd-pct_c>n_-_pn-mealtm_le
0.070209	le^:hd-pct_c>n_-_pr-himself_le
-0.875522	le^:hd-pct_c>n_-_pr-it-x_le
1.676975	le^:hd-pct_c>n_-_pr-it_le
-0.655086	le^:hd-pct_c>n_-_pr-myself_le
0.939555	le^:hd-pct_c>n_-_pr-na_le
-0.939555	le^:hd-pct_c>n_-_pr-they_le
0.538329	le^:hd-pct_c>n_pp_ad-dir_le
0.937738	le^:hd-pct_c>p_np_i-nnm_le
1.662761	le^:hd-pct_c>p_np_i-reg_le
-0.886966	le^:hd-pct_c>p_np_i_le
1.716576	le^:hd-pct_c>p_np_ptcl_le
-1.162489	le^:hd-pct_c>pp_-_i-nm_le
-1.656222	le^:hd-pct_c>pp_-_i-nomodn_le
1.162489	le^:hd-pct_c>pp_-_i-vm_le
-0.836149	le^:hd-pct_c>pp_-_i_le
-1.399364	le^:hd-pct_c>pt_-_comma-informal_le
1.399364	le^:hd-pct_c>pt_-_comma_le
0.907675	le^:hd-pct_c>pt_-_qmark_le
-1.868756	le^:hd-pct_c>v_np*_bse-unk_le
-0.807675	le^:hd-pct_c>v_np*_pr-3s-unk_le
-0.900727	le^:hd-pct_c>v_np_be_le
-0.832652	le^:hd-pct_c>v_np_is_le
-0.920073	le^:hd-pct_c>v_prd_been_le
-0.801817	le^:hd-pct_c>v_prd_is_le
0.718756	le^:hd-pct_c>x_-_wh-cp_le
0.907221	le^:hd-pct_nobrk_c>aj_-_i-crd-one_le
1.702906	le^:hd-pct_nobrk_c>av_-_s-cp-nsp-po_le
-0.901453	le^:hd-pct_nobrk_c>n_-_ad-br_le
0.907221	le^:hd-pct_nobrk_c>pt_-_hyphn-rgt_le
0.611081	le^:hd_optcmp_c>aj_pp-vp_i-it_le
0.868937	le^:hd_optcmp_c>aj_pp_i-cmp_le
1.904450	le^:hd_optcmp_c>aj_pp_i-er_le
-0.734696	le^:hd_optcmp_c>aj_pp_i_le
-0.862625	le^:hd_optcmp_c>v_np*_bse-unk_le
-0.800000	le^:hd_xcmp_c>p_np_i-nnm_le
-0.903315	le^:hd_xcmp_c>p_np_i-reg_le
0.134968	le^:hd_xcmp_c>p_np_ptcl_le
-1.355949	le^:hd_xcmp_c>v_np-rc_was_le
-0.950363	le^:hd_xcmp_c>v_np_was_le
-0.943688	le^:hdn-aj_redrel_c>n_-_ad-gr-nm_le
2.444687	le^:hdn-aj_redrel_c>n_-_ad-time-once_le
-0.834332	le^:hdn-aj_redrel_c>n_-_pr-himself_le
-0.780245	le^:hdn-aj_redrel_c>n_-_pr-yourself_le
0.038828	le^:hdn-aj_redrel_c>pp_-_i-cln_le
-0.060718	le^:hdn-aj_redrel_c>pp_-_i-nm_le
3.018529	le^:hdn-aj_redrel_c>pp_-_i_le
-2.600772	le^:hdn_bnp-qnt_c>n_-_ad-acc_le
-0.948955	le^:hdn_bnp-qnt_c>n_-_ad-br_le
-0.900999	le^:hdn_bnp-qnt_c>n_-_ad-gr-nm_le
-1.658674	le^:hdn_bnp-qnt_c>n_-_ad-loc_le
-0.958265	le^:hdn_bnp-qnt_c>n_-_ad-time-acc_le
-0.981562	le^:hdn_bnp-qnt_c>n_-_ad-time-once_le
2.812307	le^:hdn_bnp-qnt_c>n_-_ad-time_le
-0.912443	le^:hdn_bnp-qnt_c>n_-_mc-prt_le
0.999591	le^:hdn_bnp-qnt_c>n_-_pr-he_le
-0.340463	le^:hdn_bnp-qnt_c>n_-_pr-her_le
0.955041	le^:hdn_bnp-qnt_c>n_-_pr-herself_le
1.768665	le^:hdn_bnp-qnt_c>n_-_pr-himself_le
-0.941099	le^:hdn_bnp-qnt_c>n_-_pr-his_le
1.699273	le^:hdn_bnp-qnt_c>n_-_pr-i_le
-0.061671	le^:hdn_bnp-qnt_c>n_-_pr-it_le
0.997775	le^:hdn_bnp-qnt_c>n_-_pr-mine_le
0.864078	le^:hdn_bnp-qnt_c>n_-_pr-myself_le
-0.999546	le^:hdn_bnp-qnt_c>n_-_pr-na_le
0.943143	le^:hdn_bnp-qnt_c>n_-_pr-she_le
0.958401	le^:hdn_bnp-qnt_c>n_-_pr-themslves_le
0.999546	le^:hdn_bnp-qnt_c>n_-_pr-they_le
0.929337	le^:hdn_bnp-qnt_c>n_-_pr-we_le
0.977702	le^:hdn_bnp-qnt_c>n_-_pr-you_le
0.780245	le^:hdn_bnp-qnt_c>n_-_pr-yourself_le
-0.906767	le^:hdn_nom-year_c>aj_-_i-crd-one_le
-0.211172	le^:hdn_np-num_c>aj_-_i-crd-one_le
-0.902089	le^:hdn_np-num_c>aj_-_i-crd-two_le
-0.977611	le^:hdn_np-num_c>aj_-_i-rom-one_le
-0.207675	le^:hdn_np-num_c>aj_-_i-rom-pl_le
0.995958	le^:hdn_optcmp_c>n_-_ad-wh-pl_le
1.533288	le^:hdn_optcmp_c>n_-_ad-wh-tm_le
-0.907221	le^:hdn_optcmp_c>n_-_pn-dom-card_le
-0.672025	le^:hdn_optcmp_c>n_-_pr-dei-sg_le
-0.004087	le^:hdn_optcmp_c>n_-_pr-wh-acc_le
2.285014	le^:hdn_optcmp_c>n_-_pr-wh_le
1.056676	le^:hdn_optcmp_c>n_-_pr-who_le
1.923297	le^:hdn_optcmp_c>n_-_pr_le
-4.626567	le^:hdn_optcmp_c>n_pp_ad-dir_le
1.140372	le^:hdn_optcmp_c>n_pp_c-dir_le
-1.239782	le^:hdn_optcmp_c>n_pp_c-of_le
-0.837557	le^:hdn_optcmp_c>n_pp_c-pl_le
-0.891508	le^:hdn_optcmp_c>n_pp_c_le
1.827248	le^:hdn_optcmp_c>n_pp_m_le
-0.941644	le^:j-j_crd-prd-t_c>aj_-_i_le
0.296140	le^:j_att_dlr>aj_pp_i-er_le
-0.974932	le^:j_frg_c>aj_-_i-spn-att_le
0.964305	le^:j_j-un_dlr>aj_-_i_le
0.611671	le^:j_j-un_dlr>aj_pp_i-er_le
-0.901726	le^:j_n-yofc_dlr>aj_-_i-crd-one_le
-0.118983	le^:j_tough_dlr>aj_pp-vp_i-it_le
-0.922480	le^:jpr-jpr_crd-t_c>aj_-_i_le
1.864124	le^:mrk-nh_atom_c>aj_-_i_le
2.465804	le^:mrk-nh_atom_c>c_xp_both-mrk_le
0.947548	le^:mrk-nh_atom_c>c_xp_either-mrk_le
0.922480	le^:mrk-nh_atom_c>c_xp_neither-mrk_le
0.789918	le^:mrk-nh_cl_c>c_xp_and_le
0.907811	le^:mrk-nh_evnt_c>aj_-_i-er_le
2.025976	le^:mrk-nh_evnt_c>c_xp_and_le
-2.984923	le^:mrk-nh_n_c>c_xp_and_le
-0.912125	le^:mrk-nh_n_c>c_xp_nor_le
0.169028	le^:mrk-nh_nom_c>c_xp_and_le
0.912125	le^:mrk-nh_nom_c>c_xp_nor_le
0.959900	le^:n-hdn_cpd-pl_c>n_-_c-pl_le
-0.792416	le^:n-hdn_cpd_c>n_-_c_le
-2.517212	le^:n-hdn_cpd_c>n_-_mc-unk_le
0.992280	le^:n-hdn_cpd_c>n_-_mc_le
-0.763806	le^:n-hdn_j-n-cpd_c>n_-_c_le
-0.964532	le^:n-j_j-cpd_c>aj_-_i_le
-0.964532	le^:n-j_j-cpd_c>n_-_pn_le
-0.984832	le^:n-n_crd-t_c>n_-_c-pl-def_le
-0.997366	le^:n-v_j-cpd_c>n_-_c-meas_le
-0.976612	le^:n-v_j-cpd_c>n_-_pn-msc_le
-0.952180	le^:n-v_j-cpd_c>n_-_pn_le
0.913896	le^:n_dom-ppof_dlr>n_-_pn-dom-o-gen_le
-0.694959	le^:n_ms-cnt_ilr>n_-_mc-ns_le
-2.927293	le^:n_ms-cnt_ilr>n_-_mc-unk_le
0.439873	le^:n_ms-cnt_ilr>n_-_mc_le
-0.991054	le^:n_ms-cnt_ilr>n_cp_mc-optc_le
0.548865	le^:n_ms-cnt_ilr>n_pp_mc-of-ns_le
0.084242	le^:n_ms-cnt_ilr>n_pp_mc-of_le
2.512579	le^:n_ms-cnt_ilr>n_vp_mc_le
-0.939282	le^:n_ms_ilr>n_-_m-nocnh-mod_le
-0.772162	le^:n_ms_ilr>n_-_m-nocnh_le
0.639873	le^:n_ms_ilr>n_-_m-time_le
0.045186	le^:n_ms_ilr>n_-_m_le
-0.863624	le^:n_ms_ilr>n_pp_m_le
-0.985286	le^:n_n-co-ni_dlr>n_-_c_le
-0.195686	le^:n_n-co-ni_dlr>n_-_pr-me_le
-0.806994	le^:n_n-ed_odlr>n_-_c-ed_le
0.589918	le^:n_n-hour_dlr>n_-_pn-hour_le
-0.859628	le^:n_pl-irreg-noaff_olr>n_-_c-meas-abb_le
-0.893824	le^:n_pl-irreg-noaff_olr>n_-_c-meas_le
1.849273	le^:n_pl-irreg-noaff_olr>n_-_c_le
-0.838738	le^:n_pl-irreg-noaff_olr>n_pp_c-pl_le
-0.920890	le^:n_pl_olr>n_-_c-ed_le
-0.900772	le^:n_pl_olr>n_-_c-meas-nb_le
0.731108	le^:n_pl_olr>n_-_c-ns_le
-0.789918	le^:n_pl_olr>n_-_c-ntc_le
0.852816	le^:n_pl_olr>n_-_c-pl-idm_le
0.944323	le^:n_pl_olr>n_-_c-time_le
0.429519	le^:n_pl_olr>n_-_c_le
-1.128292	le^:n_pl_olr>n_-_mc_le
-1.791916	le^:n_pl_olr>n_-_pn_le
-1.371980	le^:n_pl_olr>n_cp_mc-optc_le
0.814578	le^:n_pl_olr>n_pp_c-ns-of_le
0.886966	le^:n_pl_olr>n_pp_c-obl_le
0.920890	le^:n_pl_olr>n_pp_c-of-obl_le
0.400817	le^:n_pl_olr>n_pp_c-plc-of_le
0.500454	le^:n_pl_olr>n_pp_mc-of-ns_le
0.010309	le^:n_pl_olr>n_vp_c_le
-2.703088	le^:n_sg_ilr>n_-_c-br-idm_le
0.994187	le^:n_sg_ilr>n_-_c-brj-idm_le
0.900954	le^:n_sg_ilr>n_-_c-dpt_le
0.606767	le^:n_sg_ilr>n_-_c-gr_le
-0.885332	le^:n_sg_ilr>n_-_c-meas_le
-0.907811	le^:n_sg_ilr>n_-_c-nocnh_le
1.910672	le^:n_sg_ilr>n_-_c-ns_le
0.677657	le^:n_sg_ilr>n_-_c-ntc_le
-0.924886	le^:n_sg_ilr>n_-_c-sg-nocnh_le
1.819709	le^:n_sg_ilr>n_-_c-sg_le
-0.639873	le^:n_sg_ilr>n_-_c-time_le
-0.907221	le^:n_sg_ilr>n_-_c-week_le
0.053497	le^:n_sg_ilr>n_-_c_le
-0.959946	le^:n_sg_ilr>n_-_pn-abb_le
0.788828	le^:n_sg_ilr>n_-_pn-cap_le
-0.920300	le^:n_sg_ilr>n_-_pn-dom-card_le
-2.708901	le^:n_sg_ilr>n_-_pn-gen_le
-0.414441	le^:n_sg_ilr>n_-_pn-hour_le
0.976612	le^:n_sg_ilr>n_-_pn-msc_le
-0.721662	le^:n_sg_ilr>n_-_pn-nonom_le
-0.807675	le^:n_sg_ilr>n_-_pn-sg_le
0.913896	le^:n_sg_ilr>n_-_pn-yoc-gen_le
0.974659	le^:n_sg_ilr>n_-_pn_le
0.414033	le^:n_sg_ilr>n_-_tt-post_le
-1.327884	le^:n_sg_ilr>n_pp_c-dir_le
0.000681	le^:n_sg_ilr>n_pp_c-ns-of_le
1.495322	le^:n_sg_ilr>n_pp_c-nt-of_le
0.966303	le^:n_sg_ilr>n_pp_c-of-brn_le
-0.550272	le^:n_sg_ilr>n_pp_c-of-lhc_le
-0.426067	le^:n_sg_ilr>n_pp_c-of_le
-2.131698	le^:n_sg_ilr>n_vp_c-it_le
3.304859	le^:n_sg_ilr>n_vp_c_le
0.452180	le^:n_sg_ilr>n_vpslnp_c_le
-0.807675	le^:np-hdn_cpd_c>n_-_mc-unk_le
1.819573	le^:np-hdn_ttl-cpd_c>n_-_c-nocnh-cap_le
0.901272	le^:np-hdn_ttl-cpd_c>n_-_c-nocnh_le
1.878883	le^:np-hdn_ttl-cpd_c>n_-_c_le
-0.207675	le^:np-hdn_ttl-cpd_c>n_-_mc-unk_le
-0.837557	le^:np-hdn_ttl-cpd_c>n_-_mc_le
1.786830	le^:num-n_mnp_c>aj_-_i-an-nmd_le
2.974977	le^:num-n_mnp_c>aj_-_i-crd-one_le
0.925704	le^:num-n_mnp_c>aj_-_i-crd-two_le
-0.144687	le^:num-n_mnp_c>aj_-_i-one-nmd_le
-2.326158	le^:num-n_mnp_c>aj_-_i-svrl_le
0.997366	le^:num-n_mnp_c>n_-_c-meas_le
0.907221	le^:num-n_mnp_c>n_-_c-week_le
2.024659	le^:num_det_c>aj_-_i-crd-one_le
-0.925704	le^:num_det_c>aj_-_i-crd-two_le
-0.913896	le^:num_prt-det-of_c>aj_-_i-ord-gen_le
0.778020	le^:num_prt-nc_c>aj_-_i-crd-one_le
-0.809083	le^:num_prt-nc_c>aj_-_i-many_le
-0.849455	le^:num_prt-nc_c>aj_-_i-one_le
-1.625931	le^:num_prt-of_c>aj_-_i-crd-one_le
-0.954768	le^:num_prt-of_c>aj_-_i-many_le
0.849455	le^:num_prt-of_c>aj_-_i-one_le
-0.906540	le^:pct-hd_c>av_-_dg-jomv_le
-0.900091	le^:pct-hd_c>av_-_dg-v_le
0.900091	le^:pct-hd_c>av_-_i-vp_le
-0.000545	le^:pct-hd_c>av_-_s-cp-mc-pr_le
0.906540	le^:pct-hd_c>av_-_s-cp-nsp-pr_le
0.901272	le^:pct-hd_c>d_-_poss-my_le
0.213896	le^:pct-hd_c>n_-_gq_le
-0.207675	le^:pct-hd_c>n_-_mc-unk_le
-0.900727	le^:pct-hd_c>n_-_pr-fr-ever_le
0.801453	le^:pct-hd_c>n_-_pr-wh_le
0.070572	le^:sb-hd_mc_c>aj_-_i_le
1.238738	le^:sb-hd_mc_c>n_-_pr-it-x_le
2.261308	le^:sb-hd_mc_c>n_-_pr-there-x_le
0.742280	le^:sb-hd_nmc_c>n_-_pr-it-x_le
0.204269	le^:sb-hd_nmc_c>n_-_pr-there-x_le
-0.858129	le^:sp-hd_hc-cmp_c>av_-_dg-v_le
0.825250	le^:sp-hd_hc_c>aj_-_i-many-spr_le
-0.096412	le^:sp-hd_hc_c>aj_-_i-much-spr_le
0.332561	le^:sp-hd_hc_c>av_-_dg-any_le
0.897729	le^:sp-hd_hc_c>av_-_dg-cmp-more_le
-0.103906	le^:sp-hd_hc_c>av_-_dg-cmp-so_le
-1.150454	le^:sp-hd_hc_c>av_-_dg-det_le
-0.848955	le^:sp-hd_hc_c>av_-_dg-jo_le
-1.545413	le^:sp-hd_hc_c>av_-_dg-jomv_le
0.997866	le^:sp-hd_hc_c>av_-_dg-m_le
-0.766440	le^:sp-hd_hc_c>av_-_dg-pp_le
-0.791553	le^:sp-hd_hc_c>av_-_dg-tt_le
1.870981	le^:sp-hd_hc_c>av_-_dg-v-wh_le
1.833061	le^:sp-hd_hc_c>av_-_dg-v_le
0.993915	le^:sp-hd_hc_c>av_-_i-unk_le
0.096412	le^:sp-hd_hc_c>av_-_i-vp-only_le
0.943233	le^:sp-hd_hc_c>av_-_i-vp-po_le
0.945095	le^:sp-hd_hc_c>av_pp_dg-as_le
0.993915	le^:sp-hd_hc_c>av_pp_dg-more_le
-0.851272	le^:sp-hd_hc_c>d_-_the_le
0.943688	le^:sp-hd_hc_c>n_-_ad-gr-nm_le
-0.993233	le^:sp-hd_hc_c>n_-_c-pl-def_le
2.357039	le^:sp-hd_hc_c>n_-_cl-poss_le
-0.923252	le^:sp-hd_n_c>d_-_idf-cnj-an_le
0.900999	le^:sp-hd_n_c>d_-_no_le
0.865895	le^:sp-hd_n_c>d_-_poss-her_le
0.941099	le^:sp-hd_n_c>d_-_poss-his_le
-0.938601	le^:sp-hd_n_c>d_-_poss-na_le
1.137738	le^:sp-hd_n_c>d_-_poss-their_le
-2.465804	le^:sp-hd_n_c>d_-_prt-pl-both_le
0.179246	le^:sp-hd_n_c>d_-_prt-plm_le
-0.947548	le^:sp-hd_n_c>d_-_prt-sg_le
0.102225	le^:sp-hd_n_c>d_-_sg-nmd-an_le
2.518347	le^:sp-hd_n_c>d_-_sg-nmd_le
-1.727975	le^:sp-hd_n_c>d_-_sgm_le
0.851272	le^:sp-hd_n_c>d_-_the_le
-0.428747	le^:sp-hd_n_c>d_-_wh_le
-1.077657	le^:sp-hd_n_c>n_-_c-pl_le
-0.474024	le^:v_3s-fin_olr>v_-_le
-0.994005	le^:v_3s-fin_olr>v_adv_le
-0.852498	le^:v_3s-fin_olr>v_ap_seq_le
1.677430	le^:v_3s-fin_olr>v_cp_fin-inf-q-mob_le
0.438420	le^:v_3s-fin_olr>v_cp_fin-inf-q_le
0.996367	le^:v_3s-fin_olr>v_cp_inf-only_le
0.636376	le^:v_3s-fin_olr>v_cp_prop_le
-0.859173	le^:v_3s-fin_olr>v_np*_le
-2.703179	le^:v_3s-fin_olr>v_np-pp_e_le
0.934423	le^:v_3s-fin_olr>v_np-pp_oeq-as_le
-1.355722	le^:v_3s-fin_olr>v_np-prd_oeq-ntr_le
1.768756	le^:v_3s-fin_olr>v_np-prd_oeq_le
0.956222	le^:v_3s-fin_olr>v_np-vp_aeq-ntr_le
-0.966530	le^:v_3s-fin_olr>v_np-vp_oeq_le
-0.996367	le^:v_3s-fin_olr>v_np-vp_sor-ntr_le
0.017302	le^:v_3s-fin_olr>v_np-vp_sor_le
0.640554	le^:v_3s-fin_olr>v_np-vpslnp_oeq_le
1.193006	le^:v_3s-fin_olr>v_np_le
0.715168	le^:v_3s-fin_olr>v_np_poss_le
-0.920254	le^:v_3s-fin_olr>v_p-np_le
0.852498	le^:v_3s-fin_olr>v_p-vp_ssr_le
0.953179	le^:v_3s-fin_olr>v_pp*-cp_le
-2.951907	le^:v_3s-fin_olr>v_pp_e_le
0.489873	le^:v_3s-fin_olr>v_vp_seq-prp_le
0.997230	le^:v_3s-fin_olr>v_vp_seq_le
1.600817	le^:v_aux-advadd_dlr>v_np_am_le
1.406630	le^:v_aux-advadd_dlr>v_np_was_le
0.719210	le^:v_aux-advadd_dlr>v_prd_are_le
-0.997866	le^:v_aux-advadd_dlr>v_prd_is_le
-0.917212	le^:v_aux-advadd_dlr>v_prd_was_le
0.925204	le^:v_aux-advadd_dlr>v_prd_wre_le
0.159764	le^:v_aux-advadd_dlr>v_vp_did_le
-0.586966	le^:v_aux-advadd_dlr>v_vp_has_le
-1.491099	le^:v_aux-advadd_dlr>v_vp_mdl-n-pst_le
-1.691099	le^:v_aux-advadd_dlr>v_vp_mdl-n_le
-0.746322	le^:v_aux-advadd_dlr>v_vp_mdl-p-inv_le
0.839192	le^:v_aux-advadd_dlr>v_vp_mdl-p-niv_le
0.946549	le^:v_aux-advadd_dlr>v_vp_mdl-p-pst_le
-0.948638	le^:v_aux-advadd_dlr>v_vp_mdl-p-sv_le
-0.842507	le^:v_aux-advadd_dlr>v_vp_mdl-p-unsp_le
-1.908084	le^:v_aux-advadd_dlr>v_vp_mdl-p_le
-0.807084	le^:v_aux-cx-noinv_dlr>v_cp_is-cx_le
0.789600	le^:v_aux-cx-noinv_dlr>v_np-xp_is-cx_le
-0.681017	le^:v_aux-cx-noinv_dlr>v_np_is-cx_le
0.189646	le^:v_aux-cx-noinv_dlr>v_prd_is-cx_le
-0.607084	le^:v_aux-cx-noinv_dlr>v_sc_is-cx_le
-0.189646	le^:v_aux-cx-noinv_dlr>v_vp_has-cx_le
-1.443915	le^:v_aux-ell-ref_dlr>v_prd_be_le
-0.654632	le^:v_aux-ell-ref_dlr>v_prd_been_le
-0.739918	le^:v_aux-ell-ref_dlr>v_prd_is-n_le
-0.088692	le^:v_aux-ell-ref_dlr>v_prd_is_le
0.919391	le^:v_aux-ell-ref_dlr>v_prd_was-n_le
1.148183	le^:v_aux-ell-ref_dlr>v_prd_was_le
-0.912307	le^:v_aux-ell-ref_dlr>v_prd_wre_le
1.615441	le^:v_aux-ell-ref_dlr>v_vp_did-n_le
0.118074	le^:v_aux-ell-ref_dlr>v_vp_did_le
-0.718756	le^:v_aux-ell-ref_dlr>v_vp_does-n_le
2.708629	le^:v_aux-ell-ref_dlr>v_vp_does_le
-0.999364	le^:v_aux-ell-ref_dlr>v_vp_had-n_le
-0.958674	le^:v_aux-ell-ref_dlr>v_vp_have-bse_le
-0.900999	le^:v_aux-ell-ref_dlr>v_vp_have-f_le
-1.301817	le^:v_aux-ell-ref_dlr>v_vp_mdl-p-pst_le
1.301817	le^:v_aux-ell-ref_dlr>v_vp_mdl-p-unsp_le
0.916576	le^:v_aux-ell-xpl_dlr>v_np-xp_be_le
-0.916576	le^:v_aux-ell-xpl_dlr>v_prd_be_le
0.739918	le^:v_aux-ell-xpl_dlr>v_prd_is-n_le
-0.001181	le^:v_aux-ell-xpl_dlr>v_prd_is_le
-1.615441	le^:v_aux-ell-xpl_dlr>v_vp_did-n_le
-0.958674	le^:v_aux-sb-inv_dlr>v_cp_was_le
-1.508674	le^:v_aux-sb-inv_dlr>v_np_is_le
0.721844	le^:v_aux-sb-inv_dlr>v_prd_is_le
0.746004	le^:v_aux-sb-inv_dlr>v_prd_was_le
1.454859	le^:v_aux-sb-inv_dlr>v_vp_did_le
0.996685	le^:v_aux-sb-inv_dlr>v_vp_does_le
-0.946549	le^:v_aux-sb-inv_dlr>v_vp_mdl-p-unsp_le
0.746322	le^:v_aux-sb-inv_dlr>v_vp_ssr-n3sg-r_le
0.948638	le^:v_cond-inv_dlr>v_vp_mdl-p-sv_le
-1.933015	le^:v_cp-frag_dlr>v_cp_le
-0.907675	le^:v_cp-frag_dlr>v_pp*-cp_fin-imp_le
-2.890963	le^:v_cp-frag_dlr>v_pp*-cp_le
-0.702271	le^:v_dat_dlr>v_np-np*_le
3.047457	le^:v_dat_dlr>v_np-np_le
-1.376521	le^:v_it-cp-vp_dlr>v_np-cp_it-s_le
0.918165	le^:v_n3s-bse_ilr>v_-_le
-0.646685	le^:v_n3s-bse_ilr>v_-_unacc_le
0.974977	le^:v_n3s-bse_ilr>v_adv_le
-0.886240	le^:v_n3s-bse_ilr>v_ap_seq_le
-1.182198	le^:v_n3s-bse_ilr>v_cp_fin-inf-q-mob_le
-0.928156	le^:v_n3s-bse_ilr>v_cp_fin-inf-q_le
0.974977	le^:v_n3s-bse_ilr>v_cp_inf-only_le
-0.459401	le^:v_n3s-bse_ilr>v_cp_it-s_le
0.868801	le^:v_n3s-bse_ilr>v_cp_prop_le
-0.863624	le^:v_n3s-bse_ilr>v_cp_sbjnct_le
-0.977748	le^:v_n3s-bse_ilr>v_it-pp-cp_le
0.977748	le^:v_n3s-bse_ilr>v_it-pp-vp_oeq_le
0.909401	le^:v_n3s-bse_ilr>v_nb_idm_le
-0.984832	le^:v_n3s-bse_ilr>v_nb_le
-1.874932	le^:v_n3s-bse_ilr>v_np*-np_le
-0.872025	le^:v_n3s-bse_ilr>v_np*-pp*_to_le
0.104587	le^:v_n3s-bse_ilr>v_np*_le
-1.501998	le^:v_n3s-bse_ilr>v_np-ap_oeq_le
0.592734	le^:v_n3s-bse_ilr>v_np-cp_it-s_le
-0.800136	le^:v_n3s-bse_ilr>v_np-nb_le
-1.875795	le^:v_n3s-bse_ilr>v_np-np*_le
-1.910263	le^:v_n3s-bse_ilr>v_np-np_only_le
1.217121	le^:v_n3s-bse_ilr>v_np-pp_e-idm_le
0.860127	le^:v_n3s-bse_ilr>v_np-pp_e_le
-0.927520	le^:v_n3s-bse_ilr>v_np-pp_prop_le
0.979791	le^:v_n3s-bse_ilr>v_np-pp_seq-as_le
-0.782561	le^:v_n3s-bse_ilr>v_np-prd_oeq-ntr_le
-0.993506	le^:v_n3s-bse_ilr>v_np-prd_oeq_le
0.290509	le^:v_n3s-bse_ilr>v_np-prd_sor_le
-0.962080	le^:v_n3s-bse_ilr>v_np-vp_bse_le
-2.475250	le^:v_n3s-bse_ilr>v_np-vp_oeq_le
2.256449	le^:v_n3s-bse_ilr>v_np-vp_sor-ntr_le
2.205813	le^:v_n3s-bse_ilr>v_np-vp_sor_le
-0.976022	le^:v_n3s-bse_ilr>v_np_idm_le
1.415168	le^:v_n3s-bse_ilr>v_np_le
0.531517	le^:v_n3s-bse_ilr>v_np_noger_le
-0.974977	le^:v_n3s-bse_ilr>v_np_ntr_le
0.867166	le^:v_n3s-bse_ilr>v_np_poss_le
-0.901272	le^:v_n3s-bse_ilr>v_np_salut_le
-0.556812	le^:v_n3s-bse_ilr>v_np_thr-s_le
-1.186785	le^:v_n3s-bse_ilr>v_p-np_le
0.987920	le^:v_n3s-bse_ilr>v_p-pp_e_le
1.656857	le^:v_n3s-bse_ilr>v_p_le
0.838738	le^:v_n3s-bse_ilr>v_pp*-cp_le
0.887557	le^:v_n3s-bse_ilr>v_pp*-cp_unsp_le
0.890236	le^:v_n3s-bse_ilr>v_pp*-pp*_le
-0.342916	le^:v_n3s-bse_ilr>v_pp*_dir_le
0.876067	le^:v_n3s-bse_ilr>v_pp-vp_oeq_le
-0.195686	le^:v_n3s-bse_ilr>v_pp_arg_le
1.651862	le^:v_n3s-bse_ilr>v_pp_dir_le
3.496276	le^:v_n3s-bse_ilr>v_pp_e_le
0.026431	le^:v_n3s-bse_ilr>v_prd_seq-va_le
-0.867847	le^:v_n3s-bse_ilr>v_prd_seq_le
0.299364	le^:v_n3s-bse_ilr>v_vp_seq-prp_le
0.296503	le^:v_n3s-bse_ilr>v_vp_seq_le
-0.980836	le^:v_n3s-bse_ilr>v_vp_ssr-nimp_le
0.575976	le^:v_n3s-bse_ilr>v_vp_ssr-prp_le
0.944233	le^:v_pas-cp_odlr>v_cp_prop_le
-0.785604	le^:v_pas-dat_odlr>v_np*-np_le
-1.053542	le^:v_pas-dat_odlr>v_np-np_only_le
-0.589328	le^:v_pas-p_odlr>v_pp-vp_ssr_le
-0.991054	le^:v_pas-p_odlr>v_pp_e_le
-0.997366	le^:v_pas-prt-t_odlr>v_p-np_le
-1.443688	le^:v_pas_odlr>v_np*_le
0.273342	le^:v_pas_odlr>v_np-cp_it-s_le
1.647003	le^:v_pas_odlr>v_np-pp_e-idm_le
-0.200545	le^:v_pas_odlr>v_np-pp_e_le
-0.659991	le^:v_pas_odlr>v_np-prd_oeq_le
0.271980	le^:v_pas_odlr>v_np-vp_oeq_le
-0.015668	le^:v_pas_odlr>v_np-vp_sor_le
0.384514	le^:v_pas_odlr>v_np_le
-0.991054	le^:v_prp-nf_olr>v_np_le
0.132380	le^:v_prp_olr>v_-_le
1.819164	le^:v_prp_olr>v_-_unacc_le
0.957357	le^:v_prp_olr>v_nb_idm_le
0.897457	le^:v_prp_olr>v_np*-np_le
0.238102	le^:v_prp_olr>v_np*_le
-1.579746	le^:v_prp_olr>v_np-np_le
-1.159264	le^:v_prp_olr>v_np-pp_e-idm_le
-0.964078	le^:v_prp_olr>v_np-pp_e_le
-0.676930	le^:v_prp_olr>v_np-pp_prop_le
0.786149	le^:v_prp_olr>v_np-pp_seq-as_le
-0.948683	le^:v_prp_olr>v_np-prd_oeq_le
-0.385014	le^:v_prp_olr>v_np_le
-0.786149	le^:v_prp_olr>v_np_noger_le
-0.978474	le^:v_prp_olr>v_np_thr-s_le
-0.953043	le^:v_prp_olr>v_p-np_le
1.755767	le^:v_prp_olr>v_pp*-pp*_le
0.040509	le^:v_prp_olr>v_pp*_dir_le
1.582561	le^:v_prp_olr>v_pp_e_le
-0.990145	le^:v_prp_olr>v_vp_seq_le
0.194051	le^:v_psp_olr>v_-_le
-1.678928	le^:v_psp_olr>v_cp_prop_le
2.288783	le^:v_psp_olr>v_np*_le
1.817348	le^:v_psp_olr>v_np-pp_e_le
-0.886649	le^:v_psp_olr>v_np-prd_oeq_le
-0.958401	le^:v_psp_olr>v_np-vp_oeq-bse_le
0.877566	le^:v_psp_olr>v_np-vp_sor_le
0.045368	le^:v_psp_olr>v_np_le
-0.999410	le^:v_psp_olr>v_np_ntr_le
-0.700954	le^:v_psp_olr>v_p_le
0.700954	le^:v_psp_olr>v_pp*_dir_le
0.127929	le^:v_psp_olr>v_pp_e_le
0.958401	le^:v_psp_olr>v_vp_seq-bse_le
0.708447	le^:v_pst_olr>v_-_it_le
0.880018	le^:v_pst_olr>v_-_le
0.056494	le^:v_pst_olr>v_cp_fin-inf-q-mob_le
-0.469664	le^:v_pst_olr>v_cp_fin-inf-q_le
0.472434	le^:v_pst_olr>v_cp_inf-only_le
0.973252	le^:v_pst_olr>v_cp_prop_le
0.702271	le^:v_pst_olr>v_it-pp-vp_oeq_le
-0.865895	le^:v_pst_olr>v_nb_idm_le
0.902316	le^:v_pst_olr>v_np*-np-vp_it-s_le
-0.884877	le^:v_pst_olr>v_np*-pp_e_le
0.912625	le^:v_pst_olr>v_np*_le
0.164260	le^:v_pst_olr>v_np-cp_fin-inf_le
-0.778020	le^:v_pst_olr>v_np-cp_prop_le
-1.057811	le^:v_pst_olr>v_np-np_le
-0.902316	le^:v_pst_olr>v_np-np_only_le
-0.868665	le^:v_pst_olr>v_np-pp_e-idm_le
0.221662	le^:v_pst_olr>v_np-pp_e_le
0.590282	le^:v_pst_olr>v_np-pp_to_le
-0.470845	le^:v_pst_olr>v_np-prd_oeq-ntr_le
0.332470	le^:v_pst_olr>v_np-prd_oeq_le
0.725159	le^:v_pst_olr>v_np-vp_aeq-ntr_le
-0.080245	le^:v_pst_olr>v_np-vp_aeq-psv_le
0.969437	le^:v_pst_olr>v_np-vp_oeq-from_le
0.262943	le^:v_pst_olr>v_np-vp_oeq-psv_le
-1.204360	le^:v_pst_olr>v_np-vp_oeq_le
-0.968665	le^:v_pst_olr>v_np-vp_sor-ntr_le
-0.519301	le^:v_pst_olr>v_np-vp_sor_le
-0.708447	le^:v_pst_olr>v_np_it_le
-1.104405	le^:v_pst_olr>v_np_le
-0.972934	le^:v_pst_olr>v_np_noger_le
0.825386	le^:v_pst_olr>v_np_ntr_le
-0.318574	le^:v_pst_olr>v_np_poss_le
1.772343	le^:v_pst_olr>v_p-np_le
0.150272	le^:v_pst_olr>v_pp*-cp_inf_le
1.700727	le^:v_pst_olr>v_pp*-cp_le
0.085559	le^:v_pst_olr>v_pp*-pp*_le
-3.455631	le^:v_pst_olr>v_pp*-vp_oeq_le
-0.900863	le^:v_pst_olr>v_pp*_le
0.121662	le^:v_pst_olr>v_pp-vp_oeq_le
0.589328	le^:v_pst_olr>v_pp-vp_ssr_le
-1.594369	le^:v_pst_olr>v_pp_arg_le
1.471526	le^:v_pst_olr>v_pp_e_le
0.205540	le^:v_pst_olr>v_pp_unacc_le
-0.964532	le^:v_pst_olr>v_prd_seq-va_le
2.578247	le^:v_pst_olr>v_vp_seq-prp_le
0.771708	le^:v_pst_olr>v_vp_seq_le
1.846004	le^:v_pst_olr>v_vp_ssr-prp_le
0.852679	le^:v_pst_olr>v_vp_ssr_le
-0.949682	le^:vp_sbrd-prd-ell_c>aj_-_i_le
-0.373660	le^:w-w_fw-seq-m_c>n_-_gq_le
2.518347	lex:a_det
-0.826249	lex:a_one_adj
0.788874	lex:a_per_p
-1.679519	lex:a_pred_p1
3.540963	lex:about
-0.500272	lex:about_adv
-1.476249	lex:about_deg
-1.564441	lex:about_prtcl
-0.994187	lex:advantage_n1
0.994187	lex:advantage_n1_i
0.701499	lex:adventure_n1
-0.867530	lex:all
2.546503	lex:all_adv1
-0.912534	lex:all_but_adv1
-0.766440	lex:all_deg2
-3.018529	lex:alone_adv2
3.018529	lex:alone_pp
-1.727339	lex:alto_n1
-0.487511	lex:amaze_v1
0.487511	lex:amazing_a2
-0.923252	lex:an_conj_det
0.102225	lex:an_det
1.786830	lex:an_one_adj
-0.965804	lex:an_per_p
0.273342	lex:annoy_v2
-0.273342	lex:annoyed_a2
2.357039	lex:apostrophe_s_12_lex
0.958084	lex:appreciate_v1
-0.958084	lex:appreciate_v3
1.561035	lex:approve_of_v1
-1.561035	lex:approve_v1
-2.506358	lex:arrive_at_v1
2.506358	lex:arrive_v1
-1.976294	lex:as_comp_cp_gap
3.371980	lex:as_comp_cp_ppgap
-1.599273	lex:as_comp_prep_cp
1.148683	lex:as_comp_prep_nc
0.945095	lex:as_eq_deg
0.823842	lex:as_eq_nc_deg
-1.971117	lex:as_p1
-0.943688	lex:as_prd
2.700363	lex:as_prdp_p2
-2.703179	lex:as_prtcl
3.421026	lex:as_subord
-0.825250	lex:as_subord_gap
-1.448501	lex:as_subord_inv
-0.943688	lex:as_subord_nmod
0.080245	lex:ask_v2
-0.080245	lex:ask_v9
-4.360445	lex:at
0.962262	lex:at_prtcl
3.398183	lex:at_temp
-1.658674	lex:back_nom
1.658674	lex:back_particle
-0.988102	lex:bake_n1
0.988102	lex:bake_v2
0.302997	lex:band_n1
-1.806222	lex:bark_n1
1.806222	lex:bark_v1
0.099955	lex:be_c_are
1.367302	lex:be_c_be
0.324932	lex:be_c_been
1.144641	lex:be_c_is
0.189646	lex:be_c_is_cx_3
0.843324	lex:be_c_was
0.919391	lex:be_c_was_neg_3_u
-0.720618	lex:be_c_was_subj
-0.099955	lex:be_id_are
-0.205722	lex:be_id_be
0.095005	lex:be_id_been
0.799228	lex:be_id_is
-0.681017	lex:be_id_is_cx_3
0.871571	lex:be_id_was
-0.919391	lex:be_id_was_neg_3_u
-1.669210	lex:be_inv_be
1.587784	lex:be_inv_is
-1.051453	lex:be_inv_is_cx_2
-0.949682	lex:be_it_cop_is_scop
0.865032	lex:be_it_cop_was
-0.419936	lex:be_nv_been
-1.665622	lex:be_nv_is
-0.807084	lex:be_nv_is_cx_3
-1.859310	lex:be_nv_was
-0.114896	lex:be_sc_is
-0.607084	lex:be_sc_is_cx_3
0.507629	lex:be_th_cop_be
0.789600	lex:be_th_cop_is_cx_3
0.991144	lex:bean_n1
-0.991144	lex:bean_n2
0.907084	lex:beckon_v2
-0.907084	lex:beckon_v3
0.984832	lex:become_v1
-0.984832	lex:become_v3
0.198501	lex:before2
1.544005	lex:before3
-0.800500	lex:before_adv1
-0.942007	lex:before_p4
-0.852679	lex:begin_v2
0.852679	lex:begin_v3
1.049909	lex:behave_adv_v1
-1.049909	lex:behave_v1
-4.122843	lex:believe_v1
1.493188	lex:believe_v3
2.629655	lex:believe_v4
0.868937	lex:better_a1
-0.868937	lex:better_adv1
-1.873297	lex:big_a1
-0.550272	lex:bill_n1
-0.063215	lex:bill_n2
-2.490645	lex:bill_v1
2.031744	lex:bitch_n1
-2.131698	lex:bitch_n2
0.099955	lex:bitch_n3
-2.465804	lex:both
2.465804	lex:both_conj
0.763806	lex:bother_v1
-0.763806	lex:bothered_a1
0.912534	lex:but_except_p
0.999773	lex:buy_v1
-0.999773	lex:buy_v4
-0.858084	lex:by_means
-1.839691	lex:by_p
3.593688	lex:by_pass_p
-1.858129	lex:by_prtcl
0.962216	lex:by_temp_p
2.505177	lex:call_v1
-2.505177	lex:call_v2
1.878883	lex:captain_abb_n1
0.962080	lex:change_n1
-0.962080	lex:change_v2
-0.403724	lex:chase_n1
1.307539	lex:chase_v1
-0.352225	lex:cinch_n1
0.352225	lex:cinch_n3
-0.976612	lex:claim_v1
1.958174	lex:claim_v3
-0.981562	lex:claim_v5
0.964759	lex:close_in_v2
-0.964759	lex:close_v2
0.038828	lex:colon_namely_pp
-0.038828	lex:colon_subord
1.819573	lex:colonel_abb_n1
-0.959946	lex:colorado_n2
1.658674	lex:come_back_v2
-0.700954	lex:come_in_v1
-0.762035	lex:come_v1
-1.399364	lex:comma_inf_pct
1.399364	lex:comma_pct
0.366985	lex:competent_a1
0.930745	lex:competent_a2
0.953815	lex:completely
-0.953815	lex:completely_deg
-0.200545	lex:concern_v2
0.200545	lex:concerned_a3
0.386104	lex:consider_v1
-0.386104	lex:consider_v5
0.965395	lex:considerable_isect
0.988874	lex:contract_n2
-0.988874	lex:contract_v1
0.690054	lex:convince_v1
-0.690054	lex:convince_v4
0.961717	lex:cookie_n1
-0.961717	lex:cookie_n2
-1.819709	lex:corp_abb_n2
1.819709	lex:corps_n1
0.985286	lex:cost_n1
0.802452	lex:could_aux_neg_3_u
-0.802452	lex:could_aux_neg_3b_u
-0.272570	lex:could_aux_pos
0.272570	lex:could_aux_pos2
-0.985513	lex:cut_in_v1
0.985513	lex:cut_v2
-0.893824	lex:da_meas_abb_n1
0.893824	lex:da_n1
0.500454	lex:danger_n1
-0.500454	lex:danger_n2
0.907221	lex:dash_pct
0.901272	lex:dear_n1
-0.901272	lex:dear_salut_v1
0.299228	lex:decision_n1
0.691826	lex:decision_n2
-0.991054	lex:decision_n3
0.287466	lex:depend_on_v1
-0.287466	lex:depend_v1
1.523706	lex:desire_n2
-1.523706	lex:desire_v2
1.732698	lex:did1_pos
-0.582970	lex:dislike_v1
0.582970	lex:dislike_v3
-2.623933	lex:do2
-0.994005	lex:do_adv
-1.030154	lex:do_v4
-0.789918	lex:doe_n1
3.705313	lex:does1_pos
2.718029	lex:dog_n1
-1.910536	lex:dog_v1
0.900999	lex:doubt_n1
-0.887557	lex:doubt_v1
0.887557	lex:doubt_v2
0.907675	lex:dqright_pct
-0.964078	lex:dress_v1
1.828156	lex:dress_v2
0.863624	lex:drive_n1
-0.863624	lex:drive_v1
0.060718	lex:each_adv1
-0.060718	lex:each_pp
-0.365804	lex:east_n1
-2.663215	lex:east_n2
-1.683787	lex:easy_a1
1.683787	lex:easy_a2
0.919391	lex:either_adv2
0.947548	lex:either_conj
-1.866939	lex:either_det
-0.482788	lex:enjoy_v1
0.482788	lex:enjoy_v2
0.863624	lex:ensure_v2
-0.863624	lex:ensure_v4
0.414033	lex:esquire_ttl_abb_n2
0.958265	lex:ever_adv1
-0.958265	lex:ever_adv2
0.992552	lex:everyone
-1.945368	lex:expect_v1
0.955041	lex:expect_v3
0.990327	lex:expect_v4
0.590282	lex:express_v1
-0.590282	lex:express_v2
0.984832	lex:famous_a1
-0.984832	lex:famous_n1
0.901090	lex:fear_n1
0.096594	lex:fear_v1
-0.997684	lex:fear_v2
1.107720	lex:fellow_n1
-1.107720	lex:fellow_n2
5.080472	lex:find_v1
-0.990327	lex:find_v2
-3.988510	lex:find_v4
-0.942825	lex:finish_v1
0.942825	lex:finish_v3
0.801453	lex:fire_n1
-0.913488	lex:first
0.913488	lex:first_adv1
0.908629	lex:five
-0.908629	lex:five_hour
-2.274114	lex:for
1.778474	lex:for_comp
-0.965895	lex:for_nbar_p2
4.461081	lex:for_prtcl
-2.006312	lex:for_subconj
-0.999410	lex:forget_v1
0.999410	lex:forget_v2
-0.101635	lex:found_v1
0.860127	lex:free_from_v1
-0.860127	lex:free_v3
-1.829564	lex:from
0.969437	lex:from_c_prop
0.860127	lex:from_prtcl
-0.902089	lex:from_to_nbar
0.902089	lex:from_to_temp
-0.963624	lex:fund_v1
0.963624	lex:funding_n1
-0.662216	lex:game_a1
2.614078	lex:game_n1
-1.951862	lex:game_n2
-1.685786	lex:generic_adj
1.685786	lex:generic_adverb
-0.913896	lex:generic_card_ne
0.913896	lex:generic_dom_ord_ne
-6.667530	lex:generic_mass_count_noun
-0.913896	lex:generic_ord_ne
-0.207675	lex:generic_pl_noun
-2.708901	lex:generic_proper_ne
-1.948501	lex:generic_quoted
-2.458084	lex:generic_trans_verb_bse
-0.807675	lex:generic_trans_verb_pres3sg
0.913896	lex:generic_year_ne
0.977248	lex:get_prd_v2
-1.922934	lex:get_prd_va_v1
-0.968665	lex:get_to_v2
0.958401	lex:get_v1
1.824614	lex:get_v2
-0.868665	lex:get_x_of_v1_i
-2.480609	lex:give_v1
2.480609	lex:give_v2
-0.074932	lex:go_adv
-2.703088	lex:go_n1_i
-0.083379	lex:go_places_v1_i
3.836331	lex:go_v1
-0.974932	lex:go_v4
-0.990145	lex:go_v5
0.990145	lex:going_to_v1
-0.973206	lex:gold_a1
0.973206	lex:gold_n1
-0.254496	lex:good_a2
0.254496	lex:good_a4
1.630609	lex:guilt_n1
1.016757	lex:had_aux
0.749909	lex:had_aux_subj
-0.914351	lex:half_deg
0.912443	lex:half_pn1
-0.912443	lex:half_pn2
0.914351	lex:half_pn3
0.495640	lex:happen_to_v1
-0.495640	lex:happen_v1
-0.677929	lex:hard_a1
-0.312125	lex:hard_a2
0.990054	lex:hard_adv1
-0.189646	lex:has_aux_cx_3
-0.582470	lex:hate_v1
0.582470	lex:hate_v3
1.263760	lex:have-poss
-2.803815	lex:have-prd
0.995913	lex:have_bse_aux
-0.962080	lex:have_cause
-0.900999	lex:have_fin_aux
0.640554	lex:have_oeq_vpsl
0.999591	lex:he
0.886966	lex:hear_v1
-0.886966	lex:hear_v4
2.559946	lex:help_v1
-2.100545	lex:help_v3
-0.958401	lex:help_v4
0.958401	lex:help_v5
-0.459401	lex:help_v7
-0.340463	lex:her
0.865895	lex:her_poss
0.955041	lex:herself
-0.955041	lex:herself_adv
1.004541	lex:himself
-1.004541	lex:himself_adv
-0.941099	lex:his
0.941099	lex:his_poss
0.271935	lex:hit_on_v2
-0.271935	lex:hit_v1
-0.871526	lex:hope_n2
0.997230	lex:hope_v2
-0.125704	lex:hope_v3
-0.642779	lex:how_adv
-0.300454	lex:how_cp
1.870981	lex:how_deg
-0.927748	lex:how_deg_nc
-1.651862	lex:hurry_v1
1.651862	lex:hurry_v3
1.699273	lex:i
-0.721662	lex:i_pn_np1
-0.162125	lex:if_c_indic
-0.748728	lex:if_subconj_int
0.910854	lex:if_subconj_unspec
0.469664	lex:imagine_v1
-0.469664	lex:imagine_v5
0.997230	lex:improve_v1
-0.997230	lex:improve_v2
4.013034	lex:in
-0.026067	lex:in_pp
-0.964759	lex:in_ppcomp
-2.077657	lex:in_prtcl
-0.944550	lex:in_temp
0.993233	lex:incompetent_a1
-0.993233	lex:incompetent_n1
-0.701362	lex:insist_v2
0.701362	lex:insist_v4
0.992916	lex:interested_a1
-0.992916	lex:interested_a2
0.677657	lex:interview_n1
-0.677657	lex:interview_v1
1.817348	lex:involve_v1
-1.817348	lex:involve_v2
0.558810	lex:irritate_v1
-0.558810	lex:irritate_v2
1.807766	lex:it
1.615304	lex:it2
1.067121	lex:keep-prd_v2
0.652816	lex:keep_tabs_on_v1_i
-0.903179	lex:keep_v1
0.903179	lex:keep_v3
-1.719936	lex:keep_v4
0.966303	lex:kind_n1
0.000681	lex:kind_n2
-0.966985	lex:kind_pl_n1
-2.492552	lex:know_v1
0.456176	lex:know_v2
0.734696	lex:know_v4
1.301680	lex:know_v6
-0.259673	lex:land_v1
2.078837	lex:land_v2
-1.819164	lex:landing_n1
1.772343	lex:lay_off_v1
-0.836149	lex:lay_v2
-0.936194	lex:lay_v3
-1.382107	lex:leave_n1
0.702271	lex:leave_to_v1
6.103678	lex:leave_v1
-1.856176	lex:leave_v1_i
-0.992779	lex:leave_v2
-2.578065	lex:leave_v4
2.002452	lex:left_n1
-1.999273	lex:left_n2
0.956449	lex:lie_v1
-1.755767	lex:lie_v3
-1.493188	lex:like_p
-0.782561	lex:like_prd_v1
-0.162125	lex:like_v1
4.114169	lex:like_v3
-0.949682	lex:likely_a1
0.949682	lex:likely_a3
-1.676294	lex:likes_n1
0.731108	lex:list_v1
-0.859628	lex:liter_abb_n2
0.987920	lex:look_out_for_v1
-0.987920	lex:look_v1
-1.852452	lex:love_v1
0.976203	lex:love_v2
0.876249	lex:love_v5
0.865895	lex:lunch_n1
-0.865895	lex:lunch_n2
0.900681	lex:mad_a1
-0.900681	lex:mad_a2
0.509628	lex:make_v1
0.290509	lex:make_v4
-0.800136	lex:make_v6
1.868529	lex:manage_v1
-1.868529	lex:manage_v3
-0.825250	lex:many_a1
0.825250	lex:many_spr_a1
-0.800772	lex:mark_n1
1.701544	lex:mark_n2
-0.900772	lex:mark_n3
-0.788828	lex:max_adv1
0.788828	lex:max_n1
0.906540	lex:maybe_adv1
-0.906540	lex:maybe_deg
-0.195686	lex:me
-1.495322	lex:meet_v1
1.495322	lex:meeting_n1
-0.920890	lex:member_n1
0.920890	lex:member_n2
2.246549	lex:mention_v1
-0.652180	lex:mention_v2
-1.594369	lex:mention_v3
-0.365804	lex:middle_a1
-2.663215	lex:middle_n1
0.997775	lex:mine
-0.997775	lex:mine_v1
-0.891508	lex:monument_n1
-0.069346	lex:more_adj
-0.897729	lex:more_adv1
0.993915	lex:more_deg
0.897729	lex:more_nc_deg
-0.924569	lex:more_than_p3
0.900954	lex:morning_nc_n1
-0.900954	lex:morning_sg_def
0.907084	lex:most_adv1
-0.907084	lex:most_det
0.942007	lex:move_v3
-0.942007	lex:move_v4
0.997866	lex:much
0.096412	lex:much_adv
-0.997866	lex:much_adv2
-0.096412	lex:much_spr_a1
0.901272	lex:my
-0.901272	lex:my_excl_pre
0.208992	lex:myself
-0.208992	lex:myself_adv
-0.746322	lex:need_aux_inv
0.746322	lex:need_aux_pos
-1.841962	lex:neither_adv1
0.919482	lex:neither_adv2
0.922480	lex:neither_conj
0.900999	lex:no_det
-0.332561	lex:no_disc_root
-0.900999	lex:no_doubt_adv1
0.332561	lex:no_eq_nc_deg
1.809537	lex:not
-0.795731	lex:not_cp
-1.150454	lex:not_deg
0.136649	lex:not_prdp
0.963624	lex:now_adv
-0.963624	lex:now_adv2
0.606767	lex:number_n1
-0.606767	lex:number_n3
-0.403724	lex:obvious_a1
0.403724	lex:obvious_a2
-3.343778	lex:of_extraposed
0.966303	lex:of_nbar_p
1.175023	lex:of_poss
1.202452	lex:of_prtcl
0.016848	lex:off
-0.836149	lex:off_adv
0.819301	lex:off_prtcl
0.469936	lex:offer_n2
-0.469936	lex:offer_v4
0.756676	lex:often_adv1
-0.756676	lex:often_adv2
0.907811	lex:old_a1
-0.907811	lex:old_n1
2.026385	lex:on
-2.655041	lex:on_adv
1.912716	lex:on_day
-1.284060	lex:on_prtcl
-0.681562	lex:once_adv1
1.463124	lex:once_adv2
-0.781562	lex:once_p
2.131562	lex:one_adj
-0.920300	lex:one_day
-1.211262	lex:one_hour
-0.977611	lex:one_roman
-1.801907	lex:only_adv2
2.791780	lex:only_deg
-0.205540	lex:open_v1
0.205540	lex:open_v2
0.966530	lex:order_n3
-0.903315	lex:order_v2
-0.063215	lex:order_v4
-0.852498	lex:out_a1
2.527566	lex:out_particle
0.025295	lex:out_pp
-1.700363	lex:out_ppcomp
0.977748	lex:owe_to_v1
-0.977748	lex:owe_to_v2
0.885332	lex:page_n1
-0.885332	lex:page_n2
0.763806	lex:pat
-0.763806	lex:pat_n2
-1.763079	lex:pay_v1
1.763079	lex:pay_v3
0.900091	lex:perfectly_adv1
-0.900091	lex:perfectly_deg
2.592371	lex:persuade_v1
-0.778020	lex:persuade_v2
-0.556812	lex:persuade_v3
-1.257539	lex:persuade_v4
0.966576	lex:pick_up_v1
-0.966576	lex:pick_up_v2
0.400817	lex:place_n1
-0.400817	lex:place_v2
0.800136	lex:plain_a1
-0.800136	lex:plain_n1
-0.150272	lex:plead_v3
0.150272	lex:plead_v4
3.220708	lex:pledge_n2
-1.411035	lex:pledge_v1
-1.809673	lex:pledge_v2
0.975795	lex:possible_a2
-0.975795	lex:possible_a3
-0.439464	lex:prefer_v1
0.991417	lex:prefer_v3
-0.195686	lex:prefer_v4
1.211626	lex:prefer_v6
-0.795731	lex:prefer_v7
-0.772162	lex:preferred_n1
-0.872025	lex:present_v1
0.980836	lex:pretend_v2
0.876067	lex:prevail_on_v1
-0.876067	lex:prevail_v1
-1.716440	lex:prevent_v1
2.689373	lex:prevent_v2
0.992779	lex:probably_adv1
-0.992779	lex:probably_deg
0.755404	lex:professional_isect
-0.755404	lex:professional_n1
2.600363	lex:project_n1
-1.672207	lex:project_v2
-0.928156	lex:project_v3
-0.958084	lex:promise_n1
0.001862	lex:promise_n2
1.681381	lex:promise_v1
0.262943	lex:promise_v3
-0.988102	lex:promise_v4
-0.987012	lex:prove_v1
1.700727	lex:prove_v2
0.637103	lex:prove_v3
0.485786	lex:prove_v4
-0.950363	lex:prove_v5
-0.886240	lex:prove_v6
-0.907675	lex:qmark_dqright_pct
0.907675	lex:qmark_pct
1.830926	lex:race_n1
-1.830926	lex:race_n2
0.956358	lex:rain_n1
0.708447	lex:rain_v1
-0.708447	lex:rain_v3
1.761626	lex:read_v1
-0.988647	lex:read_v3
-0.772979	lex:reading_n1
-0.977702	lex:recall_n1
0.977702	lex:recall_v2
-1.818438	lex:reflect_on_v1
1.818438	lex:reflect_v1
4.236558	lex:regret_v1
-4.236558	lex:regret_v4
0.799319	lex:rely_on_v1
-1.841644	lex:remember_v1
1.841644	lex:remember_v5
1.351453	lex:remind_v2
-1.351453	lex:remind_v4
-0.968665	lex:reminder_n1
0.968665	lex:reminder_n3
0.872025	lex:represent_v1
0.951181	lex:return_v2
0.588647	lex:review_v1
1.975931	lex:rich_a1
-0.991099	lex:rich_n1
-0.984832	lex:rich_n2
3.698865	lex:right_a1
-1.647956	lex:right_a3
-0.800999	lex:right_a4
-1.824160	lex:right_n1
0.574251	lex:right_n2
-0.858538	lex:risky_a2
0.858538	lex:risky_isect
-0.991054	lex:rob_v2
0.991054	lex:robin_n1
0.939282	lex:room_n1
-0.939282	lex:room_n2
0.997366	lex:run_n1
-0.953043	lex:run_off_v1
-0.997366	lex:run_up_v1
0.978474	lex:run_v2
0.953043	lex:run_v3
-0.978474	lex:run_v5
-0.996094	lex:sally_n1
1.961989	lex:sally_n2
-0.965895	lex:sally_v1
0.261853	lex:sandy
-0.261853	lex:sandy_a1
1.185195	lex:say_v1
-0.907675	lex:say_v2
-0.749955	lex:say_v4
0.472434	lex:say_v5
-2.703179	lex:see_as_v1
0.886649	lex:see_v1
0.800954	lex:see_v2
-0.800954	lex:see_v3
0.934423	lex:see_v5
0.882107	lex:see_v7
2.402997	lex:set_v1
-0.900999	lex:set_v2
-1.501998	lex:set_v3
0.900817	lex:seven
-0.900817	lex:seven_hour
0.943143	lex:she
-3.442598	lex:shout_to_v1
3.730518	lex:shout_v1
-0.287920	lex:shout_v2
4.867257	lex:show_v1
-3.615168	lex:show_v2
-0.831698	lex:show_v3
-0.420391	lex:show_v5
-0.013034	lex:signal_to_v1
6.209809	lex:signal_v1
-0.959991	lex:signal_v3
-5.236785	lex:signal_v4
2.513351	lex:sit_v1
-2.513351	lex:sit_v3
1.013533	lex:six
-1.013533	lex:six_hour
-0.207675	lex:six_roman
-0.938874	lex:sleep_n1
1.914896	lex:sleep_v1
-0.976022	lex:sleep_v2
1.765940	lex:smart_isect
-1.765940	lex:smart_n1
0.900091	lex:so_a1
-0.900091	lex:so_adv4
-0.900999	lex:soon_adv1
0.900999	lex:soon_aux_adv
-0.884877	lex:speak_v2
0.884877	lex:speak_v3
0.302997	lex:speckle_v1
0.759855	lex:speed_v1
-0.759855	lex:speed_v2
-0.985286	lex:st_abb_n1
0.132380	lex:stand1
0.147911	lex:stand_v4
-1.701362	lex:stand_v7
-0.556812	lex:stand_v8
-0.132380	lex:standing_n1
-0.900863	lex:star_in_v1
2.402589	lex:stare_at_v1
-1.501726	lex:stare_v1
1.719709	lex:startle_v1
-1.719709	lex:startled_a1
1.645504	lex:stay_prd_v1
-1.645504	lex:stay_v2
0.575976	lex:stop-prd
-0.575976	lex:stop_v1
-0.886966	lex:story_n1
0.886966	lex:story_n4
1.765940	lex:strike_v1
-1.765940	lex:strike_v2
-0.261717	lex:super_bowl_n1
-0.852816	lex:tab_n1
0.852816	lex:tabs_n1_i
0.687148	lex:take_out_v1
-1.372661	lex:take_v1
-1.942870	lex:take_v10
2.940418	lex:take_v1_i
0.902316	lex:take_v3
-1.364078	lex:take_v5
-0.902316	lex:take_v6
1.052044	lex:take_x_of_v1_i
0.890236	lex:talk_v1
-0.890236	lex:talk_v2
0.778474	lex:tell_about_v1
0.995958	lex:tell_v2
-1.774432	lex:tell_v4
-0.902089	lex:ten
0.902089	lex:ten_hour
-0.980836	lex:tend_v1
-0.920300	lex:than_p1
0.293460	lex:than_p1_nc
2.649818	lex:than_p3
1.427430	lex:than_p4
-3.450409	lex:than_p5
1.798774	lex:that_comp
-0.791553	lex:that_deg
-0.672025	lex:that_deix
-1.727975	lex:that_det
1.207584	lex:that_r
0.185195	lex:that_r_npadv
1.137738	lex:their
-0.938601	lex:their_andro
0.958401	lex:themselves
-0.958401	lex:themselves_adv
-1.849955	lex:then_adv
1.797911	lex:then_adv3
-0.848955	lex:then_deg
1.702452	lex:then_disc_post
3.457493	lex:there_expl
-2.600772	lex:there_nom
0.059991	lex:they
-0.059991	lex:they_sg
0.838738	lex:think1
-0.838738	lex:think_v8
-2.400409	lex:three
-0.907221	lex:three_day
3.307629	lex:three_hour
0.304450	lex:time_n1
0.639873	lex:time_n3
0.964305	lex:timely_a1
-0.944323	lex:times_p1
-0.806994	lex:tire_n1
0.806994	lex:tired_a1
-0.466848	lex:to
2.787103	lex:to_c_prop
-0.937738	lex:to_c_prop_elided
-0.902089	lex:to_nbar_p
-1.959491	lex:to_nmod
1.494051	lex:to_prtcl
-0.932698	lex:to_s_init
0.917711	lex:to_subord
1.162489	lex:together_adv
-1.162489	lex:together_pp
0.994005	lex:too
-0.994005	lex:too_adv3
-0.734696	lex:true_a1
0.734696	lex:true_a2
-0.858038	lex:try_v1
0.858038	lex:try_v2
0.852498	lex:turn_out_v1
-0.951181	lex:turn_v1
-0.852498	lex:turn_v2
-0.724932	lex:twice_adv1
0.724932	lex:twice_deg
2.110263	lex:understand_v1
-0.864078	lex:undress_v1
0.843551	lex:until
-0.843551	lex:until2
-0.964305	lex:untimely_a1
-0.446639	lex:upon
0.446639	lex:upon_prtcl
0.817711	lex:upset_v1
-0.817711	lex:upset_v2
0.133924	lex:urge1
-0.133924	lex:urge_v3
-0.972934	lex:vent_v2
0.974932	lex:very
-0.974932	lex:very_a1
-0.807675	lex:vi_n1
-0.588647	lex:view_v1
1.998638	lex:vote_v1
-1.998638	lex:vote_v5
-4.931471	lex:vow_n3
4.931471	lex:vow_v1
-0.974977	lex:want_v1
-1.380200	lex:want_v2
0.383833	lex:want_v3
1.971344	lex:want_v5
0.929337	lex:we
-0.026203	lex:well
1.570663	lex:well_s_adv
-0.559128	lex:well_vp_adv
3.086467	lex:what1
-0.347866	lex:what2
-0.838738	lex:what_cp
-0.428747	lex:what_det
-0.669664	lex:what_det_freerel
-0.900727	lex:whatever1
0.900727	lex:whatever_root_pre
0.718756	lex:when_cp
-0.543915	lex:when_freerel_np
0.814532	lex:when_nom
-0.989373	lex:when_subord
0.995958	lex:where_nom
-0.995958	lex:where_subord_prd
0.438420	lex:whether_c_fin
0.938874	lex:whether_c_inf
-0.438420	lex:whether_p1
-0.938874	lex:whether_ppcomp
-0.500454	lex:which1
0.500454	lex:which_r
1.056676	lex:who1
1.341735	lex:who2
-0.640645	lex:who_cp
-0.004087	lex:whom1
0.004087	lex:whom2
0.792779	lex:will_aux_pos
-0.792779	lex:will_v1
-1.990327	lex:wish_n1
1.990327	lex:wish_n2
1.792007	lex:with_p
-1.546367	lex:with_p_nbar
0.550272	lex:with_prtcl
-0.793506	lex:with_subord
-0.002407	lex:with_subord_2
1.482198	lex:without
-0.841553	lex:without_pp
0.438420	lex:wonder_v1
-0.438420	lex:wonder_v2
3.420663	lex:work_for_v1
-2.775250	lex:work_in_v1
-0.924886	lex:work_n1
-1.205223	lex:work_on_v1
2.409582	lex:work_v1
-0.924886	lex:works_n1
-0.592734	lex:worry_v2
0.592734	lex:worry_v4
-0.993233	lex:x_for_y_nbar
-0.907221	lex:x_to_y_nbar_hyphen
1.848683	lex:yesterday_np
0.977702	lex:you
-0.977702	lex:you_plus_nbar
-0.901272	prd:^^aj-hd_scp-xp_c>pct-hd_c,cl-cl_runon-cma_c
-0.900545	prd:^^aj-hd_scp-xp_c>pct-hd_c,cl-cl_runon_c
-0.332561	prd:^^aj-hd_scp_c>av_-_s-cp-mc-pr_le,sb-hd_mc_c
-1.801907	prd:^^aj-hd_scp_c>av_-_s-cp-pr_le,sb-hd_mc_c
0.950000	prd:^^aj-hd_scp_c>hd-cmp_u_c,aj-hd_scp_c
-0.958674	prd:^^aj-hd_scp_c>hd-cmp_u_c,flr-hd_nwh-inv_c
-0.920073	prd:^^aj-hd_scp_c>hd-cmp_u_c,flr-hd_nwh_c
0.847911	prd:^^aj-hd_scp_c>hd-cmp_u_c,flr-hd_wh-mc-sb_c
-0.718756	prd:^^aj-hd_scp_c>hd-cmp_u_c,hd_imp_c
1.175204	prd:^^aj-hd_scp_c>hd-cmp_u_c,sb-hd_mc_c
1.570663	prd:^^aj-hd_scp_c>hd-pct_c,sb-hd_mc_c
0.408992	prd:^^aj-hd_scp_c>j_sbrd-pre_c,sb-hd_mc_c
0.874569	prd:^^aj-hd_scp_c>np-prdp_vpmod-pre_c,sb-hd_mc_c
-0.624432	prd:^^aj-hd_scp_c>np_voc-pre_c,sb-hd_mc_c
0.701408	prd:^^aj-np_frg_c>pct-hd_c,sp-hd_n_c
-0.701408	prd:^^aj-pp_frg_c>pct-hd_c,hd-cmp_u_c
-0.947457	prd:^^cl-cl_crd-int-t_c>sb-hd_mc_c,mrk-nh_cl_c
0.947548	prd:^^cl-cl_crd-t_c>mrk-nh_atom_c,mrk-nh_cl_c
0.789827	prd:^^cl-cl_crd-t_c>sb-hd_mc_c,mrk-nh_cl_c
0.900727	prd:^^cl-cl_runon-cma_c>aj-hd_scp_c,flr-hd_nwh_c
-0.948638	prd:^^cl-cl_runon-cma_c>hd_yesno_c,sb-hd_mc_c
-0.027112	prd:^^cl-cl_runon-cma_c>sb-hd_mc_c,hd_yesno_c
-0.640599	prd:^^cl-cl_runon-cma_c>sb-hd_mc_c,sb-hd_mc_c
0.900681	prd:^^cl-cl_runon_c>aj-hd_scp_c,hd-aj_scp_c
-0.000136	prd:^^cl-cl_runon_c>aj-hd_scp_c,sb-hd_mc_c
1.702906	prd:^^cl-cl_runon_c>hd-aj_scp-pr-mc_c,np_frg_c
-0.403724	prd:^^cl_cp-frg_c>hd-cmp_u_c
-0.906585	prd:^^cl_rel-frg_c>flr-hd_rel-fin_c
-0.749955	prd:^^cl_wh-nonfin-frg_c>flr-hd_wh-nmc-inf_c
-0.832289	prd:^^flr-hd_nwh-inv_c>hd-cmp_u_c,hd-cmp_u_c
-0.942870	prd:^^flr-hd_nwh-nc-np_c>hdn_bnp-qnt_c,hd-cmp_u_c
-1.979428	prd:^^flr-hd_nwh-nc-np_c>sp-hd_n_c,sb-hd_nmc_c
0.403724	prd:^^flr-hd_nwh-nc_c>hd-cmp_u_c,vp_cp-sb_c
0.883969	prd:^^flr-hd_nwh-nc_c>np_adv_c,sb-hd_nmc_c
-0.841553	prd:^^flr-hd_nwh-nc_c>pp_-_i_le,sb-hd_nmc_c
-0.831698	prd:^^flr-hd_nwh-nc_c>sb-hd_nmc_c,sb-hd_nmc_c
1.516485	prd:^^flr-hd_nwh_c>hd-cmp_u_c,sb-hd_nmc_c
0.912625	prd:^^flr-hd_nwh_c>hd-pct_c,sb-hd_nmc_c
-0.832652	prd:^^flr-hd_nwh_c>hdn_bnp-pn_c,sb-hd_nmc_c
-0.841417	prd:^^flr-hd_nwh_c>np_indef-adv_c,sb-hd_nmc_c
-1.600636	prd:^^flr-hd_nwh_c>sb-hd_mc_c,hd_xcmp_c
1.600636	prd:^^flr-hd_nwh_c>sb-hd_nmc_c,hd_xcmp_c
0.800954	prd:^^flr-hd_nwh_c>sb-hd_nmc_c,sb-hd_nmc_c
0.656994	prd:^^flr-hd_wh-mc-sb_c>hdn_bnp-qnt_c,hd_xsb-fin_c
0.927748	prd:^^flr-hd_wh-mc-sb_c>hdn_bnp_c,hd_xsb-fin_c
-0.450454	prd:^^flr-hd_wh-mc-sb_c>sp-hd_n_c,hd_xsb-fin_c
-0.827112	prd:^^flr-hd_wh-mc_c>hd-cmp_u_c,hd-cmp_u_c
1.554133	prd:^^flr-hd_wh-mc_c>hd-cmp_u_c,hd_xcmp_c
-0.847956	prd:^^flr-hd_wh-mc_c>hdn_bnp-qnt_c,hd-aj_scp-pr_c
0.051998	prd:^^flr-hd_wh-mc_c>hdn_bnp-qnt_c,hd-cmp_u_c
-0.728837	prd:^^flr-hd_wh-mc_c>hdn_bnp-qnt_c,hd_xcmp_c
1.586376	prd:^^flr-hd_wh-mc_c>np_adv-mnp_c,hd-cmp_u_c
-0.743188	prd:^^flr-hd_wh-mc_c>np_adv-mnp_c,hd_xcmp_c
0.101499	prd:^^flr-hd_wh-mc_c>np_adv_c,hd-cmp_u_c
-0.943233	prd:^^flr-hd_wh-mc_c>pp_-_i-wh_le,aj-hd_int_c
0.943233	prd:^^flr-hd_wh-mc_c>sp-hd_hc_c,hd-cmp_u_c
2.264441	prd:^^flr-hd_wh-mc_c>sp-hd_n_c,hd-cmp_u_c
-0.426885	prd:^^flr-hd_wh-mc_c>sp-hd_n_c,hd-hd_rnr_c
-0.928610	prd:^^flr-hd_wh-mc_c>sp-hd_n_c,hd_xcmp_c
-0.940191	prd:^^frg-cl_runon_c>np_frg_c,cl-cl_runon_c
0.998320	prd:^^frg-cl_runon_c>np_frg_c,sb-hd_mc_c
0.847956	prd:^^hd-aj_scp-pr-mc_c>flr-hd_wh-mc_c,hd-cmp_u_c
-1.596004	prd:^^hd-aj_scp-pr-mc_c>hd_yesno_c,hd-cmp_u_c
-1.602271	prd:^^hd-aj_scp-pr-mc_c>np_frg_c,hd-pct_c
1.904223	prd:^^hd-aj_scp-pr-mc_c>sb-hd_mc_c,hd-cmp_u_c
1.601817	prd:^^hd-aj_scp-pr-mc_c>sb-hd_mc_c,hd-pct_c
-0.225568	prd:^^hd-aj_scp-pr-mc_c>sb-hd_mc_c,np_voc-post_c
0.966667	prd:^^hd-aj_scp-pr_c>sb-hd_nmc_c,hd-cmp_u_c
0.212398	prd:^^hd-aj_scp_c>sb-hd_mc_c,hd-cmp_u_c
-0.929064	prd:^^hd-hd_rnr_c>hd-cmp_u_c,pp-pp_crd-sel-t_c
-0.946276	prd:^^hd_imp_c>cl-rc_c
-0.965895	prd:^^hd_imp_c>hd-aj_int-unsl_c
-0.907357	prd:^^hd_imp_c>hd-aj_scp_c
1.995413	prd:^^hd_imp_c>hd-cmp_u_c
-0.669664	prd:^^hd_inv-nwh_c>aj-hd_int_c
0.932334	prd:^^hd_inv-nwh_c>aj-hd_scp-xp_c
-0.932334	prd:^^hd_yesno-period_c>aj-hd_scp-xp_c
-0.727021	prd:^^hd_yesno_c>aj-hd_int-inv_c
1.596004	prd:^^hd_yesno_c>hd-aj_scp-pr_c
0.067620	prd:^^hd_yesno_c>hd-cmp_u_c
1.560127	prd:^^hd_yesno_c>hd_optcmp_c
0.900091	prd:^^j_frg_c>aj-hd_int_c
-0.976612	prd:^^j_frg_c>hd-aj_scp_c
-0.205540	prd:^^j_frg_c>sp-hd_hc_c
-0.998320	prd:^^np-aj_frg_c>sp-hd_n_c,hd-cmp_u_c
-0.900727	prd:^^np-cl_indef_c>hdn_bnp-qnt_c,flr-hd_nwh_c
0.982879	prd:^^np-cl_indef_c>sp-hd_n_c,sb-hd_mc_c
-2.606403	prd:^^np_frg_c>hdn_bnp-pn_c
1.602271	prd:^^np_frg_c>hdn_bnp-qnt_c
0.807493	prd:^^np_frg_c>hdn_bnp_c
1.673252	prd:^^np_frg_c>sp-hd_n_c
-0.063215	prd:^^np_nb-frg_c>hd-cmp_u_c
-0.924886	prd:^^np_nb-frg_c>hdn-aj_redrel_c
-0.965804	prd:^^pp_frg_c>hd-aj_int-unsl_c
-0.997275	prd:^^pp_frg_c>hd-cmp_u_c
0.907539	prd:^^pp_frg_c>hd-pct_c
-0.419936	prd:^^r_cl-frg_c>hd-cmp_u_c
-0.907539	prd:^^r_int-frg_c>hd-pct_c
-0.900091	prd:^^r_scp-frg_c>sp-hd_hc_c
0.070572	prd:^^sb-hd_mc_c>aj_-_i_le,hd-cmp_u_c
1.699909	prd:^^sb-hd_mc_c>cl_np-wh_c,aj-hd_int_c
1.163124	prd:^^sb-hd_mc_c>cl_np-wh_c,hd-cmp_u_c
0.132380	prd:^^sb-hd_mc_c>hd-aj_int-unsl_c,hd-cmp_u_c
2.686104	prd:^^sb-hd_mc_c>hd-cmp_u_c,hd-cmp_u_c
0.958674	prd:^^sb-hd_mc_c>hd-cmp_u_c,vp_cp-sb-inf_c
-0.673115	prd:^^sb-hd_mc_c>hd_optcmp_c,hd-cmp_u_c
-0.141462	prd:^^sb-hd_mc_c>hdn-np_app-pnr-rbc_c,hd-cmp_u_c
-0.941644	prd:^^sb-hd_mc_c>hdn-np_app-r-pr_c,hd-cmp_u_c
-0.961717	prd:^^sb-hd_mc_c>hdn-np_app-r_c,hd-cmp_u_c
0.105313	prd:^^sb-hd_mc_c>hdn_bnp-num_c,hd-cmp_u_c
-1.889419	prd:^^sb-hd_mc_c>hdn_bnp-pn_c,cl-rc_c
-0.124796	prd:^^sb-hd_mc_c>hdn_bnp-pn_c,hd-aj_int-unsl_c
-0.541099	prd:^^sb-hd_mc_c>hdn_bnp-pn_c,hd-aj_scp_c
-2.247048	prd:^^sb-hd_mc_c>hdn_bnp-pn_c,hd-cmp_u_c
0.953179	prd:^^sb-hd_mc_c>hdn_bnp-pn_c,hd-hd_rnr_c
-0.132652	prd:^^sb-hd_mc_c>hdn_bnp-pn_c,hd-pct_c
-1.899500	prd:^^sb-hd_mc_c>hdn_bnp-pn_c,hd_optcmp_c
0.397911	prd:^^sb-hd_mc_c>hdn_bnp-pn_c,vp-vp_crd-fin-t_c
0.990327	prd:^^sb-hd_mc_c>hdn_bnp-qnt_c,aj-hd_scp-xp_c
0.198183	prd:^^sb-hd_mc_c>hdn_bnp-qnt_c,cl-rc_c
-0.368710	prd:^^sb-hd_mc_c>hdn_bnp-qnt_c,hd-aj_int-unsl_c
-0.997366	prd:^^sb-hd_mc_c>hdn_bnp-qnt_c,hd-aj_scp-pr_c
-0.259401	prd:^^sb-hd_mc_c>hdn_bnp-qnt_c,hd-aj_scp_c
-1.074114	prd:^^sb-hd_mc_c>hdn_bnp-qnt_c,hd-cmp_u_c
1.148683	prd:^^sb-hd_mc_c>hdn_bnp-qnt_c,hd_optcmp_c
-0.788828	prd:^^sb-hd_mc_c>hdn_bnp-vger_c,hd-aj_int-unsl_c
2.501998	prd:^^sb-hd_mc_c>hdn_bnp-vger_c,hd-cmp_u_c
-0.952679	prd:^^sb-hd_mc_c>hdn_bnp_c,hd-aj_int-unsl_c
1.934015	prd:^^sb-hd_mc_c>hdn_bnp_c,hd-cmp_u_c
0.076340	prd:^^sb-hd_mc_c>hdn_bnp_c,hd_optcmp_c
-0.908629	prd:^^sb-hd_mc_c>hdn_optcmp_c,hd-cmp_u_c
-0.820436	prd:^^sb-hd_mc_c>n_-_pr-it-x_le,hd-aj_int-unsl_c
3.469528	prd:^^sb-hd_mc_c>n_-_pr-it-x_le,hd-cmp_u_c
-0.535286	prd:^^sb-hd_mc_c>n_-_pr-there-x_le,hd-aj_int-unsl_c
-0.915259	prd:^^sb-hd_mc_c>n_-_pr-there-x_le,hd-aj_scp_c
-2.648547	prd:^^sb-hd_mc_c>n_-_pr-there-x_le,hd-cmp_u_c
4.955813	prd:^^sb-hd_mc_c>n_-_pr-there-x_le,hd_optcmp_c
-0.859628	prd:^^sb-hd_mc_c>np-hdn_ttl-cpd-pl_c,hd-cmp_u_c
1.237602	prd:^^sb-hd_mc_c>np-np_crd-i-t_c,hd-cmp_u_c
-1.655041	prd:^^sb-hd_mc_c>np-np_crd-t_c,hd-aj_int-unsl_c
0.684923	prd:^^sb-hd_mc_c>np-np_crd-t_c,hd-cmp_u_c
-0.750363	prd:^^sb-hd_mc_c>np-prdp_vpmod_c,hd-cmp_u_c
-0.959491	prd:^^sb-hd_mc_c>np_adv_c,hd-cmp_u_c
2.212307	prd:^^sb-hd_mc_c>sp-hd_hc_c,hd-cmp_u_c
0.954450	prd:^^sb-hd_mc_c>sp-hd_n_c,aj-hd_int_c
0.992779	prd:^^sb-hd_mc_c>sp-hd_n_c,aj-hd_scp-xp_c
0.062579	prd:^^sb-hd_mc_c>sp-hd_n_c,cl-rc_c
-1.675795	prd:^^sb-hd_mc_c>sp-hd_n_c,hd-aj_int-unsl_c
-2.505858	prd:^^sb-hd_mc_c>sp-hd_n_c,hd-aj_scp_c
0.972888	prd:^^sb-hd_mc_c>sp-hd_n_c,hd-cmp_u_c
-0.900863	prd:^^sb-hd_mc_c>sp-hd_n_c,hd-hd_rnr_c
1.200681	prd:^^sb-hd_mc_c>sp-hd_n_c,hd-pct_c
0.025295	prd:^^sb-hd_mc_c>sp-hd_n_c,hd_optcmp_c
0.900863	prd:^^sb-hd_mc_c>sp-hd_n_c,vp-vp_crd-fin-t_c
-0.698683	prd:^^vp_fin-frg_c>hd-cmp_u_c
0.807448	prd:^^vp_fin-frg_c>hd-pct_c
-0.807448	prd:^^vp_nfin-frg_c>hd-pct_c
-0.727021	prd:aj-hd_int-inv_c^flr-hd_wh-mc_c>sp-hd_n_c,hd-cmp_u_c
-0.792779	prd:aj-hd_int_c^hd-aj_int-unsl_c>hd-cmp_u_c,hd-cmp_u_c
-0.189600	prd:aj-hd_int_c^hd-aj_int-unsl_c>hd-cmp_u_c,np_adv_c
-1.480699	prd:aj-hd_int_c^hd-cmp_u_c>cm_vp_to_le,hd-cmp_u_c
0.592734	prd:aj-hd_int_c^hd-cmp_u_c>cm_vp_to_le,hd_optcmp_c
-0.592734	prd:aj-hd_int_c^hd-cmp_u_c>cm_vp_to_le,hd_xcmp_c
-0.516213	prd:aj-hd_int_c^hd-cmp_u_c>hd-cmp_u_c,hd-cmp_u_c
-0.700999	prd:aj-hd_int_c^hd-cmp_u_c>hd-cmp_u_c,hd-pct_c
-0.943233	prd:aj-hd_int_c^hd-cmp_u_c>hd-cmp_u_c,hd_xaj-int-vp_c
2.402997	prd:aj-hd_int_c^hd-cmp_u_c>hd-cmp_u_c,np_adv_c
1.966848	prd:aj-hd_int_c^hd-cmp_u_c>hd_optcmp_c,hd-cmp_u_c
0.289419	prd:aj-hd_int_c^hd-cmp_u_c>hd_optcmp_c,sb-hd_nmc_c
0.766440	prd:aj-hd_int_c^hd-cmp_u_c>p_np_i-dgsp_le,hdn_bnp-qnt_c
-1.538601	prd:aj-hd_int_c^hd-cmp_u_c>p_np_i-reg_le,sp-hd_n_c
-0.593915	prd:aj-hd_int_c^hd-cmp_u_c>sp-hd_hc_c,hd-cmp_u_c
1.889510	prd:aj-hd_int_c^hd-cmp_u_c>v_3s-fin_olr,hd-cmp_u_c
-0.919482	prd:aj-hd_int_c^hd-cmp_u_c>v_aux-sb-inv-ell_dlr,hdn_bnp-pn_c
1.700363	prd:aj-hd_int_c^hd-cmp_u_c>v_n3s-bse_ilr,hd-aj_int-unsl_c
-1.700363	prd:aj-hd_int_c^hd-cmp_u_c>v_n3s-bse_ilr,hd-cmp_u_c
0.842507	prd:aj-hd_int_c^hd-cmp_u_c>v_n3s-bse_ilr,hdn_bnp_c
0.616076	prd:aj-hd_int_c^hd-cmp_u_c>v_prd_been_le,hd_optcmp_c
0.992916	prd:aj-hd_int_c^hd-cmp_u_c>v_prd_was_le,hd-cmp_u_c
-1.678928	prd:aj-hd_int_c^hd-cmp_u_c>v_psp_olr,hd-cmp_u_c
-0.287920	prd:aj-hd_int_c^hd-cmp_u_c>v_pst_olr,vp_nfin-frg_c
-1.809446	prd:aj-hd_int_c^hd-cmp_u_c>v_vp_had_le,hd-cmp_u_c
1.785559	prd:aj-hd_int_c^hd-cmp_u_c>v_vp_will-p_le,hd-aj_int-unsl_c
0.953815	prd:aj-hd_int_c^hd-pct_c>aj_-_i_le,pt_-_period_le
2.578656	prd:aj-hd_int_c^hd-pct_c>av_-_i-unk_le,pt_-_comma_le
0.900091	prd:aj-hd_int_c^hd-pct_c>hd-pct_c,pt_-_dqright_le
-0.593915	prd:aj-hd_int_c^hd-pct_c>v_aux-ell-ref_dlr,pt_-_period_le
-0.958401	prd:aj-hd_int_c^hd_optcmp_c>aj_pp_i-cmp_le
1.908084	prd:aj-hd_int_c^hd_optcmp_c>hd-pct_c
0.958265	prd:aj-hd_int_c^hd_optcmp_c>v_pas_odlr
0.515849	prd:aj-hd_int_c^hd_xcmp_c>hd-pct_c
-0.669664	prd:aj-hd_int_c^hdn_bnp-qnt_c>hd-cl_fr-rel_c
-0.922480	prd:aj-hd_int_c^jpr-jpr_crd-t_c>aj_-_i_le,mrk-nh_evnt_c
0.900091	prd:aj-hd_int_c^pct-hd_c>pt_-_dqleft_le,av_-_i-vp_le
-0.792779	prd:aj-hd_scp-xp_c^aj-hd_int_c>av_-_i-vp-x_le,hd-aj_int-unsl_c
1.785559	prd:aj-hd_scp-xp_c^aj-hd_int_c>av_-_i-vp-x_le,hd-cmp_u_c
-0.901272	prd:aj-hd_scp-xp_c^cl-cl_runon-cma_c>hd_imp_c,sb-hd_mc_c
-0.900545	prd:aj-hd_scp-xp_c^cl-cl_runon_c>aj-hd_scp_c,sb-hd_mc_c
0.795731	prd:aj-hd_scp-xp_c^hd-cmp_u_c>cm_vp_to_le,hd_optcmp_c
-0.917484	prd:aj-hd_scp-xp_c^hd-cmp_u_c>hd-cmp_u_c,hd-cmp_u_c
0.919482	prd:aj-hd_scp-xp_c^hd-cmp_u_c>v_aux-sb-inv-ell_dlr,hdn_bnp-pn_c
2.508674	prd:aj-hd_scp-xp_c^hd-cmp_u_c>v_n3s-bse_ilr,hdn_bnp-pn_c
0.917212	prd:aj-hd_scp-xp_c^hd-cmp_u_c>v_pas_odlr,hd-cmp_u_c
-0.839192	prd:aj-hd_scp-xp_c^hd-cmp_u_c>v_prd_be_le,np_adv_c
0.918029	prd:aj-hd_scp-xp_c^hd-cmp_u_c>v_prd_been_le,hd_optcmp_c
-2.125840	prd:aj-hd_scp-xp_c^hd-cmp_u_c>v_prp_olr,hdn_bnp_c
-0.947139	prd:aj-hd_scp-xp_c^hd-cmp_u_c>v_psp_olr,hdn_bnp-pn_c
0.990327	prd:aj-hd_scp-xp_c^hd-cmp_u_c>v_pst_olr,hd-cmp_u_c
0.917484	prd:aj-hd_scp-xp_c^hd_optcmp_c>hd-cmp_u_c
0.088601	prd:aj-hd_scp-xp_c^hd_optcmp_c>hd-pct_c
-0.990327	prd:aj-hd_scp-xp_c^hd_optcmp_c>v_pst_olr
-0.900545	prd:aj-hd_scp-xp_c^pct-hd_c>pt_-_dqleft_le,av_-_dc-like-pr_le
-0.901272	prd:aj-hd_scp-xp_c^pct-hd_c>pt_-_dqleft_le,av_-_s-cp-mc-pr_le
1.797911	prd:aj-hd_scp_c^aj-hd_scp_c>av_-_s-cp-pr_le,sb-hd_mc_c
0.900545	prd:aj-hd_scp_c^aj-hd_scp_c>hd-pct_c,sb-hd_mc_c
-0.847911	prd:aj-hd_scp_c^aj-hd_scp_c>np_voc-pre_c,flr-hd_wh-mc-sb_c
-0.958674	prd:aj-hd_scp_c^flr-hd_nwh-inv_c>hd-cmp_u_c,hd-aj_scp_c
-0.920073	prd:aj-hd_scp_c^flr-hd_nwh_c>hd_optcmp_c,sb-hd_nmc_c
-0.973933	prd:aj-hd_scp_c^flr-hd_wh-nmc-fin_c>hdn_bnp-qnt_c,hd_xsb-fin_c
-0.734696	prd:aj-hd_scp_c^hd-cmp_u_c>cm_np-vp_that_le,sb-hd_nmc_c
0.948638	prd:aj-hd_scp_c^hd-cmp_u_c>hd-cmp_u_c,aj-hd_scp-xp_c
-0.973933	prd:aj-hd_scp_c^hd-cmp_u_c>hd-cmp_u_c,hd-cmp_u_c
0.898411	prd:aj-hd_scp_c^hd-cmp_u_c>hd-cmp_u_c,sp-hd_n_c
0.419936	prd:aj-hd_scp_c^hd-cmp_u_c>p_cp_s-unsp_le,sb-hd_nmc_c
-0.932698	prd:aj-hd_scp_c^hd-cmp_u_c>p_np_s_le,hdn_bnp-pn_c
-1.693370	prd:aj-hd_scp_c^hd-cmp_u_c>p_vp_bse_le,hd-cmp_u_c
-0.997230	prd:aj-hd_scp_c^hd-cmp_u_c>p_vp_bse_le,v_n3s-bse_ilr
1.570663	prd:aj-hd_scp_c^hd-pct_c>av_-_s-cp-mc-pr_le,pt_-_comma_le
-0.718756	prd:aj-hd_scp_c^hd_imp_c>hd-cmp_u_c
-0.997230	prd:aj-hd_scp_c^hd_imp_c>hd_optcmp_c
-0.939555	prd:aj-hd_scp_c^hd_yesno-nmc_c>hd-cmp_u_c
-0.532652	prd:aj-hd_scp_c^j_sbrd-pre_c>hd-pct_c
0.941644	prd:aj-hd_scp_c^j_sbrd-pre_c>j-j_crd-prd-t_c
-0.807675	prd:aj-hd_scp_c^np-prdp_vpmod-pre_c>hdn_bnp-pn_c,hd_optcmp_c
1.682243	prd:aj-hd_scp_c^np-prdp_vpmod-pre_c>sp-hd_n_c,hd-cmp_u_c
-2.465259	prd:aj-hd_scp_c^np_voc-pre_c>hdn_bnp-pn_c
-0.847911	prd:aj-hd_scp_c^np_voc-pre_c>hdn_bnp_c
0.901272	prd:aj-hd_scp_c^np_voc-pre_c>sp-hd_n_c
0.900545	prd:aj-hd_scp_c^pct-hd_c>pt_-_dqleft_le,av_-_dc-like-pr_le
0.900727	prd:aj-hd_scp_c^pct-hd_c>pt_-_dqleft_le,av_-_s-cp-mc-pr_le
0.906540	prd:aj-hd_scp_c^pct-hd_c>pt_-_lparen_le,av_-_s-cp-nsp-pr_le
-0.540372	prd:aj-hd_scp_c^sb-hd_mc_c>cl_np-wh_c,hd-cmp_u_c
-3.205495	prd:aj-hd_scp_c^sb-hd_mc_c>hdn_bnp-pn_c,hd-aj_int-unsl_c
4.904496	prd:aj-hd_scp_c^sb-hd_mc_c>hdn_bnp-pn_c,hd-cmp_u_c
0.785695	prd:aj-hd_scp_c^sb-hd_mc_c>hdn_bnp-pn_c,hd-pct_c
-0.807675	prd:aj-hd_scp_c^sb-hd_mc_c>hdn_bnp-pn_c,hd_optcmp_c
1.807811	prd:aj-hd_scp_c^sb-hd_mc_c>hdn_bnp-qnt_c,hd-cmp_u_c
-0.819255	prd:aj-hd_scp_c^sb-hd_mc_c>hdn_bnp-vger_c,hd-pct_c
-0.032198	prd:aj-hd_scp_c^sb-hd_mc_c>n_-_pr-there-x_le,hd-cmp_u_c
0.819255	prd:aj-hd_scp_c^sb-hd_mc_c>n_-_pr-there-x_le,hd-pct_c
0.617530	prd:aj-hd_scp_c^sb-hd_mc_c>n_-_pr-there-x_le,hd_optcmp_c
-0.332561	prd:aj-hd_scp_c^sb-hd_mc_c>sp-hd_hc_c,hd-cmp_u_c
1.678474	prd:aj-hd_scp_c^sb-hd_mc_c>sp-hd_n_c,hd-cmp_u_c
-0.941099	prd:aj-hd_scp_c^sb-hd_nmc_c>hdn_bnp-pn_c,hd-cmp_u_c
-0.941099	prd:aj-hd_scp_c^vp_sbrd-pre_c>hd-cmp_u_c
-0.913488	prd:aj-hdn_adjn_c^aj-hdn_norm_c>aj_-_i-crd-one_le,hdn_optcmp_c
0.907811	prd:aj-hdn_adjn_c^aj-hdn_norm_c>j-j_crd-att-t_c,n_sg_ilr
0.907811	prd:aj-hdn_adjn_c^hd-pct_c>aj_-_i-er_le,pt_-_comma-informal_le
0.959900	prd:aj-hdn_adjn_c^n-hdn_cpd-pl_c>n_-_c-pl_le,n_sg_ilr
0.985286	prd:aj-hdn_adjn_c^n-hdn_cpd_c>n_-_mc_le,hd-pct_c
-0.985286	prd:aj-hdn_adjn_c^n-hdn_cpd_c>n_n-co-ni_dlr,hd-pct_c
0.959900	prd:aj-hdn_adjn_c^v_j-nb-pas-tr_dlr>v_pas_odlr
0.913488	prd:aj-hdn_norm_c^aj-hd_int_c>av_-_i-vp_le,aj_-_i-crd-one_le
0.801362	prd:aj-hdn_norm_c^hd-cmp_u_c>n_ms-cnt_ilr,hd-cmp_u_c
-0.589328	prd:aj-hdn_norm_c^hd-cmp_u_c>v_j-nb-pas-ptcl_dlr,p_np_ptcl_le
-1.552952	prd:aj-hdn_norm_c^hd-pct_c>n_ms-cnt_ilr,pt_-_period_le
0.939101	prd:aj-hdn_norm_c^hd-pct_c>n_pl-irreg-noaff_olr,pt_-_period_le
1.467030	prd:aj-hdn_norm_c^hd-pct_c>n_pl_olr,pt_-_period_le
-2.702679	prd:aj-hdn_norm_c^hd-pct_c>n_sg_ilr,pt_-_period_le
-0.901317	prd:aj-hdn_norm_c^hd-pct_nobrk_c>v_j-nb-intr_dlr,pt_-_hyphn-rgt_le
1.827339	prd:aj-hdn_norm_c^hd_optcmp_c>aj_pp_i-cmp_le
-0.858538	prd:aj-hdn_norm_c^hd_optcmp_c>j_tough_dlr
1.846821	prd:aj-hdn_norm_c^hdn_optcmp_c>hd-pct_c
-0.801362	prd:aj-hdn_norm_c^hdn_optcmp_c>n_ms-cnt_ilr
2.547184	prd:aj-hdn_norm_c^hdn_optcmp_c>n_pl_olr
-0.365804	prd:aj-hdn_norm_c^hdn_optcmp_c>n_sg_ilr
0.907811	prd:aj-hdn_norm_c^j-j_crd-att-t_c>hd-pct_c,mrk-nh_evnt_c
-0.952180	prd:aj-hdn_norm_c^n-v_j-cpd_c>n_-_pn_le,v_prp_olr
1.268392	prd:aj-hdn_norm_c^n_ms-cnt_ilr>n_-_mc_le
-0.839782	prd:aj-hdn_norm_c^n_ms_ilr>n_-_m-time_le
-0.083243	prd:aj-hdn_norm_c^n_ms_ilr>n_-_m_le
0.755404	prd:aj-hdn_norm_c^n_pl-irreg-noaff_olr>n_-_c_le
-0.843188	prd:aj-hdn_norm_c^n_pl_olr>n_-_c-hour_le
0.869391	prd:aj-hdn_norm_c^n_pl_olr>n_-_c_le
-2.002452	prd:aj-hdn_norm_c^n_sg_ilr>n_-_c-ed_le
0.960581	prd:aj-hdn_norm_c^n_sg_ilr>n_-_c-sg_le
0.177566	prd:aj-hdn_norm_c^n_sg_ilr>n_-_c-time_le
0.959855	prd:aj-hdn_norm_c^n_sg_ilr>n_-_c_le
-0.986649	prd:aj-hdn_norm_c^n_sg_ilr>n_-_pn-gen_le
0.221026	prd:aj-hdn_norm_c^sp-hd_hc_c>av_-_dg-cmp-so_le,aj_-_i-many-spr_le
1.010718	prd:aj-hdn_norm_c^sp-hd_hc_c>av_-_dg-v-wh_le,aj_-_i-many-spr_le
-0.323524	prd:aj-hdn_norm_c^sp-hd_hc_c>av_pp_dg-as_le,aj_-_i-many-spr_le
0.972298	prd:aj-hdn_norm_c^v_j-nb-intr_dlr>v_prp_olr
-0.959083	prd:aj-hdn_norm_c^v_j-nb-pas-tr_dlr>v_pas_odlr
-1.551907	prd:aj-hdn_norm_c^v_j-nb-prp-tr_dlr>v_prp_olr
-0.957584	prd:aj-hdn_norm_c^v_j-nme-tr_dlr>v_pas_odlr
0.701408	prd:aj-np_frg_c^pct-hd_c>pt_-_dqleft_le,hd-pct_c
0.701408	prd:aj-np_frg_c^sp-hd_n_c>d_-_sg-nmd_le,hd-pct_c
-0.701408	prd:aj-pp_frg_c^hd-cmp_u_c>p_nb_i-nm_le,hd-pct_c
-0.701408	prd:aj-pp_frg_c^pct-hd_c>pt_-_dqleft_le,hd-pct_c
-0.941644	prd:aj_prt-det-ncp_c^j-j_crd-prd-t_c>aj_-_i_le,mrk-nh_evnt_c
-0.947457	prd:cl-cl_crd-int-t_c^mrk-nh_cl_c>c_xp_or_le,hd_yesno_c
-0.947457	prd:cl-cl_crd-int-t_c^sb-hd_mc_c>hdn_bnp-pn_c,hd-cmp_u_c
-0.800000	prd:cl-cl_crd-t_c^flr-hd_nwh-nc_c>hd-cmp_u_c,hd_imp_c
0.800000	prd:cl-cl_crd-t_c^flr-hd_nwh-nc_c>hd-cmp_u_c,sb-hd_nmc_c
0.947548	prd:cl-cl_crd-t_c^mrk-nh_atom_c>c_xp_either-mrk_le,sb-hd_mc_c
0.789918	prd:cl-cl_crd-t_c^mrk-nh_cl_c>c_xp_and_le,sb-hd_mc_c
0.947457	prd:cl-cl_crd-t_c^mrk-nh_cl_c>c_xp_or_le,hd_yesno_c
-0.993960	prd:cl-cl_crd-t_c^sb-hd_mc_c>hdn_bnp-pn_c,hd-aj_int-unsl_c
2.731335	prd:cl-cl_crd-t_c^sb-hd_mc_c>hdn_bnp-pn_c,hd-cmp_u_c
-1.100363	prd:cl-cl_crd-t_c^sb-hd_mc_c>n_-_pr-there-x_le,hd-cmp_u_c
1.100363	prd:cl-cl_crd-t_c^sb-hd_mc_c>n_-_pr-there-x_le,hd_optcmp_c
-0.947548	prd:cl-cl_crd-t_c^sb-hd_mc_c>sp-hd_n_c,hd-cmp_u_c
0.900727	prd:cl-cl_runon-cma_c^aj-hd_scp_c>pct-hd_c,sb-hd_mc_c
0.900727	prd:cl-cl_runon-cma_c^flr-hd_nwh_c>sb-hd_nmc_c,hd_xcmp_c
-0.901272	prd:cl-cl_runon-cma_c^hd_imp_c>hd-cmp_u_c
-0.975749	prd:cl-cl_runon-cma_c^hd_yesno_c>hd-cmp_u_c
-0.900999	prd:cl-cl_runon-cma_c^sb-hd_mc_c>hdn_bnp-qnt_c,hd-aj_scp_c
0.800772	prd:cl-cl_runon-cma_c^sb-hd_mc_c>hdn_bnp-qnt_c,hd-cmp_u_c
-0.800954	prd:cl-cl_runon-cma_c^sb-hd_mc_c>hdn_bnp-qnt_c,hd_optcmp_c
-0.640645	prd:cl-cl_runon-cma_c^sb-hd_mc_c>hdn_bnp-vger_c,hd-cmp_u_c
-1.380563	prd:cl-cl_runon-cma_c^sb-hd_mc_c>n_-_pr-it-x_le,hd-cmp_u_c
1.615441	prd:cl-cl_runon-cma_c^sb-hd_mc_c>n_-_pr-it-x_le,hd-pct_c
-0.948638	prd:cl-cl_runon-cma_c^sb-hd_mc_c>sp-hd_n_c,hd-cmp_u_c
-0.902634	prd:cl-cl_runon-cma_c^sb-hd_mc_c>sp-hd_n_c,hd-pct_c
-0.900545	prd:cl-cl_runon_c^aj-hd_scp_c>hd-pct_c,sb-hd_mc_c
0.900545	prd:cl-cl_runon_c^aj-hd_scp_c>pct-hd_c,aj-hd_scp_c
-0.918392	prd:cl-cl_runon_c^flr-hd_wh-mc_c>hdn_bnp-qnt_c,hd-cmp_u_c
0.918392	prd:cl-cl_runon_c^flr-hd_wh-mc_c>np_adv_c,hd-cmp_u_c
1.702906	prd:cl-cl_runon_c^hd-aj_scp-pr-mc_c>flr-hd_wh-mc_c,hd-pct_nobrk_c
0.900681	prd:cl-cl_runon_c^hd-aj_scp_c>sb-hd_mc_c,hd-cmp_u_c
1.702906	prd:cl-cl_runon_c^np_frg_c>sp-hd_n_c
-1.840872	prd:cl-cl_runon_c^sb-hd_mc_c>hdn_bnp-qnt_c,hd-cmp_u_c
-0.940191	prd:cl-cl_runon_c^vp_nfin-frg_c>hd-cmp_u_c
-0.990327	prd:cl-rc_c^aj-hd_scp-xp_c>av_-_s-vp-x_le,hd_optcmp_c
-0.722298	prd:cl-rc_c^flr-hd_rel-fin-pp_c>pp-pp_crd-t_c,sb-hd_nmc_c
-0.626431	prd:cl-rc_c^flr-hd_rel-fin_c>n_-_pr-rel-acc_le,sb-hd_nmc_c
1.099183	prd:cl-rc_c^flr-hd_rel-fin_c>n_-_pr-rel-nwh_le,hd_xsb-fin_c
-1.721208	prd:cl-rc_c^flr-hd_rel-fin_c>n_-_pr-rel-nwh_le,sb-hd_nmc_c
2.600727	prd:cl-rc_c^flr-hd_rel-fin_c>n_-_pr-rel-what_le,hd_xsb-fin_c
-4.020754	prd:cl-rc_c^flr-hd_rel-fin_c>n_-_pr-rel-who_le,hd_xsb-fin_c
-0.916985	prd:cl-rc_c^flr-hd_rel-fin_c>n_-_pr-rel-who_le,sb-hd_nmc_c
1.099183	prd:cl-rc_c^hd-aj_int-unsl_c>hd-cmp_u_c,np_adv_c
-1.115895	prd:cl-rc_c^hd-aj_int-unsl_c>hd_optcmp_c,hd-cmp_u_c
-0.515441	prd:cl-rc_c^hd-cmp_u_c>v_3s-fin_olr,hd-cmp_u_c
-0.946276	prd:cl-rc_c^hd-cmp_u_c>v_n3s-bse_ilr,hdn_bnp_c
-0.722298	prd:cl-rc_c^hd-cmp_u_c>v_np_is_le,sp-hd_n_c
-0.910263	prd:cl-rc_c^hd-cmp_u_c>v_np_was_le,hdn_bnp-pn_c
-0.849137	prd:cl-rc_c^hd-cmp_u_c>v_prd_was_le,hd-cmp_u_c
0.911717	prd:cl-rc_c^hd-cmp_u_c>v_prd_was_le,hd_optcmp_c
1.480336	prd:cl-rc_c^hd-cmp_u_c>v_pst_olr,hdn_bnp-pn_c
-0.916985	prd:cl-rc_c^hd-cmp_u_c>v_pst_olr,sp-hd_n_c
1.702725	prd:cl-rc_c^hd-cmp_u_c>v_vp_has_le,hd-aj_int-unsl_c
-0.999500	prd:cl-rc_c^hd-pct_c>v_pst_olr,pt_-_comma-informal_le
0.999500	prd:cl-rc_c^hd-pct_c>v_pst_olr,pt_-_comma_le
-0.626431	prd:cl-rc_c^hd_optcmp_c>v_n3s-bse_ilr
-0.911717	prd:cl-rc_c^hd_optcmp_c>v_pas_odlr
-0.996957	prd:cl-rc_c^hd_xcmp_c>hd-cmp_u_c
0.977702	prd:cl_adv_c^sb-hd_nmc_c>hdn_bnp-qnt_c,hd_xcmp_c
-0.403724	prd:cl_cp-frg_c^hd-cmp_u_c>cm_np-vp_that_le,sb-hd_nmc_c
-1.647956	prd:cl_np-wh_c^flr-hd_wh-nmc-fin_c>hd-cmp_u_c,vp_cp-sb_c
-1.367348	prd:cl_np-wh_c^flr-hd_wh-nmc-fin_c>hdn_bnp-qnt_c,hd_xsb-fin_c
2.509173	prd:cl_np-wh_c^flr-hd_wh-nmc-fin_c>hdn_bnp-qnt_c,sb-hd_nmc_c
-0.487511	prd:cl_np-wh_c^flr-hd_wh-nmc-fin_c>hdn_bnp-vger_c,sb-hd_nmc_c
3.175295	prd:cl_np-wh_c^flr-hd_wh-nmc-fin_c>np_adv_c,sb-hd_nmc_c
-1.874932	prd:cl_np-wh_c^flr-hd_wh-nmc-fin_c>sp-hd_hc_c,sb-hd_nmc_c
-0.887239	prd:cl_np-wh_c^flr-hd_wh-nmc-fin_c>sp-hd_n_c,hd_xsb-fin_c
0.749955	prd:cl_np-wh_c^flr-hd_wh-nmc-inf_c>hdn_bnp-qnt_c,hd-cmp_u_c
-0.887557	prd:cl_np-wh_c^hd-cmp_u_c>cm_np-vp_wh_le,sb-hd_nmc_c
-0.949682	prd:cl_rc-fin-modgap_c^sb-hd_nmc_c>hdn_bnp-pn_c,hd-cmp_u_c
-0.929064	prd:cl_rc-fin-modgap_c^sb-hd_nmc_c>hdn_bnp-pn_c,hd_xaj-int-vp_c
0.837557	prd:cl_rc-fin-nwh_c^sb-hd_nmc_c>hdn_bnp-pn_c,hd-cmp_u_c
-0.545550	prd:cl_rc-fin-nwh_c^sb-hd_nmc_c>hdn_bnp-pn_c,hd_xcmp_c
-2.765940	prd:cl_rc-fin-nwh_c^sb-hd_nmc_c>hdn_bnp-qnt_c,hd-cmp_u_c
-0.809083	prd:cl_rc-fin-nwh_c^sb-hd_nmc_c>hdn_bnp_c,hd_xcmp_c
0.731108	prd:cl_rc-fin-nwh_c^sb-hd_nmc_c>n_-_pr-there-x_le,hd-aj_int-sl_c
0.967711	prd:cl_rc-fin-nwh_c^sb-hd_nmc_c>sp-hd_n_c,hd-cmp_u_c
-1.463533	prd:cl_rc-inf-nwh-sb_c^hd-cmp_u_c>cm_vp_to_le,hd-cmp_u_c
2.088692	prd:cl_rc-inf-nwh-sb_c^hd-cmp_u_c>cm_vp_to_le,hd-pct_c
-5.205631	prd:cl_rc-inf-nwh-sb_c^hd-cmp_u_c>cm_vp_to_le,hd_optcmp_c
1.913488	prd:cl_rc-inf-nwh-sb_c^hd-cmp_u_c>cm_vp_to_le,v_n3s-bse_ilr
-0.592734	prd:cl_rc-inf-nwh_c^aj-hd_int_c>av_-_i-vp-x_le,hd-cmp_u_c
-0.930745	prd:cl_rc-inf-nwh_c^hd-cmp_u_c>cm_vp_to_le,hd-aj_int-unsl_c
-0.737511	prd:cl_rc-inf-nwh_c^hd-cmp_u_c>cm_vp_to_le,hd-cmp_u_c
0.937738	prd:cl_rc-inf-nwh_c^hd-cmp_u_c>cm_vp_to_le,hd_optcmp_c
-0.552407	prd:cl_rc-inf-nwh_c^hd-cmp_u_c>cm_vp_to_le,hd_xcmp_c
-1.521344	prd:cl_rc-inf-nwh_c^hd-cmp_u_c>hd-cmp_u_c,hd-cmp_u_c
-1.990327	prd:cl_rc-instr_c^hd-cmp_u_c>cm_vp_to_le,hd-aj_int-unsl_c
-0.565985	prd:cl_rc-instr_c^hd-cmp_u_c>cm_vp_to_le,hd-cmp_u_c
-0.997593	prd:cl_rc-instr_c^hd-cmp_u_c>cm_vp_to_le,hd-pct_c
1.835876	prd:cl_rc-instr_c^hd-cmp_u_c>cm_vp_to_le,hd_optcmp_c
-1.775658	prd:cl_rc-instr_c^hd-cmp_u_c>cm_vp_to_le,v_n3s-bse_ilr
-0.906585	prd:cl_rel-frg_c^flr-hd_rel-fin_c>n_-_pr-rel-nwh_le,hd_xsb-fin_c
-0.749955	prd:cl_wh-nonfin-frg_c^flr-hd_wh-nmc-inf_c>hdn_bnp-qnt_c,hd-cmp_u_c
-0.958674	prd:flr-hd_nwh-inv_c^hd-aj_scp_c>hd_xaj-int-s_c,vp_sbrd-prd-pas_c
-0.832289	prd:flr-hd_nwh-inv_c^hd-cmp_u_c>hd-cmp_u_c,hd_xaj-int-vp_c
-1.790963	prd:flr-hd_nwh-inv_c^hd-cmp_u_c>p_np_i-reg_le,sp-hd_n_c
-0.942870	prd:flr-hd_nwh-nc-np_c^hd-cmp_u_c>hd-cmp_u_c,hd_xsb-fin_c
-0.942870	prd:flr-hd_nwh-nc-np_c^hdn_bnp-qnt_c>n_-_pr-she_le
-0.992779	prd:flr-hd_nwh-nc-np_c^sb-hd_nmc_c>sp-hd_hc_c,hd-cmp_u_c
-0.986649	prd:flr-hd_nwh-nc-np_c^sb-hd_nmc_c>sp-hd_n_c,hd-cmp_u_c
-0.986649	prd:flr-hd_nwh-nc-np_c^sp-hd_n_c>d_-_the_le,n_ms-cnt_ilr
-0.992779	prd:flr-hd_nwh-nc-np_c^sp-hd_n_c>d_-_the_le,n_pl_olr
0.403724	prd:flr-hd_nwh-nc_c^hd-cmp_u_c>cm_np-vp_that_le,sb-hd_nmc_c
-0.800000	prd:flr-hd_nwh-nc_c^hd-cmp_u_c>p_np_i-tmp_le,hdn-aj_rc_c
0.800000	prd:flr-hd_nwh-nc_c^hd-cmp_u_c>p_np_i-tmp_le,hdn_optcmp_c
-0.800000	prd:flr-hd_nwh-nc_c^hd_imp_c>hd_xaj-int-vp_c
0.883969	prd:flr-hd_nwh-nc_c^np_adv_c>hdn_bnp-qnt_c
-0.841553	prd:flr-hd_nwh-nc_c^sb-hd_nmc_c>hdn-np_app-idf-rbc_c,hd_xaj-int-vp_c
-0.779473	prd:flr-hd_nwh-nc_c^sb-hd_nmc_c>hdn_bnp-pn_c,hd-aj_int-unsl_c
0.643415	prd:flr-hd_nwh-nc_c^sb-hd_nmc_c>hdn_bnp-pn_c,hd-cmp_u_c
0.188329	prd:flr-hd_nwh-nc_c^sb-hd_nmc_c>hdn_bnp-pn_c,hd_xaj-int-vp_c
-0.831698	prd:flr-hd_nwh-nc_c^sb-hd_nmc_c>hdn_bnp-pn_c,hd_xcmp_c
0.800000	prd:flr-hd_nwh-nc_c^sb-hd_nmc_c>hdn_bnp-qnt_c,hd-aj_scp_c
0.403724	prd:flr-hd_nwh-nc_c^vp_cp-sb_c>hd-cmp_u_c
-0.898411	prd:flr-hd_nwh_c^hd-cmp_u_c>p_np_i_le,hdn-np_app_c
0.640645	prd:flr-hd_nwh_c^hd-cmp_u_c>p_np_i_le,hdn_bnp-vger_c
2.030654	prd:flr-hd_nwh_c^hd-cmp_u_c>p_np_i_le,hdn_bnp_c
-1.189101	prd:flr-hd_nwh_c^hd-cmp_u_c>p_np_i_le,sp-hd_n_c
0.932698	prd:flr-hd_nwh_c^hd-cmp_u_c>p_np_ptcl_le,hdn_bnp-pn_c
1.497956	prd:flr-hd_nwh_c^hd-pct_c>aj_-_i_le,pt_-_comma_le
-0.585332	prd:flr-hd_nwh_c^hd-pct_c>av_-_i-vp-po_le,pt_-_comma_le
-0.920073	prd:flr-hd_nwh_c^hd_optcmp_c>hd-pct_c
-0.832652	prd:flr-hd_nwh_c^hdn_bnp-pn_c>hd-pct_c
-0.841417	prd:flr-hd_nwh_c^np_indef-adv_c>sp-hd_n_c
-0.900727	prd:flr-hd_nwh_c^sb-hd_mc_c>hdn_bnp-qnt_c,hd-cmp_u_c
-1.600636	prd:flr-hd_nwh_c^sb-hd_mc_c>sp-hd_n_c,hd-cmp_u_c
-2.315577	prd:flr-hd_nwh_c^sb-hd_nmc_c>hdn_bnp-pn_c,hd-cmp_u_c
-0.344323	prd:flr-hd_nwh_c^sb-hd_nmc_c>hdn_bnp-pn_c,hd_xaj-int-vp_c
1.598002	prd:flr-hd_nwh_c^sb-hd_nmc_c>hdn_bnp-pn_c,hd_xcmp_c
1.701680	prd:flr-hd_nwh_c^sb-hd_nmc_c>hdn_bnp-qnt_c,hd-cmp_u_c
0.800954	prd:flr-hd_nwh_c^sb-hd_nmc_c>hdn_bnp-qnt_c,hd_xcmp_c
0.640645	prd:flr-hd_nwh_c^sb-hd_nmc_c>n_-_pr-it-x_le,hd-cmp_u_c
-0.585332	prd:flr-hd_nwh_c^sb-hd_nmc_c>n_-_pr-there-x_le,hd_xaj-int-vp_c
0.932743	prd:flr-hd_nwh_c^sb-hd_nmc_c>sp-hd_n_c,hd-aj_int-sl_c
0.667893	prd:flr-hd_nwh_c^sb-hd_nmc_c>sp-hd_n_c,hd-cmp_u_c
0.841553	prd:flr-hd_nwh_c^sb-hd_nmc_c>sp-hd_n_c,hd_xaj-int-vp_c
-0.930518	prd:flr-hd_rel-fin-pp_c^hd-cmp_u_c>p_np_i-nnm-nprd_le,n_-_pr-rel-acc_le
1.561035	prd:flr-hd_rel-fin-pp_c^hd-cmp_u_c>p_np_ptcl-of_le,n_-_pr-rel-acc_le
-1.645958	prd:flr-hd_rel-fin-pp_c^sb-hd_nmc_c>hdn_bnp-pn_c,hd_xaj-int-vp_c
1.561035	prd:flr-hd_rel-fin-pp_c^sb-hd_nmc_c>hdn_bnp-pn_c,hd_xcmp_c
0.900636	prd:flr-hd_rel-fin-pp_c^sb-hd_nmc_c>hdn_bnp-qnt_c,hd_xaj-int-vp_c
2.404087	prd:flr-hd_rel-fin_c^hd_xsb-fin_c>hd-aj_int-unsl_c
-1.822707	prd:flr-hd_rel-fin_c^hd_xsb-fin_c>hd-cmp_u_c
-0.901362	prd:flr-hd_rel-fin_c^hd_xsb-fin_c>v_3s-fin_olr
1.345595	prd:flr-hd_rel-fin_c^hd_xsb-fin_c>vp-vp_crd-fin-t_c
-1.227157	prd:flr-hd_rel-fin_c^sb-hd_nmc_c>hdn_bnp-pn_c,hd-cmp_u_c
1.647275	prd:flr-hd_rel-fin_c^sb-hd_nmc_c>hdn_bnp-pn_c,hd_xcmp_c
0.977611	prd:flr-hd_rel-fin_c^sb-hd_nmc_c>hdn_bnp-qnt_c,hd-cmp_u_c
2.093460	prd:flr-hd_rel-fin_c^sb-hd_nmc_c>n_-_pr-there-x_le,hd-aj_scp_c
-1.262307	prd:flr-hd_rel-fin_c^sb-hd_nmc_c>n_-_pr-there-x_le,hd-cmp_u_c
-0.831153	prd:flr-hd_rel-fin_c^sb-hd_nmc_c>n_-_pr-there-x_le,hd_optcmp_c
1.227520	prd:flr-hd_rel-fin_c^sb-hd_nmc_c>sp-hd_n_c,hd-aj_int-sl_c
-1.227520	prd:flr-hd_rel-fin_c^sb-hd_nmc_c>sp-hd_n_c,hd-cmp_u_c
0.330381	prd:flr-hd_rel-fin_c^sp-hd_n_c>d_-_poss-rel_le,hdn_optcmp_c
-0.330381	prd:flr-hd_rel-fin_c^sp-hd_n_c>d_-_poss-rel_le,np-hdn_ttl-cpd_c
-1.959219	prd:flr-hd_wh-mc-sb_c^hd_xsb-fin_c>hd-aj_int-unsl_c
3.093506	prd:flr-hd_wh-mc-sb_c^hd_xsb-fin_c>hd-cmp_u_c
0.656994	prd:flr-hd_wh-mc-sb_c^hdn_bnp-qnt_c>hdn_optcmp_c
0.927748	prd:flr-hd_wh-mc-sb_c^hdn_bnp_c>aj-hdn_norm_c
0.019210	prd:flr-hd_wh-mc-sb_c^sp-hd_n_c>d_-_prt-unsp_le,hdn_optcmp_c
-0.469664	prd:flr-hd_wh-mc-sb_c^sp-hd_n_c>d_-_wh_le,n_sg_ilr
-0.943233	prd:flr-hd_wh-mc_c^aj-hd_int_c>av_-_i-vp-x_le,hd-cmp_u_c
-0.847956	prd:flr-hd_wh-mc_c^hd-aj_scp-pr_c>hd-cmp_u_c,hd-cmp_u_c
0.515849	prd:flr-hd_wh-mc_c^hd-cmp_u_c>hd-cmp_u_c,aj-hd_int_c
1.349137	prd:flr-hd_wh-mc_c^hd-cmp_u_c>hd-cmp_u_c,hd-aj_int-sl_c
2.176885	prd:flr-hd_wh-mc_c^hd-cmp_u_c>hd-cmp_u_c,hd-cmp_u_c
2.629882	prd:flr-hd_wh-mc_c^hd-cmp_u_c>hd-cmp_u_c,hd_xaj-int-vp_c
-0.876249	prd:flr-hd_wh-mc_c^hd-cmp_u_c>hd-cmp_u_c,hd_xcmp_c
-1.554133	prd:flr-hd_wh-mc_c^hd-cmp_u_c>hd-cmp_u_c,sp-hd_n_c
1.554133	prd:flr-hd_wh-mc_c^hd-cmp_u_c>p_np_i-nm-poss_le,sp-hd_n_c
-0.727293	prd:flr-hd_wh-mc_c^hd-cmp_u_c>p_np_i-nnm_le,hdn_bnp-qnt_c
0.727021	prd:flr-hd_wh-mc_c^hd-cmp_u_c>p_np_i-reg_le,sp-hd_n_c
-0.919346	prd:flr-hd_wh-mc_c^hd-cmp_u_c>p_np_i_le,hdn_bnp-qnt_c
-1.554133	prd:flr-hd_wh-mc_c^hd-cmp_u_c>p_np_ptcl-of_le,sp-hd_n_c
1.646639	prd:flr-hd_wh-mc_c^hd-cmp_u_c>p_np_ptcl_le,hdn_bnp-qnt_c
-0.426885	prd:flr-hd_wh-mc_c^hd-hd_rnr_c>hd-cmp_u_c,hd_xcmp_c
0.856403	prd:flr-hd_wh-mc_c^hd_xcmp_c>hd-cmp_u_c
0.107675	prd:flr-hd_wh-mc_c^hdn_bnp-qnt_c>hdn_optcmp_c
0.843188	prd:flr-hd_wh-mc_c^np_adv-mnp_c>hdn_bnp_c
1.863079	prd:flr-hd_wh-mc_c^np_adv_c>hdn_bnp-qnt_c
-0.843188	prd:flr-hd_wh-mc_c^np_adv_c>hdn_bnp_c
0.943233	prd:flr-hd_wh-mc_c^sp-hd_hc_c>av_-_dg-v-wh_le,av_-_i-vp-po_le
-0.019210	prd:flr-hd_wh-mc_c^sp-hd_n_c>d_-_prt-unsp_le,hdn_optcmp_c
-0.727021	prd:flr-hd_wh-mc_c^sp-hd_n_c>d_-_wh-poss_le,hdn_optcmp_c
0.928156	prd:flr-hd_wh-mc_c^sp-hd_n_c>d_-_wh_le,n_sg_ilr
-1.647956	prd:flr-hd_wh-nmc-fin_c^hd-cmp_u_c>hd-cmp_u_c,hd-cmp_u_c
0.599001	prd:flr-hd_wh-nmc-fin_c^hd_xsb-fin_c>hd-cmp_u_c
-1.880336	prd:flr-hd_wh-nmc-fin_c^hd_xsb-fin_c>hd_optcmp_c
-0.801362	prd:flr-hd_wh-nmc-fin_c^hd_xsb-fin_c>v_3s-fin_olr
-0.999364	prd:flr-hd_wh-nmc-fin_c^hd_xsb-fin_c>v_aux-ell-ref_dlr
-0.500454	prd:flr-hd_wh-nmc-fin_c^hdn_bnp-qnt_c>det_prt-nocmp_dlr
1.046912	prd:flr-hd_wh-nmc-fin_c^hdn_bnp-qnt_c>hdn_optcmp_c
0.948774	prd:flr-hd_wh-nmc-fin_c^hdn_bnp-qnt_c>num_prt-nc_c
-0.487511	prd:flr-hd_wh-nmc-fin_c^hdn_bnp-vger_c>vp_np-ger_c
0.926158	prd:flr-hd_wh-nmc-fin_c^hdn_bnp_c>aj-hdn_norm_c
2.575658	prd:flr-hd_wh-nmc-fin_c^np_adv_c>hdn_bnp-qnt_c
-1.229973	prd:flr-hd_wh-nmc-fin_c^sb-hd_nmc_c>hdn_bnp-pn_c,hd-aj_int-sl_c
3.983106	prd:flr-hd_wh-nmc-fin_c^sb-hd_nmc_c>hdn_bnp-pn_c,hd-cmp_u_c
1.761126	prd:flr-hd_wh-nmc-fin_c^sb-hd_nmc_c>hdn_bnp-pn_c,hd_xaj-int-vp_c
-0.365077	prd:flr-hd_wh-nmc-fin_c^sb-hd_nmc_c>hdn_bnp-pn_c,hd_xcmp_c
0.999319	prd:flr-hd_wh-nmc-fin_c^sb-hd_nmc_c>hdn_bnp-qnt_c,hd_xcmp_c
-0.926158	prd:flr-hd_wh-nmc-fin_c^sb-hd_nmc_c>np-hdn_ttl-cpd-pl_c,hd-cmp_u_c
1.514169	prd:flr-hd_wh-nmc-fin_c^sb-hd_nmc_c>sp-hd_n_c,hd-aj_int-unsl_c
-0.907084	prd:flr-hd_wh-nmc-fin_c^sb-hd_nmc_c>sp-hd_n_c,hd_xaj-int-vp_c
-1.874932	prd:flr-hd_wh-nmc-fin_c^sp-hd_hc_c>av_-_dg-v-wh_le,av_-_i-vp-only_le
-0.887239	prd:flr-hd_wh-nmc-fin_c^sp-hd_n_c>d_-_wh_le,n_sg_ilr
-1.647956	prd:flr-hd_wh-nmc-fin_c^vp_cp-sb_c>hd-cmp_u_c
0.964033	prd:flr-hd_wh-nmc-inf_c^hd-cmp_u_c>cm_vp_to_le,hd-aj_int-unsl_c
0.088783	prd:flr-hd_wh-nmc-inf_c^hd-cmp_u_c>cm_vp_to_le,hd-cmp_u_c
0.220618	prd:flr-hd_wh-nmc-inf_c^hd-cmp_u_c>cm_vp_to_le,hd_xaj-int-vp_c
0.861717	prd:flr-hd_wh-nmc-inf_c^hd-cmp_u_c>cm_vp_to_le,hd_xcmp_c
0.000545	prd:flr-hd_wh-nmc-inf_c^hdn_bnp-qnt_c>hdn_optcmp_c
1.834151	prd:flr-hd_wh-nmc-inf_c^np_adv_c>hdn_bnp-qnt_c
-0.940191	prd:frg-cl_runon_c^cl-cl_runon_c>sb-hd_mc_c,vp_nfin-frg_c
-0.940191	prd:frg-cl_runon_c^np_frg_c>hdn_bnp-pn_c
0.998320	prd:frg-cl_runon_c^np_frg_c>sp-hd_n_c
0.998320	prd:frg-cl_runon_c^sb-hd_mc_c>hdn_bnp-pn_c,hd-pct_c
-0.971980	prd:hd-aj_int-sl_c^hd-aj_int-sl_c>hd-cmp_u_c,hd_xcmp_c
0.971980	prd:hd-aj_int-sl_c^hd-aj_int-unsl_c>v_pst_olr,hd-cmp_u_c
-0.971980	prd:hd-aj_int-sl_c^hd-cmp_u_c>p_np_i_le,hdn_bnp-pn_c
0.731108	prd:hd-aj_int-sl_c^hd_optcmp_c>hd-cmp_u_c
-0.002452	prd:hd-aj_int-sl_c^hd_optcmp_c>v_3s-fin_olr
1.854995	prd:hd-aj_int-sl_c^hd_optcmp_c>v_n3s-bse_ilr
0.426885	prd:hd-aj_int-sl_c^hd_optcmp_c>v_pas_odlr
-1.350227	prd:hd-aj_int-sl_c^hd_optcmp_c>v_psp_olr
1.662761	prd:hd-aj_int-sl_c^hd_xcmp_c>hd-pct_c
-0.002452	prd:hd-aj_int-sl_c^hd_xcmp_c>p_np_i-reg_le
-0.971980	prd:hd-aj_int-sl_c^v_pst_olr>v_-_le
0.207312	prd:hd-aj_int-unsl_c^aj-hd_int_c>av_-_i-vp-x_le,hd-cmp_u_c
-0.979473	prd:hd-aj_int-unsl_c^aj-hd_int_c>av_-_i-vp_le,hd-cmp_u_c
-0.862216	prd:hd-aj_int-unsl_c^hd-aj_int-unsl_c>aj_-_i_le,hd-cmp_u_c
1.758946	prd:hd-aj_int-unsl_c^hd-aj_int-unsl_c>hd-aj_int-unsl_c,hd-cmp_u_c
0.959310	prd:hd-aj_int-unsl_c^hd-aj_int-unsl_c>hd-cmp_u_c,av_-_i-vp_le
0.416803	prd:hd-aj_int-unsl_c^hd-aj_int-unsl_c>hd-cmp_u_c,hd-cmp_u_c
-0.944323	prd:hd-aj_int-unsl_c^hd-aj_int-unsl_c>hd-cmp_u_c,np_adv-mnp_c
-0.500954	prd:hd-aj_int-unsl_c^hd-aj_int-unsl_c>hd-cmp_u_c,np_adv_c
-0.500272	prd:hd-aj_int-unsl_c^hd-aj_int-unsl_c>hd-cmp_u_c,pp_-_i-nmb_le
-0.897729	prd:hd-aj_int-unsl_c^hd-aj_int-unsl_c>hd_optcmp_c,av_-_i-vp-po-cmp_le
2.377566	prd:hd-aj_int-unsl_c^hd-aj_int-unsl_c>hd_optcmp_c,av_-_i-vp-po_le
-0.934332	prd:hd-aj_int-unsl_c^hd-aj_int-unsl_c>hd_optcmp_c,av_-_pr-himself_le
-0.864078	prd:hd-aj_int-unsl_c^hd-aj_int-unsl_c>hd_optcmp_c,av_-_pr-myself_le
2.980836	prd:hd-aj_int-unsl_c^hd-aj_int-unsl_c>hd_optcmp_c,hd-cmp_u_c
-1.052770	prd:hd-aj_int-unsl_c^hd-aj_int-unsl_c>hd_optcmp_c,np_adv_c
-0.979473	prd:hd-aj_int-unsl_c^hd-aj_int-unsl_c>hd_xaj-int-vp_c,aj-hd_int_c
-0.579473	prd:hd-aj_int-unsl_c^hd-aj_int-unsl_c>hd_xaj-int-vp_c,av_-_i-vp_le
1.558946	prd:hd-aj_int-unsl_c^hd-aj_int-unsl_c>v_n3s-bse_ilr,av_-_i-vp_le
-0.901362	prd:hd-aj_int-unsl_c^hd-aj_int-unsl_c>v_psp_olr,hd-cmp_u_c
-1.501726	prd:hd-aj_int-unsl_c^hd-aj_int-unsl_c>v_pst_olr,hd-cmp_u_c
-0.998819	prd:hd-aj_int-unsl_c^hd-aj_int-unsl_c>v_pst_olr,pp_-_i-nomodn_le
-0.959310	prd:hd-aj_int-unsl_c^hd-aj_scp_c>hd-cmp_u_c,hd-cmp_u_c
-0.465032	prd:hd-aj_int-unsl_c^hd-cmp_u_c>aj_vp_i-seq_le,hd-cmp_u_c
-0.962216	prd:hd-aj_int-unsl_c^hd-cmp_u_c>hd-cmp_2_c,hd-cmp_u_c
-0.264532	prd:hd-aj_int-unsl_c^hd-cmp_u_c>hd-cmp_u_c,aj_-_i_le
-0.800454	prd:hd-aj_int-unsl_c^hd-cmp_u_c>hd-cmp_u_c,flr-hd_wh-nmc-inf_c
0.880836	prd:hd-aj_int-unsl_c^hd-cmp_u_c>hd-cmp_u_c,hd-cmp_u_c
0.893688	prd:hd-aj_int-unsl_c^hd-cmp_u_c>hd-cmp_u_c,hd_optcmp_c
-2.481562	prd:hd-aj_int-unsl_c^hd-cmp_u_c>hd_optcmp_c,hd-cmp_u_c
-0.800500	prd:hd-aj_int-unsl_c^hd-cmp_u_c>hd_optcmp_c,sb-hd_nmc_c
1.631926	prd:hd-aj_int-unsl_c^hd-cmp_u_c>p_cp_i_le,sb-hd_nmc_c
-0.607084	prd:hd-aj_int-unsl_c^hd-cmp_u_c>p_cp_s_le,sb-hd_nmc_c
-0.965804	prd:hd-aj_int-unsl_c^hd-cmp_u_c>p_nb_i-nm-an_le,aj-hdn_norm_c
-0.200409	prd:hd-aj_int-unsl_c^hd-cmp_u_c>p_np_i-dgsp_le,hdn_bnp-pn_c
-0.765713	prd:hd-aj_int-unsl_c^hd-cmp_u_c>p_np_i-dgsp_le,sp-hd_n_c
-1.421163	prd:hd-aj_int-unsl_c^hd-cmp_u_c>p_np_i-nnm-nprd_le,hdn_bnp-qnt_c
-0.992098	prd:hd-aj_int-unsl_c^hd-cmp_u_c>p_np_i-nnm-nprd_le,sp-hd_n_c
0.843551	prd:hd-aj_int-unsl_c^hd-cmp_u_c>p_np_i-nnm-npro_le,sp-hd_n_c
0.543824	prd:hd-aj_int-unsl_c^hd-cmp_u_c>p_np_i-nnm_le,hdn_bnp-pn_c
-1.878111	prd:hd-aj_int-unsl_c^hd-cmp_u_c>p_np_i-nnm_le,hdn_bnp-qnt_c
-0.897593	prd:hd-aj_int-unsl_c^hd-cmp_u_c>p_np_i-nnm_le,hdn_bnp_c
-1.943460	prd:hd-aj_int-unsl_c^hd-cmp_u_c>p_np_i-nnm_le,sp-hd_n_c
-0.781562	prd:hd-aj_int-unsl_c^hd-cmp_u_c>p_np_i-nomnp_le,sp-hd_n_c
-1.086785	prd:hd-aj_int-unsl_c^hd-cmp_u_c>p_np_i-reg_le,cl_np-wh_c
0.900817	prd:hd-aj_int-unsl_c^hd-cmp_u_c>p_np_i-reg_le,hdn_bnp-qnt_c
-1.656494	prd:hd-aj_int-unsl_c^hd-cmp_u_c>p_np_i-reg_le,hdn_bnp-sg-nomod_c
-0.992916	prd:hd-aj_int-unsl_c^hd-cmp_u_c>p_np_i-reg_le,hdn_bnp-vger_c
-1.686921	prd:hd-aj_int-unsl_c^hd-cmp_u_c>p_np_i-reg_le,hdn_bnp_c
1.727339	prd:hd-aj_int-unsl_c^hd-cmp_u_c>p_np_i-reg_le,np-np_crd-t_c
1.418710	prd:hd-aj_int-unsl_c^hd-cmp_u_c>p_np_i-reg_le,sp-hd_n_c
-0.713851	prd:hd-aj_int-unsl_c^hd-cmp_u_c>p_np_i-tmp_le,hdn-np_app-r-pr_c
-0.017938	prd:hd-aj_int-unsl_c^hd-cmp_u_c>p_np_i-tmp_le,hdn_bnp-pn_c
0.962216	prd:hd-aj_int-unsl_c^hd-cmp_u_c>p_np_i-tmp_le,hdn_bnp_c
3.398183	prd:hd-aj_int-unsl_c^hd-cmp_u_c>p_np_i-tmp_le,hdn_optcmp_c
0.683197	prd:hd-aj_int-unsl_c^hd-cmp_u_c>p_np_i-tmp_le,sp-hd_n_c
1.122752	prd:hd-aj_int-unsl_c^hd-cmp_u_c>p_np_i_le,hdn_bnp-pn_c
-0.987920	prd:hd-aj_int-unsl_c^hd-cmp_u_c>p_np_i_le,hdn_bnp-qnt_c
5.035241	prd:hd-aj_int-unsl_c^hd-cmp_u_c>p_np_i_le,hdn_bnp-vger_c
6.129609	prd:hd-aj_int-unsl_c^hd-cmp_u_c>p_np_i_le,hdn_bnp_c
-1.758311	prd:hd-aj_int-unsl_c^hd-cmp_u_c>p_np_i_le,np-np_crd-t_c
-2.136104	prd:hd-aj_int-unsl_c^hd-cmp_u_c>p_np_i_le,sp-hd_n_c
-0.964759	prd:hd-aj_int-unsl_c^hd-cmp_u_c>p_pp_i-coprd_le,hd-cmp_u_c
-0.938874	prd:hd-aj_int-unsl_c^hd-cmp_u_c>p_pp_i_le,hd-cmp_u_c
1.587829	prd:hd-aj_int-unsl_c^hd-cmp_u_c>sp-hd_hc_c,hd-cmp_u_c
-0.993097	prd:hd-aj_int-unsl_c^hd-cmp_u_c>v_3s-fin_olr,flr-hd_wh-nmc-fin_c
-1.165985	prd:hd-aj_int-unsl_c^hd-cmp_u_c>v_3s-fin_olr,hd-cmp_u_c
-1.493188	prd:hd-aj_int-unsl_c^hd-cmp_u_c>v_3s-fin_olr,np-np_crd-t_c
0.856721	prd:hd-aj_int-unsl_c^hd-cmp_u_c>v_3s-fin_olr,sb-hd_nmc_c
-0.130699	prd:hd-aj_int-unsl_c^hd-cmp_u_c>v_3s-fin_olr,sp-hd_n_c
-0.765713	prd:hd-aj_int-unsl_c^hd-cmp_u_c>v_aux-cx-noinv_dlr,hdn_bnp_c
0.860672	prd:hd-aj_int-unsl_c^hd-cmp_u_c>v_n3s-bse_ilr,av_-_pr-herself_le
0.960763	prd:hd-aj_int-unsl_c^hd-cmp_u_c>v_n3s-bse_ilr,av_-_pr-himself_le
1.522343	prd:hd-aj_int-unsl_c^hd-cmp_u_c>v_n3s-bse_ilr,hd-cmp_u_c
-0.683924	prd:hd-aj_int-unsl_c^hd-cmp_u_c>v_n3s-bse_ilr,hd_xaj-int-vp_c
1.244505	prd:hd-aj_int-unsl_c^hd-cmp_u_c>v_n3s-bse_ilr,hdn_bnp-pn_c
1.900727	prd:hd-aj_int-unsl_c^hd-cmp_u_c>v_n3s-bse_ilr,hdn_bnp-qnt_c
-1.138283	prd:hd-aj_int-unsl_c^hd-cmp_u_c>v_n3s-bse_ilr,hdn_bnp_c
-0.974932	prd:hd-aj_int-unsl_c^hd-cmp_u_c>v_n3s-bse_ilr,j_frg_c
0.383924	prd:hd-aj_int-unsl_c^hd-cmp_u_c>v_n3s-bse_ilr,np_adv_c
-0.997684	prd:hd-aj_int-unsl_c^hd-cmp_u_c>v_n3s-bse_ilr,np_frg_c
0.964759	prd:hd-aj_int-unsl_c^hd-cmp_u_c>v_n3s-bse_ilr,p_np_ptcl_le
-0.900045	prd:hd-aj_int-unsl_c^hd-cmp_u_c>v_n3s-bse_ilr,pp_-_i_le
1.658674	prd:hd-aj_int-unsl_c^hd-cmp_u_c>v_n3s-bse_ilr,pp_-_ptcl_le
1.943824	prd:hd-aj_int-unsl_c^hd-cmp_u_c>v_n3s-bse_ilr,sp-hd_n_c
-2.384196	prd:hd-aj_int-unsl_c^hd-cmp_u_c>v_np*_prp-unk_le,hdn_bnp-qnt_c
-0.810672	prd:hd-aj_int-unsl_c^hd-cmp_u_c>v_np_are_le,sp-hd_n_c
-0.901453	prd:hd-aj_int-unsl_c^hd-cmp_u_c>v_np_is_le,hdn_bnp-qnt_c
-0.510581	prd:hd-aj_int-unsl_c^hd-cmp_u_c>v_np_is_le,sp-hd_n_c
0.712307	prd:hd-aj_int-unsl_c^hd-cmp_u_c>v_prp_olr,hd-cmp_u_c
-0.786149	prd:hd-aj_int-unsl_c^hd-cmp_u_c>v_prp_olr,hdn_bnp-pn_c
1.822616	prd:hd-aj_int-unsl_c^hd-cmp_u_c>v_prp_olr,hdn_bnp-qnt_c
0.044959	prd:hd-aj_int-unsl_c^hd-cmp_u_c>v_prp_olr,hdn_bnp_c
0.731335	prd:hd-aj_int-unsl_c^hd-cmp_u_c>v_prp_olr,sp-hd_n_c
-0.900954	prd:hd-aj_int-unsl_c^hd-cmp_u_c>v_psp_olr,hd-aj_int-unsl_c
1.898638	prd:hd-aj_int-unsl_c^hd-cmp_u_c>v_psp_olr,hd-cmp_u_c
-0.858674	prd:hd-aj_int-unsl_c^hd-cmp_u_c>v_psp_olr,hdn_bnp-qnt_c
-0.925114	prd:hd-aj_int-unsl_c^hd-cmp_u_c>v_psp_olr,hdn_bnp_c
-0.700954	prd:hd-aj_int-unsl_c^hd-cmp_u_c>v_psp_olr,p_np_ptcl_le
1.601907	prd:hd-aj_int-unsl_c^hd-cmp_u_c>v_psp_olr,pp_-_i-dir-nomodn_le
-0.148411	prd:hd-aj_int-unsl_c^hd-cmp_u_c>v_pst_olr,hd-cmp_u_c
-1.554587	prd:hd-aj_int-unsl_c^hd-cmp_u_c>v_pst_olr,hd_optcmp_c
-0.037103	prd:hd-aj_int-unsl_c^hd-cmp_u_c>v_pst_olr,hdn_bnp-pn_c
1.768665	prd:hd-aj_int-unsl_c^hd-cmp_u_c>v_pst_olr,hdn_bnp-qnt_c
1.932016	prd:hd-aj_int-unsl_c^hd-cmp_u_c>v_pst_olr,hdn_bnp-vger_c
1.727339	prd:hd-aj_int-unsl_c^hd-cmp_u_c>v_pst_olr,hdn_bnp_c
-0.958084	prd:hd-aj_int-unsl_c^hd-cmp_u_c>v_pst_olr,np_frg_c
4.712807	prd:hd-aj_int-unsl_c^hd-cmp_u_c>v_pst_olr,sp-hd_n_c
-0.972934	prd:hd-aj_int-unsl_c^hd-cmp_u_c>v_v-pre_dlr,sp-hd_n_c
1.828156	prd:hd-aj_int-unsl_c^hd-cmp_u_c>v_v-un_dlr,hdn_bnp-qnt_c
-0.609219	prd:hd-aj_int-unsl_c^hd-cmp_u_c>v_vp_does-n_le,hd-cmp_u_c
-0.998274	prd:hd-aj_int-unsl_c^hd-cmp_u_c>v_vp_is_le,hd-cmp_u_c
-0.962852	prd:hd-aj_int-unsl_c^hd-cmp_u_c>v_vp_was_le,hd-cmp_u_c
-0.974932	prd:hd-aj_int-unsl_c^hd-pct_c>av_-_i-vp-only_le,pt_-_period_le
0.919391	prd:hd-aj_int-unsl_c^hd-pct_c>av_-_i-vp-po-nmb_le,pt_-_period_le
0.990054	prd:hd-aj_int-unsl_c^hd-pct_c>av_-_i-vp-po-nvm_le,pt_-_period_le
0.907084	prd:hd-aj_int-unsl_c^hd-pct_c>av_-_i-vp-po_le,pt_-_period_le
-1.686558	prd:hd-aj_int-unsl_c^hd-pct_c>av_-_i-vp_le,pt_-_period_le
-1.032743	prd:hd-aj_int-unsl_c^hd-pct_c>av_-_pr-himself_le,pt_-_period_le
0.655086	prd:hd-aj_int-unsl_c^hd-pct_c>av_-_pr-myself_le,pt_-_period_le
-0.087375	prd:hd-aj_int-unsl_c^hd-pct_c>av_-_pr-oneself_le,pt_-_period_le
-1.656222	prd:hd-aj_int-unsl_c^hd-pct_c>pp_-_i-nomodn_le,pt_-_period_le
0.181199	prd:hd-aj_int-unsl_c^hd-pct_c>pp_-_i-vm_le,pt_-_period_le
-0.836149	prd:hd-aj_int-unsl_c^hd-pct_c>pp_-_i_le,pt_-_period_le
0.168574	prd:hd-aj_int-unsl_c^hd_optcmp_c>aj_pp_i-er_le
-3.568983	prd:hd-aj_int-unsl_c^hd_optcmp_c>aj_pp_i_le
-3.920527	prd:hd-aj_int-unsl_c^hd_optcmp_c>hd-cmp_u_c
-0.799319	prd:hd-aj_int-unsl_c^hd_optcmp_c>hd_optcmp_c
0.900817	prd:hd-aj_int-unsl_c^hd_optcmp_c>v_-_pas-unk_le
0.490509	prd:hd-aj_int-unsl_c^hd_optcmp_c>v_3s-fin_olr
1.779110	prd:hd-aj_int-unsl_c^hd_optcmp_c>v_n3s-bse_ilr
-0.862625	prd:hd-aj_int-unsl_c^hd_optcmp_c>v_np*_bse-unk_le
1.182788	prd:hd-aj_int-unsl_c^hd_optcmp_c>v_pas_odlr
0.686694	prd:hd-aj_int-unsl_c^hd_optcmp_c>v_prp_olr
3.055132	prd:hd-aj_int-unsl_c^hd_optcmp_c>v_psp_olr
3.682516	prd:hd-aj_int-unsl_c^hd_optcmp_c>v_pst_olr
0.588011	prd:hd-aj_int-unsl_c^hd_xaj-int-vp_c>hd-cmp_u_c
2.001362	prd:hd-aj_int-unsl_c^hd_xaj-int-vp_c>hd_optcmp_c
-0.132153	prd:hd-aj_int-unsl_c^hd_xaj-int-vp_c>v_n3s-bse_ilr
-0.710899	prd:hd-aj_int-unsl_c^hd_xcmp_c>hd-cmp_u_c
-1.880699	prd:hd-aj_int-unsl_c^hd_xcmp_c>v_n3s-bse_ilr
-0.964532	prd:hd-aj_int-unsl_c^n-j_j-cpd_c>n_-_pn_le,aj_-_i_le
-1.858220	prd:hd-aj_int-unsl_c^np_adv-mnp_c>hdn_bnp-num_c
0.944323	prd:hd-aj_int-unsl_c^np_adv-mnp_c>hdn_bnp_c
-0.997366	prd:hd-aj_int-unsl_c^np_adv-mnp_c>sp-hd_n_c
0.275159	prd:hd-aj_int-unsl_c^np_adv_c>hdn_bnp-qnt_c
-0.962216	prd:hd-aj_int-unsl_c^np_adv_c>hdn_bnp_c
0.362262	prd:hd-aj_int-unsl_c^np_adv_c>sp-hd_n_c
-2.692961	prd:hd-aj_int-unsl_c^np_indef-adv_c>sp-hd_n_c
0.998819	prd:hd-aj_int-unsl_c^pp-pp_crd-t_c>hd-cmp_u_c,mrk-nh_evnt_c
-0.998819	prd:hd-aj_int-unsl_c^pp-pp_crd-t_c>np_adv_c,mrk-nh_evnt_c
0.897729	prd:hd-aj_int-unsl_c^sp-hd_hc_c>av_-_dg-cmp-more_le,hd-pct_c
-0.766440	prd:hd-aj_int-unsl_c^sp-hd_hc_c>av_-_dg-pp_le,hd-cmp_u_c
1.049864	prd:hd-aj_int-unsl_c^sp-hd_hc_c>av_-_dg-v_le,hd-pct_c
1.479519	prd:hd-aj_int-unsl_c^v_3s-fin_olr>v_-_le
-0.975341	prd:hd-aj_int-unsl_c^v_aux-ell-ref_dlr>v_prd_be_le
-0.903906	prd:hd-aj_int-unsl_c^v_aux-ell-ref_dlr>v_prd_is_le
0.919391	prd:hd-aj_int-unsl_c^v_aux-ell-ref_dlr>v_prd_was-n_le
2.455586	prd:hd-aj_int-unsl_c^v_aux-ell-ref_dlr>v_prd_was_le
-0.820436	prd:hd-aj_int-unsl_c^v_aux-ell-xpl_dlr>v_prd_is_le
0.066122	prd:hd-aj_int-unsl_c^v_n3s-bse_ilr>v_-_le
1.052952	prd:hd-aj_int-unsl_c^v_n3s-bse_ilr>v_-_unacc_le
0.931517	prd:hd-aj_int-unsl_c^v_prp_olr>v_-_le
0.999364	prd:hd-aj_int-unsl_c^v_psp_olr>v_-_le
0.047275	prd:hd-aj_int-unsl_c^v_pst_olr>v_-_le
-0.820254	prd:hd-aj_int-unsl_c^vp-vp_crd-fin-t_c>hd-aj_int-unsl_c,mrk-nh_evnt_c
0.847956	prd:hd-aj_scp-pr-mc_c^flr-hd_wh-mc_c>hdn_bnp-qnt_c,hd-cmp_u_c
1.702906	prd:hd-aj_scp-pr-mc_c^flr-hd_wh-mc_c>hdn_bnp-qnt_c,hd_xcmp_c
0.947684	prd:hd-aj_scp-pr-mc_c^hd-cmp_u_c>hd-cmp_u_c,hd-cmp_u_c
0.956540	prd:hd-aj_scp-pr-mc_c^hd-cmp_u_c>p_cp_s-notop_le,sb-hd_nmc_c
-0.748047	prd:hd-aj_scp-pr-mc_c^hd-cmp_u_c>p_cp_s-unsp_le,sb-hd_nmc_c
-0.000454	prd:hd-aj_scp-pr-mc_c^hd-pct_c>hd-pct_c,pt_-_dqright_le
1.702906	prd:hd-aj_scp-pr-mc_c^hd-pct_nobrk_c>av_-_s-cp-nsp-po_le,pt_-_hyphn-rgt_le
-1.596004	prd:hd-aj_scp-pr-mc_c^hd_yesno_c>hd-cmp_u_c
-1.602271	prd:hd-aj_scp-pr-mc_c^np_frg_c>hdn_bnp-qnt_c
-0.017893	prd:hd-aj_scp-pr-mc_c^np_voc-post_c>hdn_bnp-pn_c
-0.207675	prd:hd-aj_scp-pr-mc_c^np_voc-post_c>hdn_bnp_c
-1.627430	prd:hd-aj_scp-pr-mc_c^sb-hd_mc_c>hdn_bnp-pn_c,hd-aj_int-unsl_c
-0.207675	prd:hd-aj_scp-pr-mc_c^sb-hd_mc_c>hdn_bnp-pn_c,hd_optcmp_c
-0.800500	prd:hd-aj_scp-pr-mc_c^sb-hd_mc_c>hdn_bnp-qnt_c,hd-aj_int-unsl_c
3.303406	prd:hd-aj_scp-pr-mc_c^sb-hd_mc_c>hdn_bnp-qnt_c,hd-cmp_u_c
0.708447	prd:hd-aj_scp-pr-mc_c^sb-hd_mc_c>n_-_pr-it-x_le,hd-pct_c
4.021753	prd:hd-aj_scp-pr-mc_c^sb-hd_mc_c>n_-_pr-there-x_le,hd-cmp_u_c
-4.021753	prd:hd-aj_scp-pr-mc_c^sb-hd_mc_c>n_-_pr-there-x_le,hd_optcmp_c
1.904223	prd:hd-aj_scp-pr-mc_c^sb-hd_mc_c>sp-hd_n_c,hd-cmp_u_c
0.977702	prd:hd-aj_scp-pr_c^cl_adv_c>sb-hd_nmc_c
-0.997366	prd:hd-aj_scp-pr_c^hd-aj_int-unsl_c>hd_optcmp_c,np_adv-mnp_c
0.778065	prd:hd-aj_scp-pr_c^hd-cmp_u_c>hd-cmp_u_c,hd-cmp_u_c
0.748047	prd:hd-aj_scp-pr_c^hd-cmp_u_c>p_cp_s-unsp_le,sb-hd_nmc_c
-0.875522	prd:hd-aj_scp-pr_c^hd-cmp_u_c>v_aux-tag_dlr,hd-pct_c
1.842189	prd:hd-aj_scp-pr_c^hd-cmp_u_c>v_aux-tag_dlr,hdn_bnp-qnt_c
-0.801362	prd:hd-aj_scp-pr_c^hd-cmp_u_c>v_vp_has_le,hd-aj_int-unsl_c
-0.947684	prd:hd-aj_scp-pr_c^hd-cmp_u_c>v_vp_have-bse_le,hd-cmp_u_c
-0.901090	prd:hd-aj_scp-pr_c^hd_imp_c>hd_optcmp_c
-0.801362	prd:hd-aj_scp-pr_c^np-prdp_vpmod_c>cl_np-wh_c,hd-cmp_u_c
-0.901090	prd:hd-aj_scp-pr_c^np_voc-post_c>hdn_bnp-pn_c
0.939555	prd:hd-aj_scp-pr_c^sb-hd_nmc_c>hdn_bnp-qnt_c,hd-cmp_u_c
0.739918	prd:hd-aj_scp-pr_c^sb-hd_nmc_c>n_-_pr-it-x_le,hd-cmp_u_c
-1.615441	prd:hd-aj_scp-pr_c^sb-hd_nmc_c>n_-_pr-it-x_le,hd-pct_c
-0.939282	prd:hd-aj_scp-pr_c^sb-hd_nmc_c>n_-_pr-there-x_le,hd-aj_int-unsl_c
0.939282	prd:hd-aj_scp-pr_c^sb-hd_nmc_c>n_-_pr-there-x_le,hd_optcmp_c
0.902634	prd:hd-aj_scp-pr_c^sb-hd_nmc_c>sp-hd_n_c,hd-pct_c
-0.997366	prd:hd-aj_scp-pr_c^vp_sbrd-prd-aj_c>n-v_j-cpd_c
0.959310	prd:hd-aj_scp_c^hd-aj_int-unsl_c>hd-aj_int-unsl_c,hd-cmp_u_c
-0.958084	prd:hd-aj_scp_c^hd-aj_int-unsl_c>hd-cmp_u_c,hd-cmp_u_c
-0.955041	prd:hd-aj_scp_c^hd-aj_int-unsl_c>hd_optcmp_c,av_-_pr-herself_le
2.284196	prd:hd-aj_scp_c^hd-aj_int-unsl_c>hd_optcmp_c,hd-cmp_u_c
-0.876067	prd:hd-aj_scp_c^hd-aj_int-unsl_c>v_n3s-bse_ilr,hd-cmp_u_c
-0.797548	prd:hd-aj_scp_c^hd-cmp_u_c>aj_pp_i-er_le,hd-cmp_u_c
-0.990054	prd:hd-aj_scp_c^hd-cmp_u_c>cm_vp_to_le,hd_optcmp_c
-0.959310	prd:hd-aj_scp_c^hd-cmp_u_c>hd-aj_vmod_c,hd-cmp_u_c
-1.874251	prd:hd-aj_scp_c^hd-cmp_u_c>hd-cmp_u_c,hd-cmp_u_c
-0.793506	prd:hd-aj_scp_c^hd-cmp_u_c>hd-cmp_u_c,hd-pct_c
-1.808174	prd:hd-aj_scp_c^hd-cmp_u_c>hd-cmp_u_c,hdn_bnp_c
-0.300454	prd:hd-aj_scp_c^hd-cmp_u_c>hd-cmp_u_c,x_-_wh-cp_le
-0.825250	prd:hd-aj_scp_c^hd-cmp_u_c>p_cp_gap-s_le,hd_xsb-fin_c
-1.448501	prd:hd-aj_scp_c^hd-cmp_u_c>p_cp_inv-ell_le,hd-cmp_u_c
0.959491	prd:hd-aj_scp_c^hd-cmp_u_c>p_cp_s-cln_le,sb-hd_mc_c
0.198501	prd:hd-aj_scp_c^hd-cmp_u_c>p_cp_s-notop_le,sb-hd_nmc_c
0.910854	prd:hd-aj_scp_c^hd-cmp_u_c>p_cp_s-unsp_le,sb-hd_nmc_c
2.600318	prd:hd-aj_scp_c^hd-cmp_u_c>p_cp_s_le,sb-hd_nmc_c
-0.943688	prd:hd-aj_scp_c^hd-cmp_u_c>p_prd_s-v-p_le,np_adv_c
-0.995958	prd:hd-aj_scp_c^hd-cmp_u_c>p_prd_s_le,hd-cmp_u_c
4.122434	prd:hd-aj_scp_c^hd-cmp_u_c>p_vp_bse_le,hd-aj_int-unsl_c
-1.236194	prd:hd-aj_scp_c^hd-cmp_u_c>p_vp_bse_le,hd-cmp_u_c
1.266485	prd:hd-aj_scp_c^hd-cmp_u_c>p_vp_bse_le,hd-pct_c
-0.544414	prd:hd-aj_scp_c^hd-cmp_u_c>p_vp_bse_le,hd_optcmp_c
-1.518710	prd:hd-aj_scp_c^hd-cmp_u_c>v_3s-fin_olr,hd-cmp_u_c
-0.640554	prd:hd-aj_scp_c^hd-cmp_u_c>v_3s-fin_olr,hdn_bnp-pn_c
3.847094	prd:hd-aj_scp_c^hd-cmp_u_c>v_3s-fin_olr,hdn_bnp_c
-0.022752	prd:hd-aj_scp_c^hd-cmp_u_c>v_3s-fin_olr,sp-hd_n_c
-0.838738	prd:hd-aj_scp_c^hd-cmp_u_c>v_3s-fin_olr,x_-_who-cp_le
-1.147502	prd:hd-aj_scp_c^hd-cmp_u_c>v_n3s-bse_ilr,hdn_bnp-pn_c
0.987693	prd:hd-aj_scp_c^hd-cmp_u_c>v_n3s-bse_ilr,hdn_bnp-qnt_c
-0.742007	prd:hd-aj_scp_c^hd-cmp_u_c>v_n3s-bse_ilr,hdn_bnp_c
-0.459401	prd:hd-aj_scp_c^hd-cmp_u_c>v_n3s-bse_ilr,sb-hd_nmc_c
6.497094	prd:hd-aj_scp_c^hd-cmp_u_c>v_n3s-bse_ilr,sp-hd_n_c
-0.795731	prd:hd-aj_scp_c^hd-cmp_u_c>v_n3s-bse_ilr,x_-_not-cp_le
-0.691281	prd:hd-aj_scp_c^hd-cmp_u_c>v_np_be_le,sp-hd_n_c
4.484287	prd:hd-aj_scp_c^hd-cmp_u_c>v_np_is_le,sp-hd_n_c
2.731926	prd:hd-aj_scp_c^hd-cmp_u_c>v_np_was_le,sp-hd_n_c
1.103088	prd:hd-aj_scp_c^hd-cmp_u_c>v_pas_odlr,hd-cmp_u_c
-1.632062	prd:hd-aj_scp_c^hd-cmp_u_c>v_prd_be_le,aj_-_i_le
-0.916712	prd:hd-aj_scp_c^hd-cmp_u_c>v_prd_was_le,hd_optcmp_c
-1.830291	prd:hd-aj_scp_c^hd-cmp_u_c>v_pst_olr,hd-cmp_u_c
-2.264623	prd:hd-aj_scp_c^hd-cmp_u_c>v_pst_olr,hdn_bnp-pn_c
-2.261762	prd:hd-aj_scp_c^hd-cmp_u_c>v_pst_olr,hdn_bnp-qnt_c
0.067530	prd:hd-aj_scp_c^hd-cmp_u_c>v_pst_olr,sp-hd_n_c
-0.987012	prd:hd-aj_scp_c^hd-cmp_u_c>v_vp_mdl-p-sv_le,hd-cmp_u_c
-0.987693	prd:hd-aj_scp_c^hd-cmp_u_c>v_vp_mdl-p-unsp_le,hd-cmp_u_c
-0.886240	prd:hd-aj_scp_c^hd-cmp_u_c>v_vp_will-p_le,hd-cmp_u_c
-0.802861	prd:hd-aj_scp_c^hd-cmp_u_c>v_vp_will-p_le,v_n3s-bse_ilr
0.994005	prd:hd-aj_scp_c^hd-pct_c>av_-_s-vp-only_le,pt_-_period_le
-0.900999	prd:hd-aj_scp_c^hd-pct_c>av_-_s-vp_le,pt_-_period_le
-0.915259	prd:hd-aj_scp_c^hd_optcmp_c>hd-cmp_u_c
2.093460	prd:hd-aj_scp_c^hd_optcmp_c>hd_xcmp_c
0.186331	prd:hd-aj_scp_c^hd_optcmp_c>v_3s-fin_olr
-0.976203	prd:hd-aj_scp_c^hd_optcmp_c>v_n3s-bse_ilr
-0.458356	prd:hd-aj_scp_c^hd_optcmp_c>v_pas_odlr
0.758538	prd:hd-aj_scp_c^hd_optcmp_c>v_pst_olr
-0.958674	prd:hd-aj_scp_c^hd_xaj-int-s_c>hd-cmp_u_c
0.800000	prd:hd-aj_scp_c^hd_xaj-int-vp_c>hd_optcmp_c
-0.976612	prd:hd-aj_scp_c^n-v_j-cpd_c>n_-_pn-msc_le,v_pas_odlr
-0.634514	prd:hd-aj_scp_c^sb-hd_mc_c>hdn_bnp-pn_c,hd-cmp_u_c
0.393869	prd:hd-aj_scp_c^sb-hd_mc_c>hdn_bnp-qnt_c,hd-cmp_u_c
-0.410672	prd:hd-aj_scp_c^sb-hd_mc_c>hdn_bnp_c,hd-cmp_u_c
0.959491	prd:hd-aj_scp_c^sb-hd_mc_c>np_adv_c,hd-cmp_u_c
0.804905	prd:hd-aj_scp_c^sb-hd_mc_c>sp-hd_n_c,hd-cmp_u_c
-0.438420	prd:hd-aj_scp_c^v_3s-fin_olr>v_-_le
1.783924	prd:hd-aj_scp_c^v_aux-ell-ref_dlr>v_vp_does_le
-0.900999	prd:hd-aj_scp_c^v_aux-ell-ref_dlr>v_vp_have-f_le
-0.902861	prd:hd-aj_scp_c^v_n3s-bse_ilr>v_-_le
-0.789918	prd:hd-aj_scp_c^vp-vp_crd-nfin-t_c>hd_optcmp_c,mrk-nh_evnt_c
0.009628	prd:hd-aj_scp_c^vp_sbrd-prd-aj_c>hd-cmp_u_c
-0.987012	prd:hd-aj_scp_c^vp_sbrd-prd-aj_c>hd-pct_c
-0.990054	prd:hd-aj_scp_c^vp_sbrd-prd-aj_c>hd_optcmp_c
-0.333379	prd:hd-aj_scp_c^vp_sbrd-prd-pas_c>hd-cmp_u_c
-0.958674	prd:hd-aj_scp_c^vp_sbrd-prd-pas_c>hd_optcmp_c
-0.022752	prd:hd-aj_scp_c^vp_sbrd-prd-pas_c>vppr-vppr_crd-t_c
-0.434514	prd:hd-aj_scp_c^vp_sbrd-prd-prp_c>hd-cmp_u_c
-0.942825	prd:hd-aj_scp_c^vp_sbrd-prd-prp_c>hd_optcmp_c
-0.977702	prd:hd-aj_vmod-s_c^hd-cmp_u_c>hd-cmp_u_c,hd-cmp_u_c
-0.956540	prd:hd-aj_vmod-s_c^hd-cmp_u_c>p_cp_s-notop_le,sb-hd_nmc_c
-0.956540	prd:hd-aj_vmod-s_c^hd-pct_c>v_n3s-bse_ilr,pt_-_comma-informal_le
-0.977702	prd:hd-aj_vmod-s_c^np_voc-post_c>hdn_bnp-qnt_c
-1.177203	prd:hd-aj_vmod_c^hd-aj_int-unsl_c>hd-cmp_u_c,hd-cmp_u_c
-1.155132	prd:hd-aj_vmod_c^hd-aj_int-unsl_c>hd-cmp_u_c,np_adv_c
-0.111308	prd:hd-aj_vmod_c^hd-cmp_u_c>aj_pp-vp_i-it_le,hd-cmp_u_c
1.855495	prd:hd-aj_vmod_c^hd-cmp_u_c>hd-cmp_u_c,hd-cmp_u_c
-0.550272	prd:hd-aj_vmod_c^hd-cmp_u_c>p_nb_i_le,hdn_optcmp_c
-0.858084	prd:hd-aj_vmod_c^hd-cmp_u_c>p_nb_i_le,n_ms-cnt_ilr
-0.996094	prd:hd-aj_vmod_c^hd-cmp_u_c>p_nb_i_le,n_sg_ilr
1.816167	prd:hd-aj_vmod_c^hd-cmp_u_c>p_np_i-dgsp_le,hdn_bnp-pn_c
-2.988193	prd:hd-aj_vmod_c^hd-cmp_u_c>p_np_i-nnm_le,hdn_bnp-pn_c
4.333424	prd:hd-aj_vmod_c^hd-cmp_u_c>p_np_i-nnm_le,sp-hd_n_c
2.402589	prd:hd-aj_vmod_c^hd-cmp_u_c>p_np_i-reg_le,hdn_bnp_c
2.884105	prd:hd-aj_vmod_c^hd-cmp_u_c>p_np_i-reg_le,sp-hd_n_c
1.625295	prd:hd-aj_vmod_c^hd-cmp_u_c>p_np_i_le,hdn_bnp-pn_c
-1.586694	prd:hd-aj_vmod_c^hd-cmp_u_c>p_np_i_le,hdn_bnp-qnt_c
-4.365758	prd:hd-aj_vmod_c^hd-cmp_u_c>p_np_i_le,hdn_bnp_c
2.032698	prd:hd-aj_vmod_c^hd-cmp_u_c>p_np_i_le,sp-hd_n_c
-1.822616	prd:hd-aj_vmod_c^hd-cmp_u_c>v_n3s-bse_ilr,hdn_bnp-vger_c
0.877566	prd:hd-aj_vmod_c^hd-cmp_u_c>v_psp_olr,hdn_bnp-pn_c
-0.150272	prd:hd-aj_vmod_c^hd-cmp_u_c>v_pst_olr,hd-cmp_u_c
-0.892870	prd:hd-aj_vmod_c^hd-cmp_u_c>v_pst_olr,hdn_bnp-pn_c
-0.686058	prd:hd-aj_vmod_c^hd-cmp_u_c>v_pst_olr,sp-hd_n_c
-0.892870	prd:hd-aj_vmod_c^hd-pct_c>av_-_i-unk_le,pt_-_comma_le
-0.311308	prd:hd-aj_vmod_c^hd_optcmp_c>aj_pp-vp_i-it_le
1.987648	prd:hd-aj_vmod_c^hd_optcmp_c>v_pst_olr
0.988874	prd:hd-aj_vmod_c^n_ms-cnt_ilr>n_vp_mc_le
-1.721163	prd:hd-aj_vmod_c^n_sg_ilr>n_vp_c-it_le
2.671208	prd:hd-aj_vmod_c^n_sg_ilr>n_vp_c_le
-0.710672	prd:hd-aj_vmod_c^n_sg_ilr>n_vpslnp_c_le
-0.895640	prd:hd-aj_vmod_c^np_adv_c>hdn_bnp-qnt_c
1.971344	prd:hd-aj_vmod_c^sp-hd_hc_c>av_-_dg-v_le,av_-_i-vp-only_le
0.996367	prd:hd-aj_vmod_c^v_3s-fin_olr>v_cp_inf-only_le
-1.818438	prd:hd-aj_vmod_c^v_3s-fin_olr>v_pp_e_le
-0.289419	prd:hd-aj_vmod_c^v_aux-cx-noinv_dlr>v_prd_is-cx_le
-0.749955	prd:hd-aj_vmod_c^v_n3s-bse_ilr>v_cp_fin-inf-q-mob_le
0.974977	prd:hd-aj_vmod_c^v_n3s-bse_ilr>v_cp_inf-only_le
-0.961717	prd:hd-aj_vmod_c^v_n3s-bse_ilr>v_np*_le
-0.868937	prd:hd-aj_vmod_c^v_n3s-bse_ilr>v_np-pp_e-idm_le
0.251953	prd:hd-aj_vmod_c^v_n3s-bse_ilr>v_vp_seq_le
-0.083379	prd:hd-aj_vmod_c^v_prp_olr>v_nb_idm_le
-0.865895	prd:hd-aj_vmod_c^v_pst_olr>v_nb_idm_le
0.792189	prd:hd-aj_vmod_c^v_pst_olr>v_np*_le
-0.868665	prd:hd-aj_vmod_c^v_pst_olr>v_np-pp_e-idm_le
-1.019255	prd:hd-aj_vmod_c^v_pst_olr>v_np-vp_oeq_le
-0.968665	prd:hd-aj_vmod_c^v_pst_olr>v_np-vp_sor-ntr_le
1.004087	prd:hd-aj_vmod_c^v_pst_olr>v_np_le
1.824614	prd:hd-aj_vmod_c^v_pst_olr>v_np_ntr_le
2.402589	prd:hd-aj_vmod_c^v_pst_olr>v_pp_e_le
-1.094142	prd:hd-aj_vmod_c^v_pst_olr>v_vp_seq_le
-0.669664	prd:hd-cl_fr-rel_c^hd-cmp_u_c>d_-_freerel_le,n_sg_ilr
0.651453	prd:hd-cl_fr-rel_c^hd_xsb-fin_c>hd-cmp_u_c
-0.669664	prd:hd-cl_fr-rel_c^hd_xsb-fin_c>hd_optcmp_c
-0.900727	prd:hd-cl_fr-rel_c^pct-hd_c>pt_-_dqleft_le,n_-_pr-fr-ever_le
-0.543915	prd:hd-cl_fr-rel_c^sb-hd_nmc_c>hdn_bnp-pn_c,hd_xaj-int-vp_c
-0.999319	prd:hd-cl_fr-rel_c^sb-hd_nmc_c>hdn_bnp-qnt_c,hd_xcmp_c
-0.900727	prd:hd-cl_fr-rel_c^sb-hd_nmc_c>sp-hd_n_c,hd-cmp_u_c
0.906540	prd:hd-cl_jd-prnth_c^aj-hd_scp_c>pct-hd_c,sb-hd_mc_c
-0.906540	prd:hd-cl_jd-prnth_c^sb-hd_mc_c>sp-hd_hc_c,hd-cmp_u_c
-1.209809	prd:hd-cmp_2_c^hd-cmp_u_c>cm_vp_to_le,hd-cmp_u_c
0.963942	prd:hd-cmp_2_c^hd-cmp_u_c>cm_vp_to_le,hd_optcmp_c
0.012716	prd:hd-cmp_2_c^hd-cmp_u_c>p_np_i_le,hdn_bnp-pn_c
0.590282	prd:hd-cmp_2_c^hd-cmp_u_c>p_np_ptcl_le,hdn_bnp-pn_c
0.966530	prd:hd-cmp_2_c^hd-cmp_u_c>p_np_ptcl_le,sp-hd_n_c
-0.958401	prd:hd-cmp_2_c^hd-cmp_u_c>v_n3s-bse_ilr,aj-hd_int_c
0.966530	prd:hd-cmp_2_c^v_n3s-bse_ilr>v_np*-pp_to_le
-0.687148	prd:hd-cmp_2_c^v_n3s-bse_ilr>v_np-pp_prop_le
-0.563351	prd:hd-cmp_2_c^v_n3s-bse_ilr>v_np-prd_sor_le
-0.962216	prd:hd-cmp_2_c^v_pas_odlr>v_np-vp_oeq-psv_le
1.697911	prd:hd-cmp_2_c^v_pas_odlr>v_np-vp_oeq_le
-0.886649	prd:hd-cmp_2_c^v_psp_olr>v_np-prd_oeq_le
-0.958401	prd:hd-cmp_2_c^v_psp_olr>v_np-vp_oeq-bse_le
0.590282	prd:hd-cmp_2_c^v_pst_olr>v_np-pp_to_le
0.012716	prd:hd-cmp_2_c^v_pst_olr>v_np-prd_oeq-ntr_le
-0.981562	prd:hd-cmp_2_c^v_pst_olr>v_np-vp_oeq_le
0.289419	prd:hd-cmp_u_c^aj-hd_int_c>av_-_i-unk_le,hd-cmp_u_c
-0.963624	prd:hd-cmp_u_c^aj-hd_int_c>av_-_i-vp-pr_le,hd-cmp_u_c
0.958265	prd:hd-cmp_u_c^aj-hd_int_c>av_-_i-vp-pr_le,hd_optcmp_c
0.849500	prd:hd-cmp_u_c^aj-hd_int_c>av_-_i-vp-x_le,hd-cmp_u_c
1.908084	prd:hd-cmp_u_c^aj-hd_int_c>av_-_i-vp-x_le,hd_optcmp_c
0.515849	prd:hd-cmp_u_c^aj-hd_int_c>av_-_i-vp-x_le,hd_xcmp_c
-0.922480	prd:hd-cmp_u_c^aj-hd_int_c>av_-_i-vp-x_le,jpr-jpr_crd-t_c
0.953815	prd:hd-cmp_u_c^aj-hd_int_c>av_-_i-vp_le,hd-pct_c
-0.958401	prd:hd-cmp_u_c^aj-hd_int_c>av_-_pr-thmslvs_le,hd_optcmp_c
1.585740	prd:hd-cmp_u_c^aj-hd_int_c>hd-pct_c,hd-cmp_u_c
-0.818120	prd:hd-cmp_u_c^aj-hd_scp-xp_c>av_-_s-not-prdp_le,av_-_s-vp-x_le
0.081744	prd:hd-cmp_u_c^aj-hd_scp-xp_c>av_-_s-not_le,hd-cmp_u_c
-0.729519	prd:hd-cmp_u_c^aj-hd_scp-xp_c>av_-_s-not_le,hd_optcmp_c
2.552361	prd:hd-cmp_u_c^aj-hd_scp-xp_c>av_-_s-vp-x_le,hd-cmp_u_c
0.818120	prd:hd-cmp_u_c^aj-hd_scp-xp_c>av_-_s-vp-x_le,hd_optcmp_c
-0.973933	prd:hd-cmp_u_c^aj-hd_scp_c>hd-cmp_u_c,flr-hd_wh-nmc-fin_c
-0.734696	prd:hd-cmp_u_c^aj-hd_scp_c>hd-cmp_u_c,hd-cmp_u_c
-0.997230	prd:hd-cmp_u_c^aj-hd_scp_c>hd-cmp_u_c,hd_imp_c
-0.939555	prd:hd-cmp_u_c^aj-hd_scp_c>np_voc-pre_c,hd_yesno-nmc_c
-0.941099	prd:hd-cmp_u_c^aj-hd_scp_c>vp_sbrd-pre_c,sb-hd_nmc_c
-0.965804	prd:hd-cmp_u_c^aj-hdn_norm_c>aj_-_i-cap_le,hd-cmp_u_c
0.924569	prd:hd-cmp_u_c^aj-hdn_norm_c>aj_pp_i-more_le,hdn_optcmp_c
-0.858538	prd:hd-cmp_u_c^aj-hdn_norm_c>hd_optcmp_c,n_ms-cnt_ilr
-0.323524	prd:hd-cmp_u_c^aj-hdn_norm_c>sp-hd_hc_c,hdn_optcmp_c
-1.538147	prd:hd-cmp_u_c^cl-rc_c>hd_optcmp_c,flr-hd_rel-fin_c
-0.996957	prd:hd-cmp_u_c^cl-rc_c>hd_xcmp_c,flr-hd_rel-fin_c
-0.352498	prd:hd-cmp_u_c^cl_np-wh_c>flr-hd_wh-nmc-fin_c
-0.887557	prd:hd-cmp_u_c^cl_np-wh_c>hd-cmp_u_c
-1.878747	prd:hd-cmp_u_c^cl_rc-fin-modgap_c>sb-hd_nmc_c
-1.404496	prd:hd-cmp_u_c^cl_rc-fin-nwh_c>sb-hd_nmc_c
0.900636	prd:hd-cmp_u_c^flr-hd_rel-fin-pp_c>pp_-_i-rel-that_le,sb-hd_nmc_c
0.977611	prd:hd-cmp_u_c^flr-hd_rel-fin_c>n_-_pr-rel-nwh_le,sb-hd_nmc_c
1.320345	prd:hd-cmp_u_c^flr-hd_rel-fin_c>n_-_pr-rel-who_le,hd_xsb-fin_c
1.139555	prd:hd-cmp_u_c^flr-hd_wh-nmc-fin_c>hdn_bnp-qnt_c,hd_xsb-fin_c
0.187784	prd:hd-cmp_u_c^flr-hd_wh-nmc-fin_c>hdn_bnp-qnt_c,sb-hd_nmc_c
0.926158	prd:hd-cmp_u_c^flr-hd_wh-nmc-fin_c>hdn_bnp_c,sb-hd_nmc_c
-0.599637	prd:hd-cmp_u_c^flr-hd_wh-nmc-fin_c>np_adv_c,sb-hd_nmc_c
-0.993097	prd:hd-cmp_u_c^flr-hd_wh-nmc-fin_c>sp-hd_n_c,hd_xsb-fin_c
0.993097	prd:hd-cmp_u_c^flr-hd_wh-nmc-fin_c>sp-hd_n_c,sb-hd_nmc_c
0.000545	prd:hd-cmp_u_c^flr-hd_wh-nmc-inf_c>hdn_bnp-qnt_c,hd-cmp_u_c
1.834151	prd:hd-cmp_u_c^flr-hd_wh-nmc-inf_c>np_adv_c,hd-cmp_u_c
0.300454	prd:hd-cmp_u_c^flr-hd_wh-nmc-inf_c>pp_-_i-wh_le,hd-cmp_u_c
-0.001090	prd:hd-cmp_u_c^hd-aj_int-sl_c>hd_optcmp_c,hd_xcmp_c
1.736013	prd:hd-cmp_u_c^hd-aj_int-unsl_c>aj_-_i_le,hd-cmp_u_c
2.464896	prd:hd-cmp_u_c^hd-aj_int-unsl_c>hd-aj_int-unsl_c,hd-cmp_u_c
-0.885150	prd:hd-cmp_u_c^hd-aj_int-unsl_c>hd-aj_int-unsl_c,hd-pct_c
-0.913896	prd:hd-cmp_u_c^hd-aj_int-unsl_c>hd-aj_int-unsl_c,np_adv-mnp_c
1.128610	prd:hd-cmp_u_c^hd-aj_int-unsl_c>hd-aj_int-unsl_c,np_adv_c
-0.959310	prd:hd-cmp_u_c^hd-aj_int-unsl_c>hd-cmp_u_c,av_-_i-vp_le
-0.500954	prd:hd-cmp_u_c^hd-aj_int-unsl_c>hd-cmp_u_c,hd-aj_int-unsl_c
0.892280	prd:hd-cmp_u_c^hd-aj_int-unsl_c>hd-cmp_u_c,hd-cmp_u_c
2.169755	prd:hd-cmp_u_c^hd-aj_int-unsl_c>hd-cmp_u_c,hd-pct_c
2.565213	prd:hd-cmp_u_c^hd-aj_int-unsl_c>hd-cmp_u_c,np_adv_c
0.963215	prd:hd-cmp_u_c^hd-aj_int-unsl_c>hd_optcmp_c,av_-_i-vp_le
-0.985104	prd:hd-cmp_u_c^hd-aj_int-unsl_c>hd_optcmp_c,hd-aj_int-unsl_c
-3.795777	prd:hd-cmp_u_c^hd-aj_int-unsl_c>hd_optcmp_c,hd-cmp_u_c
-0.968801	prd:hd-cmp_u_c^hd-aj_int-unsl_c>hd_optcmp_c,hd-pct_c
4.920027	prd:hd-cmp_u_c^hd-aj_int-unsl_c>hd_optcmp_c,np_adv_c
-0.874932	prd:hd-cmp_u_c^hd-aj_int-unsl_c>hd_optcmp_c,sp-hd_hc_c
4.232016	prd:hd-cmp_u_c^hd-aj_int-unsl_c>hd_xaj-int-vp_c,hd-cmp_u_c
-0.087375	prd:hd-cmp_u_c^hd-aj_int-unsl_c>hd_xaj-int-vp_c,hd-pct_c
-0.863170	prd:hd-cmp_u_c^hd-aj_int-unsl_c>hd_xaj-int-vp_c,np_adv_c
-0.949955	prd:hd-cmp_u_c^hd-aj_int-unsl_c>hd_xcmp_c,av_-_i-vp-po_le
-0.930745	prd:hd-cmp_u_c^hd-aj_int-unsl_c>hd_xcmp_c,hd-cmp_u_c
-0.710899	prd:hd-cmp_u_c^hd-aj_int-unsl_c>hd_xcmp_c,np_indef-adv_c
-0.964532	prd:hd-cmp_u_c^hd-aj_int-unsl_c>n-j_j-cpd_c,hd-cmp_u_c
-0.979337	prd:hd-cmp_u_c^hd-aj_int-unsl_c>np_adv_c,np_adv_c
-0.900954	prd:hd-cmp_u_c^hd-aj_int-unsl_c>pp_-_i-dir-nomodn_le,hd-cmp_u_c
1.612489	prd:hd-cmp_u_c^hd-aj_int-unsl_c>pp_-_i_le,hd-cmp_u_c
-0.975341	prd:hd-cmp_u_c^hd-aj_int-unsl_c>v_aux-ell-ref_dlr,hd-cmp_u_c
0.766440	prd:hd-cmp_u_c^hd-aj_int-unsl_c>v_n3s-bse_ilr,aj-hd_int_c
2.045958	prd:hd-cmp_u_c^hd-aj_int-unsl_c>v_n3s-bse_ilr,hd-cmp_u_c
0.035740	prd:hd-cmp_u_c^hd-aj_int-unsl_c>v_n3s-bse_ilr,hd-pct_c
-1.645504	prd:hd-cmp_u_c^hd-aj_int-unsl_c>v_n3s-bse_ilr,np_adv_c
-0.766440	prd:hd-cmp_u_c^hd-aj_int-unsl_c>v_n3s-bse_ilr,sp-hd_hc_c
0.901362	prd:hd-cmp_u_c^hd-aj_int-unsl_c>v_psp_olr,hd-cmp_u_c
0.999364	prd:hd-cmp_u_c^hd-aj_int-unsl_c>v_psp_olr,hd-pct_c
0.977702	prd:hd-cmp_u_c^hd-aj_scp-pr_c>hd-cmp_u_c,cl_adv_c
-0.947684	prd:hd-cmp_u_c^hd-aj_scp-pr_c>hd-cmp_u_c,hd-cmp_u_c
-0.901090	prd:hd-cmp_u_c^hd-aj_scp-pr_c>hd_imp_c,np_voc-post_c
1.632062	prd:hd-cmp_u_c^hd-aj_scp_c>aj_-_i_le,hd-cmp_u_c
-0.511172	prd:hd-cmp_u_c^hd-aj_scp_c>hd-aj_int-unsl_c,hd-cmp_u_c
2.898138	prd:hd-cmp_u_c^hd-aj_scp_c>hd-cmp_u_c,hd-cmp_u_c
-0.990054	prd:hd-cmp_u_c^hd-aj_scp_c>hd-cmp_u_c,vp_sbrd-prd-aj_c
-0.458356	prd:hd-cmp_u_c^hd-aj_scp_c>hd_optcmp_c,hd-cmp_u_c
-0.902861	prd:hd-cmp_u_c^hd-aj_scp_c>v_n3s-bse_ilr,hd-cmp_u_c
-0.789918	prd:hd-cmp_u_c^hd-aj_scp_c>vp-vp_crd-nfin-t_c,hd-pct_c
-0.977702	prd:hd-cmp_u_c^hd-aj_vmod-s_c>hd-cmp_u_c,np_voc-post_c
-0.956540	prd:hd-cmp_u_c^hd-aj_vmod-s_c>hd-pct_c,hd-cmp_u_c
-0.993915	prd:hd-cmp_u_c^hd-aj_vmod_c>aj_pp_i-more_le,av_-_i-unk_le
-1.155132	prd:hd-cmp_u_c^hd-aj_vmod_c>hd-cmp_u_c,hd-aj_int-unsl_c
1.117938	prd:hd-cmp_u_c^hd-aj_vmod_c>hd-cmp_u_c,hd-cmp_u_c
-0.892870	prd:hd-cmp_u_c^hd-aj_vmod_c>hd-cmp_u_c,hd-pct_c
-0.311308	prd:hd-cmp_u_c^hd-aj_vmod_c>hd_optcmp_c,hd-aj_int-unsl_c
1.987648	prd:hd-cmp_u_c^hd-aj_vmod_c>hd_optcmp_c,hd-cmp_u_c
0.988874	prd:hd-cmp_u_c^hd-aj_vmod_c>n_ms-cnt_ilr,hd-cmp_u_c
-0.724251	prd:hd-cmp_u_c^hd-aj_vmod_c>n_sg_ilr,hd-cmp_u_c
0.963624	prd:hd-cmp_u_c^hd-aj_vmod_c>n_sg_ilr,np_adv_c
-1.818438	prd:hd-cmp_u_c^hd-aj_vmod_c>v_3s-fin_olr,av_-_i-vp-po_le
0.996367	prd:hd-cmp_u_c^hd-aj_vmod_c>v_3s-fin_olr,sp-hd_hc_c
-0.289419	prd:hd-cmp_u_c^hd-aj_vmod_c>v_aux-cx-noinv_dlr,av_-_i-unk_le
-0.900636	prd:hd-cmp_u_c^hd-aj_vmod_c>v_cp_was_le,hd-cmp_u_c
-0.868937	prd:hd-cmp_u_c^hd-aj_vmod_c>v_n3s-bse_ilr,av_-_i-vp-cmp_le
-0.749955	prd:hd-cmp_u_c^hd-aj_vmod_c>v_n3s-bse_ilr,av_-_i-vp-po_le
-0.709764	prd:hd-cmp_u_c^hd-aj_vmod_c>v_n3s-bse_ilr,hd-cmp_u_c
0.974977	prd:hd-cmp_u_c^hd-aj_vmod_c>v_n3s-bse_ilr,sp-hd_hc_c
-0.958265	prd:hd-cmp_u_c^hd-aj_vmod_c>v_prd_was_le,np_adv_c
-0.083379	prd:hd-cmp_u_c^hd-aj_vmod_c>v_prp_olr,hd-cmp_u_c
-0.865895	prd:hd-cmp_u_c^hd-aj_vmod_c>v_pst_olr,hd-aj_int-unsl_c
2.072752	prd:hd-cmp_u_c^hd-aj_vmod_c>v_pst_olr,hd-cmp_u_c
-0.900999	prd:hd-cmp_u_c^hd-aj_vmod_c>v_vp_will-p_le,np_adv_c
0.906540	prd:hd-cmp_u_c^hd-cl_jd-prnth_c>aj_-_i-er_le,aj-hd_scp_c
-0.906540	prd:hd-cmp_u_c^hd-cl_jd-prnth_c>aj_-_i-er_le,sb-hd_mc_c
-0.563351	prd:hd-cmp_u_c^hd-cmp_2_c>v_n3s-bse_ilr,aj_-_i_le
0.966530	prd:hd-cmp_u_c^hd-cmp_2_c>v_n3s-bse_ilr,hd-cmp_u_c
-0.687148	prd:hd-cmp_u_c^hd-cmp_2_c>v_n3s-bse_ilr,pp_-_i_le
0.735695	prd:hd-cmp_u_c^hd-cmp_2_c>v_pas_odlr,hd-cmp_u_c
-0.886649	prd:hd-cmp_u_c^hd-cmp_2_c>v_psp_olr,aj_-_i-er_le
-0.958401	prd:hd-cmp_u_c^hd-cmp_2_c>v_psp_olr,hd-cmp_u_c
-0.378565	prd:hd-cmp_u_c^hd-cmp_2_c>v_pst_olr,hd-cmp_u_c
-0.273342	prd:hd-cmp_u_c^hd-cmp_u_c>aj_cp_i-fin_le,hd-cmp_u_c
0.734696	prd:hd-cmp_u_c^hd-cmp_u_c>aj_cp_i-it-c_le,hd-cmp_u_c
0.487511	prd:hd-cmp_u_c^hd-cmp_u_c>aj_cp_i-it_le,flr-hd_wh-nmc-fin_c
-0.975795	prd:hd-cmp_u_c^hd-cmp_u_c>aj_cp_i-it_le,hd-cmp_u_c
0.949682	prd:hd-cmp_u_c^hd-cmp_u_c>aj_cp_i-it_le,sb-hd_nmc_c
-0.900681	prd:hd-cmp_u_c^hd-cmp_u_c>aj_cp_i_le,hd-cmp_u_c
-1.920300	prd:hd-cmp_u_c^hd-cmp_u_c>aj_np_i-crd-nsp_le,hd-pct_c
0.975795	prd:hd-cmp_u_c^hd-cmp_u_c>aj_pp-vp_i-it-nt_le,hd-cmp_u_c
0.386830	prd:hd-cmp_u_c^hd-cmp_u_c>aj_pp-vp_i-it_le,hd-cmp_u_c
-1.761035	prd:hd-cmp_u_c^hd-cmp_u_c>aj_pp_i-cmp_le,hd-cmp_u_c
0.143551	prd:hd-cmp_u_c^hd-cmp_u_c>aj_pp_i-er_le,hd-cmp_u_c
1.193460	prd:hd-cmp_u_c^hd-cmp_u_c>aj_pp_i-obl_le,hd-cmp_u_c
-2.253815	prd:hd-cmp_u_c^hd-cmp_u_c>aj_vp_i-seq_le,hd-cmp_u_c
-0.662761	prd:hd-cmp_u_c^hd-cmp_u_c>cm_np-vp_for_le,hdn_bnp-pn_c
3.369846	prd:hd-cmp_u_c^hd-cmp_u_c>cm_np-vp_for_le,hdn_bnp-qnt_c
-1.521344	prd:hd-cmp_u_c^hd-cmp_u_c>cm_np-vp_for_le,hdn_bnp_c
0.592734	prd:hd-cmp_u_c^hd-cmp_u_c>cm_np-vp_for_le,sp-hd_n_c
-0.162125	prd:hd-cmp_u_c^hd-cmp_u_c>cm_np-vp_if-ic_le,sb-hd_nmc_c
1.580291	prd:hd-cmp_u_c^hd-cmp_u_c>cm_np-vp_that_le,sb-hd_nmc_c
1.325976	prd:hd-cmp_u_c^hd-cmp_u_c>cm_np-vp_wh_le,sb-hd_nmc_c
0.969437	prd:hd-cmp_u_c^hd-cmp_u_c>cm_vp_from_le,hd-cmp_u_c
0.195686	prd:hd-cmp_u_c^hd-cmp_u_c>cm_vp_to_le,aj-hd_scp-xp_c
5.134378	prd:hd-cmp_u_c^hd-cmp_u_c>cm_vp_to_le,hd-aj_int-unsl_c
-0.789918	prd:hd-cmp_u_c^hd-cmp_u_c>cm_vp_to_le,hd-aj_scp_c
6.582334	prd:hd-cmp_u_c^hd-cmp_u_c>cm_vp_to_le,hd-cmp_u_c
-0.261444	prd:hd-cmp_u_c^hd-cmp_u_c>cm_vp_to_le,hd-pct_c
3.353815	prd:hd-cmp_u_c^hd-cmp_u_c>cm_vp_to_le,hd_optcmp_c
-0.840645	prd:hd-cmp_u_c^hd-cmp_u_c>cm_vp_to_le,hd_xaj-int-vp_c
0.077066	prd:hd-cmp_u_c^hd-cmp_u_c>cm_vp_to_le,hd_xcmp_c
-1.369301	prd:hd-cmp_u_c^hd-cmp_u_c>cm_vp_to_le,v_aux-ell-ref_dlr
-0.998274	prd:hd-cmp_u_c^hd-cmp_u_c>cm_vp_to_le,v_n3s-bse_ilr
0.938874	prd:hd-cmp_u_c^hd-cmp_u_c>cm_vp_wh_le,hd-cmp_u_c
-0.956540	prd:hd-cmp_u_c^hd-cmp_u_c>hd-aj_vmod-s_c,sp-hd_n_c
-1.976885	prd:hd-cmp_u_c^hd-cmp_u_c>hd-aj_vmod_c,hd-cmp_u_c
-0.749955	prd:hd-cmp_u_c^hd-cmp_u_c>hd-aj_vmod_c,hd_xsb-fin_c
-1.980972	prd:hd-cmp_u_c^hd-cmp_u_c>hd-aj_vmod_c,hdn_bnp-pn_c
-0.083379	prd:hd-cmp_u_c^hd-cmp_u_c>hd-aj_vmod_c,hdn_bnp-qnt_c
-0.868937	prd:hd-cmp_u_c^hd-cmp_u_c>hd-aj_vmod_c,hdn_bnp_c
-1.837330	prd:hd-cmp_u_c^hd-cmp_u_c>hd-aj_vmod_c,sp-hd_n_c
1.697911	prd:hd-cmp_u_c^hd-cmp_u_c>hd-cmp_2_c,hd-cmp_u_c
-0.886649	prd:hd-cmp_u_c^hd-cmp_u_c>hd-cmp_2_c,hdn_bnp-pn_c
-1.521753	prd:hd-cmp_u_c^hd-cmp_u_c>hd-cmp_2_c,hdn_bnp_c
0.279382	prd:hd-cmp_u_c^hd-cmp_u_c>hd-cmp_2_c,sp-hd_n_c
0.592734	prd:hd-cmp_u_c^hd-cmp_u_c>hd-cmp_u_c,aj-hd_int_c
-0.515849	prd:hd-cmp_u_c^hd-cmp_u_c>hd-cmp_u_c,av_-_i-vp-x_le
1.390645	prd:hd-cmp_u_c^hd-cmp_u_c>hd-cmp_u_c,av_-_s-not_le
-0.717121	prd:hd-cmp_u_c^hd-cmp_u_c>hd-cmp_u_c,av_-_s-vp-x_le
1.100908	prd:hd-cmp_u_c^hd-cmp_u_c>hd-cmp_u_c,flr-hd_wh-nmc-inf_c
1.170572	prd:hd-cmp_u_c^hd-cmp_u_c>hd-cmp_u_c,hd-cmp_u_c
-1.708492	prd:hd-cmp_u_c^hd-cmp_u_c>hd-cmp_u_c,hd-pct_c
0.800136	prd:hd-cmp_u_c^hd-cmp_u_c>hd-cmp_u_c,hd_optcmp_c
-0.676930	prd:hd-cmp_u_c^hd-cmp_u_c>hd-cmp_u_c,hd_xaj-int-vp_c
-1.745504	prd:hd-cmp_u_c^hd-cmp_u_c>hd-cmp_u_c,hd_xcmp_c
-1.030154	prd:hd-cmp_u_c^hd-cmp_u_c>hd-cmp_u_c,hdn_bnp-qnt_c
-0.985513	prd:hd-cmp_u_c^hd-cmp_u_c>hd-cmp_u_c,hdn_bnp-sg-nomod_c
-0.343915	prd:hd-cmp_u_c^hd-cmp_u_c>hd-cmp_u_c,hdn_bnp_c
-1.701362	prd:hd-cmp_u_c^hd-cmp_u_c>hd-cmp_u_c,np_adv_c
-1.309083	prd:hd-cmp_u_c^hd-cmp_u_c>hd-cmp_u_c,sp-hd_n_c
2.137511	prd:hd-cmp_u_c^hd-cmp_u_c>hd-cmp_u_c,vp_rc-redrel_c
-0.800999	prd:hd-cmp_u_c^hd-cmp_u_c>hd-pct_c,sb-hd_nmc_c
-0.734696	prd:hd-cmp_u_c^hd-cmp_u_c>hd_optcmp_c,aj-hd_scp_c
2.384060	prd:hd-cmp_u_c^hd-cmp_u_c>hd_optcmp_c,hd-cmp_u_c
0.987012	prd:hd-cmp_u_c^hd-cmp_u_c>hd_optcmp_c,hd-pct_c
0.549319	prd:hd-cmp_u_c^hd-cmp_u_c>hd_optcmp_c,sb-hd_nmc_c
0.387421	prd:hd-cmp_u_c^hd-cmp_u_c>hd_xcmp_c,hd-cmp_u_c
-0.922252	prd:hd-cmp_u_c^hd-cmp_u_c>hd_xcmp_c,hd-pct_c
0.886240	prd:hd-cmp_u_c^hd-cmp_u_c>hd_xcmp_c,hd_optcmp_c
-2.032425	prd:hd-cmp_u_c^hd-cmp_u_c>hd_xcmp_c,hdn_bnp-pn_c
1.965259	prd:hd-cmp_u_c^hd-cmp_u_c>hd_xcmp_c,sp-hd_n_c
0.521208	prd:hd-cmp_u_c^hd-cmp_u_c>j_tough_dlr,hd-cmp_u_c
0.966303	prd:hd-cmp_u_c^hd-cmp_u_c>n_ms-cnt_ilr,hd-cmp_u_c
1.720981	prd:hd-cmp_u_c^hd-cmp_u_c>n_sg_ilr,hd-cmp_u_c
-0.942007	prd:hd-cmp_u_c^hd-cmp_u_c>p_cp_i-nmod_le,sb-hd_nmc_c
1.448501	prd:hd-cmp_u_c^hd-cmp_u_c>p_cp_ptcl-ell_le,hd_yesno-nmc_c
-0.397956	prd:hd-cmp_u_c^hd-cmp_u_c>p_cp_ptcl-ell_le,sb-hd_nmc_c
-0.172525	prd:hd-cmp_u_c^hd-cmp_u_c>p_cp_ptcl-npgap_le,hd_xsb-fin_c
-0.376340	prd:hd-cmp_u_c^hd-cmp_u_c>p_cp_ptcl-npgap_le,sb-hd_nmc_c
-0.078429	prd:hd-cmp_u_c^hd-cmp_u_c>p_cp_ptcl-ppgap_le,sb-hd_nmc_c
1.306040	prd:hd-cmp_u_c^hd-cmp_u_c>p_cp_s-for_le,hdn_bnp-pn_c
-0.291644	prd:hd-cmp_u_c^hd-cmp_u_c>p_cp_s-for_le,hdn_bnp-qnt_c
-2.143143	prd:hd-cmp_u_c^hd-cmp_u_c>p_cp_s-for_le,hdn_bnp_c
-0.877566	prd:hd-cmp_u_c^hd-cmp_u_c>p_cp_s-for_le,sp-hd_n_c
-0.793506	prd:hd-cmp_u_c^hd-cmp_u_c>p_cp_s-ncop_le,sp-hd_n_c
-0.902089	prd:hd-cmp_u_c^hd-cmp_u_c>p_nb-pp_i-frm-to_le,hdn_np-num_c
-0.902089	prd:hd-cmp_u_c^hd-cmp_u_c>p_nb_i-nmd-to_le,num_prt-det-nc_c
1.934968	prd:hd-cmp_u_c^hd-cmp_u_c>p_nb_i-nmd_le,hd-cmp_u_c
-0.968665	prd:hd-cmp_u_c^hd-cmp_u_c>p_nb_i-nmd_le,n_sg_ilr
0.898411	prd:hd-cmp_u_c^hd-cmp_u_c>p_np-np_s-ncop_le,hdn_bnp-pn_c
-0.900817	prd:hd-cmp_u_c^hd-cmp_u_c>p_np-np_s-ncop_le,hdn_bnp_c
0.902089	prd:hd-cmp_u_c^hd-cmp_u_c>p_np-pp_i-frm-to_le,hdn_optcmp_c
-0.924569	prd:hd-cmp_u_c^hd-cmp_u_c>p_np-pp_i-more-than_le,hdn_bnp_c
-2.455586	prd:hd-cmp_u_c^hd-cmp_u_c>p_np_i-dgsp_le,hdn_bnp-pn_c
-0.995958	prd:hd-cmp_u_c^hd-cmp_u_c>p_np_i-nm-no-tm-to_le,hdn_bnp-sg-nomod_c
-0.994187	prd:hd-cmp_u_c^hd-cmp_u_c>p_np_i-nm-poss_le,hdn_bnp-pn_c
-0.871753	prd:hd-cmp_u_c^hd-cmp_u_c>p_np_i-nm-poss_le,hdn_bnp-qnt_c
-0.990736	prd:hd-cmp_u_c^hd-cmp_u_c>p_np_i-nm-poss_le,hdn_bnp-vger_c
-0.790736	prd:hd-cmp_u_c^hd-cmp_u_c>p_np_i-nm-poss_le,hdn_bnp_c
3.712943	prd:hd-cmp_u_c^hd-cmp_u_c>p_np_i-nnm_le,hdn_bnp-pn_c
-0.802089	prd:hd-cmp_u_c^hd-cmp_u_c>p_np_i-nnm_le,hdn_bnp-qnt_c
-1.594369	prd:hd-cmp_u_c^hd-cmp_u_c>p_np_i-nnm_le,hdn_bnp-vger_c
-0.938874	prd:hd-cmp_u_c^hd-cmp_u_c>p_np_i-nnm_le,hdn_bnp_c
1.704178	prd:hd-cmp_u_c^hd-cmp_u_c>p_np_i-nnm_le,hdn_optcmp_c
-0.195686	prd:hd-cmp_u_c^hd-cmp_u_c>p_np_i-nnm_le,sp-hd_hc_c
1.066712	prd:hd-cmp_u_c^hd-cmp_u_c>p_np_i-nnm_le,sp-hd_n_c
-1.679519	prd:hd-cmp_u_c^hd-cmp_u_c>p_np_i-prd-a_le,hd-cmp_u_c
-0.652816	prd:hd-cmp_u_c^hd-cmp_u_c>p_np_i-reg_le,hdn_bnp-pn_c
2.642007	prd:hd-cmp_u_c^hd-cmp_u_c>p_np_i-reg_le,hdn_bnp-sg-nomod_c
-0.955450	prd:hd-cmp_u_c^hd-cmp_u_c>p_np_i-reg_le,hdn_bnp-vger_c
1.770118	prd:hd-cmp_u_c^hd-cmp_u_c>p_np_i-reg_le,hdn_bnp_c
-4.607221	prd:hd-cmp_u_c^hd-cmp_u_c>p_np_i-reg_le,sp-hd_n_c
0.890236	prd:hd-cmp_u_c^hd-cmp_u_c>p_np_i_le,hdn_bnp-pn_c
-0.199728	prd:hd-cmp_u_c^hd-cmp_u_c>p_np_i_le,hdn_bnp-qnt_c
-1.366031	prd:hd-cmp_u_c^hd-cmp_u_c>p_np_i_le,hdn_bnp-vger_c
1.381789	prd:hd-cmp_u_c^hd-cmp_u_c>p_np_i_le,sp-hd_n_c
-1.418937	prd:hd-cmp_u_c^hd-cmp_u_c>p_np_ptcl-ngap_le,hdn_bnp-pn_c
0.997775	prd:hd-cmp_u_c^hd-cmp_u_c>p_np_ptcl-ngap_le,hdn_bnp-qnt_c
2.061807	prd:hd-cmp_u_c^hd-cmp_u_c>p_np_ptcl-ngap_le,hdn_bnp_c
-0.900817	prd:hd-cmp_u_c^hd-cmp_u_c>p_np_ptcl-ngap_le,hdn_optcmp_c
0.702316	prd:hd-cmp_u_c^hd-cmp_u_c>p_np_ptcl-ngap_le,sp-hd_n_c
-0.993097	prd:hd-cmp_u_c^hd-cmp_u_c>p_np_ptcl-of_le,hdn-np_app-r_c
0.994187	prd:hd-cmp_u_c^hd-cmp_u_c>p_np_ptcl-of_le,hdn_bnp-pn_c
0.182289	prd:hd-cmp_u_c^hd-cmp_u_c>p_np_ptcl-of_le,hdn_bnp-qnt_c
0.869800	prd:hd-cmp_u_c^hd-cmp_u_c>p_np_ptcl-of_le,hdn_bnp_c
0.142371	prd:hd-cmp_u_c^hd-cmp_u_c>p_np_ptcl-of_le,sp-hd_n_c
0.774478	prd:hd-cmp_u_c^hd-cmp_u_c>p_np_ptcl-ref_le,hdn_bnp-pn_c
-0.962216	prd:hd-cmp_u_c^hd-cmp_u_c>p_np_ptcl-ref_le,hdn_bnp_c
0.999864	prd:hd-cmp_u_c^hd-cmp_u_c>p_np_ptcl-ref_le,sp-hd_n_c
2.086104	prd:hd-cmp_u_c^hd-cmp_u_c>p_np_ptcl_le,cl_np-wh_c
-0.966576	prd:hd-cmp_u_c^hd-cmp_u_c>p_np_ptcl_le,hdn-np_app_c
0.727339	prd:hd-cmp_u_c^hd-cmp_u_c>p_np_ptcl_le,hdn_bnp-pn_c
-1.363170	prd:hd-cmp_u_c^hd-cmp_u_c>p_np_ptcl_le,hdn_bnp-qnt_c
1.880018	prd:hd-cmp_u_c^hd-cmp_u_c>p_np_ptcl_le,hdn_bnp-vger_c
-3.521980	prd:hd-cmp_u_c^hd-cmp_u_c>p_np_ptcl_le,hdn_bnp_c
-1.794732	prd:hd-cmp_u_c^hd-cmp_u_c>p_np_ptcl_le,hdn_optcmp_c
-0.701726	prd:hd-cmp_u_c^hd-cmp_u_c>p_np_ptcl_le,n-n_num-seq_c
1.758311	prd:hd-cmp_u_c^hd-cmp_u_c>p_np_ptcl_le,np-np_crd-t_c
1.112307	prd:hd-cmp_u_c^hd-cmp_u_c>p_np_ptcl_le,sp-hd_n_c
-1.700363	prd:hd-cmp_u_c^hd-cmp_u_c>p_pp_i-coprd-lx_le,hd-cmp_u_c
-0.920300	prd:hd-cmp_u_c^hd-cmp_u_c>p_prd_ptcl-ngap_le,np_adv_c
0.786149	prd:hd-cmp_u_c^hd-cmp_u_c>p_prd_ptcl_le,aj_-_i-er_le
0.076294	prd:hd-cmp_u_c^hd-cmp_u_c>p_prd_ptcl_le,hd-cmp_u_c
0.979791	prd:hd-cmp_u_c^hd-cmp_u_c>p_prd_ptcl_le,hd-pct_c
0.858129	prd:hd-cmp_u_c^hd-cmp_u_c>p_prd_ptcl_le,sp-hd_hc_c
-0.858129	prd:hd-cmp_u_c^hd-cmp_u_c>sp-hd_hc-cmp_c,hd-cmp_u_c
1.049864	prd:hd-cmp_u_c^hd-cmp_u_c>sp-hd_hc_c,hd-cmp_u_c
1.635059	prd:hd-cmp_u_c^hd-cmp_u_c>v_3s-fin_olr,hdn_bnp-pn_c
-0.041326	prd:hd-cmp_u_c^hd-cmp_u_c>v_3s-fin_olr,hdn_bnp-qnt_c
-1.419528	prd:hd-cmp_u_c^hd-cmp_u_c>v_3s-fin_olr,hdn_bnp_c
0.852498	prd:hd-cmp_u_c^hd-cmp_u_c>v_3s-fin_olr,p_np_ptcl_le
-1.868438	prd:hd-cmp_u_c^hd-cmp_u_c>v_3s-fin_olr,sp-hd_n_c
-0.818120	prd:hd-cmp_u_c^hd-cmp_u_c>v_aux-advadd_dlr,aj-hd_scp-xp_c
-0.997866	prd:hd-cmp_u_c^hd-cmp_u_c>v_aux-advadd_dlr,av_-_i-vp-x-spr_le
-1.765849	prd:hd-cmp_u_c^hd-cmp_u_c>v_aux-advadd_dlr,av_-_i-vp-x_le
1.066667	prd:hd-cmp_u_c^hd-cmp_u_c>v_aux-advadd_dlr,av_-_s-not_le
-0.428610	prd:hd-cmp_u_c^hd-cmp_u_c>v_aux-advadd_dlr,av_-_s-vp-x_le
-1.679201	prd:hd-cmp_u_c^hd-cmp_u_c>v_aux-cx-noinv_dlr,sp-hd_n_c
-1.448501	prd:hd-cmp_u_c^hd-cmp_u_c>v_aux-sb-inv-ell_dlr,hdn_bnp-pn_c
-0.016894	prd:hd-cmp_u_c^hd-cmp_u_c>v_aux-sb-inv_dlr,hdn_bnp-pn_c
-0.176340	prd:hd-cmp_u_c^hd-cmp_u_c>v_aux-sb-inv_dlr,sp-hd_n_c
0.948638	prd:hd-cmp_u_c^hd-cmp_u_c>v_cond-inv_dlr,hdn_bnp-pn_c
-0.419936	prd:hd-cmp_u_c^hd-cmp_u_c>v_cp_been_le,sb-hd_nmc_c
-0.942870	prd:hd-cmp_u_c^hd-cmp_u_c>v_inv-quot_dlr,hdn_bnp-qnt_c
0.795731	prd:hd-cmp_u_c^hd-cmp_u_c>v_n3s-bse_ilr,aj-hd_scp-xp_c
-0.860672	prd:hd-cmp_u_c^hd-cmp_u_c>v_n3s-bse_ilr,av_-_pr-herself_le
-0.960763	prd:hd-cmp_u_c^hd-cmp_u_c>v_n3s-bse_ilr,av_-_pr-himself_le
1.552634	prd:hd-cmp_u_c^hd-cmp_u_c>v_n3s-bse_ilr,flr-hd_wh-nmc-fin_c
-2.852225	prd:hd-cmp_u_c^hd-cmp_u_c>v_n3s-bse_ilr,hd-aj_int-unsl_c
-3.542098	prd:hd-cmp_u_c^hd-cmp_u_c>v_n3s-bse_ilr,hd-cmp_u_c
2.662579	prd:hd-cmp_u_c^hd-cmp_u_c>v_n3s-bse_ilr,hd-pct_c
0.590418	prd:hd-cmp_u_c^hd-cmp_u_c>v_n3s-bse_ilr,hd_optcmp_c
-0.737511	prd:hd-cmp_u_c^hd-cmp_u_c>v_n3s-bse_ilr,hd_xsb-fin_c
-0.665077	prd:hd-cmp_u_c^hd-cmp_u_c>v_n3s-bse_ilr,hdn-np_app_c
-0.900454	prd:hd-cmp_u_c^hd-cmp_u_c>v_n3s-bse_ilr,hdn_bnp-pn_c
-1.434968	prd:hd-cmp_u_c^hd-cmp_u_c>v_n3s-bse_ilr,hdn_bnp-qnt_c
0.994187	prd:hd-cmp_u_c^hd-cmp_u_c>v_n3s-bse_ilr,hdn_bnp-sg-nomod_c
1.040054	prd:hd-cmp_u_c^hd-cmp_u_c>v_n3s-bse_ilr,hdn_bnp-vger_c
1.977657	prd:hd-cmp_u_c^hd-cmp_u_c>v_n3s-bse_ilr,hdn_bnp_c
0.984832	prd:hd-cmp_u_c^hd-cmp_u_c>v_n3s-bse_ilr,j-j_crd-prd-t_c
-0.984832	prd:hd-cmp_u_c^hd-cmp_u_c>v_n3s-bse_ilr,n-n_crd-t_c
4.257357	prd:hd-cmp_u_c^hd-cmp_u_c>v_n3s-bse_ilr,np_adv_c
0.021344	prd:hd-cmp_u_c^hd-cmp_u_c>v_n3s-bse_ilr,p_np_ptcl_le
-0.863624	prd:hd-cmp_u_c^hd-cmp_u_c>v_n3s-bse_ilr,sb-hd_nmc_c
-0.965168	prd:hd-cmp_u_c^hd-cmp_u_c>v_n3s-bse_ilr,sp-hd_hc_c
-2.731517	prd:hd-cmp_u_c^hd-cmp_u_c>v_n3s-bse_ilr,sp-hd_n_c
0.862625	prd:hd-cmp_u_c^hd-cmp_u_c>v_np*_bse-unk_le,hdn_bnp-qnt_c
-0.268892	prd:hd-cmp_u_c^hd-cmp_u_c>v_np-prtcl_dlr,p_np_ptcl_le
-0.949682	prd:hd-cmp_u_c^hd-cmp_u_c>v_np-rc_is-scop_le,vp_sbrd-prd-ell_c
0.900636	prd:hd-cmp_u_c^hd-cmp_u_c>v_np-rc_was_le,hd-cmp_u_c
0.910263	prd:hd-cmp_u_c^hd-cmp_u_c>v_np-rc_was_le,hdn_bnp-pn_c
0.410082	prd:hd-cmp_u_c^hd-cmp_u_c>v_np-rc_was_le,sp-hd_n_c
-2.576930	prd:hd-cmp_u_c^hd-cmp_u_c>v_np-xp_are_le,hdn_bnp_c
2.500636	prd:hd-cmp_u_c^hd-cmp_u_c>v_np-xp_be_le,hdn_bnp_c
-3.454314	prd:hd-cmp_u_c^hd-cmp_u_c>v_np-xp_be_le,sp-hd_n_c
0.869437	prd:hd-cmp_u_c^hd-cmp_u_c>v_np-xp_is_le,sp-hd_n_c
-0.991099	prd:hd-cmp_u_c^hd-cmp_u_c>v_np_be_le,hdn_bnp-pn_c
-0.996685	prd:hd-cmp_u_c^hd-cmp_u_c>v_np_be_le,hdn_bnp-vger_c
-0.993233	prd:hd-cmp_u_c^hd-cmp_u_c>v_np_be_le,hdn_bnp_c
4.367302	prd:hd-cmp_u_c^hd-cmp_u_c>v_np_be_le,sp-hd_n_c
0.095005	prd:hd-cmp_u_c^hd-cmp_u_c>v_np_been_le,hdn_bnp-vger_c
0.934423	prd:hd-cmp_u_c^hd-cmp_u_c>v_np_being_le,sp-hd_n_c
-1.669210	prd:hd-cmp_u_c^hd-cmp_u_c>v_np_locinv-be_le,sp-hd_n_c
-1.686921	prd:hd-cmp_u_c^hd-cmp_u_c>v_pas_odlr,hd-cmp_u_c
0.929064	prd:hd-cmp_u_c^hd-cmp_u_c>v_pas_odlr,pp-pp_crd-sel-t_c
0.953815	prd:hd-cmp_u_c^hd-cmp_u_c>v_prd_be_le,aj-hd_int_c
1.348501	prd:hd-cmp_u_c^hd-cmp_u_c>v_prd_be_le,aj_-_i_le
-0.094868	prd:hd-cmp_u_c^hd-cmp_u_c>v_prd_be_le,hd-aj_int-unsl_c
1.632062	prd:hd-cmp_u_c^hd-cmp_u_c>v_prd_be_le,hd-aj_scp_c
1.929791	prd:hd-cmp_u_c^hd-cmp_u_c>v_prd_be_le,hd-cmp_u_c
-0.611671	prd:hd-cmp_u_c^hd-cmp_u_c>v_prd_be_le,hd-pct_c
1.074251	prd:hd-cmp_u_c^hd-cmp_u_c>v_prd_be_le,hd_optcmp_c
0.041235	prd:hd-cmp_u_c^hd-cmp_u_c>v_prd_be_le,hd_xaj-int-vp_c
0.996685	prd:hd-cmp_u_c^hd-cmp_u_c>v_prd_be_le,hd_xcmp_c
-0.116939	prd:hd-cmp_u_c^hd-cmp_u_c>v_prd_be_le,np_adv_c
-0.953815	prd:hd-cmp_u_c^hd-cmp_u_c>v_prd_be_le,sp-hd_hc_c
0.559628	prd:hd-cmp_u_c^hd-cmp_u_c>v_prd_been_le,hd-cmp_u_c
-0.194096	prd:hd-cmp_u_c^hd-cmp_u_c>v_prd_been_le,hd_optcmp_c
0.529382	prd:hd-cmp_u_c^hd-cmp_u_c>v_prd_being_le,hd-cmp_u_c
2.854450	prd:hd-cmp_u_c^hd-cmp_u_c>v_prd_being_le,hd-pct_c
-0.665486	prd:hd-cmp_u_c^hd-cmp_u_c>v_prp_olr,hd-cmp_u_c
1.932016	prd:hd-cmp_u_c^hd-cmp_u_c>v_prp_olr,hdn_bnp-pn_c
-2.044687	prd:hd-cmp_u_c^hd-cmp_u_c>v_prp_olr,hdn_bnp-qnt_c
-3.499500	prd:hd-cmp_u_c^hd-cmp_u_c>v_prp_olr,hdn_bnp_c
0.488056	prd:hd-cmp_u_c^hd-cmp_u_c>v_prp_olr,sp-hd_n_c
-1.222434	prd:hd-cmp_u_c^hd-cmp_u_c>v_psp_olr,hd-cmp_u_c
2.275341	prd:hd-cmp_u_c^hd-cmp_u_c>v_psp_olr,hd_xcmp_c
2.722888	prd:hd-cmp_u_c^hd-cmp_u_c>v_psp_olr,hdn_bnp-pn_c
0.010763	prd:hd-cmp_u_c^hd-cmp_u_c>v_psp_olr,hdn_bnp-qnt_c
0.925114	prd:hd-cmp_u_c^hd-cmp_u_c>v_psp_olr,hdn_bnp_c
0.755313	prd:hd-cmp_u_c^hd-cmp_u_c>v_psp_olr,np_adv_c
-0.815123	prd:hd-cmp_u_c^hd-cmp_u_c>v_psp_olr,sp-hd_n_c
-0.271299	prd:hd-cmp_u_c^hd-cmp_u_c>v_pst_olr,hd-cmp_u_c
4.950681	prd:hd-cmp_u_c^hd-cmp_u_c>v_pst_olr,hdn_bnp-pn_c
0.567575	prd:hd-cmp_u_c^hd-cmp_u_c>v_pst_olr,hdn_bnp-qnt_c
0.702271	prd:hd-cmp_u_c^hd-cmp_u_c>v_pst_olr,n_-_pr-it-x_le
0.991916	prd:hd-cmp_u_c^hd-cmp_u_c>v_pst_olr,n_-_pr-there-x_le
-2.948683	prd:hd-cmp_u_c^hd-cmp_u_c>v_pst_olr,sp-hd_n_c
-0.964078	prd:hd-cmp_u_c^hd-cmp_u_c>v_v-un_dlr,hdn_bnp-qnt_c
-0.896276	prd:hd-cmp_u_c^hd-cmp_u_c>v_v-under_dlr,sp-hd_n_c
0.804360	prd:hd-cmp_u_c^hd-cmp_u_c>v_vp_have-bse_le,hd-aj_int-unsl_c
1.063397	prd:hd-cmp_u_c^hd-cmp_u_c>v_vp_have-bse_le,hd-cmp_u_c
0.920073	prd:hd-cmp_u_c^hd-cmp_u_c>v_vp_have-bse_le,hd-pct_c
0.995913	prd:hd-cmp_u_c^hd-cmp_u_c>v_vp_have-bse_le,hd_optcmp_c
0.038601	prd:hd-cmp_u_c^hd-cmp_u_c>v_vp_have-bse_le,hd_xcmp_c
-0.920073	prd:hd-cmp_u_c^hd-cmp_u_c>v_vp_have-bse_le,v_aux-ell-ref_dlr
3.030154	prd:hd-cmp_u_c^hd-cmp_u_c>v_vp_have-prp_le,hd-aj_int-unsl_c
-0.982561	prd:hd-cmp_u_c^hd-cmp_u_c>v_vp_have-prp_le,hd_xaj-int-vp_c
0.990145	prd:hd-cmp_u_c^hd-cmp_u_c>v_vp_qsmd_le,hd-cmp_u_c
0.923433	prd:hd-cmp_u_c^hd-hd_rnr_c>vppr-vppr_crd-t_c,hd-cmp_u_c
0.701726	prd:hd-cmp_u_c^hd-pct_c>aj_-_i-crd-two_le,pt_-_period_le
0.979791	prd:hd-cmp_u_c^hd-pct_c>aj_-_i-er_le,pt_-_period_le
-0.700999	prd:hd-cmp_u_c^hd-pct_c>aj_-_i-ndpt_le,pt_-_comma_le
2.575704	prd:hd-cmp_u_c^hd-pct_c>aj_-_i-ndpt_le,pt_-_period_le
0.022707	prd:hd-cmp_u_c^hd-pct_c>aj_-_i_le,pt_-_period_le
0.586013	prd:hd-cmp_u_c^hd-pct_c>aj_-_i_le,pt_-_qmark_le
-0.800999	prd:hd-cmp_u_c^hd-pct_c>aj_cp_i_le,pt_-_comma-informal_le
-0.994005	prd:hd-cmp_u_c^hd-pct_c>av_-_i-ap-pp-po_le,pt_-_period_le
0.962534	prd:hd-cmp_u_c^hd-pct_c>av_-_pr-himself_le,pt_-_period_le
0.087375	prd:hd-cmp_u_c^hd-pct_c>av_-_pr-oneself_le,pt_-_period_le
-0.937738	prd:hd-cmp_u_c^hd-pct_c>cm_-_to_le,pt_-_period_le
-1.701589	prd:hd-cmp_u_c^hd-pct_c>hd-pct_c,pt_-_dqright_le
0.985740	prd:hd-cmp_u_c^hd-pct_c>j_j-un_dlr,pt_-_period_le
-0.865895	prd:hd-cmp_u_c^hd-pct_c>n_-_pn-mealtm_le,pt_-_period_le
-0.875522	prd:hd-cmp_u_c^hd-pct_c>n_-_pr-it-x_le,pt_-_qmark_le
1.627748	prd:hd-cmp_u_c^hd-pct_c>n_sg_ilr,pt_-_comma-informal_le
1.743279	prd:hd-cmp_u_c^hd-pct_c>n_sg_ilr,pt_-_period_le
-0.096594	prd:hd-cmp_u_c^hd-pct_c>p_np_ptcl_le,pt_-_period_le
-0.922252	prd:hd-cmp_u_c^hd-pct_c>p_np_ptcl_le,pt_-_qmark_le
-0.793506	prd:hd-cmp_u_c^hd-pct_c>pp_-_i-nm_le,pt_-_period_le
0.981290	prd:hd-cmp_u_c^hd-pct_c>pp_-_i-vm_le,pt_-_period_le
-0.953179	prd:hd-cmp_u_c^hd-pct_c>v_3s-fin_olr,pt_-_comma-informal_le
0.900727	prd:hd-cmp_u_c^hd-pct_c>v_aux-ell-ref_dlr,pt_-_comma_le
0.920073	prd:hd-cmp_u_c^hd-pct_c>v_aux-ell-ref_dlr,pt_-_period_le
1.134060	prd:hd-cmp_u_c^hd-pct_c>v_n3s-bse_ilr,pt_-_period_le
-0.222934	prd:hd-cmp_u_c^hd-pct_c>v_n3s-bse_ilr,pt_-_qmark_le
-0.419936	prd:hd-cmp_u_c^hd-pct_c>v_prp_olr,pt_-_comma-informal_le
0.903179	prd:hd-cmp_u_c^hd-pct_c>v_prp_olr,pt_-_period_le
0.999410	prd:hd-cmp_u_c^hd-pct_c>v_psp_olr,pt_-_period_le
0.306903	prd:hd-cmp_u_c^hd-pct_c>v_pst_olr,pt_-_comma-informal_le
0.718756	prd:hd-cmp_u_c^hd-pct_c>x_-_wh-cp_le,pt_-_comma_le
0.922389	prd:hd-cmp_u_c^hd_optcmp_c>aj_pp-vp_i-it_le
0.751045	prd:hd-cmp_u_c^hd_optcmp_c>aj_pp_i-er_le
2.834287	prd:hd-cmp_u_c^hd_optcmp_c>aj_pp_i_le
1.159083	prd:hd-cmp_u_c^hd_optcmp_c>hd-cmp_u_c
3.420618	prd:hd-cmp_u_c^hd_optcmp_c>hd-pct_c
0.032425	prd:hd-cmp_u_c^hd_optcmp_c>hd_optcmp_c
-0.990327	prd:hd-cmp_u_c^hd_optcmp_c>hd_xcmp_c
0.218347	prd:hd-cmp_u_c^hd_optcmp_c>j_tough_dlr
-0.900817	prd:hd-cmp_u_c^hd_optcmp_c>v_-_pas-unk_le
0.956222	prd:hd-cmp_u_c^hd_optcmp_c>v_3s-fin_olr
-0.800590	prd:hd-cmp_u_c^hd_optcmp_c>v_n3s-bse_ilr
0.944233	prd:hd-cmp_u_c^hd_optcmp_c>v_pas-cp_odlr
-0.106222	prd:hd-cmp_u_c^hd_optcmp_c>v_pas_odlr
-1.554587	prd:hd-cmp_u_c^hd_optcmp_c>v_prp_olr
-2.459718	prd:hd-cmp_u_c^hd_optcmp_c>v_pst_olr
-0.951181	prd:hd-cmp_u_c^hd_optcmp_c>v_v-re_dlr
-0.900454	prd:hd-cmp_u_c^hd_xaj-int-vp_c>cl-rc_c
0.982289	prd:hd-cmp_u_c^hd_xaj-int-vp_c>hd-cmp_u_c
0.838193	prd:hd-cmp_u_c^hd_xaj-int-vp_c>hd-pct_c
-1.798683	prd:hd-cmp_u_c^hd_xaj-int-vp_c>hd_optcmp_c
-0.676930	prd:hd-cmp_u_c^hd_xaj-int-vp_c>np_adv_c
0.791644	prd:hd-cmp_u_c^hd_xcmp_c>hd-cmp_u_c
1.714124	prd:hd-cmp_u_c^hd_xcmp_c>hd-pct_c
0.953179	prd:hd-cmp_u_c^hd_xcmp_c>hd_optcmp_c
-0.800000	prd:hd-cmp_u_c^hd_xcmp_c>p_np_i-nnm_le
-0.900863	prd:hd-cmp_u_c^hd_xcmp_c>p_np_i-reg_le
0.134968	prd:hd-cmp_u_c^hd_xcmp_c>p_np_ptcl_le
-0.966530	prd:hd-cmp_u_c^hd_xcmp_c>v_3s-fin_olr
0.069391	prd:hd-cmp_u_c^hd_xcmp_c>v_n3s-bse_ilr
-1.355949	prd:hd-cmp_u_c^hd_xcmp_c>v_np-rc_was_le
-1.262307	prd:hd-cmp_u_c^hd_xcmp_c>v_np-xp_is_le
0.486285	prd:hd-cmp_u_c^hd_xcmp_c>v_pst_olr
-1.592779	prd:hd-cmp_u_c^hd_xsb-fin_c>hd-cmp_u_c
-0.997775	prd:hd-cmp_u_c^hd_xsb-fin_c>hd_optcmp_c
0.050681	prd:hd-cmp_u_c^hd_yesno-nmc_c>hd-cmp_u_c
-0.800000	prd:hd-cmp_u_c^hdn-aj_rc_c>hdn_optcmp_c,cl_rc-fin-nwh_c
-0.063215	prd:hd-cmp_u_c^hdn-aj_rc_c>n_sg_ilr,vp_rc-redrel_c
-0.997275	prd:hd-cmp_u_c^hdn-cl_dsh_c>hdn-cl_prnth_c,vp_nfin-frg_c
0.908856	prd:hd-cmp_u_c^hdn-np_app-idf_c>hdn_bnp-num_c,hdn_bnp-qnt_c
-0.908856	prd:hd-cmp_u_c^hdn-np_app-idf_c>hdn_bnp-qnt_c,hdn_bnp-qnt_c
-0.913669	prd:hd-cmp_u_c^hdn-np_app-r-pr_c>hdn_bnp_c,np-np_crd-t_c
-0.713851	prd:hd-cmp_u_c^hdn-np_app-r-pr_c>sp-hd_n_c,hdn_bnp-pn_c
-0.993097	prd:hd-cmp_u_c^hdn-np_app-r_c>hdn_bnp-qnt_c,hdn_bnp-pn_c
-0.741144	prd:hd-cmp_u_c^hdn-np_app-rbc_c>sp-hd_n_c,sp-hd_n_c
0.655722	prd:hd-cmp_u_c^hdn-np_app_c>hdn_bnp-pn_c,sp-hd_n_c
-0.665077	prd:hd-cmp_u_c^hdn-np_app_c>hdn_bnp-qnt_c,hdn_bnp-qnt_c
-0.921163	prd:hd-cmp_u_c^hdn-np_app_c>sp-hd_n_c,hdn_bnp-qnt_c
-1.825114	prd:hd-cmp_u_c^hdn-np_app_c>sp-hd_n_c,sp-hd_n_c
-0.905631	prd:hd-cmp_u_c^hdn_bnp-num_c>hdn_np-num_c
-1.944233	prd:hd-cmp_u_c^hdn_bnp-pn_c>aj-hdn_norm_c
0.913896	prd:hd-cmp_u_c^hdn_bnp-pn_c>hd-cmp_u_c
1.472025	prd:hd-cmp_u_c^hdn_bnp-pn_c>hd-pct_c
-1.480336	prd:hd-cmp_u_c^hdn_bnp-pn_c>hdn-aj_rc-pr_c
-0.948955	prd:hd-cmp_u_c^hdn_bnp-pn_c>hdn-aj_redrel-asym_c
-0.692870	prd:hd-cmp_u_c^hdn_bnp-pn_c>hdn-aj_redrel-pr_c
-1.784287	prd:hd-cmp_u_c^hdn_bnp-pn_c>hdn-aj_redrel_c
-0.187875	prd:hd-cmp_u_c^hdn_bnp-pn_c>hdn_optcmp_c
4.267121	prd:hd-cmp_u_c^hdn_bnp-pn_c>n_sg_ilr
0.813760	prd:hd-cmp_u_c^hdn_bnp-pn_c>np-hdn_cty-cpd_c
1.905177	prd:hd-cmp_u_c^hdn_bnp-pn_c>np-hdn_nme-cpd_c
0.987375	prd:hd-cmp_u_c^hdn_bnp-pn_c>np-hdn_ttl-cpd_c
1.923025	prd:hd-cmp_u_c^hdn_bnp-pn_c>w-w_fw-seq-t_c
1.622570	prd:hd-cmp_u_c^hdn_bnp-qnt_c>hd-cl_fr-rel_c
0.912443	prd:hd-cmp_u_c^hdn_bnp-qnt_c>hd-cmp_u_c
1.648183	prd:hd-cmp_u_c^hdn_bnp-qnt_c>hd-pct_c
-1.017620	prd:hd-cmp_u_c^hdn_bnp-qnt_c>hdn-aj_rc_c
-1.855495	prd:hd-cmp_u_c^hdn_bnp-qnt_c>hdn-aj_redrel-pr_c
-2.743324	prd:hd-cmp_u_c^hdn_bnp-qnt_c>hdn-aj_redrel_c
-2.646685	prd:hd-cmp_u_c^hdn_bnp-qnt_c>hdn_optcmp_c
-0.991916	prd:hd-cmp_u_c^hdn_bnp-qnt_c>n_-_ad-acc_le
-0.999228	prd:hd-cmp_u_c^hdn_bnp-qnt_c>n_-_ad-time-ns_le
-0.981562	prd:hd-cmp_u_c^hdn_bnp-qnt_c>n_-_ad-time-once_le
-2.156948	prd:hd-cmp_u_c^hdn_bnp-qnt_c>n_-_ad-time_le
-0.912443	prd:hd-cmp_u_c^hdn_bnp-qnt_c>n_-_mc-prt_le
-0.865895	prd:hd-cmp_u_c^hdn_bnp-qnt_c>n_-_pr-her_le
0.955041	prd:hd-cmp_u_c^hdn_bnp-qnt_c>n_-_pr-herself_le
2.761762	prd:hd-cmp_u_c^hdn_bnp-qnt_c>n_-_pr-himself_le
0.960490	prd:hd-cmp_u_c^hdn_bnp-qnt_c>n_-_pr-it_le
0.997775	prd:hd-cmp_u_c^hdn_bnp-qnt_c>n_-_pr-mine_le
0.864078	prd:hd-cmp_u_c^hdn_bnp-qnt_c>n_-_pr-myself_le
-0.942870	prd:hd-cmp_u_c^hdn_bnp-qnt_c>n_-_pr-she_le
0.958401	prd:hd-cmp_u_c^hdn_bnp-qnt_c>n_-_pr-themslves_le
0.780245	prd:hd-cmp_u_c^hdn_bnp-qnt_c>n_-_pr-yourself_le
-0.508084	prd:hd-cmp_u_c^hdn_bnp-qnt_c>num_prt-nc_c
-2.703088	prd:hd-cmp_u_c^hdn_bnp-sg-nomod_c>hd-pct_c
0.994187	prd:hd-cmp_u_c^hdn_bnp-sg-nomod_c>n_sg_ilr
-1.104496	prd:hd-cmp_u_c^hdn_bnp-vger_c>sb-hd_nmc_c
1.769255	prd:hd-cmp_u_c^hdn_bnp-vger_c>vp_np-ger_c
-3.310173	prd:hd-cmp_u_c^hdn_bnp_c>aj-hdn_norm_c
-1.152361	prd:hd-cmp_u_c^hdn_bnp_c>hd-cmp_u_c
-0.943233	prd:hd-cmp_u_c^hdn_bnp_c>hd-pct_c
-0.901362	prd:hd-cmp_u_c^hdn_bnp_c>hdn-aj_rc-asym_c
1.817484	prd:hd-cmp_u_c^hdn_bnp_c>hdn-aj_rc_c
-0.819255	prd:hd-cmp_u_c^hdn_bnp_c>hdn-aj_redrel-asym_c
1.390236	prd:hd-cmp_u_c^hdn_bnp_c>hdn-aj_redrel_c
-0.973206	prd:hd-cmp_u_c^hdn_bnp_c>hdn_color_c
-0.149955	prd:hd-cmp_u_c^hdn_bnp_c>hdn_optcmp_c
-0.862216	prd:hd-cmp_u_c^hdn_bnp_c>n-hdn_cpd_c
-0.813669	prd:hd-cmp_u_c^hdn_bnp_c>n-n_crd-div-dll-t_c
-0.807084	prd:hd-cmp_u_c^hdn_bnp_c>n_ms-cnt_ilr
-0.089873	prd:hd-cmp_u_c^hdn_bnp_c>n_ms_ilr
-0.946276	prd:hd-cmp_u_c^hdn_bnp_c>n_pl-irreg_olr
-0.177157	prd:hd-cmp_u_c^hdn_bnp_c>n_pl_olr
-0.924886	prd:hd-cmp_u_c^hdn_bnp_c>np-hdn_cpd_c
2.493097	prd:hd-cmp_u_c^hdn_bnp_c>num-n_mnp_c
-0.906767	prd:hd-cmp_u_c^hdn_nom-year_c>aj_-_i-crd-one_le
-0.993233	prd:hd-cmp_u_c^hdn_np-num_c>aj_-_i-crd-one_le
-0.902089	prd:hd-cmp_u_c^hdn_np-num_c>aj_-_i-crd-two_le
0.483152	prd:hd-cmp_u_c^hdn_optcmp_c>hd-cmp_u_c
0.459537	prd:hd-cmp_u_c^hdn_optcmp_c>hd-pct_c
-0.549001	prd:hd-cmp_u_c^hdn_optcmp_c>n_sg_ilr
0.984832	prd:hd-cmp_u_c^j-j_crd-prd-t_c>hd_optcmp_c,mrk-nh_evnt_c
-0.974932	prd:hd-cmp_u_c^j_frg_c>aj_-_i-spn-att_le
0.858129	prd:hd-cmp_u_c^j_j-un_dlr>aj_cp_i-it_le
-0.901726	prd:hd-cmp_u_c^j_n-yofc_dlr>aj_-_i-crd-one_le
0.521208	prd:hd-cmp_u_c^j_tough_dlr>aj_pp-vp_i-it_le
0.922480	prd:hd-cmp_u_c^jpr-jpr_crd-t_c>mrk-nh_atom_c,mrk-nh_evnt_c
-0.956222	prd:hd-cmp_u_c^n-hdn_cpd_c>n_-_c_le,n_pl_olr
-0.984832	prd:hd-cmp_u_c^n-n_crd-t_c>n_-_c-pl-def_le,mrk-nh_n_c
1.218574	prd:hd-cmp_u_c^n-n_num-seq_c>hdn_bnp-num_c,hdn_bnp-num_c
0.913896	prd:hd-cmp_u_c^n_dom-ppof_dlr>n_-_pn-dom-o-gen_le
-0.858084	prd:hd-cmp_u_c^n_ms-cnt_ilr>n_-_mc-unk_le
-0.965895	prd:hd-cmp_u_c^n_ms-cnt_ilr>n_-_mc_le
-0.991054	prd:hd-cmp_u_c^n_ms-cnt_ilr>n_cp_mc-optc_le
0.801362	prd:hd-cmp_u_c^n_ms-cnt_ilr>n_pp_mc-of-lhc_le
0.963533	prd:hd-cmp_u_c^n_ms-cnt_ilr>n_pp_mc_le
1.523706	prd:hd-cmp_u_c^n_ms-cnt_ilr>n_vp_mc_le
-0.500454	prd:hd-cmp_u_c^n_pl_olr>n_cp_mc-optc_le
0.886966	prd:hd-cmp_u_c^n_pl_olr>n_pp_c-obl_le
0.920890	prd:hd-cmp_u_c^n_pl_olr>n_pp_c-of-obl_le
0.966530	prd:hd-cmp_u_c^n_pl_olr>n_vp_c_le
-0.907221	prd:hd-cmp_u_c^n_sg_ilr>n_-_c-week_le
-1.964759	prd:hd-cmp_u_c^n_sg_ilr>n_-_c_le
-0.669664	prd:hd-cmp_u_c^n_sg_ilr>n_-_pn-msc_le
0.589918	prd:hd-cmp_u_c^n_sg_ilr>n_n-hour_dlr
0.000681	prd:hd-cmp_u_c^n_sg_ilr>n_pp_c-ns-of_le
0.966303	prd:hd-cmp_u_c^n_sg_ilr>n_pp_c-of-brn_le
0.132879	prd:hd-cmp_u_c^n_sg_ilr>n_pp_c-of_le
-3.229882	prd:hd-cmp_u_c^n_sg_ilr>n_pp_c_le
-0.410536	prd:hd-cmp_u_c^n_sg_ilr>n_vp_c-it_le
0.696866	prd:hd-cmp_u_c^n_sg_ilr>n_vp_c_le
1.162852	prd:hd-cmp_u_c^n_sg_ilr>n_vpslnp_c_le
-0.871526	prd:hd-cmp_u_c^np-hdn_cpd_c>hdn_bnp-pn_c,n_pl_olr
-0.164941	prd:hd-cmp_u_c^np-np_crd-t_c>hdn_bnp-pn_c,mrk-nh_nom_c
-0.513669	prd:hd-cmp_u_c^np-np_crd-t_c>hdn_bnp-pn_c,np-np_crd-im_c
0.912761	prd:hd-cmp_u_c^np-np_crd-t_c>hdn_bnp-pn_c,np-np_crd-m_c
2.867257	prd:hd-cmp_u_c^np_adv_c>hdn_bnp-qnt_c
-1.876431	prd:hd-cmp_u_c^np_adv_c>sp-hd_n_c
-0.907675	prd:hd-cmp_u_c^np_frg_c>hdn_bnp-pn_c
-0.997684	prd:hd-cmp_u_c^np_frg_c>hdn_bnp-qnt_c
-0.652180	prd:hd-cmp_u_c^np_frg_c>hdn_bnp-vger_c
-0.958084	prd:hd-cmp_u_c^np_frg_c>sp-hd_n_c
-0.902089	prd:hd-cmp_u_c^num_prt-det-nc_c>hd-pct_c
-0.913896	prd:hd-cmp_u_c^num_prt-det-of_c>aj_-_i-ord-gen_le
1.509537	prd:hd-cmp_u_c^num_prt-of_c>aj-hd_scp-xp_c
-1.625931	prd:hd-cmp_u_c^num_prt-of_c>aj_-_i-crd-one_le
-0.954768	prd:hd-cmp_u_c^num_prt-of_c>aj_-_i-many_le
0.849455	prd:hd-cmp_u_c^num_prt-of_c>aj_-_i-one_le
-0.912443	prd:hd-cmp_u_c^num_prt-of_c>hd-cmp_u_c
0.929064	prd:hd-cmp_u_c^pp-pp_crd-sel-t_c>hd-cmp_u_c,mrk-nh_nom_c
-0.998320	prd:hd-cmp_u_c^sb-hd_mc_c>hdn_bnp-pn_c,hd-pct_c
0.959491	prd:hd-cmp_u_c^sb-hd_mc_c>hdn_bnp-vger_c,hd-cmp_u_c
-2.353678	prd:hd-cmp_u_c^sb-hd_mc_c>n_-_pr-it-x_le,hd-cmp_u_c
-0.999364	prd:hd-cmp_u_c^sb-hd_nmc_c>cl_np-wh_c,hd-aj_int-unsl_c
-0.890009	prd:hd-cmp_u_c^sb-hd_nmc_c>hd-aj_int-unsl_c,hd-cmp_u_c
-1.738011	prd:hd-cmp_u_c^sb-hd_nmc_c>hd-cmp_u_c,vp_cp-sb-inf_c
-0.403724	prd:hd-cmp_u_c^sb-hd_nmc_c>hdn-np_app-r_c,hd-cmp_u_c
-0.420391	prd:hd-cmp_u_c^sb-hd_nmc_c>hdn-np_app_c,hd-cmp_u_c
-0.400817	prd:hd-cmp_u_c^sb-hd_nmc_c>hdn_bnp-num_c,hd_xcmp_c
-0.816530	prd:hd-cmp_u_c^sb-hd_nmc_c>hdn_bnp-pn_c,aj-hd_int_c
0.973342	prd:hd-cmp_u_c^sb-hd_nmc_c>hdn_bnp-pn_c,hd-aj_int-unsl_c
2.259355	prd:hd-cmp_u_c^sb-hd_nmc_c>hdn_bnp-pn_c,hd-cmp_u_c
2.347548	prd:hd-cmp_u_c^sb-hd_nmc_c>hdn_bnp-pn_c,hd-pct_c
-0.973342	prd:hd-cmp_u_c^sb-hd_nmc_c>hdn_bnp-pn_c,hd_optcmp_c
2.520436	prd:hd-cmp_u_c^sb-hd_nmc_c>hdn_bnp-pn_c,hd_xaj-int-vp_c
-2.160672	prd:hd-cmp_u_c^sb-hd_nmc_c>hdn_bnp-pn_c,hd_xcmp_c
0.036376	prd:hd-cmp_u_c^sb-hd_nmc_c>hdn_bnp-qnt_c,hd-aj_int-unsl_c
2.447003	prd:hd-cmp_u_c^sb-hd_nmc_c>hdn_bnp-qnt_c,hd-cmp_u_c
-2.543597	prd:hd-cmp_u_c^sb-hd_nmc_c>hdn_bnp-qnt_c,hd_optcmp_c
-0.718756	prd:hd-cmp_u_c^sb-hd_nmc_c>hdn_bnp-qnt_c,v_aux-ell-ref_dlr
0.890009	prd:hd-cmp_u_c^sb-hd_nmc_c>hdn_bnp-vger_c,hd-cmp_u_c
-0.419936	prd:hd-cmp_u_c^sb-hd_nmc_c>hdn_bnp-vger_c,hd-pct_c
-0.181971	prd:hd-cmp_u_c^sb-hd_nmc_c>hdn_bnp_c,hd-cmp_u_c
-0.912307	prd:hd-cmp_u_c^sb-hd_nmc_c>hdn_bnp_c,v_aux-ell-ref_dlr
0.977157	prd:hd-cmp_u_c^sb-hd_nmc_c>n_-_pr-it-x_le,hd-cmp_u_c
-1.679201	prd:hd-cmp_u_c^sb-hd_nmc_c>n_-_pr-there-x_le,hd-cmp_u_c
1.737693	prd:hd-cmp_u_c^sb-hd_nmc_c>n_-_pr-there-x_le,hd_optcmp_c
1.493188	prd:hd-cmp_u_c^sb-hd_nmc_c>np-np_crd-t_c,hd-cmp_u_c
-0.789600	prd:hd-cmp_u_c^sb-hd_nmc_c>np_adv_c,hd-cmp_u_c
-0.593915	prd:hd-cmp_u_c^sb-hd_nmc_c>sp-hd_n_c,aj-hd_int_c
1.702725	prd:hd-cmp_u_c^sb-hd_nmc_c>sp-hd_n_c,cl-rc_c
-0.801362	prd:hd-cmp_u_c^sb-hd_nmc_c>sp-hd_n_c,hd-aj_scp-pr_c
-1.456312	prd:hd-cmp_u_c^sb-hd_nmc_c>sp-hd_n_c,hd-cmp_u_c
0.593915	prd:hd-cmp_u_c^sb-hd_nmc_c>sp-hd_n_c,hd-pct_c
-0.863624	prd:hd-cmp_u_c^sb-hd_nmc_c>sp-hd_n_c,hd_optcmp_c
-0.607084	prd:hd-cmp_u_c^sb-hd_nmc_c>sp-hd_n_c,v_n3s-bse_ilr
-0.858129	prd:hd-cmp_u_c^sp-hd_hc-cmp_c>av_-_dg-v_le,j_j-un_dlr
-0.195686	prd:hd-cmp_u_c^sp-hd_hc_c>av_-_dg-det_le,hdn_bnp-qnt_c
-0.953815	prd:hd-cmp_u_c^sp-hd_hc_c>av_-_dg-jomv_le,hd-pct_c
-0.890236	prd:hd-cmp_u_c^sp-hd_hc_c>av_-_dg-jomv_le,hdn_bnp-pn_c
0.997866	prd:hd-cmp_u_c^sp-hd_hc_c>av_-_dg-m_le,hd_optcmp_c
0.858129	prd:hd-cmp_u_c^sp-hd_hc_c>av_-_dg-v_le,hd-cmp_u_c
-0.074932	prd:hd-cmp_u_c^sp-hd_hc_c>av_-_dg-v_le,hd-pct_c
-0.724932	prd:hd-cmp_u_c^sp-hd_hc_c>av_pp_dg-as_le,aj_-_i-er_le
0.943688	prd:hd-cmp_u_c^sp-hd_hc_c>av_pp_dg-as_le,n_-_ad-gr-nm_le
0.993915	prd:hd-cmp_u_c^sp-hd_hc_c>av_pp_dg-more_le,av_-_i-unk_le
0.724932	prd:hd-cmp_u_c^sp-hd_hc_c>sp-hd_hc_c,aj_-_i-er_le
-0.586013	prd:hd-cmp_u_c^sp-hd_hc_c>sp-hd_hc_c,hd-pct_c
-0.923252	prd:hd-cmp_u_c^sp-hd_n_c>d_-_idf-cnj-an_le,n-n_crd-asym-t_c
-1.663034	prd:hd-cmp_u_c^sp-hd_n_c>d_-_last_le,hd-pct_c
0.968892	prd:hd-cmp_u_c^sp-hd_n_c>d_-_ndiv_le,hd-cmp_u_c
-0.968892	prd:hd-cmp_u_c^sp-hd_n_c>d_-_ndiv_le,hdn-aj_redrel_c
0.900999	prd:hd-cmp_u_c^sp-hd_n_c>d_-_no_le,hd-pct_c
-1.873388	prd:hd-cmp_u_c^sp-hd_n_c>d_-_no_le,hdn-aj_rc_c
1.100363	prd:hd-cmp_u_c^sp-hd_n_c>d_-_no_le,hdn-aj_redrel_c
0.773025	prd:hd-cmp_u_c^sp-hd_n_c>d_-_no_le,hdn_optcmp_c
0.865895	prd:hd-cmp_u_c^sp-hd_n_c>d_-_poss-her_le,hd-pct_c
0.972298	prd:hd-cmp_u_c^sp-hd_n_c>d_-_poss-his_le,aj-hdn_norm_c
-0.972298	prd:hd-cmp_u_c^sp-hd_n_c>d_-_poss-his_le,n-hdn_cpd_c
-0.938601	prd:hd-cmp_u_c^sp-hd_n_c>d_-_poss-na_le,aj-hdn_norm_c
-0.900272	prd:hd-cmp_u_c^sp-hd_n_c>d_-_poss-our_le,hdn-aj_redrel_c
0.900272	prd:hd-cmp_u_c^sp-hd_n_c>d_-_poss-our_le,n_ms-cnt_ilr
0.938601	prd:hd-cmp_u_c^sp-hd_n_c>d_-_poss-their_le,aj-hdn_norm_c
0.800500	prd:hd-cmp_u_c^sp-hd_n_c>d_-_poss-your_le,hd-pct_c
0.985332	prd:hd-cmp_u_c^sp-hd_n_c>d_-_prt-div_le,hdn-aj_redrel_c
-0.985332	prd:hd-cmp_u_c^sp-hd_n_c>d_-_prt-div_le,n_pl_olr
0.755404	prd:hd-cmp_u_c^sp-hd_n_c>d_-_prt-plm_le,aj-hdn_norm_c
0.966530	prd:hd-cmp_u_c^sp-hd_n_c>d_-_prt-plm_le,hd-cmp_u_c
-1.600817	prd:hd-cmp_u_c^sp-hd_n_c>d_-_prt-plm_le,hd-pct_c
-0.755404	prd:hd-cmp_u_c^sp-hd_n_c>d_-_prt-plm_le,n-hdn_cpd_c
0.966576	prd:hd-cmp_u_c^sp-hd_n_c>d_-_prt_le,hd-cmp_u_c
0.792825	prd:hd-cmp_u_c^sp-hd_n_c>d_-_sg-every_le,hdn-aj_redrel_c
1.898047	prd:hd-cmp_u_c^sp-hd_n_c>d_-_sg-every_le,hdn_optcmp_c
-0.909401	prd:hd-cmp_u_c^sp-hd_n_c>d_-_sg-every_le,n-hdn_cpd_c
-1.781471	prd:hd-cmp_u_c^sp-hd_n_c>d_-_sg-every_le,n_ms-cnt_ilr
-1.045686	prd:hd-cmp_u_c^sp-hd_n_c>d_-_sg-nmd-an_le,hd-pct_c
1.748683	prd:hd-cmp_u_c^sp-hd_n_c>d_-_sg-nmd-an_le,hdn-aj_rc_c
1.061399	prd:hd-cmp_u_c^sp-hd_n_c>d_-_sg-nmd-an_le,hdn-aj_redrel_c
-0.258946	prd:hd-cmp_u_c^sp-hd_n_c>d_-_sg-nmd-an_le,hdn_optcmp_c
-0.916985	prd:hd-cmp_u_c^sp-hd_n_c>d_-_sg-nmd-an_le,n_sg_ilr
1.602952	prd:hd-cmp_u_c^sp-hd_n_c>d_-_sg-nmd_le,aj-hdn_norm_c
-1.055540	prd:hd-cmp_u_c^sp-hd_n_c>d_-_sg-nmd_le,hd-cmp_u_c
0.218937	prd:hd-cmp_u_c^sp-hd_n_c>d_-_sg-nmd_le,hd-pct_c
1.654042	prd:hd-cmp_u_c^sp-hd_n_c>d_-_sg-nmd_le,hdn-aj_rc_c
1.986694	prd:hd-cmp_u_c^sp-hd_n_c>d_-_sg-nmd_le,hdn-aj_redrel_c
1.955904	prd:hd-cmp_u_c^sp-hd_n_c>d_-_sg-nmd_le,hdn_optcmp_c
1.059083	prd:hd-cmp_u_c^sp-hd_n_c>d_-_sg-nmd_le,n-hdn_cpd_c
-2.222797	prd:hd-cmp_u_c^sp-hd_n_c>d_-_sg-nmd_le,n_ms-cnt_ilr
0.225749	prd:hd-cmp_u_c^sp-hd_n_c>d_-_sg-nmd_le,n_sg_ilr
0.915213	prd:hd-cmp_u_c^sp-hd_n_c>d_-_sg-nmd_le,np-hdn_cpd_c
0.500272	prd:hd-cmp_u_c^sp-hd_n_c>d_-_sgm_le,hd-pct_c
-1.483833	prd:hd-cmp_u_c^sp-hd_n_c>d_-_sgm_le,n_ms_ilr
0.733470	prd:hd-cmp_u_c^sp-hd_n_c>d_-_sgm_le,n_sg_ilr
0.920300	prd:hd-cmp_u_c^sp-hd_n_c>d_-_sgm_le,num_prt-det-nc_c
-1.062262	prd:hd-cmp_u_c^sp-hd_n_c>d_-_the_le,aj-hdn_norm_c
0.464623	prd:hd-cmp_u_c^sp-hd_n_c>d_-_the_le,hd-cmp_u_c
0.810127	prd:hd-cmp_u_c^sp-hd_n_c>d_-_the_le,hd-pct_c
-1.554133	prd:hd-cmp_u_c^sp-hd_n_c>d_-_the_le,hd_xcmp_c
-0.960127	prd:hd-cmp_u_c^sp-hd_n_c>d_-_the_le,hdn-aj_rc-pr_c
-0.587421	prd:hd-cmp_u_c^sp-hd_n_c>d_-_the_le,hdn-aj_rc_c
-0.263397	prd:hd-cmp_u_c^sp-hd_n_c>d_-_the_le,hdn-aj_redrel_c
-0.959491	prd:hd-cmp_u_c^sp-hd_n_c>d_-_the_le,hdn-cl_dsh_c
1.586558	prd:hd-cmp_u_c^sp-hd_n_c>d_-_the_le,hdn_optcmp_c
0.014351	prd:hd-cmp_u_c^sp-hd_n_c>d_-_the_le,n-hdn_cpd-pl_c
1.571435	prd:hd-cmp_u_c^sp-hd_n_c>d_-_the_le,n-hdn_cpd_c
-0.763806	prd:hd-cmp_u_c^sp-hd_n_c>d_-_the_le,n-hdn_j-n-cpd_c
-0.954723	prd:hd-cmp_u_c^sp-hd_n_c>d_-_the_le,n-n_crd-asym-t_c
-1.077657	prd:hd-cmp_u_c^sp-hd_n_c>d_-_the_le,n_-_c-pl_le
1.523342	prd:hd-cmp_u_c^sp-hd_n_c>d_-_the_le,n_ms-cnt_ilr
1.025068	prd:hd-cmp_u_c^sp-hd_n_c>d_-_the_le,n_pl_olr
0.115441	prd:hd-cmp_u_c^sp-hd_n_c>d_-_the_le,n_sg_ilr
2.369619	prd:hd-cmp_u_c^sp-hd_n_c>d_-_the_le,np-hdn_cpd_c
3.949455	prd:hd-cmp_u_c^sp-hd_n_c>d_-_the_le,np-hdn_nme-cpd_c
0.727021	prd:hd-cmp_u_c^sp-hd_n_c>d_-_wh-poss_le,hdn_optcmp_c
0.713851	prd:hd-cmp_u_c^sp-hd_n_c>n_det-mnth_dlr,hd-cmp_u_c
-0.925704	prd:hd-cmp_u_c^sp-hd_n_c>num_det_c,hd-pct_c
4.496685	prd:hd-cmp_u_c^sp-hd_n_c>num_det_c,hdn-aj_redrel_c
0.047366	prd:hd-cmp_u_c^sp-hd_n_c>num_det_c,hdn_optcmp_c
-2.519391	prd:hd-cmp_u_c^sp-hd_n_c>num_det_c,n_pl_olr
1.587057	prd:hd-cmp_u_c^sp-hd_n_c>sp-hd_hc_c,hd-pct_c
-0.410082	prd:hd-cmp_u_c^sp-hd_n_c>sp-hd_hc_c,hdn-aj_rc_c
1.231017	prd:hd-cmp_u_c^sp-hd_n_c>sp-hd_hc_c,hdn_optcmp_c
-0.994005	prd:hd-cmp_u_c^v_3s-fin_olr>v_adv_le
-0.852498	prd:hd-cmp_u_c^v_3s-fin_olr>v_ap_seq_le
1.677430	prd:hd-cmp_u_c^v_3s-fin_olr>v_cp_fin-inf-q-mob_le
0.438420	prd:hd-cmp_u_c^v_3s-fin_olr>v_cp_fin-inf-q_le
0.636376	prd:hd-cmp_u_c^v_3s-fin_olr>v_cp_prop_le
-1.533742	prd:hd-cmp_u_c^v_3s-fin_olr>v_np*_le
-2.703179	prd:hd-cmp_u_c^v_3s-fin_olr>v_np-pp_e_le
0.934423	prd:hd-cmp_u_c^v_3s-fin_olr>v_np-pp_oeq-as_le
-1.355722	prd:hd-cmp_u_c^v_3s-fin_olr>v_np-prd_oeq-ntr_le
1.768756	prd:hd-cmp_u_c^v_3s-fin_olr>v_np-prd_oeq_le
-0.996367	prd:hd-cmp_u_c^v_3s-fin_olr>v_np-vp_sor-ntr_le
0.017302	prd:hd-cmp_u_c^v_3s-fin_olr>v_np-vp_sor_le
0.640554	prd:hd-cmp_u_c^v_3s-fin_olr>v_np-vpslnp_oeq_le
1.396458	prd:hd-cmp_u_c^v_3s-fin_olr>v_np_le
0.715168	prd:hd-cmp_u_c^v_3s-fin_olr>v_np_poss_le
0.852498	prd:hd-cmp_u_c^v_3s-fin_olr>v_p-vp_ssr_le
-1.133470	prd:hd-cmp_u_c^v_3s-fin_olr>v_pp_e_le
0.489873	prd:hd-cmp_u_c^v_3s-fin_olr>v_vp_seq-prp_le
0.997230	prd:hd-cmp_u_c^v_3s-fin_olr>v_vp_seq_le
1.600817	prd:hd-cmp_u_c^v_aux-advadd_dlr>v_np_am_le
1.406630	prd:hd-cmp_u_c^v_aux-advadd_dlr>v_np_was_le
0.719210	prd:hd-cmp_u_c^v_aux-advadd_dlr>v_prd_are_le
-0.997866	prd:hd-cmp_u_c^v_aux-advadd_dlr>v_prd_is_le
-0.917212	prd:hd-cmp_u_c^v_aux-advadd_dlr>v_prd_was_le
0.925204	prd:hd-cmp_u_c^v_aux-advadd_dlr>v_prd_wre_le
-0.586966	prd:hd-cmp_u_c^v_aux-advadd_dlr>v_vp_has_le
-1.491099	prd:hd-cmp_u_c^v_aux-advadd_dlr>v_vp_mdl-n-pst_le
-1.691099	prd:hd-cmp_u_c^v_aux-advadd_dlr>v_vp_mdl-n_le
0.839192	prd:hd-cmp_u_c^v_aux-advadd_dlr>v_vp_mdl-p-niv_le
-0.842507	prd:hd-cmp_u_c^v_aux-advadd_dlr>v_vp_mdl-p-unsp_le
-1.908084	prd:hd-cmp_u_c^v_aux-advadd_dlr>v_vp_mdl-p_le
-0.807084	prd:hd-cmp_u_c^v_aux-cx-noinv_dlr>v_cp_is-cx_le
0.789600	prd:hd-cmp_u_c^v_aux-cx-noinv_dlr>v_np-xp_is-cx_le
-0.681017	prd:hd-cmp_u_c^v_aux-cx-noinv_dlr>v_np_is-cx_le
0.479064	prd:hd-cmp_u_c^v_aux-cx-noinv_dlr>v_prd_is-cx_le
-0.607084	prd:hd-cmp_u_c^v_aux-cx-noinv_dlr>v_sc_is-cx_le
-0.189646	prd:hd-cmp_u_c^v_aux-cx-noinv_dlr>v_vp_has-cx_le
-1.369301	prd:hd-cmp_u_c^v_aux-ell-ref_dlr>v_prd_be_le
-1.574705	prd:hd-cmp_u_c^v_aux-ell-ref_dlr>v_prd_been_le
-0.958674	prd:hd-cmp_u_c^v_aux-ell-ref_dlr>v_vp_have-bse_le
-1.502589	prd:hd-cmp_u_c^v_aux-sb-inv-ell_dlr>v_aux-ell-ref_dlr
-0.588647	prd:hd-cmp_u_c^v_aux-sb-inv_dlr>v_aux-advadd_dlr
-0.958674	prd:hd-cmp_u_c^v_aux-sb-inv_dlr>v_cp_was_le
-1.508674	prd:hd-cmp_u_c^v_aux-sb-inv_dlr>v_np_is_le
0.721844	prd:hd-cmp_u_c^v_aux-sb-inv_dlr>v_prd_is_le
0.746004	prd:hd-cmp_u_c^v_aux-sb-inv_dlr>v_prd_was_le
1.454859	prd:hd-cmp_u_c^v_aux-sb-inv_dlr>v_vp_did_le
0.996685	prd:hd-cmp_u_c^v_aux-sb-inv_dlr>v_vp_does_le
-0.946549	prd:hd-cmp_u_c^v_aux-sb-inv_dlr>v_vp_mdl-p-unsp_le
0.746322	prd:hd-cmp_u_c^v_aux-sb-inv_dlr>v_vp_ssr-n3sg-r_le
0.966667	prd:hd-cmp_u_c^v_aux-tag_dlr>v_aux-sb-inv-ell_dlr
0.948638	prd:hd-cmp_u_c^v_cond-inv_dlr>v_vp_mdl-p-sv_le
-0.942870	prd:hd-cmp_u_c^v_inv-quot_dlr>v_pst_olr
-0.589328	prd:hd-cmp_u_c^v_j-nb-pas-ptcl_dlr>v_pas-p_odlr
0.042416	prd:hd-cmp_u_c^v_n3s-bse_ilr>v_-_le
-0.997230	prd:hd-cmp_u_c^v_n3s-bse_ilr>v_-_unacc_le
0.974977	prd:hd-cmp_u_c^v_n3s-bse_ilr>v_adv_le
-0.886240	prd:hd-cmp_u_c^v_n3s-bse_ilr>v_ap_seq_le
-1.972616	prd:hd-cmp_u_c^v_n3s-bse_ilr>v_cp-frag_dlr
-0.432243	prd:hd-cmp_u_c^v_n3s-bse_ilr>v_cp_fin-inf-q-mob_le
-0.928156	prd:hd-cmp_u_c^v_n3s-bse_ilr>v_cp_fin-inf-q_le
-0.459401	prd:hd-cmp_u_c^v_n3s-bse_ilr>v_cp_it-s_le
-0.909855	prd:hd-cmp_u_c^v_n3s-bse_ilr>v_cp_prop_le
-0.863624	prd:hd-cmp_u_c^v_n3s-bse_ilr>v_cp_sbjnct_le
0.727293	prd:hd-cmp_u_c^v_n3s-bse_ilr>v_dat_dlr
-1.376521	prd:hd-cmp_u_c^v_n3s-bse_ilr>v_it-cp-vp_dlr
-0.977748	prd:hd-cmp_u_c^v_n3s-bse_ilr>v_it-pp-cp_le
0.977748	prd:hd-cmp_u_c^v_n3s-bse_ilr>v_it-pp-vp_oeq_le
0.909401	prd:hd-cmp_u_c^v_n3s-bse_ilr>v_nb_idm_le
-0.984832	prd:hd-cmp_u_c^v_n3s-bse_ilr>v_nb_le
4.842189	prd:hd-cmp_u_c^v_n3s-bse_ilr>v_np*_le
-1.501998	prd:hd-cmp_u_c^v_n3s-bse_ilr>v_np-ap_oeq_le
0.592734	prd:hd-cmp_u_c^v_n3s-bse_ilr>v_np-cp_it-s_le
-0.800136	prd:hd-cmp_u_c^v_n3s-bse_ilr>v_np-nb_le
-1.875795	prd:hd-cmp_u_c^v_n3s-bse_ilr>v_np-np*_le
0.067166	prd:hd-cmp_u_c^v_n3s-bse_ilr>v_np-np_le
-1.910263	prd:hd-cmp_u_c^v_n3s-bse_ilr>v_np-np_only_le
2.086058	prd:hd-cmp_u_c^v_n3s-bse_ilr>v_np-pp_e-idm_le
0.860127	prd:hd-cmp_u_c^v_n3s-bse_ilr>v_np-pp_e_le
-0.240372	prd:hd-cmp_u_c^v_n3s-bse_ilr>v_np-pp_prop_le
0.979791	prd:hd-cmp_u_c^v_n3s-bse_ilr>v_np-pp_seq-as_le
-0.782561	prd:hd-cmp_u_c^v_n3s-bse_ilr>v_np-prd_oeq-ntr_le
-0.886966	prd:hd-cmp_u_c^v_n3s-bse_ilr>v_np-prd_oeq_le
0.853860	prd:hd-cmp_u_c^v_n3s-bse_ilr>v_np-prd_sor_le
-0.962080	prd:hd-cmp_u_c^v_n3s-bse_ilr>v_np-vp_bse_le
-2.475250	prd:hd-cmp_u_c^v_n3s-bse_ilr>v_np-vp_oeq_le
0.876249	prd:hd-cmp_u_c^v_n3s-bse_ilr>v_np-vp_sor-ntr_le
2.205813	prd:hd-cmp_u_c^v_n3s-bse_ilr>v_np-vp_sor_le
-0.491644	prd:hd-cmp_u_c^v_n3s-bse_ilr>v_np_le
0.791190	prd:hd-cmp_u_c^v_n3s-bse_ilr>v_np_noger_le
-0.974977	prd:hd-cmp_u_c^v_n3s-bse_ilr>v_np_ntr_le
0.867166	prd:hd-cmp_u_c^v_n3s-bse_ilr>v_np_poss_le
-0.901272	prd:hd-cmp_u_c^v_n3s-bse_ilr>v_np_salut_le
0.987920	prd:hd-cmp_u_c^v_n3s-bse_ilr>v_p-pp_e_le
1.656857	prd:hd-cmp_u_c^v_n3s-bse_ilr>v_p_le
0.937738	prd:hd-cmp_u_c^v_n3s-bse_ilr>v_pp*-pp*_le
-0.462171	prd:hd-cmp_u_c^v_n3s-bse_ilr>v_pp*_dir_le
0.876067	prd:hd-cmp_u_c^v_n3s-bse_ilr>v_pp-vp_oeq_le
-0.195686	prd:hd-cmp_u_c^v_n3s-bse_ilr>v_pp_arg_le
1.651862	prd:hd-cmp_u_c^v_n3s-bse_ilr>v_pp_dir_le
2.576930	prd:hd-cmp_u_c^v_n3s-bse_ilr>v_pp_e_le
0.026431	prd:hd-cmp_u_c^v_n3s-bse_ilr>v_prd_seq-va_le
-0.867847	prd:hd-cmp_u_c^v_n3s-bse_ilr>v_prd_seq_le
0.299364	prd:hd-cmp_u_c^v_n3s-bse_ilr>v_vp_seq-prp_le
0.044550	prd:hd-cmp_u_c^v_n3s-bse_ilr>v_vp_seq_le
0.575976	prd:hd-cmp_u_c^v_n3s-bse_ilr>v_vp_ssr-prp_le
0.901862	prd:hd-cmp_u_c^v_nger-tr_dlr>v_prp_olr
-0.920254	prd:hd-cmp_u_c^v_np-prtcl_dlr>v_3s-fin_olr
0.668211	prd:hd-cmp_u_c^v_np-prtcl_dlr>v_n3s-bse_ilr
-0.953043	prd:hd-cmp_u_c^v_np-prtcl_dlr>v_prp_olr
0.936194	prd:hd-cmp_u_c^v_np-prtcl_dlr>v_pst_olr
-0.063215	prd:hd-cmp_u_c^v_pas-dat_odlr>v_np-np_only_le
-0.991054	prd:hd-cmp_u_c^v_pas-p_odlr>v_pp_e_le
0.929064	prd:hd-cmp_u_c^v_pas_odlr>v_np*_le
-1.103088	prd:hd-cmp_u_c^v_pas_odlr>v_np-vp_oeq_le
1.179519	prd:hd-cmp_u_c^v_pas_odlr>v_np_le
2.983197	prd:hd-cmp_u_c^v_prp_olr>v_nb_idm_le
0.576703	prd:hd-cmp_u_c^v_prp_olr>v_np*_le
-1.579746	prd:hd-cmp_u_c^v_prp_olr>v_np-np_le
-1.159264	prd:hd-cmp_u_c^v_prp_olr>v_np-pp_e-idm_le
-0.676930	prd:hd-cmp_u_c^v_prp_olr>v_np-pp_prop_le
0.786149	prd:hd-cmp_u_c^v_prp_olr>v_np-pp_seq-as_le
-0.948683	prd:hd-cmp_u_c^v_prp_olr>v_np-prd_oeq_le
2.824569	prd:hd-cmp_u_c^v_prp_olr>v_np_le
-0.786149	prd:hd-cmp_u_c^v_prp_olr>v_np_noger_le
-0.978474	prd:hd-cmp_u_c^v_prp_olr>v_np_thr-s_le
2.006403	prd:hd-cmp_u_c^v_prp_olr>v_pp*_dir_le
1.582561	prd:hd-cmp_u_c^v_prp_olr>v_pp_e_le
-0.990145	prd:hd-cmp_u_c^v_prp_olr>v_vp_seq_le
-1.678928	prd:hd-cmp_u_c^v_psp_olr>v_cp_prop_le
-1.731517	prd:hd-cmp_u_c^v_psp_olr>v_np*_le
1.817348	prd:hd-cmp_u_c^v_psp_olr>v_np-pp_e_le
0.877566	prd:hd-cmp_u_c^v_psp_olr>v_np-vp_sor_le
-0.913306	prd:hd-cmp_u_c^v_psp_olr>v_np_le
-0.700954	prd:hd-cmp_u_c^v_psp_olr>v_p_le
1.456267	prd:hd-cmp_u_c^v_psp_olr>v_pp*_dir_le
0.127929	prd:hd-cmp_u_c^v_psp_olr>v_pp_e_le
0.958401	prd:hd-cmp_u_c^v_psp_olr>v_vp_seq-bse_le
-1.898183	prd:hd-cmp_u_c^v_pst_olr>v_cp-frag_dlr
0.999364	prd:hd-cmp_u_c^v_pst_olr>v_cp_fin-inf-q-mob_le
-0.469664	prd:hd-cmp_u_c^v_pst_olr>v_cp_fin-inf-q_le
0.472434	prd:hd-cmp_u_c^v_pst_olr>v_cp_inf-only_le
0.973252	prd:hd-cmp_u_c^v_pst_olr>v_cp_prop_le
0.624796	prd:hd-cmp_u_c^v_pst_olr>v_dat_dlr
0.702271	prd:hd-cmp_u_c^v_pst_olr>v_it-pp-vp_oeq_le
0.902316	prd:hd-cmp_u_c^v_pst_olr>v_np*-np-vp_it-s_le
1.099046	prd:hd-cmp_u_c^v_pst_olr>v_np*_le
0.164260	prd:hd-cmp_u_c^v_pst_olr>v_np-cp_fin-inf_le
-0.778020	prd:hd-cmp_u_c^v_pst_olr>v_np-cp_prop_le
-0.125976	prd:hd-cmp_u_c^v_pst_olr>v_np-np_le
-0.902316	prd:hd-cmp_u_c^v_pst_olr>v_np-np_only_le
0.221662	prd:hd-cmp_u_c^v_pst_olr>v_np-pp_e_le
-0.483560	prd:hd-cmp_u_c^v_pst_olr>v_np-prd_oeq-ntr_le
0.332470	prd:hd-cmp_u_c^v_pst_olr>v_np-prd_oeq_le
0.725159	prd:hd-cmp_u_c^v_pst_olr>v_np-vp_aeq-ntr_le
-0.080245	prd:hd-cmp_u_c^v_pst_olr>v_np-vp_aeq-psv_le
0.969437	prd:hd-cmp_u_c^v_pst_olr>v_np-vp_oeq-from_le
0.262943	prd:hd-cmp_u_c^v_pst_olr>v_np-vp_oeq-psv_le
0.796458	prd:hd-cmp_u_c^v_pst_olr>v_np-vp_oeq_le
-0.519301	prd:hd-cmp_u_c^v_pst_olr>v_np-vp_sor_le
-2.108492	prd:hd-cmp_u_c^v_pst_olr>v_np_le
-0.999228	prd:hd-cmp_u_c^v_pst_olr>v_np_ntr_le
0.490509	prd:hd-cmp_u_c^v_pst_olr>v_np_poss_le
0.836149	prd:hd-cmp_u_c^v_pst_olr>v_p-np_le
0.700545	prd:hd-cmp_u_c^v_pst_olr>v_pp*-cp_inf_le
1.700727	prd:hd-cmp_u_c^v_pst_olr>v_pp*-cp_le
0.884877	prd:hd-cmp_u_c^v_pst_olr>v_pp*-pp*_le
-3.829382	prd:hd-cmp_u_c^v_pst_olr>v_pp*-vp_oeq_le
2.000545	prd:hd-cmp_u_c^v_pst_olr>v_pp*_dir_le
-0.900863	prd:hd-cmp_u_c^v_pst_olr>v_pp*_le
0.121662	prd:hd-cmp_u_c^v_pst_olr>v_pp-vp_oeq_le
-1.594369	prd:hd-cmp_u_c^v_pst_olr>v_pp_arg_le
-2.492098	prd:hd-cmp_u_c^v_pst_olr>v_pp_e_le
-0.800000	prd:hd-cmp_u_c^v_pst_olr>v_pp_unacc_le
-0.964532	prd:hd-cmp_u_c^v_pst_olr>v_prd_seq-va_le
2.578247	prd:hd-cmp_u_c^v_pst_olr>v_vp_seq-prp_le
1.865849	prd:hd-cmp_u_c^v_pst_olr>v_vp_seq_le
1.846004	prd:hd-cmp_u_c^v_pst_olr>v_vp_ssr-prp_le
0.852679	prd:hd-cmp_u_c^v_pst_olr>v_vp_ssr_le
-0.980836	prd:hd-cmp_u_c^v_v-pre_dlr>v_n3s-bse_ilr
-0.972934	prd:hd-cmp_u_c^v_v-pre_dlr>v_pst_olr
-0.872025	prd:hd-cmp_u_c^v_v-re_dlr>v_n3s-bse_ilr
-0.588647	prd:hd-cmp_u_c^v_v-re_dlr>v_prp_olr
0.864078	prd:hd-cmp_u_c^v_v-un_dlr>v_prp_olr
-0.657175	prd:hd-cmp_u_c^v_v-under_dlr>v_3s-fin_olr
-1.453088	prd:hd-cmp_u_c^v_v-under_dlr>v_n3s-bse_ilr
-0.953179	prd:hd-cmp_u_c^vp_fin-frg_c>mrk-nh_evnt_c
-0.287920	prd:hd-cmp_u_c^vp_nfin-frg_c>hd-cmp_u_c
-0.887375	prd:hd-cmp_u_c^vp_rc-redrel_c>hd-cmp_u_c
-0.949682	prd:hd-cmp_u_c^vp_sbrd-prd-ell_c>aj_-_i_le
-0.923433	prd:hd-cmp_u_c^vppr-vppr_crd-t_c>hd_optcmp_c,mrk-nh_evnt_c
0.953179	prd:hd-hd_rnr_c^hd-cmp_u_c>cm_np-vp_that_le,sb-hd_nmc_c
-0.929064	prd:hd-hd_rnr_c^hd-cmp_u_c>hd_xcmp_c,cl_rc-fin-modgap_c
-0.426885	prd:hd-hd_rnr_c^hd-cmp_u_c>hd_xcmp_c,cl_rc-fin-nwh_c
0.923433	prd:hd-hd_rnr_c^hd-cmp_u_c>p_np_ptcl-ref_le,hdn_bnp-pn_c
-0.426885	prd:hd-hd_rnr_c^hd_xcmp_c>hd-pct_c
-0.900863	prd:hd-hd_rnr_c^hdn_bnp_c>hdn-aj_redrel_c
-0.929064	prd:hd-hd_rnr_c^pp-pp_crd-sel-t_c>hd-cmp_u_c,mrk-nh_nom_c
0.052316	prd:hd-hd_rnr_c^vp-vp_crd-fin-t_c>hd_xcmp_c,mrk-nh_evnt_c
0.923433	prd:hd-hd_rnr_c^vppr-vppr_crd-t_c>hd_xcmp_c,mrk-nh_evnt_c
-0.907084	prd:hd-pct_c^det_prt-nocmp_dlr>d_-_prt-plm_le
-0.919391	prd:hd-pct_c^det_prt-nocmp_dlr>d_-_prt-sg_le
0.900091	prd:hd-pct_c^hd-pct_c>aj_-_i-prd-ndpt_le,pt_-_period_le
0.800136	prd:hd-pct_c^hd-pct_c>aj_pp_i_le,pt_-_qmark_le
-0.000454	prd:hd-pct_c^hd-pct_c>av_-_s-cp-nsp-po_le,pt_-_qmark_le
-0.900091	prd:hd-pct_c^hd-pct_c>av_-_s-cp-pr-inv-ell_le,pt_-_period_le
0.000454	prd:hd-pct_c^hd-pct_c>n_-_ad-br_le,pt_-_qmark_le
-0.207675	prd:hd-pct_c^hd-pct_c>n_-_c-pl-unk_le,pt_-_qmark_le
-1.201181	prd:hd-pct_c^hd-pct_c>n_-_gq_le,pt_-_comma_le
1.121571	prd:hd-pct_c^hd-pct_c>n_-_gq_le,pt_-_qmark_le
0.801453	prd:hd-pct_c^hd-pct_c>n_ms-cnt_ilr,pt_-_qmark_le
1.201181	prd:hd-pct_c^hd-pct_c>n_sg_ilr,pt_-_comma_le
-0.800136	prd:hd-pct_c^hd-pct_c>n_sg_ilr,pt_-_qmark_le
-0.807675	prd:hd-pct_c^hd-pct_c>v_np*_pr-3s-unk_le,pt_-_qmark_le
0.907811	prd:hd-pct_c^j_att_dlr>aj_pp_i-er_le
0.964305	prd:hd-pct_c^j_j-un_dlr>aj_-_i_le
0.611671	prd:hd-pct_c^j_j-un_dlr>aj_pp_i-er_le
-0.611671	prd:hd-pct_c^j_j-un_dlr>j_att_dlr
0.633106	prd:hd-pct_c^j_j-un_dlr>v_j-nb-pas-tr_dlr
-0.110354	prd:hd-pct_c^n_ms-cnt_ilr>n_-_mc-unk_le
-1.426385	prd:hd-pct_c^n_ms-cnt_ilr>n_-_mc_le
0.901090	prd:hd-pct_c^n_ms-cnt_ilr>n_pp_mc-of-ns_le
-0.035332	prd:hd-pct_c^n_ms-cnt_ilr>n_pp_mc-of_le
-0.939282	prd:hd-pct_c^n_ms_ilr>n_-_m-nocnh-mod_le
-0.772162	prd:hd-pct_c^n_ms_ilr>n_-_m-nocnh_le
2.301272	prd:hd-pct_c^n_ms_ilr>n_-_m-time_le
-0.016440	prd:hd-pct_c^n_ms_ilr>n_-_m_le
-0.195686	prd:hd-pct_c^n_n-co-ni_dlr>n_-_pr-me_le
-0.806994	prd:hd-pct_c^n_n-ed_odlr>n_-_c-ed_le
0.939101	prd:hd-pct_c^n_pl-irreg-noaff_olr>n_-_c_le
-0.838738	prd:hd-pct_c^n_pl-irreg-noaff_olr>n_pp_c-pl_le
0.939510	prd:hd-pct_c^n_pl_olr>n_-_c_le
-1.128292	prd:hd-pct_c^n_pl_olr>n_-_mc_le
-0.991144	prd:hd-pct_c^n_pl_olr>n_-_pn_le
0.400817	prd:hd-pct_c^n_pl_olr>n_pp_c-plc-of_le
-2.703088	prd:hd-pct_c^n_sg_ilr>n_-_c-br-idm_le
0.900954	prd:hd-pct_c^n_sg_ilr>n_-_c-dpt_le
-0.885332	prd:hd-pct_c^n_sg_ilr>n_-_c-meas_le
-0.907811	prd:hd-pct_c^n_sg_ilr>n_-_c-nocnh_le
0.677657	prd:hd-pct_c^n_sg_ilr>n_-_c-ntc_le
0.859128	prd:hd-pct_c^n_sg_ilr>n_-_c-sg_le
-2.301272	prd:hd-pct_c^n_sg_ilr>n_-_c-time_le
-0.661944	prd:hd-pct_c^n_sg_ilr>n_-_c_le
0.788828	prd:hd-pct_c^n_sg_ilr>n_-_pn-cap_le
-0.920300	prd:hd-pct_c^n_sg_ilr>n_-_pn-dom-card_le
2.411217	prd:hd-pct_c^n_sg_ilr>n_-_pn-gen_le
0.492916	prd:hd-pct_c^n_sg_ilr>n_-_pn-hour_le
0.913896	prd:hd-pct_c^n_sg_ilr>n_-_pn-yoc-gen_le
-1.323706	prd:hd-pct_c^n_sg_ilr>n_-_pn_le
1.495322	prd:hd-pct_c^n_sg_ilr>n_pp_c-nt-of_le
0.997366	prd:hd-pct_c^n_sg_ilr>n_pp_c-of_le
0.187602	prd:hd-pct_c^v_3s-fin_olr>v_-_le
-0.953179	prd:hd-pct_c^v_3s-fin_olr>v_cp-frag_dlr
0.000182	prd:hd-pct_c^v_3s-fin_olr>v_np*_le
0.453724	prd:hd-pct_c^v_3s-fin_olr>v_np_le
0.953179	prd:hd-pct_c^v_3s-fin_olr>v_pp*-cp_le
0.900727	prd:hd-pct_c^v_aux-ell-ref_dlr>v_prd_be_le
0.920073	prd:hd-pct_c^v_aux-ell-ref_dlr>v_prd_been_le
0.815213	prd:hd-pct_c^v_aux-ell-ref_dlr>v_prd_is_le
0.124614	prd:hd-pct_c^v_aux-ell-ref_dlr>v_vp_did_le
0.924705	prd:hd-pct_c^v_aux-ell-ref_dlr>v_vp_does_le
-1.301817	prd:hd-pct_c^v_aux-ell-ref_dlr>v_vp_mdl-p-pst_le
1.301817	prd:hd-pct_c^v_aux-ell-ref_dlr>v_vp_mdl-p-unsp_le
0.916576	prd:hd-pct_c^v_aux-ell-xpl_dlr>v_np-xp_be_le
-0.916576	prd:hd-pct_c^v_aux-ell-xpl_dlr>v_prd_be_le
0.819255	prd:hd-pct_c^v_aux-ell-xpl_dlr>v_prd_is_le
-0.205540	prd:hd-pct_c^v_j-nb-pas-tr_dlr>v_pas_odlr
2.451726	prd:hd-pct_c^v_n3s-bse_ilr>v_-_le
-0.702407	prd:hd-pct_c^v_n3s-bse_ilr>v_-_unacc_le
1.778656	prd:hd-pct_c^v_n3s-bse_ilr>v_cp_prop_le
-1.874932	prd:hd-pct_c^v_n3s-bse_ilr>v_np*-np_le
-1.908765	prd:hd-pct_c^v_n3s-bse_ilr>v_np*_le
-0.838193	prd:hd-pct_c^v_n3s-bse_ilr>v_np_idm_le
2.803088	prd:hd-pct_c^v_n3s-bse_ilr>v_np_le
-0.259673	prd:hd-pct_c^v_n3s-bse_ilr>v_np_noger_le
1.234196	prd:hd-pct_c^v_n3s-bse_ilr>v_pp*_dir_le
0.919346	prd:hd-pct_c^v_n3s-bse_ilr>v_pp_e_le
0.915985	prd:hd-pct_c^v_nger-intr_dlr>v_prp_olr
-1.189373	prd:hd-pct_c^v_nger-tr_dlr>v_prp_olr
-0.785604	prd:hd-pct_c^v_pas-dat_odlr>v_np*-np_le
-0.997366	prd:hd-pct_c^v_pas-prt-t_odlr>v_p-np_le
-1.384650	prd:hd-pct_c^v_pas_odlr>v_np*_le
0.599092	prd:hd-pct_c^v_pas_odlr>v_np_le
0.903179	prd:hd-pct_c^v_prp_olr>v_-_le
1.894914	prd:hd-pct_c^v_prp_olr>v_np*-np_le
-1.427884	prd:hd-pct_c^v_prp_olr>v_np*_le
1.755767	prd:hd-pct_c^v_prp_olr>v_pp*-pp*_le
-1.755767	prd:hd-pct_c^v_prp_olr>v_pp*_dir_le
-0.805313	prd:hd-pct_c^v_psp_olr>v_-_le
2.485195	prd:hd-pct_c^v_psp_olr>v_np*_le
0.958674	prd:hd-pct_c^v_psp_olr>v_np_le
-0.999410	prd:hd-pct_c^v_psp_olr>v_np_ntr_le
0.708447	prd:hd-pct_c^v_pst_olr>v_-_it_le
1.804723	prd:hd-pct_c^v_pst_olr>v_-_le
-0.907675	prd:hd-pct_c^v_pst_olr>v_cp-frag_dlr
-1.842598	prd:hd-pct_c^v_pst_olr>v_np*_le
-0.708447	prd:hd-pct_c^v_pst_olr>v_np_it_le
1.561035	prd:hd-pct_c^v_pst_olr>v_pp_e_le
0.205540	prd:hd-pct_c^v_pst_olr>v_pp_unacc_le
-0.633106	prd:hd-pct_c^v_v-un_dlr>v_pas_odlr
-0.901317	prd:hd-pct_nobrk_c^v_j-nb-intr_dlr>v_prp_olr
0.901317	prd:hd-pct_nobrk_c^v_nger-intr_dlr>v_prp_olr
-0.801453	prd:hd-pct_nobrk_c^w-w_fw-seq-m_c>w-w_fw-seq-m_c,n_-_gq_le
-0.946276	prd:hd_imp_c^cl-rc_c>hd-cmp_u_c,flr-hd_rel-fin_c
-0.965895	prd:hd_imp_c^hd-aj_int-unsl_c>hd-cmp_u_c,hd-cmp_u_c
-0.907357	prd:hd_imp_c^hd-aj_scp_c>hd-cmp_u_c,hd-cmp_u_c
0.907357	prd:hd_imp_c^hd-cmp_u_c>hd-cmp_u_c,hdn_bnp_c
-0.718756	prd:hd_imp_c^hd-cmp_u_c>v_n3s-bse_ilr,flr-hd_wh-nmc-fin_c
-0.901272	prd:hd_imp_c^hd-cmp_u_c>v_n3s-bse_ilr,hdn_bnp-pn_c
1.677384	prd:hd_imp_c^hd-cmp_u_c>v_n3s-bse_ilr,hdn_bnp_c
-0.420391	prd:hd_imp_c^hd-cmp_u_c>v_n3s-bse_ilr,sb-hd_nmc_c
0.420391	prd:hd_imp_c^hd-cmp_u_c>v_n3s-bse_ilr,sp-hd_n_c
-0.589328	prd:hd_imp_c^hd-cmp_u_c>v_np*_bse-unk_le,hdn_bnp_c
-1.898320	prd:hd_imp_c^hd_optcmp_c>hd-pct_c
-0.800000	prd:hd_imp_c^hd_xaj-int-vp_c>hd-cmp_u_c
-0.919482	prd:hd_inv-nwh_c^aj-hd_int_c>av_-_i-vp-x_le,hd-cmp_u_c
-0.669664	prd:hd_inv-nwh_c^aj-hd_int_c>hdn_bnp-qnt_c,hd-cmp_u_c
0.919482	prd:hd_inv-nwh_c^aj-hd_scp-xp_c>av_-_s-cp-pr-inv-ell_le,hd-cmp_u_c
0.932334	prd:hd_inv-nwh_c^aj-hd_scp-xp_c>av_-_s-cp-pr-inv_le,hd-cmp_u_c
1.560127	prd:hd_optcmp_c^hd-cmp_u_c>hd-cmp_u_c,hdn_bnp_c
0.946685	prd:hd_optcmp_c^hd-cmp_u_c>hd-cmp_u_c,sp-hd_n_c
2.468801	prd:hd_optcmp_c^hd-cmp_u_c>v_aux-cx-noinv_dlr,sp-hd_n_c
0.937738	prd:hd_optcmp_c^hd-cmp_u_c>v_n3s-bse_ilr,hd_xcmp_c
-1.875795	prd:hd_optcmp_c^hd-cmp_u_c>v_n3s-bse_ilr,hdn_bnp-qnt_c
2.576930	prd:hd_optcmp_c^hd-cmp_u_c>v_np-xp_are_le,hdn_bnp_c
-2.500636	prd:hd_optcmp_c^hd-cmp_u_c>v_np-xp_be_le,hdn_bnp_c
3.045368	prd:hd_optcmp_c^hd-cmp_u_c>v_np-xp_be_le,sp-hd_n_c
-0.869437	prd:hd_optcmp_c^hd-cmp_u_c>v_np-xp_is_le,sp-hd_n_c
-0.063215	prd:hd_optcmp_c^hd-cmp_u_c>v_pas-dat_odlr,hdn_bnp-pn_c
-0.991054	prd:hd_optcmp_c^hd-cmp_u_c>v_pas-p_odlr,p_np_ptcl_le
-0.978474	prd:hd_optcmp_c^hd-cmp_u_c>v_prp_olr,sp-hd_n_c
-0.872025	prd:hd_optcmp_c^hd-cmp_u_c>v_v-re_dlr,hdn_bnp-qnt_c
-0.556812	prd:hd_optcmp_c^hd-cmp_u_c>v_v-under_dlr,sp-hd_n_c
-0.907811	prd:hd_optcmp_c^hd-pct_c>aj_pp_i-er_le,pt_-_comma_le
-0.990054	prd:hd_optcmp_c^hd-pct_c>aj_pp_i-er_le,pt_-_period_le
0.806994	prd:hd_optcmp_c^hd-pct_c>aj_pp_i_le,pt_-_comma_le
0.581108	prd:hd_optcmp_c^hd-pct_c>aj_pp_i_le,pt_-_period_le
-0.808492	prd:hd_optcmp_c^hd-pct_c>hd-pct_c,pt_-_dqright_le
0.611671	prd:hd_optcmp_c^hd-pct_c>j_j-un_dlr,pt_-_period_le
0.953179	prd:hd_optcmp_c^hd-pct_c>v_3s-fin_olr,pt_-_comma_le
0.000182	prd:hd_optcmp_c^hd-pct_c>v_3s-fin_olr,pt_-_period_le
-0.953179	prd:hd_optcmp_c^hd-pct_c>v_n3s-bse_ilr,pt_-_comma-informal_le
1.008629	prd:hd_optcmp_c^hd-pct_c>v_n3s-bse_ilr,pt_-_comma_le
-0.689237	prd:hd_optcmp_c^hd-pct_c>v_n3s-bse_ilr,pt_-_period_le
0.726067	prd:hd_optcmp_c^hd-pct_c>v_n3s-bse_ilr,pt_-_qmark_le
-1.868756	prd:hd_optcmp_c^hd-pct_c>v_np*_bse-unk_le,pt_-_period_le
-0.785604	prd:hd_optcmp_c^hd-pct_c>v_pas-dat_odlr,pt_-_period_le
-0.807675	prd:hd_optcmp_c^hd-pct_c>v_pas_odlr,pt_-_comma_le
0.022116	prd:hd_optcmp_c^hd-pct_c>v_pas_odlr,pt_-_period_le
0.419936	prd:hd_optcmp_c^hd-pct_c>v_prp_olr,pt_-_comma_le
0.467030	prd:hd_optcmp_c^hd-pct_c>v_prp_olr,pt_-_period_le
-0.051998	prd:hd_optcmp_c^hd-pct_c>v_prp_olr,pt_-_qmark_le
2.154814	prd:hd_optcmp_c^hd-pct_c>v_psp_olr,pt_-_period_le
-0.207675	prd:hd_optcmp_c^hd-pct_c>v_pst_olr,pt_-_comma_le
-0.960763	prd:hd_optcmp_c^hd-pct_c>v_pst_olr,pt_-_period_le
-0.633106	prd:hd_optcmp_c^hd-pct_c>v_v-un_dlr,pt_-_period_le
0.990145	prd:hd_optcmp_c^hd_optcmp_c>hd-pct_c
-0.937738	prd:hd_optcmp_c^hd_optcmp_c>v_n3s-bse_ilr
-0.799319	prd:hd_optcmp_c^hd_optcmp_c>v_v-re_dlr
1.262307	prd:hd_optcmp_c^hd_xcmp_c>v_np-xp_is_le
-0.990327	prd:hd_optcmp_c^hd_xcmp_c>v_pas-dat_odlr
-0.640191	prd:hd_optcmp_c^j_tough_dlr>aj_pp-vp_i-it_le
-0.212852	prd:hd_optcmp_c^v_3s-fin_olr>v_np*_le
0.956222	prd:hd_optcmp_c^v_3s-fin_olr>v_np-vp_aeq-ntr_le
-0.966530	prd:hd_optcmp_c^v_n3s-bse_ilr>v_np*-pp_to_le
-0.842144	prd:hd_optcmp_c^v_n3s-bse_ilr>v_np*_le
0.838738	prd:hd_optcmp_c^v_n3s-bse_ilr>v_pp*-cp_le
0.887557	prd:hd_optcmp_c^v_n3s-bse_ilr>v_pp*-cp_unsp_le
-0.047502	prd:hd_optcmp_c^v_n3s-bse_ilr>v_pp*-pp*_le
-0.163760	prd:hd_optcmp_c^v_n3s-bse_ilr>v_pp*_dir_le
0.944233	prd:hd_optcmp_c^v_pas-cp_odlr>v_cp_prop_le
-0.425023	prd:hd_optcmp_c^v_pas_odlr>v_dat_dlr
-0.705540	prd:hd_optcmp_c^v_pas_odlr>v_np*_le
0.273342	prd:hd_optcmp_c^v_pas_odlr>v_np-cp_it-s_le
1.647003	prd:hd_optcmp_c^v_pas_odlr>v_np-pp_e-idm_le
-0.200545	prd:hd_optcmp_c^v_pas_odlr>v_np-pp_e_le
-0.659991	prd:hd_optcmp_c^v_pas_odlr>v_np-prd_oeq_le
0.962216	prd:hd_optcmp_c^v_pas_odlr>v_np-vp_oeq-psv_le
-0.322843	prd:hd_optcmp_c^v_pas_odlr>v_np-vp_oeq_le
-0.015668	prd:hd_optcmp_c^v_pas_odlr>v_np-vp_sor_le
-1.384605	prd:hd_optcmp_c^v_pas_odlr>v_np_le
0.102089	prd:hd_optcmp_c^v_prp_olr>v_np*_le
-0.969982	prd:hd_optcmp_c^v_prp_olr>v_pp*_dir_le
1.535104	prd:hd_optcmp_c^v_psp_olr>v_np*_le
-0.755313	prd:hd_optcmp_c^v_psp_olr>v_pp*_dir_le
-0.884877	prd:hd_optcmp_c^v_pst_olr>v_np*-pp_e_le
0.151544	prd:hd_optcmp_c^v_pst_olr>v_np*_le
-0.550272	prd:hd_optcmp_c^v_pst_olr>v_pp*-cp_inf_le
0.373751	prd:hd_optcmp_c^v_pst_olr>v_pp*-vp_oeq_le
-2.000545	prd:hd_optcmp_c^v_pst_olr>v_pp*_dir_le
0.589328	prd:hd_optcmp_c^v_pst_olr>v_pp-vp_ssr_le
0.800000	prd:hd_optcmp_c^v_pst_olr>v_pp_unacc_le
-0.951181	prd:hd_optcmp_c^v_v-re_dlr>v_n3s-bse_ilr
-0.799319	prd:hd_optcmp_c^v_v-re_dlr>v_pst_olr
-0.958674	prd:hd_xaj-int-s_c^hd-cmp_u_c>hd-cmp_u_c,sb-hd_nmc_c
-0.900454	prd:hd_xaj-int-vp_c^cl-rc_c>hd-aj_int-unsl_c,flr-hd_rel-fin_c
1.866349	prd:hd_xaj-int-vp_c^hd-cmp_u_c>aj_vp_i-seq_le,hd-cmp_u_c
1.558946	prd:hd_xaj-int-vp_c^hd-cmp_u_c>hd-cmp_u_c,hd-cmp_u_c
-0.859491	prd:hd_xaj-int-vp_c^hd-cmp_u_c>hd-cmp_u_c,np_adv_c
0.895958	prd:hd_xaj-int-vp_c^hd-cmp_u_c>hd_optcmp_c,hd-cmp_u_c
-0.832289	prd:hd_xaj-int-vp_c^hd-cmp_u_c>p_np_i_le,sp-hd_n_c
0.002997	prd:hd_xaj-int-vp_c^hd-cmp_u_c>v_n3s-bse_ilr,hd-aj_int-unsl_c
4.994051	prd:hd_xaj-int-vp_c^hd-cmp_u_c>v_n3s-bse_ilr,hd-cmp_u_c
0.087375	prd:hd_xaj-int-vp_c^hd-cmp_u_c>v_n3s-bse_ilr,hd-pct_c
-0.840645	prd:hd_xaj-int-vp_c^hd-cmp_u_c>v_n3s-bse_ilr,hdn_bnp-pn_c
-1.707084	prd:hd_xaj-int-vp_c^hd-cmp_u_c>v_n3s-bse_ilr,hdn_bnp-qnt_c
0.483197	prd:hd_xaj-int-vp_c^hd-cmp_u_c>v_n3s-bse_ilr,hdn_bnp-vger_c
-2.423070	prd:hd_xaj-int-vp_c^hd-cmp_u_c>v_n3s-bse_ilr,sp-hd_n_c
-0.683924	prd:hd_xaj-int-vp_c^hd-cmp_u_c>v_prp_olr,hd-cmp_u_c
1.919982	prd:hd_xaj-int-vp_c^hd-cmp_u_c>v_prp_olr,sp-hd_n_c
-1.865213	prd:hd_xaj-int-vp_c^hd-cmp_u_c>v_psp_olr,hd-cmp_u_c
1.231108	prd:hd_xaj-int-vp_c^hd-cmp_u_c>v_pst_olr,hd-aj_int-unsl_c
-2.150000	prd:hd_xaj-int-vp_c^hd-cmp_u_c>v_pst_olr,hd-cmp_u_c
-0.677112	prd:hd_xaj-int-vp_c^hd-cmp_u_c>v_pst_olr,hdn_bnp-vger_c
1.300409	prd:hd_xaj-int-vp_c^hd-cmp_u_c>v_pst_olr,sp-hd_n_c
-0.980836	prd:hd_xaj-int-vp_c^hd-cmp_u_c>v_v-pre_dlr,hd-cmp_u_c
0.985740	prd:hd_xaj-int-vp_c^hd-pct_c>v_3s-fin_olr,pt_-_period_le
0.838193	prd:hd_xaj-int-vp_c^hd-pct_c>v_n3s-bse_ilr,pt_-_period_le
-0.898411	prd:hd_xaj-int-vp_c^hd-pct_c>v_pst_olr,pt_-_period_le
2.507993	prd:hd_xaj-int-vp_c^hd_optcmp_c>hd-pct_c
-1.874932	prd:hd_xaj-int-vp_c^hd_optcmp_c>hd_optcmp_c
1.200908	prd:hd_xaj-int-vp_c^hd_optcmp_c>v_n3s-bse_ilr
-0.925114	prd:hd_xaj-int-vp_c^hd_optcmp_c>v_psp_olr
-0.129064	prd:hd_xaj-int-vp_c^hd_optcmp_c>v_pst_olr
-0.676930	prd:hd_xaj-int-vp_c^np_adv_c>hdn_bnp-qnt_c
-0.132153	prd:hd_xaj-int-vp_c^v_n3s-bse_ilr>v_-_le
1.554133	prd:hd_xcmp_c^hd-cmp_u_c>v_aux-sb-inv_dlr,hdn-np_app_c
1.702906	prd:hd_xcmp_c^hd-cmp_u_c>v_aux-sb-inv_dlr,hdn_bnp-qnt_c
-0.743188	prd:hd_xcmp_c^hd-cmp_u_c>v_aux-sb-inv_dlr,hdn_bnp-vger_c
-1.657448	prd:hd_xcmp_c^hd-cmp_u_c>v_aux-sb-inv_dlr,sp-hd_n_c
1.321526	prd:hd_xcmp_c^hd-cmp_u_c>v_n3s-bse_ilr,hdn_bnp-pn_c
-2.237738	prd:hd_xcmp_c^hd-cmp_u_c>v_n3s-bse_ilr,sp-hd_n_c
0.931835	prd:hd_xcmp_c^hd-cmp_u_c>v_pst_olr,hdn_bnp-pn_c
0.031835	prd:hd_xcmp_c^hd-cmp_u_c>v_pst_olr,sp-hd_n_c
-1.244233	prd:hd_xcmp_c^hd-pct_c>aj_cp_i-it_le,pt_-_period_le
0.800954	prd:hd_xcmp_c^hd-pct_c>hd-pct_c,pt_-_dqright_le
-1.554133	prd:hd_xcmp_c^hd-pct_c>n_sg_ilr,pt_-_qmark_le
0.937738	prd:hd_xcmp_c^hd-pct_c>p_np_i-nnm_le,pt_-_period_le
0.313624	prd:hd_xcmp_c^hd-pct_c>p_np_i-reg_le,pt_-_period_le
1.349137	prd:hd_xcmp_c^hd-pct_c>p_np_i-reg_le,pt_-_qmark_le
-0.886966	prd:hd_xcmp_c^hd-pct_c>p_np_i_le,pt_-_qmark_le
2.275341	prd:hd_xcmp_c^hd-pct_c>p_np_ptcl_le,pt_-_period_le
0.460082	prd:hd_xcmp_c^hd-pct_c>p_np_ptcl_le,pt_-_qmark_le
0.453724	prd:hd_xcmp_c^hd-pct_c>v_3s-fin_olr,pt_-_period_le
0.977702	prd:hd_xcmp_c^hd-pct_c>v_n3s-bse_ilr,pt_-_comma_le
0.628792	prd:hd_xcmp_c^hd-pct_c>v_n3s-bse_ilr,pt_-_period_le
1.111490	prd:hd_xcmp_c^hd-pct_c>v_n3s-bse_ilr,pt_-_qmark_le
-0.900727	prd:hd_xcmp_c^hd-pct_c>v_np_be_le,pt_-_comma_le
-0.832652	prd:hd_xcmp_c^hd-pct_c>v_np_is_le,pt_-_period_le
-0.920073	prd:hd_xcmp_c^hd-pct_c>v_prd_been_le,pt_-_period_le
-0.801817	prd:hd_xcmp_c^hd-pct_c>v_prd_is_le,pt_-_period_le
0.051998	prd:hd_xcmp_c^hd-pct_c>v_prp_olr,pt_-_qmark_le
0.289646	prd:hd_xcmp_c^hd-pct_c>v_psp_olr,pt_-_period_le
-0.830609	prd:hd_xcmp_c^hd-pct_c>v_pst_olr,pt_-_period_le
1.906358	prd:hd_xcmp_c^hd_optcmp_c>hd-pct_c
0.887239	prd:hd_xcmp_c^v_3s-fin_olr>v_np*_le
-0.966530	prd:hd_xcmp_c^v_3s-fin_olr>v_np-vp_oeq_le
-1.024977	prd:hd_xcmp_c^v_n3s-bse_ilr>v_np*_le
-0.067166	prd:hd_xcmp_c^v_n3s-bse_ilr>v_np-np_le
-0.106540	prd:hd_xcmp_c^v_n3s-bse_ilr>v_np-prd_oeq_le
1.380200	prd:hd_xcmp_c^v_n3s-bse_ilr>v_np-vp_sor-ntr_le
-0.137829	prd:hd_xcmp_c^v_n3s-bse_ilr>v_np_idm_le
-1.854995	prd:hd_xcmp_c^v_n3s-bse_ilr>v_p-np_le
-0.990327	prd:hd_xcmp_c^v_pas-dat_odlr>v_np-np_only_le
0.923433	prd:hd_xcmp_c^v_pas_odlr>v_np*_le
0.923433	prd:hd_xcmp_c^v_pas_odlr>v_np_le
1.418120	prd:hd_xcmp_c^v_pst_olr>v_dat_dlr
0.712443	prd:hd_xcmp_c^v_pst_olr>v_np*_le
-0.931835	prd:hd_xcmp_c^v_pst_olr>v_np-np_le
-0.809083	prd:hd_xcmp_c^v_pst_olr>v_np_poss_le
-0.901453	prd:hd_xsb-fin_c^hd-aj_int-unsl_c>hd-cmp_u_c,np_adv_c
-1.057766	prd:hd_xsb-fin_c^hd-aj_int-unsl_c>hd_optcmp_c,hd-cmp_u_c
2.404087	prd:hd_xsb-fin_c^hd-aj_int-unsl_c>v_3s-fin_olr,hd-cmp_u_c
-0.958265	prd:hd_xsb-fin_c^hd-cmp_u_c>hd-aj_vmod_c,hd_optcmp_c
0.778020	prd:hd_xsb-fin_c^hd-cmp_u_c>hd-cmp_u_c,hd-cmp_u_c
0.925204	prd:hd_xsb-fin_c^hd-cmp_u_c>hd-cmp_u_c,hd_optcmp_c
-0.778020	prd:hd_xsb-fin_c^hd-cmp_u_c>hd-cmp_u_c,sb-hd_nmc_c
1.364214	prd:hd_xsb-fin_c^hd-cmp_u_c>v_3s-fin_olr,hd-cmp_u_c
-0.159128	prd:hd_xsb-fin_c^hd-cmp_u_c>v_3s-fin_olr,hdn_bnp-pn_c
-0.942870	prd:hd_xsb-fin_c^hd-cmp_u_c>v_aux-cx-noinv_dlr,hd_optcmp_c
-0.906585	prd:hd_xsb-fin_c^hd-cmp_u_c>v_aux-cx-noinv_dlr,hdn_bnp-qnt_c
-0.928156	prd:hd_xsb-fin_c^hd-cmp_u_c>v_n3s-bse_ilr,hd_yesno-nmc_c
-0.737511	prd:hd_xsb-fin_c^hd-cmp_u_c>v_np_is_le,hdn_bnp-pn_c
1.657448	prd:hd_xsb-fin_c^hd-cmp_u_c>v_np_is_le,sp-hd_n_c
-0.928292	prd:hd_xsb-fin_c^hd-cmp_u_c>v_np_was_le,hdn_bnp_c
2.521980	prd:hd_xsb-fin_c^hd-cmp_u_c>v_prd_is_le,hd-pct_c
-0.874024	prd:hd_xsb-fin_c^hd-cmp_u_c>v_prd_is_le,np_adv_c
0.958265	prd:hd_xsb-fin_c^hd-cmp_u_c>v_prd_was_le,aj-hd_int_c
0.928292	prd:hd_xsb-fin_c^hd-cmp_u_c>v_prd_was_le,hd-cmp_u_c
-0.925204	prd:hd_xsb-fin_c^hd-cmp_u_c>v_prd_wre_le,aj-hd_scp-xp_c
0.927748	prd:hd_xsb-fin_c^hd-cmp_u_c>v_prd_wre_le,hd-cmp_u_c
-0.469664	prd:hd_xsb-fin_c^hd-cmp_u_c>v_pst_olr,hd_yesno-nmc_c
-1.345595	prd:hd_xsb-fin_c^hd-cmp_u_c>v_pst_olr,hdn_bnp-pn_c
0.640645	prd:hd_xsb-fin_c^hd-cmp_u_c>v_pst_olr,hdn_bnp-qnt_c
-0.909401	prd:hd_xsb-fin_c^hd-cmp_u_c>v_pst_olr,sp-hd_n_c
0.999364	prd:hd_xsb-fin_c^hd-cmp_u_c>v_vp_had-n_le,hd-aj_int-unsl_c
1.398274	prd:hd_xsb-fin_c^hd-cmp_u_c>v_vp_had_le,hd-aj_int-unsl_c
-1.398274	prd:hd_xsb-fin_c^hd-cmp_u_c>v_vp_had_le,hd-cmp_u_c
-0.330381	prd:hd_xsb-fin_c^hd-cmp_u_c>v_vp_had_le,hd_optcmp_c
0.420391	prd:hd_xsb-fin_c^hd-cmp_u_c>v_vp_have-f_le,hd-cmp_u_c
-0.887239	prd:hd_xsb-fin_c^hd_optcmp_c>v_3s-fin_olr
-0.997775	prd:hd_xsb-fin_c^hd_optcmp_c>v_n3s-bse_ilr
-1.662761	prd:hd_xsb-fin_c^hd_optcmp_c>v_pst_olr
-1.702725	prd:hd_xsb-fin_c^v_3s-fin_olr>v_-_le
-0.999364	prd:hd_xsb-fin_c^v_aux-ell-ref_dlr>v_vp_had-n_le
1.345595	prd:hd_xsb-fin_c^vp-vp_crd-fin-t_c>hd-cmp_u_c,mrk-nh_evnt_c
-0.469664	prd:hd_yesno-nmc_c^hd-cmp_u_c>hd-cmp_u_c,hd-cmp_u_c
-0.928156	prd:hd_yesno-nmc_c^hd-cmp_u_c>hd-cmp_u_c,hd-pct_c
1.448501	prd:hd_yesno-nmc_c^hd-cmp_u_c>v_aux-sb-inv-ell_dlr,hdn_bnp-pn_c
-0.939555	prd:hd_yesno-nmc_c^hd-cmp_u_c>v_aux-sb-inv-ell_dlr,hdn_bnp-qnt_c
-0.932334	prd:hd_yesno-period_c^aj-hd_scp-xp_c>av_-_s-cp-pr-inv_le,hd-cmp_u_c
-0.727021	prd:hd_yesno_c^aj-hd_int-inv_c>pp_-_i-dir-nomodn_le,flr-hd_wh-mc_c
1.596004	prd:hd_yesno_c^hd-aj_scp-pr_c>hd-cmp_u_c,hd-cmp_u_c
-1.622162	prd:hd_yesno_c^hd-cmp_u_c>hd-cmp_u_c,aj-hd_scp-xp_c
-1.758311	prd:hd_yesno_c^hd-cmp_u_c>hd-cmp_u_c,hd-aj_int-unsl_c
0.734151	prd:hd_yesno_c^hd-cmp_u_c>hd-cmp_u_c,hd-cmp_u_c
0.705223	prd:hd_yesno_c^hd-cmp_u_c>hd-cmp_u_c,hd-pct_c
0.671571	prd:hd_yesno_c^hd-cmp_u_c>v_aux-sb-inv-ell_dlr,hdn_bnp-qnt_c
-0.529382	prd:hd_yesno_c^hd-cmp_u_c>v_aux-sb-inv-ell_dlr,hdn_bnp-vger_c
-0.705223	prd:hd_yesno_c^hd-cmp_u_c>v_aux-sb-inv-ell_dlr,sp-hd_n_c
1.560127	prd:hd_yesno_c^hd_optcmp_c>hd-cmp_u_c
-0.901362	prd:hdn-aj_rc-asym_c^flr-hd_rel-fin_c>n_-_pr-rel-who_le,hd_xsb-fin_c
-0.901362	prd:hdn-aj_rc-asym_c^hd-pct_c>n_ms-cnt_ilr,pt_-_comma_le
-0.960127	prd:hdn-aj_rc-pr_c^cl_rc-instr_c>hd-cmp_u_c
-3.501181	prd:hdn-aj_rc-pr_c^flr-hd_rel-fin_c>n_-_pr-rel-what_le,hd_xsb-fin_c
2.561217	prd:hdn-aj_rc-pr_c^flr-hd_rel-fin_c>n_-_pr-rel-who_le,hd_xsb-fin_c
-0.939964	prd:hdn-aj_rc-pr_c^hd-pct_c>n_sg_ilr,pt_-_comma_le
-0.960127	prd:hdn-aj_rc-pr_c^hdn_optcmp_c>hd-pct_c
0.958674	prd:hdn-aj_rc_c^aj-hdn_norm_c>sp-hd_hc_c,n_sg_ilr
-0.179700	prd:hdn-aj_rc_c^cl_rc-fin-nwh_c>sb-hd_nmc_c
-2.666985	prd:hdn-aj_rc_c^cl_rc-inf-nwh-sb_c>hd-cmp_u_c
-0.592734	prd:hdn-aj_rc_c^cl_rc-inf-nwh_c>aj-hd_int_c
-2.804269	prd:hdn-aj_rc_c^cl_rc-inf-nwh_c>hd-cmp_u_c
-2.533560	prd:hdn-aj_rc_c^cl_rc-instr_c>hd-cmp_u_c
0.630518	prd:hdn-aj_rc_c^flr-hd_rel-fin-pp_c>hd-cmp_u_c,sb-hd_nmc_c
0.722298	prd:hdn-aj_rc_c^flr-hd_rel-fin-pp_c>pp-pp_crd-t_c,sb-hd_nmc_c
-0.715441	prd:hdn-aj_rc_c^flr-hd_rel-fin-pp_c>pp_-_i-rel-that_le,sb-hd_nmc_c
-0.678792	prd:hdn-aj_rc_c^flr-hd_rel-fin_c>n_-_pr-rel-nwh_le,hd_xsb-fin_c
2.437375	prd:hdn-aj_rc_c^flr-hd_rel-fin_c>n_-_pr-rel-nwh_le,sb-hd_nmc_c
1.400908	prd:hdn-aj_rc_c^flr-hd_rel-fin_c>n_-_pr-rel-what_le,hd_xsb-fin_c
2.382289	prd:hdn-aj_rc_c^flr-hd_rel-fin_c>n_-_pr-rel-who_le,hd_xsb-fin_c
0.916985	prd:hdn-aj_rc_c^flr-hd_rel-fin_c>n_-_pr-rel-who_le,sb-hd_nmc_c
-0.330381	prd:hdn-aj_rc_c^flr-hd_rel-fin_c>sp-hd_n_c,hd_xsb-fin_c
0.330381	prd:hdn-aj_rc_c^flr-hd_rel-fin_c>sp-hd_n_c,sb-hd_nmc_c
-0.930745	prd:hdn-aj_rc_c^hd-cmp_u_c>n_-_pr_le,aj_-_i_le
0.631063	prd:hdn-aj_rc_c^hd-cmp_u_c>n_pl_olr,hd-cmp_u_c
-0.386104	prd:hdn-aj_rc_c^hd-cmp_u_c>n_sg_ilr,hd-cmp_u_c
-0.831153	prd:hdn-aj_rc_c^hdn-aj_rc_c>hdn_optcmp_c,flr-hd_rel-fin_c
-1.491281	prd:hdn-aj_rc_c^hdn-aj_redrel_c>n_ms-cnt_ilr,hd-cmp_u_c
4.615940	prd:hdn-aj_rc_c^hdn-aj_redrel_c>n_sg_ilr,hd-cmp_u_c
-1.099183	prd:hdn-aj_rc_c^hdn-aj_redrel_c>n_sg_ilr,np_adv_c
-0.800000	prd:hdn-aj_rc_c^hdn_optcmp_c>hd-cmp_u_c
-1.949773	prd:hdn-aj_rc_c^hdn_optcmp_c>n_-_pr-dei-sg_le
1.862897	prd:hdn-aj_rc_c^hdn_optcmp_c>n_-_pr_le
-0.352225	prd:hdn-aj_rc_c^hdn_optcmp_c>n_ms-cnt_ilr
0.895550	prd:hdn-aj_rc_c^hdn_optcmp_c>n_pl_olr
0.288193	prd:hdn-aj_rc_c^hdn_optcmp_c>n_sg_ilr
-0.991054	prd:hdn-aj_rc_c^hdn_optcmp_c>v_nger-tr_dlr
-0.259673	prd:hdn-aj_rc_c^n-hdn_cpd_c>hdn_optcmp_c,hdn_optcmp_c
-0.694959	prd:hdn-aj_rc_c^n_ms-cnt_ilr>n_-_mc-ns_le
4.258992	prd:hdn-aj_rc_c^n_ms-cnt_ilr>n_-_mc_le
0.420391	prd:hdn-aj_rc_c^n_pl-irreg-noaff_olr>n_-_c-pl-one_le
0.946276	prd:hdn-aj_rc_c^n_pl-irreg_olr>n_-_c_le
0.100045	prd:hdn-aj_rc_c^n_pl_olr>n_-_c-ns_le
-0.345595	prd:hdn-aj_rc_c^n_pl_olr>n_-_c_le
-5.674841	prd:hdn-aj_rc_c^n_sg_ilr>n_-_c-ns_le
0.524160	prd:hdn-aj_rc_c^n_sg_ilr>n_-_c_le
-0.063215	prd:hdn-aj_rc_c^n_sg_ilr>n_vp_c_le
-0.902316	prd:hdn-aj_rc_c^num-n_mnp_c>aj_-_i-crd-two_le,n_pl_olr
-0.809083	prd:hdn-aj_rc_c^num_prt-nc_c>aj_-_i-many_le
1.633470	prd:hdn-aj_rc_c^vp_rc-redrel_c>hd-cmp_u_c
-2.054133	prd:hdn-aj_rc_c^vp_rc-redrel_c>hd_optcmp_c
0.022752	prd:hdn-aj_rc_c^vp_rc-redrel_c>vppr-vppr_crd-t_c
-0.948955	prd:hdn-aj_redrel-asym_c^hd-pct_c>n_sg_ilr,pt_-_comma_le
-0.819255	prd:hdn-aj_redrel-asym_c^hdn_optcmp_c>hd-pct_c
-1.768211	prd:hdn-aj_redrel-asym_c^np_adv_c>hdn_bnp-qnt_c
-1.855495	prd:hdn-aj_redrel-pr_c^hd-cmp_u_c>p_np_i-reg_le,sp-hd_n_c
-1.685786	prd:hdn-aj_redrel-pr_c^hd-pct_c>aj_-_i-unk_le,pt_-_comma_le
-1.855495	prd:hdn-aj_redrel-pr_c^hd-pct_c>n_-_pr-yourself_le,pt_-_comma_le
-2.593597	prd:hdn-aj_redrel-pr_c^hd-pct_c>n_sg_ilr,pt_-_comma_le
-0.907811	prd:hdn-aj_redrel-pr_c^hd_optcmp_c>hd-pct_c
1.602271	prd:hdn-aj_redrel-pr_c^hdn_optcmp_c>pct-hd_c
1.602271	prd:hdn-aj_redrel-pr_c^np_adv_c>hdn_bnp-qnt_c
1.155132	prd:hdn-aj_redrel_c^aj-hdn_norm_c>aj_-_i-er_le,n_sg_ilr
-0.801362	prd:hdn-aj_redrel_c^aj-hdn_norm_c>aj_-_i_le,hdn_optcmp_c
-0.662216	prd:hdn-aj_redrel_c^aj-hdn_norm_c>aj_-_i_le,n_ms_ilr
6.150681	prd:hdn-aj_redrel_c^aj-hdn_norm_c>hd_optcmp_c,n_ms_ilr
0.832289	prd:hdn-aj_redrel_c^aj-hdn_norm_c>j_att_dlr,n_ms-cnt_ilr
-0.952180	prd:hdn-aj_redrel_c^aj-hdn_norm_c>n-v_j-cpd_c,n_ms_ilr
-1.148683	prd:hdn-aj_redrel_c^aj-hdn_norm_c>sp-hd_hc_c,hdn_optcmp_c
1.211081	prd:hdn-aj_redrel_c^aj-hdn_norm_c>v_j-nb-pas-tr_dlr,n_pl-irreg-noaff_olr
-2.002452	prd:hdn-aj_redrel_c^aj-hdn_norm_c>v_j-nb-pas-tr_dlr,n_sg_ilr
0.912534	prd:hdn-aj_redrel_c^det_prt-nocmp_dlr>d_-_prt-plm_le
-0.997457	prd:hdn-aj_redrel_c^hd-aj_int-unsl_c>np_adv_c,hd-cmp_u_c
1.751408	prd:hdn-aj_redrel_c^hd-cmp_u_c>aj_pp_i-cmp_le,hd-cmp_u_c
0.930745	prd:hdn-aj_redrel_c^hd-cmp_u_c>aj_vp_i-seq_le,hd-cmp_u_c
-0.993915	prd:hdn-aj_redrel_c^hd-cmp_u_c>hd-aj_vmod_c,hd-cmp_u_c
-0.668847	prd:hdn-aj_redrel_c^hd-cmp_u_c>n_ms-cnt_ilr,hd-cmp_u_c
-0.568756	prd:hdn-aj_redrel_c^hd-cmp_u_c>n_pl_olr,hd-cmp_u_c
-0.968892	prd:hdn-aj_redrel_c^hd-cmp_u_c>n_sg_ilr,hd-cmp_u_c
-1.692416	prd:hdn-aj_redrel_c^hd-cmp_u_c>p_cp_i-nmod_le,sb-hd_nmc_c
-2.475477	prd:hdn-aj_redrel_c^hd-cmp_u_c>p_cp_i_le,sb-hd_nmc_c
-0.965895	prd:hdn-aj_redrel_c^hd-cmp_u_c>p_nb_i-nm-any_le,n_ms-cnt_ilr
1.543233	prd:hdn-aj_redrel_c^hd-cmp_u_c>p_nb_i-nm_le,hd-pct_c
0.944323	prd:hdn-aj_redrel_c^hd-cmp_u_c>p_nb_i-nm_le,hdn_optcmp_c
-0.234151	prd:hdn-aj_redrel_c^hd-cmp_u_c>p_np_i-dgsp_le,sp-hd_n_c
-0.963533	prd:hdn-aj_redrel_c^hd-cmp_u_c>p_np_i-nm-no-tm-to_le,hdn_bnp_c
-0.630518	prd:hdn-aj_redrel_c^hd-cmp_u_c>p_np_i-nm-poss_le,cl_np-wh_c
3.103724	prd:hdn-aj_redrel_c^hd-cmp_u_c>p_np_i-nm-poss_le,hdn_bnp-qnt_c
-2.653678	prd:hdn-aj_redrel_c^hd-cmp_u_c>p_np_i-nm-poss_le,hdn_bnp-vger_c
2.599046	prd:hdn-aj_redrel_c^hd-cmp_u_c>p_np_i-nm-poss_le,hdn_bnp_c
0.849728	prd:hdn-aj_redrel_c^hd-cmp_u_c>p_np_i-nm-poss_le,sp-hd_n_c
0.912534	prd:hdn-aj_redrel_c^hd-cmp_u_c>p_np_i-nsp-ngap_le,sp-hd_n_c
-1.727339	prd:hdn-aj_redrel_c^hd-cmp_u_c>p_np_i-reg_le,hdn_bnp-pn_c
-0.900817	prd:hdn-aj_redrel_c^hd-cmp_u_c>p_np_i-reg_le,hdn_bnp-qnt_c
-0.742325	prd:hdn-aj_redrel_c^hd-cmp_u_c>p_np_i-reg_le,hdn_bnp_c
5.808674	prd:hdn-aj_redrel_c^hd-cmp_u_c>p_np_i-reg_le,sp-hd_n_c
0.017938	prd:hdn-aj_redrel_c^hd-cmp_u_c>p_np_i-tmp_le,hdn_bnp-pn_c
-2.394641	prd:hdn-aj_redrel_c^hd-cmp_u_c>p_np_i_le,hdn_bnp-pn_c
2.524114	prd:hdn-aj_redrel_c^hd-cmp_u_c>p_np_i_le,hdn_bnp-qnt_c
-1.835831	prd:hdn-aj_redrel_c^hd-cmp_u_c>p_np_i_le,hdn_bnp_c
-0.878202	prd:hdn-aj_redrel_c^hd-cmp_u_c>p_np_i_le,sp-hd_n_c
-0.724932	prd:hdn-aj_redrel_c^hd-cmp_u_c>sp-hd_hc_c,hd-cmp_u_c
-0.368983	prd:hdn-aj_redrel_c^hd-pct_c>pp_-_i-nm_le,pt_-_period_le
-0.901453	prd:hdn-aj_redrel_c^hd-pct_nobrk_c>n_-_ad-br_le,pt_-_hyphn-rgt_le
-0.999864	prd:hdn-aj_redrel_c^hdn-aj_rc_c>n_sg_ilr,vp_rc-redrel_c
0.930745	prd:hdn-aj_redrel_c^hdn_optcmp_c>n_-_pr_le
2.694369	prd:hdn-aj_redrel_c^hdn_optcmp_c>n_ms-cnt_ilr
0.939282	prd:hdn-aj_redrel_c^hdn_optcmp_c>n_pl-irreg-noaff_olr
-3.689146	prd:hdn-aj_redrel_c^hdn_optcmp_c>n_pl_olr
-0.965895	prd:hdn-aj_redrel_c^hdn_optcmp_c>n_pp_ad-dir_le
-0.900000	prd:hdn-aj_redrel_c^hdn_optcmp_c>n_sg_ilr
-0.901862	prd:hdn-aj_redrel_c^hdn_optcmp_c>v_nger-tr_dlr
2.002452	prd:hdn-aj_redrel_c^n-hdn_cpd_c>hdn_optcmp_c,n_sg_ilr
2.486649	prd:hdn-aj_redrel_c^n-hdn_cpd_c>n_-_c_le,n_ms_ilr
-0.976930	prd:hdn-aj_redrel_c^n-hdn_cpd_c>n_-_m_le,hdn_optcmp_c
-0.993233	prd:hdn-aj_redrel_c^n-hdn_cpd_c>sp-hd_hc_c,hdn_optcmp_c
1.781471	prd:hdn-aj_redrel_c^n_ms-cnt_ilr>n_-_mc-ed_le
-0.985150	prd:hdn-aj_redrel_c^n_ms-cnt_ilr>n_-_mc-ns_le
0.639419	prd:hdn-aj_redrel_c^n_ms-cnt_ilr>n_-_mc-unk_le
-2.105495	prd:hdn-aj_redrel_c^n_ms-cnt_ilr>n_-_mc_le
-0.962216	prd:hdn-aj_redrel_c^n_ms_ilr>n_-_m-time_le
-0.789101	prd:hdn-aj_redrel_c^n_ms_ilr>n_-_m_le
-0.920890	prd:hdn-aj_redrel_c^n_pl_olr>n_-_c-ed_le
-1.538874	prd:hdn-aj_redrel_c^n_pl_olr>n_-_c_le
1.548910	prd:hdn-aj_redrel_c^n_pl_olr>n_-_mc-ns_le
1.879064	prd:hdn-aj_redrel_c^n_pl_olr>n_-_mc_le
3.217666	prd:hdn-aj_redrel_c^n_sg_ilr>n_-_c-ns_le
0.624977	prd:hdn-aj_redrel_c^n_sg_ilr>n_-_c_le
-1.385967	prd:hdn-aj_redrel_c^n_sg_ilr>n_-_pn-gen_le
-0.287829	prd:hdn-aj_redrel_c^n_sg_ilr>n_-_pn_le
-0.924886	prd:hdn-aj_redrel_c^np-hdn_cpd_c>hdn_bnp-pn_c,n_sg_ilr
-3.265441	prd:hdn-aj_redrel_c^np_adv_c>hdn_bnp-qnt_c
0.944323	prd:hdn-aj_redrel_c^num-n_mnp_c>aj_-_i-crd-one_le,n_pl_olr
-0.554768	prd:hdn-aj_redrel_c^num_prt-nc_c>aj-hd_scp-xp_c
1.625931	prd:hdn-aj_redrel_c^num_prt-nc_c>aj_-_i-crd-one_le
-0.849455	prd:hdn-aj_redrel_c^num_prt-nc_c>aj_-_i-one_le
-0.996367	prd:hdn-aj_redrel_c^num_prt-nc_c>sp-hd_hc_c
-0.724932	prd:hdn-aj_redrel_c^pct-hd_c>pt_-_lparen_le,hd-pct_c
-0.799137	prd:hdn-aj_redrel_c^v_nger-intr_dlr>v_prp_olr
0.414033	prd:hdn-aj_title_c^n_sg_ilr>n_-_tt-post_le
0.414033	prd:hdn-aj_title_c^np-hdn_nme-cpd_c>hdn_bnp-pn_c,hd-pct_c
0.940191	prd:hdn-cl_dsh_c^hd-pct_nobrk_c>n_sg_ilr,pt_-_hyphn-rgt_le
-0.959491	prd:hdn-cl_dsh_c^hdn-aj_redrel_c>hdn_optcmp_c,pp_-_i-cln_le
-0.997275	prd:hdn-cl_dsh_c^hdn-cl_prnth_c>n_sg_ilr,aj-hd_scp_c
0.940191	prd:hdn-cl_dsh_c^sb-hd_mc_c>hdn_bnp-qnt_c,hd-cmp_u_c
-0.959491	prd:hdn-cl_dsh_c^sb-hd_mc_c>hdn_bnp-vger_c,hd-cmp_u_c
-0.997275	prd:hdn-cl_dsh_c^vp_nfin-frg_c>hd-pct_c
-0.841553	prd:hdn-np_app-idf-rbc_c^sp-hd_n_c>d_-_no_le,n_sg_ilr
-0.841553	prd:hdn-np_app-idf-rbc_c^sp-hd_n_c>d_-_sg-nmd_le,hdn_optcmp_c
0.908856	prd:hdn-np_app-idf_c^hdn_bnp-num_c>hdn_np-num_c
-0.908856	prd:hdn-np_app-idf_c^hdn_bnp-qnt_c>num_prt-nc_c
-0.141462	prd:hdn-np_app-pnr-rbc_c^hdn_bnp-pn_c>n_sg_ilr
-0.141462	prd:hdn-np_app-pnr-rbc_c^sp-hd_n_c>d_-_sg-nmd_le,aj-hdn_norm_c
-0.713851	prd:hdn-np_app-r-pr_c^hdn_bnp-pn_c>hdn_optcmp_c
-0.941644	prd:hdn-np_app-r-pr_c^hdn_bnp-pn_c>n_sg_ilr
-0.913669	prd:hdn-np_app-r-pr_c^hdn_bnp_c>hdn-aj_redrel_c
-0.913669	prd:hdn-np_app-r-pr_c^np-np_crd-t_c>hdn_bnp-pn_c,mrk-nh_nom_c
-0.941644	prd:hdn-np_app-r-pr_c^sp-hd_n_c>d_-_prt-pl-both_le,aj_prt-det-ncp_c
-0.713851	prd:hdn-np_app-r-pr_c^sp-hd_n_c>n_det-mnth_dlr,hdn_optcmp_c
-1.954814	prd:hdn-np_app-r_c^hdn_bnp-pn_c>n_sg_ilr
-0.993097	prd:hdn-np_app-r_c^hdn_bnp-qnt_c>n_-_pr-himself_le
-0.403724	prd:hdn-np_app-r_c^np-hdn_ttl-cpd-pl_c>n_pl_olr,hdn_bnp-pn_c
-0.961717	prd:hdn-np_app-r_c^sp-hd_n_c>d_-_the_le,n_ms-cnt_ilr
-0.403724	prd:hdn-np_app-r_c^sp-hd_n_c>d_-_the_le,n_sg_ilr
-0.741144	prd:hdn-np_app-rbc_c^sp-hd_n_c>d_-_sg-nmd-an_le,hd-pct_c
-0.741144	prd:hdn-np_app-rbc_c^sp-hd_n_c>d_-_the_le,n_sg_ilr
0.655722	prd:hdn-np_app_c^hdn_bnp-pn_c>n_sg_ilr
-1.586240	prd:hdn-np_app_c^hdn_bnp-qnt_c>hd-pct_c
-0.420391	prd:hdn-np_app_c^hdn_bnp-qnt_c>hdn_optcmp_c
-0.665077	prd:hdn-np_app_c^hdn_bnp-qnt_c>n_-_pr-it_le
-0.966576	prd:hdn-np_app_c^sp-hd_n_c>d_-_prt_le,hd-cmp_u_c
-0.858538	prd:hdn-np_app_c^sp-hd_n_c>d_-_sg-nmd_le,hd-cmp_u_c
-1.825114	prd:hdn-np_app_c^sp-hd_n_c>d_-_the_le,hd-pct_c
0.655722	prd:hdn-np_app_c^sp-hd_n_c>d_-_the_le,hdn_optcmp_c
-0.420391	prd:hdn-np_app_c^sp-hd_n_c>d_-_the_le,n_pl-irreg-noaff_olr
-0.921163	prd:hdn-np_app_c^sp-hd_n_c>d_-_the_le,n_sg_ilr
0.782062	prd:hdn_bnp-num_c^hdn_np-num_c>aj_-_i-crd-one_le
1.116985	prd:hdn_bnp-num_c^hdn_np-num_c>hd-cmp_u_c
-2.521253	prd:hdn_bnp-num_c^hdn_np-num_c>hd-pct_c
0.908856	prd:hdn_bnp-num_c^hdn_np-num_c>hd-pct_nobrk_c
-0.207675	prd:hdn_bnp-num_c^np-hdn_ttl-cpd_c>pct-hd_c,np-hdn_ttl-cpd_c
-0.986649	prd:hdn_bnp-pn_c^aj-hdn_norm_c>aj_-_i-er_le,n_sg_ilr
-0.957584	prd:hdn_bnp-pn_c^aj-hdn_norm_c>v_j-nme-tr_dlr,hd-pct_c
0.913896	prd:hdn_bnp-pn_c^hd-cmp_u_c>hd-pct_c,hdn_bnp-pn_c
2.538420	prd:hdn_bnp-pn_c^hd-pct_c>n_sg_ilr,pt_-_comma-informal_le
-0.094777	prd:hdn_bnp-pn_c^hd-pct_c>n_sg_ilr,pt_-_comma_le
-0.873797	prd:hdn_bnp-pn_c^hd-pct_c>n_sg_ilr,pt_-_period_le
-0.940191	prd:hdn_bnp-pn_c^hd-pct_nobrk_c>n_sg_ilr,pt_-_hyphn-rgt_le
-0.939964	prd:hdn_bnp-pn_c^hdn-aj_rc-pr_c>hd-pct_c,flr-hd_rel-fin_c
-0.948955	prd:hdn_bnp-pn_c^hdn-aj_redrel-asym_c>hd-pct_c,np_adv_c
-1.685786	prd:hdn_bnp-pn_c^hdn-aj_redrel-pr_c>hd-pct_c,hd-pct_c
-0.997457	prd:hdn_bnp-pn_c^hdn-aj_redrel_c>n_sg_ilr,hd-aj_int-unsl_c
-2.049001	prd:hdn_bnp-pn_c^hdn-aj_redrel_c>n_sg_ilr,hd-cmp_u_c
-0.944369	prd:hdn_bnp-pn_c^hdn-aj_redrel_c>n_sg_ilr,np_adv_c
3.018529	prd:hdn_bnp-pn_c^hdn-aj_redrel_c>n_sg_ilr,pp_-_i_le
0.414033	prd:hdn_bnp-pn_c^hdn-aj_title_c>np-hdn_nme-cpd_c,n_sg_ilr
0.940191	prd:hdn_bnp-pn_c^hdn-cl_dsh_c>hd-pct_nobrk_c,sb-hd_mc_c
-0.901726	prd:hdn_bnp-pn_c^hdn_optcmp_c>hd-cmp_u_c
-0.959946	prd:hdn_bnp-pn_c^n_sg_ilr>n_-_pn-abb_le
-3.583651	prd:hdn_bnp-pn_c^n_sg_ilr>n_-_pn-gen_le
3.887148	prd:hdn_bnp-pn_c^n_sg_ilr>n_-_pn-msc_le
-0.721662	prd:hdn_bnp-pn_c^n_sg_ilr>n_-_pn-nonom_le
3.212080	prd:hdn_bnp-pn_c^n_sg_ilr>n_-_pn_le
-0.093415	prd:hdn_bnp-pn_c^np-hdn_cty-cpd_c>hdn_bnp-pn_c,hd-pct_c
0.880654	prd:hdn_bnp-pn_c^np-hdn_cty-cpd_c>hdn_bnp-pn_c,n_sg_ilr
2.204814	prd:hdn_bnp-pn_c^np-hdn_nme-cpd_c>hdn_bnp-pn_c,hd-pct_c
-1.820118	prd:hdn_bnp-pn_c^np-hdn_nme-cpd_c>hdn_bnp-pn_c,n_sg_ilr
-0.891508	prd:hdn_bnp-pn_c^np-hdn_ttl-cpd_c>hdn_optcmp_c,hd-pct_c
-0.837557	prd:hdn_bnp-pn_c^np-hdn_ttl-cpd_c>hdn_optcmp_c,n_sg_ilr
1.819573	prd:hdn_bnp-pn_c^np-hdn_ttl-cpd_c>n_-_c-nocnh-cap_le,n_sg_ilr
1.878883	prd:hdn_bnp-pn_c^np-hdn_ttl-cpd_c>n_-_c_le,n_sg_ilr
-0.807675	prd:hdn_bnp-pn_c^np-hdn_ttl-cpd_c>np-hdn_cpd_c,n_sg_ilr
1.201181	prd:hdn_bnp-pn_c^pct-hd_c>pt_-_dqleft_le,hd-pct_c
-0.807675	prd:hdn_bnp-pn_c^pct-hd_c>pt_-_dqleft_le,n_sg_ilr
0.213896	prd:hdn_bnp-pn_c^w-w_fw-seq-t_c>w-w_fw-seq-m_c,hd-pct_c
-1.201181	prd:hdn_bnp-pn_c^w_fw_c>pct-hd_c
-1.959310	prd:hdn_bnp-qnt_c^det_prt-nocmp_dlr>d_-_prt-plm_le
-0.500454	prd:hdn_bnp-qnt_c^det_prt-nocmp_dlr>d_-_prt-unsp_le
-0.669664	prd:hdn_bnp-qnt_c^hd-cl_fr-rel_c>hd-cmp_u_c,hd_xsb-fin_c
-0.543915	prd:hdn_bnp-qnt_c^hd-cl_fr-rel_c>n_-_pr-fr-wh_le,sb-hd_nmc_c
0.651453	prd:hdn_bnp-qnt_c^hd-cl_fr-rel_c>n_-_pr-fr_le,hd_xsb-fin_c
-0.999319	prd:hdn_bnp-qnt_c^hd-cl_fr-rel_c>n_-_pr-fr_le,sb-hd_nmc_c
-0.900727	prd:hdn_bnp-qnt_c^hd-cl_fr-rel_c>pct-hd_c,sb-hd_nmc_c
-0.977702	prd:hdn_bnp-qnt_c^hd-cmp_u_c>n_nb_pr-you_le,hdn_optcmp_c
0.914351	prd:hdn_bnp-qnt_c^hd-cmp_u_c>n_np_mc-indef_le,sp-hd_n_c
0.912443	prd:hdn_bnp-qnt_c^hd-cmp_u_c>n_pp_mc-a-of_le,hd-cmp_u_c
-0.179382	prd:hdn_bnp-qnt_c^hd-cmp_u_c>num_prt-of_c,hd-cmp_u_c
0.943688	prd:hdn_bnp-qnt_c^hd-cmp_u_c>sp-hd_hc_c,hd-cmp_u_c
-1.826476	prd:hdn_bnp-qnt_c^hd-pct_c>det_prt-nocmp_dlr,pt_-_period_le
0.000454	prd:hdn_bnp-qnt_c^hd-pct_c>hd-pct_c,pt_-_dqright_le
0.070209	prd:hdn_bnp-qnt_c^hd-pct_c>n_-_pr-himself_le,pt_-_period_le
0.801453	prd:hdn_bnp-qnt_c^hd-pct_c>n_-_pr-it_le,pt_-_comma_le
0.875522	prd:hdn_bnp-qnt_c^hd-pct_c>n_-_pr-it_le,pt_-_qmark_le
-0.655086	prd:hdn_bnp-qnt_c^hd-pct_c>n_-_pr-myself_le,pt_-_period_le
0.939555	prd:hdn_bnp-qnt_c^hd-pct_c>n_-_pr-na_le,pt_-_qmark_le
-0.939555	prd:hdn_bnp-qnt_c^hd-pct_c>n_-_pr-they_le,pt_-_qmark_le
1.855495	prd:hdn_bnp-qnt_c^hd-pct_c>n_-_pr-yourself_le,pt_-_comma_le
-0.195686	prd:hdn_bnp-qnt_c^hd-pct_c>n_n-co-ni_dlr,pt_-_period_le
-0.930745	prd:hdn_bnp-qnt_c^hdn-aj_rc_c>hd-cmp_u_c,cl_rc-inf-nwh_c
-1.949773	prd:hdn_bnp-qnt_c^hdn-aj_rc_c>hdn_optcmp_c,cl_rc-fin-nwh_c
-0.895640	prd:hdn_bnp-qnt_c^hdn-aj_rc_c>hdn_optcmp_c,cl_rc-inf-nwh-sb_c
0.996957	prd:hdn_bnp-qnt_c^hdn-aj_rc_c>hdn_optcmp_c,flr-hd_rel-fin_c
1.761580	prd:hdn_bnp-qnt_c^hdn-aj_rc_c>hdn_optcmp_c,vp_rc-redrel_c
-0.809083	prd:hdn_bnp-qnt_c^hdn-aj_rc_c>num_prt-nc_c,cl_rc-fin-nwh_c
-1.855495	prd:hdn_bnp-qnt_c^hdn-aj_redrel-pr_c>hd-pct_c,hd-cmp_u_c
1.602271	prd:hdn_bnp-qnt_c^hdn-aj_redrel-pr_c>hdn_optcmp_c,np_adv_c
0.912534	prd:hdn_bnp-qnt_c^hdn-aj_redrel_c>det_prt-nocmp_dlr,hd-cmp_u_c
-0.901453	prd:hdn_bnp-qnt_c^hdn-aj_redrel_c>hd-pct_nobrk_c,hd-cmp_u_c
-0.035150	prd:hdn_bnp-qnt_c^hdn-aj_redrel_c>hdn_optcmp_c,hd-cmp_u_c
-0.943688	prd:hdn_bnp-qnt_c^hdn-aj_redrel_c>n_-_ad-gr-nm_le,hd-cmp_u_c
2.444687	prd:hdn_bnp-qnt_c^hdn-aj_redrel_c>n_-_ad-time-once_le,hd-cmp_u_c
-0.834332	prd:hdn_bnp-qnt_c^hdn-aj_redrel_c>n_-_pr-himself_le,hd-cmp_u_c
-0.780245	prd:hdn_bnp-qnt_c^hdn-aj_redrel_c>n_-_pr-yourself_le,hd-cmp_u_c
-0.774659	prd:hdn_bnp-qnt_c^hdn-aj_redrel_c>num_prt-nc_c,hd-cmp_u_c
-0.724932	prd:hdn_bnp-qnt_c^hdn-aj_redrel_c>pct-hd_c,hd-cmp_u_c
-0.180427	prd:hdn_bnp-qnt_c^hdn_optcmp_c>hd-pct_c
0.995958	prd:hdn_bnp-qnt_c^hdn_optcmp_c>n_-_ad-wh-pl_le
1.533288	prd:hdn_bnp-qnt_c^hdn_optcmp_c>n_-_ad-wh-tm_le
1.277748	prd:hdn_bnp-qnt_c^hdn_optcmp_c>n_-_pr-dei-sg_le
-0.004087	prd:hdn_bnp-qnt_c^hdn_optcmp_c>n_-_pr-wh-acc_le
2.285014	prd:hdn_bnp-qnt_c^hdn_optcmp_c>n_-_pr-wh_le
1.056676	prd:hdn_bnp-qnt_c^hdn_optcmp_c>n_-_pr-who_le
-0.870345	prd:hdn_bnp-qnt_c^hdn_optcmp_c>n_-_pr_le
-3.660672	prd:hdn_bnp-qnt_c^hdn_optcmp_c>n_pp_ad-dir_le
-0.800817	prd:hdn_bnp-qnt_c^hdn_optcmp_c>pct-hd_c
-0.924659	prd:hdn_bnp-qnt_c^np_prt-poss_c>sp-hd_hc_c
-0.847911	prd:hdn_bnp-qnt_c^num_prt-nc_c>aj_-_i-crd-one_le
0.912443	prd:hdn_bnp-qnt_c^num_prt-nc_c>hd-cmp_u_c
1.314805	prd:hdn_bnp-qnt_c^num_prt-nc_c>hd-pct_c
-0.908856	prd:hdn_bnp-qnt_c^num_prt-nc_c>hd-pct_nobrk_c
-0.026203	prd:hdn_bnp-qnt_c^num_prt-nc_c>sp-hd_hc_c
-0.954768	prd:hdn_bnp-qnt_c^sp-hd_hc_c>av_-_dg-det_le,hd-cmp_u_c
-2.703088	prd:hdn_bnp-sg-nomod_c^hd-pct_c>n_sg_ilr,pt_-_period_le
0.994187	prd:hdn_bnp-sg-nomod_c^n_sg_ilr>n_-_c-brj-idm_le
0.120572	prd:hdn_bnp-vger_c^sb-hd_nmc_c>hdn_bnp-pn_c,vp_np-ger_c
0.375976	prd:hdn_bnp-vger_c^sb-hd_nmc_c>hdn_bnp-qnt_c,vp_np-ger_c
-1.406630	prd:hdn_bnp-vger_c^vp_np-ger_c>aj-hd_scp-xp_c
0.694505	prd:hdn_bnp-vger_c^vp_np-ger_c>hd-aj_int-unsl_c
0.919528	prd:hdn_bnp-vger_c^vp_np-ger_c>hd-cmp_u_c
-0.455540	prd:hdn_bnp-vger_c^vp_np-ger_c>hd_optcmp_c
-0.016167	prd:hdn_bnp_c^aj-hdn_norm_c>aj_-_i-many_le,hdn_optcmp_c
2.326158	prd:hdn_bnp_c^aj-hdn_norm_c>aj_-_i-svrl_le,hd-pct_c
0.563351	prd:hdn_bnp_c^aj-hdn_norm_c>aj_-_i_le,hdn_optcmp_c
0.965395	prd:hdn_bnp_c^aj-hdn_norm_c>aj_-_i_le,n_ms-cnt_ilr
-0.589328	prd:hdn_bnp_c^aj-hdn_norm_c>hd-cmp_u_c,hd-pct_c
0.958401	prd:hdn_bnp_c^aj-hdn_norm_c>hd_optcmp_c,hdn_optcmp_c
-5.281744	prd:hdn_bnp_c^aj-hdn_norm_c>hd_optcmp_c,n_ms_ilr
2.297457	prd:hdn_bnp_c^aj-hdn_norm_c>sp-hd_hc_c,hdn_optcmp_c
0.082970	prd:hdn_bnp_c^aj-hdn_norm_c>sp-hd_hc_c,n_pl_olr
-1.211081	prd:hdn_bnp_c^aj-hdn_norm_c>v_j-nb-pas-tr_dlr,n_pl-irreg-noaff_olr
0.903815	prd:hdn_bnp_c^aj-hdn_norm_c>v_j-nb-pas-tr_dlr,n_pl_olr
-1.548138	prd:hdn_bnp_c^aj-hdn_norm_c>v_j-nb-prp-tr_dlr,hdn_optcmp_c
0.601045	prd:hdn_bnp_c^hd-cmp_u_c>aj-hdn_norm_c,hd-cmp_u_c
-0.870073	prd:hdn_bnp_c^hd-cmp_u_c>hd-aj_vmod_c,hd-cmp_u_c
-0.559310	prd:hdn_bnp_c^hd-cmp_u_c>n_ms-cnt_ilr,hd-cmp_u_c
-0.062307	prd:hdn_bnp_c^hd-cmp_u_c>n_pl_olr,hd-cmp_u_c
0.886966	prd:hdn_bnp_c^hd-cmp_u_c>n_pl_olr,hd_xcmp_c
-0.871526	prd:hdn_bnp_c^hd-cmp_u_c>np-hdn_cpd_c,hd-cmp_u_c
0.901362	prd:hdn_bnp_c^hd-pct_c>n_ms-cnt_ilr,pt_-_comma_le
-2.539873	prd:hdn_bnp_c^hd-pct_c>n_ms-cnt_ilr,pt_-_period_le
1.600817	prd:hdn_bnp_c^hd-pct_c>n_ms_ilr,pt_-_comma_le
0.201045	prd:hdn_bnp_c^hd-pct_c>n_ms_ilr,pt_-_period_le
0.604087	prd:hdn_bnp_c^hd-pct_c>n_pl_olr,pt_-_period_le
-0.903179	prd:hdn_bnp_c^hd-pct_c>v_nger-intr_dlr,pt_-_period_le
-0.901362	prd:hdn_bnp_c^hdn-aj_rc-asym_c>hd-pct_c,flr-hd_rel-fin_c
0.631063	prd:hdn_bnp_c^hdn-aj_rc_c>hd-cmp_u_c,flr-hd_rel-fin_c
-0.510581	prd:hdn_bnp_c^hdn-aj_rc_c>hdn_optcmp_c,cl_rc-inf-nwh-sb_c
-0.810672	prd:hdn_bnp_c^hdn-aj_rc_c>hdn_optcmp_c,cl_rc-inf-nwh_c
-0.175159	prd:hdn_bnp_c^hdn-aj_rc_c>hdn_optcmp_c,vp_rc-redrel_c
-2.716258	prd:hdn_bnp_c^hdn-aj_rc_c>n_ms-cnt_ilr,cl_rc-inf-nwh-sb_c
-0.999773	prd:hdn_bnp_c^hdn-aj_rc_c>n_ms-cnt_ilr,cl_rc-inf-nwh_c
3.629201	prd:hdn_bnp_c^hdn-aj_rc_c>n_ms-cnt_ilr,cl_rc-instr_c
0.946276	prd:hdn_bnp_c^hdn-aj_rc_c>n_pl-irreg_olr,flr-hd_rel-fin_c
0.731108	prd:hdn_bnp_c^hdn-aj_rc_c>n_pl_olr,cl_rc-fin-nwh_c
2.545777	prd:hdn_bnp_c^hdn-aj_rc_c>n_pl_olr,cl_rc-inf-nwh-sb_c
-0.911172	prd:hdn_bnp_c^hdn-aj_rc_c>n_pl_olr,cl_rc-inf-nwh_c
-0.631063	prd:hdn_bnp_c^hdn-aj_rc_c>n_pl_olr,flr-hd_rel-fin_c
-0.902316	prd:hdn_bnp_c^hdn-aj_rc_c>num-n_mnp_c,cl_rc-inf-nwh-sb_c
-0.819255	prd:hdn_bnp_c^hdn-aj_redrel-asym_c>hdn_optcmp_c,np_adv_c
4.598683	prd:hdn_bnp_c^hdn-aj_redrel_c>aj-hdn_norm_c,hd-cmp_u_c
-1.237602	prd:hdn_bnp_c^hdn-aj_redrel_c>hd-cmp_u_c,hd-cmp_u_c
-1.193915	prd:hdn_bnp_c^hdn-aj_redrel_c>hdn_optcmp_c,hd-cmp_u_c
-0.942144	prd:hdn_bnp_c^hdn-aj_redrel_c>hdn_optcmp_c,np_adv_c
2.486649	prd:hdn_bnp_c^hdn-aj_redrel_c>n-hdn_cpd_c,hd-cmp_u_c
-0.993233	prd:hdn_bnp_c^hdn-aj_redrel_c>n-hdn_cpd_c,hd-pct_c
-1.033243	prd:hdn_bnp_c^hdn-aj_redrel_c>n_ms-cnt_ilr,hd-cmp_u_c
-0.985150	prd:hdn_bnp_c^hdn-aj_redrel_c>n_ms-cnt_ilr,hd-pct_c
-1.751317	prd:hdn_bnp_c^hdn-aj_redrel_c>n_ms_ilr,hd-cmp_u_c
-1.616303	prd:hdn_bnp_c^hdn-aj_redrel_c>n_pl_olr,hd-cmp_u_c
0.944323	prd:hdn_bnp_c^hdn-aj_redrel_c>num-n_mnp_c,hd-cmp_u_c
-0.973206	prd:hdn_bnp_c^hdn_color_c>hd-pct_c
-1.339964	prd:hdn_bnp_c^hdn_optcmp_c>hd-pct_c
-1.225114	prd:hdn_bnp_c^hdn_optcmp_c>n_ms-cnt_ilr
3.538238	prd:hdn_bnp_c^hdn_optcmp_c>n_pl_olr
-0.988647	prd:hdn_bnp_c^hdn_optcmp_c>v_nger-tr_dlr
-0.862216	prd:hdn_bnp_c^n-hdn_cpd_c>n_-_c_le,n_ms_ilr
-0.913669	prd:hdn_bnp_c^n-hdn_cpd_c>n_-_mc-unk_le,hd-pct_c
-0.813669	prd:hdn_bnp_c^n-n_crd-div-dll-t_c>hdn-aj_redrel_c,mrk-nh_n_c
-0.912125	prd:hdn_bnp_c^n-n_crd-div-t_c>mrk-nh_atom_c,mrk-nh_n_c
0.985150	prd:hdn_bnp_c^n_ms-cnt_ilr>n_-_mc-ns_le
-1.057993	prd:hdn_bnp_c^n_ms-cnt_ilr>n_-_mc-unk_le
0.222116	prd:hdn_bnp_c^n_ms-cnt_ilr>n_-_mc_le
1.540736	prd:hdn_bnp_c^n_ms_ilr>n_-_m_le
-0.946276	prd:hdn_bnp_c^n_pl-irreg_olr>n_-_c_le
0.631063	prd:hdn_bnp_c^n_pl_olr>n_-_c-ns_le
-0.789918	prd:hdn_bnp_c^n_pl_olr>n_-_c-ntc_le
0.852816	prd:hdn_bnp_c^n_pl_olr>n_-_c-pl-idm_le
-0.871117	prd:hdn_bnp_c^n_pl_olr>n_-_c_le
-0.207675	prd:hdn_bnp_c^np-hdn_cpd_c>hdn_bnp-num_c,hd-pct_c
-0.924886	prd:hdn_bnp_c^np-hdn_cpd_c>hdn_bnp-pn_c,hd-pct_c
-0.965395	prd:hdn_bnp_c^np-hdn_cpd_c>hdn_bnp-pn_c,n_ms-cnt_ilr
-0.681562	prd:hdn_bnp_c^num-n_mnp_c>aj-hd_int_c,hd-pct_c
1.786830	prd:hdn_bnp_c^num-n_mnp_c>aj_-_i-an-nmd_le,hd-pct_c
2.030654	prd:hdn_bnp_c^num-n_mnp_c>aj_-_i-crd-one_le,hdn_optcmp_c
0.925704	prd:hdn_bnp_c^num-n_mnp_c>aj_-_i-crd-two_le,hd-pct_c
0.902316	prd:hdn_bnp_c^num-n_mnp_c>aj_-_i-crd-two_le,n_pl_olr
-0.974342	prd:hdn_bnp_c^num-n_mnp_c>aj_-_i-one-nmd_le,aj-hdn_norm_c
-0.944323	prd:hdn_bnp_c^num-n_mnp_c>aj_-_i-one-nmd_le,hdn_optcmp_c
1.773978	prd:hdn_bnp_c^num-n_mnp_c>aj_-_i-one-nmd_le,n_sg_ilr
-2.326158	prd:hdn_bnp_c^num-n_mnp_c>aj_-_i-svrl_le,hd-pct_c
0.843188	prd:hdn_bnp_c^num-n_mnp_c>sp-hd_hc_c,n_pl_olr
-0.973206	prd:hdn_color_c^hd-pct_c>aj_-_i-color_le,pt_-_period_le
-0.803315	prd:hdn_np-num_c^hd-cmp_u_c>aj_np_i-crd-nsp_le,aj_-_i-crd-one_le
1.920300	prd:hdn_np-num_c^hd-cmp_u_c>aj_np_i-crd-nsp_le,hd-pct_c
-0.913896	prd:hdn_np-num_c^hd-pct_c>aj_-_i-crd-gen_le,pt_-_period_le
-0.701726	prd:hdn_np-num_c^hd-pct_c>aj_-_i-crd-two_le,pt_-_period_le
-0.905631	prd:hdn_np-num_c^hd-pct_c>aj_-_i-one_le,pt_-_period_le
0.908856	prd:hdn_np-num_c^hd-pct_nobrk_c>aj_-_i-crd-gen_le,pt_-_hyphn-rgt_le
-0.997366	prd:hdn_np-num_c^hd-pct_nobrk_c>aj_-_i-crd-two_le,pt_-_hyphn-rgt_le
-0.906767	prd:hdn_optcmp_c^hd-cmp_u_c>hdn_nom-year_c,hd-cmp_u_c
-0.901726	prd:hdn_optcmp_c^hd-cmp_u_c>j_n-yofc_dlr,hd-pct_c
0.913896	prd:hdn_optcmp_c^hd-cmp_u_c>n_dom-ppof_dlr,hd-cmp_u_c
-1.013533	prd:hdn_optcmp_c^hd-cmp_u_c>n_sg_ilr,hd-cmp_u_c
1.603451	prd:hdn_optcmp_c^hd-cmp_u_c>n_sg_ilr,hd-pct_c
-0.718756	prd:hdn_optcmp_c^hd-pct_c>n_-_ad-wh-tm_le,pt_-_comma_le
-0.076612	prd:hdn_optcmp_c^hd-pct_c>n_ms-cnt_ilr,pt_-_comma_le
0.942371	prd:hdn_optcmp_c^hd-pct_c>n_ms-cnt_ilr,pt_-_period_le
-0.838738	prd:hdn_optcmp_c^hd-pct_c>n_pl-irreg-noaff_olr,pt_-_period_le
0.400817	prd:hdn_optcmp_c^hd-pct_c>n_pl_olr,pt_-_period_le
1.501998	prd:hdn_optcmp_c^hd-pct_c>n_pp_ad-dir_le,pt_-_comma_le
-0.963669	prd:hdn_optcmp_c^hd-pct_c>n_pp_ad-dir_le,pt_-_period_le
-0.043006	prd:hdn_optcmp_c^hd-pct_c>n_sg_ilr,pt_-_comma-informal_le
-1.044868	prd:hdn_optcmp_c^hd-pct_c>n_sg_ilr,pt_-_comma_le
2.439328	prd:hdn_optcmp_c^hd-pct_c>n_sg_ilr,pt_-_period_le
1.554133	prd:hdn_optcmp_c^hd-pct_c>n_sg_ilr,pt_-_qmark_le
-0.539873	prd:hdn_optcmp_c^hd-pct_c>v_nger-tr_dlr,pt_-_comma_le
-0.649500	prd:hdn_optcmp_c^hd-pct_c>v_nger-tr_dlr,pt_-_period_le
-0.801362	prd:hdn_optcmp_c^n_ms-cnt_ilr>n_pp_mc-of-lhc_le
-0.352225	prd:hdn_optcmp_c^n_ms-cnt_ilr>n_pp_mc-of-ns_le
0.119573	prd:hdn_optcmp_c^n_ms-cnt_ilr>n_pp_mc-of_le
-0.963533	prd:hdn_optcmp_c^n_ms-cnt_ilr>n_pp_mc_le
-0.863624	prd:hdn_optcmp_c^n_ms_ilr>n_pp_m_le
0.814578	prd:hdn_optcmp_c^n_pl_olr>n_pp_c-ns-of_le
0.500454	prd:hdn_optcmp_c^n_pl_olr>n_pp_mc-of-ns_le
-0.907357	prd:hdn_optcmp_c^n_sg_ilr>n_-_pn-hour_le
-1.327884	prd:hdn_optcmp_c^n_sg_ilr>n_pp_c-dir_le
-0.550272	prd:hdn_optcmp_c^n_sg_ilr>n_pp_c-of-lhc_le
-1.556312	prd:hdn_optcmp_c^n_sg_ilr>n_pp_c-of_le
3.229882	prd:hdn_optcmp_c^n_sg_ilr>n_pp_c_le
0.801453	prd:hdn_optcmp_c^pct-hd_c>pt_-_dqleft_le,n_-_pr-wh_le
-0.959855	prd:hdn_optcmp_c^v_nger-pp_dlr>v_prp_olr
-0.991054	prd:hdn_optcmp_c^v_nger-tr_dlr>v_prp-nf_olr
-1.890509	prd:hdn_optcmp_c^v_nger-tr_dlr>v_prp_olr
0.907811	prd:j-j_crd-att-t_c^hd-pct_c>j_att_dlr,pt_-_comma_le
0.907811	prd:j-j_crd-att-t_c^mrk-nh_evnt_c>c_xp_and_le,aj_-_i-er_le
0.984832	prd:j-j_crd-prd-t_c^hd_optcmp_c>aj_pp_i-er_le
0.941644	prd:j-j_crd-prd-t_c^mrk-nh_atom_c>c_xp_both-mrk_le,aj_-_i_le
0.984832	prd:j-j_crd-prd-t_c^mrk-nh_evnt_c>c_xp_and_le,hd_optcmp_c
0.900091	prd:j_frg_c^aj-hd_int_c>pct-hd_c,hd-pct_c
-0.976612	prd:j_frg_c^hd-aj_scp_c>n-v_j-cpd_c,hd-cmp_u_c
-0.205540	prd:j_frg_c^sp-hd_hc_c>av_-_dg-tt_le,hd-pct_c
-0.611671	prd:j_j-un_dlr^j_att_dlr>aj_pp_i-er_le
0.633106	prd:j_j-un_dlr^v_j-nb-pas-tr_dlr>v_pas_odlr
-0.806994	prd:j_n-ed_c^hd-pct_c>n_n-ed_odlr,pt_-_comma_le
-0.532652	prd:j_sbrd-pre_c^hd-pct_c>aj_-_i_le,pt_-_comma_le
0.941644	prd:j_sbrd-pre_c^j-j_crd-prd-t_c>mrk-nh_atom_c,mrk-nh_evnt_c
0.806994	prd:j_sbrd-pre_c^sp-hd_hc_c>av_-_dg-v_le,hd_optcmp_c
-0.806994	prd:j_sbrd-pre_c^sp-hd_hc_c>av_-_dg-v_le,j_n-ed_c
0.922480	prd:jpr-jpr_crd-t_c^mrk-nh_atom_c>c_xp_neither-mrk_le,aj_-_i_le
2.436285	prd:mrk-nh_atom_c^hdn_bnp_c>hdn_optcmp_c
-0.912125	prd:mrk-nh_atom_c^hdn_optcmp_c>n_pl_olr
0.947548	prd:mrk-nh_atom_c^sb-hd_mc_c>hdn_bnp-pn_c,hd-cmp_u_c
-0.919482	prd:mrk-nh_cl_c^hd_inv-nwh_c>aj-hd_int_c
0.919482	prd:mrk-nh_cl_c^hd_inv-nwh_c>aj-hd_scp-xp_c
0.919391	prd:mrk-nh_cl_c^sb-hd_mc_c>hdn_bnp-pn_c,hd-aj_int-unsl_c
0.925886	prd:mrk-nh_cl_c^sb-hd_mc_c>hdn_bnp-pn_c,hd-aj_scp_c
-1.055359	prd:mrk-nh_cl_c^sb-hd_mc_c>hdn_bnp-pn_c,hd-cmp_u_c
2.455586	prd:mrk-nh_cl_c^sb-hd_mc_c>hdn_bnp-qnt_c,hd-aj_int-unsl_c
-2.455586	prd:mrk-nh_cl_c^sb-hd_mc_c>hdn_bnp-qnt_c,hd-cmp_u_c
1.700545	prd:mrk-nh_cl_c^sb-hd_mc_c>sp-hd_n_c,hd-aj_int-unsl_c
-1.700545	prd:mrk-nh_cl_c^sb-hd_mc_c>sp-hd_n_c,hd-cmp_u_c
-1.501726	prd:mrk-nh_evnt_c^hd-aj_int-unsl_c>hd-aj_int-unsl_c,hd-cmp_u_c
1.340509	prd:mrk-nh_evnt_c^hd-aj_int-unsl_c>hd-cmp_u_c,hd-cmp_u_c
4.304723	prd:mrk-nh_evnt_c^hd-aj_int-unsl_c>hd_optcmp_c,hd-cmp_u_c
-0.900000	prd:mrk-nh_evnt_c^hd-aj_int-unsl_c>hd_optcmp_c,np_adv_c
2.402589	prd:mrk-nh_evnt_c^hd-cmp_u_c>hd-aj_vmod_c,hd-cmp_u_c
-4.304723	prd:mrk-nh_evnt_c^hd-cmp_u_c>v_n3s-bse_ilr,hd-cmp_u_c
-0.789918	prd:mrk-nh_evnt_c^hd-cmp_u_c>v_n3s-bse_ilr,hdn_bnp_c
-0.923433	prd:mrk-nh_evnt_c^hd-cmp_u_c>v_pas_odlr,hd-cmp_u_c
-0.900863	prd:mrk-nh_evnt_c^hd-cmp_u_c>v_pst_olr,hd_xcmp_c
-1.340509	prd:mrk-nh_evnt_c^hd-cmp_u_c>v_pst_olr,hdn_bnp-pn_c
0.923252	prd:mrk-nh_evnt_c^hd-cmp_u_c>v_pst_olr,hdn_bnp_c
0.900000	prd:mrk-nh_evnt_c^hd-cmp_u_c>v_pst_olr,np_adv_c
-0.953179	prd:mrk-nh_evnt_c^hd-cmp_u_c>v_vp_mdl-n_le,hd-cmp_u_c
0.953179	prd:mrk-nh_evnt_c^hd-cmp_u_c>v_vp_mdl-n_le,hd_xcmp_c
0.984832	prd:mrk-nh_evnt_c^hd_optcmp_c>hd-pct_c
0.923433	prd:mrk-nh_evnt_c^hd_xcmp_c>v_pas_odlr
-0.907811	prd:mrk-nh_n_c^aj-hdn_norm_c>aj_-_i-er_le,n_sg_ilr
-0.923252	prd:mrk-nh_n_c^aj-hdn_norm_c>v_j-nb-pas-tr_dlr,hdn_optcmp_c
-0.984832	prd:mrk-nh_n_c^hd-pct_c>n_-_c-pl-def_le,pt_-_period_le
-0.267484	prd:mrk-nh_n_c^hdn_optcmp_c>n_pl_olr
-0.813669	prd:mrk-nh_n_c^n-hdn_cpd_c>n_-_mc-unk_le,hd-pct_c
-0.954723	prd:mrk-nh_n_c^n-hdn_cpd_c>n_-_mc_le,hdn_optcmp_c
0.954723	prd:mrk-nh_n_c^n_ms-cnt_ilr>n_-_mc_le
0.929064	prd:mrk-nh_nom_c^hd-cmp_u_c>p_np_ptcl-ref_le,hdn_bnp-pn_c
-0.929064	prd:mrk-nh_nom_c^hd-cmp_u_c>p_np_ptcl_le,hdn_bnp-pn_c
-1.645731	prd:mrk-nh_nom_c^hdn_bnp-pn_c>n_sg_ilr
1.727339	prd:mrk-nh_nom_c^hdn_bnp-pn_c>np-hdn_nme-cpd_c
0.721662	prd:mrk-nh_nom_c^hdn_bnp-qnt_c>n_-_pr-i_le
0.267484	prd:mrk-nh_nom_c^hdn_bnp_c>hdn_optcmp_c
-0.913669	prd:mrk-nh_nom_c^hdn_bnp_c>n-hdn_cpd_c
0.924069	prd:mrk-nh_nom_c^np-np_crd-t_c>hdn_bnp-pn_c,mrk-nh_nom_c
-0.959900	prd:n-hdn_cpd-pl_c^aj-hdn_norm_c>v_j-nb-pas-tr_dlr,n_-_c-pl_le
0.014351	prd:n-hdn_cpd-pl_c^hdn_optcmp_c>hd-pct_c
-0.940372	prd:n-hdn_cpd-pl_c^hdn_optcmp_c>n_pp_c-of-lhc_le
0.954723	prd:n-hdn_cpd-pl_c^n-n_crd-t_c>n_ms-cnt_ilr,mrk-nh_n_c
-0.689964	prd:n-hdn_cpd_c^hd-pct_c>n_ms-cnt_ilr,pt_-_period_le
-0.705223	prd:n-hdn_cpd_c^hd-pct_c>n_ms-cnt_ilr,pt_-_qmark_le
0.901317	prd:n-hdn_cpd_c^hd-pct_c>n_sg_ilr,pt_-_period_le
-0.909401	prd:n-hdn_cpd_c^hd-pct_c>n_sg_ilr,pt_-_qmark_le
0.901317	prd:n-hdn_cpd_c^hd-pct_nobrk_c>v_nger-intr_dlr,pt_-_hyphn-rgt_le
-0.851362	prd:n-hdn_cpd_c^hdn_optcmp_c>hd-pct_c
-0.993233	prd:n-hdn_cpd_c^hdn_optcmp_c>n_pl_olr
1.140372	prd:n-hdn_cpd_c^hdn_optcmp_c>n_pp_c-dir_le
1.855586	prd:n-hdn_cpd_c^hdn_optcmp_c>n_pp_c-of-lhc_le
-0.909401	prd:n-hdn_cpd_c^hdn_optcmp_c>n_pp_c-of_le
1.827248	prd:n-hdn_cpd_c^hdn_optcmp_c>n_pp_m_le
-0.959855	prd:n-hdn_cpd_c^hdn_optcmp_c>v_nger-pp_dlr
1.624432	prd:n-hdn_cpd_c^n_ms_ilr>n_-_m-time_le
-0.985286	prd:n-hdn_cpd_c^n_n-co-ni_dlr>n_-_c_le
-0.755404	prd:n-hdn_cpd_c^n_pl-irreg-noaff_olr>n_-_c_le
-0.956222	prd:n-hdn_cpd_c^n_pl_olr>n_vp_c_le
2.002452	prd:n-hdn_cpd_c^n_sg_ilr>n_-_c-ed_le
0.001862	prd:n-hdn_cpd_c^n_sg_ilr>n_-_c_le
-0.915213	prd:n-hdn_cpd_c^np-hdn_cpd_c>hdn_bnp-pn_c,hdn_optcmp_c
0.997366	prd:n-hdn_cpd_c^num-n_mnp_c>hd-pct_nobrk_c,n_-_c-meas_le
0.907221	prd:n-hdn_cpd_c^num-n_mnp_c>hd-pct_nobrk_c,n_-_c-week_le
-0.907221	prd:n-hdn_cpd_c^sp-hd_hc_c>hdn_optcmp_c,hd-cmp_u_c
-0.993233	prd:n-hdn_cpd_c^sp-hd_hc_c>n_-_c-pl-def_le,hd-cmp_u_c
-0.972298	prd:n-hdn_cpd_c^v_nger-intr_dlr>v_prp_olr
-0.763806	prd:n-hdn_j-n-cpd_c^aj-hdn_norm_c>aj_-_i_le,hd-pct_c
-0.923252	prd:n-n_crd-asym-t_c^hdn_optcmp_c>n_sg_ilr
-0.923252	prd:n-n_crd-asym-t_c^mrk-nh_n_c>c_xp_and_le,aj-hdn_norm_c
-0.954723	prd:n-n_crd-asym-t_c^mrk-nh_n_c>c_xp_plus_le,n-hdn_cpd_c
-0.954723	prd:n-n_crd-asym-t_c^n_ms-cnt_ilr>n_-_mc_le
-0.813669	prd:n-n_crd-div-dll-t_c^hdn-aj_redrel_c>hdn_optcmp_c,hd-cmp_u_c
-0.813669	prd:n-n_crd-div-dll-t_c^mrk-nh_n_c>c_xp_and_le,n-hdn_cpd_c
0.644641	prd:n-n_crd-div-t_c^hdn_optcmp_c>n_pl_olr
-0.912125	prd:n-n_crd-div-t_c^mrk-nh_atom_c>c_xp_neither-mrk_le,hdn_optcmp_c
0.644641	prd:n-n_crd-div-t_c^mrk-nh_n_c>c_xp_and_le,hdn_optcmp_c
-0.912125	prd:n-n_crd-div-t_c^mrk-nh_n_c>c_xp_nor_le,hdn_optcmp_c
-0.907811	prd:n-n_crd-nondiv-dll-t_c^hdn-aj_redrel-pr_c>hd-pct_c,hd_optcmp_c
-0.907811	prd:n-n_crd-nondiv-dll-t_c^mrk-nh_n_c>c_xp_and_le,aj-hdn_norm_c
-0.984832	prd:n-n_crd-t_c^mrk-nh_n_c>c_xp_and_le,hd-pct_c
0.954723	prd:n-n_crd-t_c^mrk-nh_n_c>c_xp_plus_le,n_ms-cnt_ilr
0.954723	prd:n-n_crd-t_c^n_ms-cnt_ilr>n_-_mc_le
2.437148	prd:n-n_num-seq_c^hdn_bnp-num_c>hdn_np-num_c
-0.997366	prd:n-v_j-cpd_c^hd-pct_c>v_pas-prt-t_odlr,pt_-_period_le
-0.976612	prd:n-v_j-cpd_c^v_pas_odlr>v_np_le
-0.952180	prd:n-v_j-cpd_c^v_prp_olr>v_nb_idm_le
-0.859628	prd:n_n-co_dlr^n_pl-irreg-noaff_olr>n_-_c-meas-abb_le
0.589918	prd:n_sg_ilr^n_n-hour_dlr>n_-_pn-hour_le
-0.998320	prd:np-aj_frg_c^hd-cmp_u_c>p_cp_s-cln_le,sb-hd_mc_c
-0.998320	prd:np-aj_frg_c^sp-hd_n_c>d_-_the_le,hdn_optcmp_c
-0.900727	prd:np-cl_indef_c^flr-hd_nwh_c>sb-hd_mc_c,hd_xcmp_c
-0.900727	prd:np-cl_indef_c^hdn_bnp-qnt_c>hd-cl_fr-rel_c
2.390236	prd:np-cl_indef_c^sb-hd_mc_c>hdn_bnp-pn_c,hd-aj_int-unsl_c
-1.407357	prd:np-cl_indef_c^sb-hd_mc_c>hdn_bnp-pn_c,hd-cmp_u_c
0.982879	prd:np-cl_indef_c^sp-hd_n_c>d_-_sg-nmd_le,aj-hdn_norm_c
-0.207675	prd:np-hdn_cpd_c^hd-pct_c>hd-pct_c,pt_-_dqright_le
2.369619	prd:np-hdn_cpd_c^hd-pct_c>n_ms-cnt_ilr,pt_-_period_le
-0.924886	prd:np-hdn_cpd_c^hd-pct_c>n_pl_olr,pt_-_period_le
-0.207675	prd:np-hdn_cpd_c^hdn_bnp-num_c>np-hdn_ttl-cpd_c
-1.317075	prd:np-hdn_cpd_c^hdn_bnp-pn_c>n_sg_ilr
-0.807675	prd:np-hdn_cpd_c^hdn_bnp-pn_c>pct-hd_c
-0.915213	prd:np-hdn_cpd_c^hdn_optcmp_c>n_pp_c-of-lhc_le
0.915213	prd:np-hdn_cpd_c^n-hdn_cpd_c>hdn_optcmp_c,hdn_optcmp_c
-0.965395	prd:np-hdn_cpd_c^n_ms-cnt_ilr>n_-_mc_le
-0.871526	prd:np-hdn_cpd_c^n_pl_olr>n_cp_mc-optc_le
-0.924886	prd:np-hdn_cpd_c^n_sg_ilr>n_-_c-sg-nocnh_le
-0.912761	prd:np-hdn_cty-cpd_c^hd-pct_c>n_sg_ilr,pt_-_comma-informal_le
-0.808084	prd:np-hdn_cty-cpd_c^hd-pct_c>n_sg_ilr,pt_-_comma_le
1.627430	prd:np-hdn_cty-cpd_c^hd-pct_c>n_sg_ilr,pt_-_period_le
1.201272	prd:np-hdn_cty-cpd_c^hdn_bnp-pn_c>hd-pct_c
-0.414033	prd:np-hdn_cty-cpd_c^hdn_bnp-pn_c>np-hdn_nme-cpd_c
-0.414033	prd:np-hdn_cty-cpd_c^n_sg_ilr>n_-_pn-gen_le
1.294687	prd:np-hdn_cty-cpd_c^n_sg_ilr>n_-_pn_le
3.842280	prd:np-hdn_nme-cpd_c^hd-pct_c>n_sg_ilr,pt_-_period_le
4.748183	prd:np-hdn_nme-cpd_c^hdn_bnp-pn_c>n_sg_ilr
4.599319	prd:np-hdn_nme-cpd_c^n_sg_ilr>n_-_pn-gen_le
-0.883969	prd:np-hdn_nme-cpd_c^n_sg_ilr>n_-_pn-msc_le
-2.809446	prd:np-hdn_nme-cpd_c^n_sg_ilr>n_-_pn_le
-2.189510	prd:np-hdn_ttl-cpd-pl_c^hdn_bnp-pn_c>n_sg_ilr
-0.859628	prd:np-hdn_ttl-cpd-pl_c^n_n-co_dlr>n_pl-irreg-noaff_olr
-1.329882	prd:np-hdn_ttl-cpd-pl_c^n_pl_olr>n_-_c_le
0.901272	prd:np-hdn_ttl-cpd_c^hd-pct_c>n_sg_ilr,pt_-_comma_le
-0.891508	prd:np-hdn_ttl-cpd_c^hd-pct_c>n_sg_ilr,pt_-_period_le
-0.207675	prd:np-hdn_ttl-cpd_c^hdn_np-num_c>aj_-_i-rom-pl_le
-0.330381	prd:np-hdn_ttl-cpd_c^hdn_optcmp_c>n_pp_c-of_le
-0.837557	prd:np-hdn_ttl-cpd_c^hdn_optcmp_c>n_pp_c-pl_le
-0.891508	prd:np-hdn_ttl-cpd_c^hdn_optcmp_c>n_pp_c_le
-0.807675	prd:np-hdn_ttl-cpd_c^n_sg_ilr>n_-_pn-sg_le
1.692961	prd:np-hdn_ttl-cpd_c^n_sg_ilr>n_-_pn_le
-0.807675	prd:np-hdn_ttl-cpd_c^np-hdn_cpd_c>hdn_bnp-pn_c,n_-_mc-unk_le
-0.207675	prd:np-hdn_ttl-cpd_c^np-hdn_ttl-cpd_c>n_-_mc-unk_le,hdn_np-num_c
-0.207675	prd:np-hdn_ttl-cpd_c^pct-hd_c>pt_-_dqleft_le,n_-_mc-unk_le
1.250863	prd:np-np_crd-i-t_c^hdn_bnp-qnt_c>n_-_pr-her_le
1.751862	prd:np-np_crd-i-t_c^hdn_bnp-qnt_c>n_-_pr-me_le
-1.765123	prd:np-np_crd-i-t_c^hdn_bnp-qnt_c>n_-_pr-you_le
3.002725	prd:np-np_crd-i-t_c^mrk-nh_nom_c>c_xp_and_le,hdn_bnp-qnt_c
-1.765123	prd:np-np_crd-i-t_c^mrk-nh_nom_c>c_xp_and_le,sp-hd_n_c
-0.513669	prd:np-np_crd-im_c^hdn_bnp-pn_c>n_sg_ilr
-0.513669	prd:np-np_crd-im_c^mrk-nh_nom_c>c_xp_and_le,hdn_bnp-pn_c
1.720845	prd:np-np_crd-m_c^hdn_bnp-pn_c>hd-pct_c
1.720845	prd:np-np_crd-m_c^mrk-nh_nom_c>c_xp_and_le,hdn_bnp-pn_c
1.207175	prd:np-np_crd-t_c^hdn_bnp-pn_c>hd-pct_c
-0.515032	prd:np-np_crd-t_c^hdn_bnp-pn_c>n_sg_ilr
0.520163	prd:np-np_crd-t_c^hdn_bnp-pn_c>np-hdn_cty-cpd_c
-0.725431	prd:np-np_crd-t_c^hdn_bnp-qnt_c>n_-_pr-her_le
-1.751862	prd:np-np_crd-t_c^hdn_bnp-qnt_c>n_-_pr-me_le
1.765123	prd:np-np_crd-t_c^hdn_bnp-qnt_c>n_-_pr-you_le
1.524160	prd:np-np_crd-t_c^mrk-nh_atom_c>c_xp_both-mrk_le,hdn_bnp_c
0.912125	prd:np-np_crd-t_c^mrk-nh_atom_c>c_xp_neither-mrk_le,hdn_bnp_c
-1.125568	prd:np-np_crd-t_c^mrk-nh_nom_c>c_xp_and_le,hdn_bnp-pn_c
-2.281063	prd:np-np_crd-t_c^mrk-nh_nom_c>c_xp_and_le,hdn_bnp-qnt_c
-1.558311	prd:np-np_crd-t_c^mrk-nh_nom_c>c_xp_and_le,hdn_bnp_c
0.924069	prd:np-np_crd-t_c^mrk-nh_nom_c>c_xp_and_le,np-np_crd-t_c
1.765123	prd:np-np_crd-t_c^mrk-nh_nom_c>c_xp_and_le,sp-hd_n_c
0.912125	prd:np-np_crd-t_c^mrk-nh_nom_c>c_xp_nor_le,hdn_bnp_c
-0.513669	prd:np-np_crd-t_c^np-np_crd-im_c>hdn_bnp-pn_c,mrk-nh_nom_c
1.720845	prd:np-np_crd-t_c^np-np_crd-m_c>hdn_bnp-pn_c,mrk-nh_nom_c
-0.924069	prd:np-np_crd-t_c^np-np_crd-t_c>hdn_bnp-pn_c,mrk-nh_nom_c
-2.168801	prd:np-np_crd-t_c^sp-hd_n_c>d_-_the_le,hdn_optcmp_c
0.741144	prd:np-prdp_vpmod-pre_c^hd-cmp_u_c>v_np_being_le,sp-hd_n_c
0.941099	prd:np-prdp_vpmod-pre_c^hd-cmp_u_c>v_pas_odlr,hd-cmp_u_c
-0.807675	prd:np-prdp_vpmod-pre_c^hd_optcmp_c>hd-pct_c
-0.807675	prd:np-prdp_vpmod-pre_c^hdn_bnp-pn_c>n_sg_ilr
0.941099	prd:np-prdp_vpmod-pre_c^sp-hd_n_c>d_-_poss-his_le,n_sg_ilr
0.741144	prd:np-prdp_vpmod-pre_c^sp-hd_n_c>d_-_poss-its_le,hdn_optcmp_c
-0.801362	prd:np-prdp_vpmod_c^cl_np-wh_c>flr-hd_wh-nmc-fin_c
-0.750363	prd:np-prdp_vpmod_c^hd-cmp_u_c>hd_optcmp_c,hd-cmp_u_c
-0.801362	prd:np-prdp_vpmod_c^hd-cmp_u_c>p_np_i_le,hdn_bnp-vger_c
-0.750363	prd:np-prdp_vpmod_c^hdn_bnp-qnt_c>n_-_pr-we_le
-1.858220	prd:np_adv-mnp_c^hdn_bnp-num_c>hdn_np-num_c
0.944323	prd:np_adv-mnp_c^hdn_bnp_c>hdn-aj_redrel_c
0.843188	prd:np_adv-mnp_c^hdn_bnp_c>num-n_mnp_c
-0.997366	prd:np_adv-mnp_c^sp-hd_n_c>d_-_sg-nmd_le,hdn_np-num_c
-0.998819	prd:np_adv_c^hdn_bnp-pn_c>n_sg_ilr
-0.543915	prd:np_adv_c^hdn_bnp-qnt_c>hd-cl_fr-rel_c
0.943688	prd:np_adv_c^hdn_bnp-qnt_c>hd-cmp_u_c
1.059628	prd:np_adv_c^hdn_bnp-qnt_c>hd-pct_c
-0.028156	prd:np_adv_c^hdn_bnp-qnt_c>hdn-aj_redrel_c
4.146458	prd:np_adv_c^hdn_bnp-qnt_c>hdn_optcmp_c
-1.608856	prd:np_adv_c^hdn_bnp-qnt_c>n_-_ad-acc_le
-0.948955	prd:np_adv_c^hdn_bnp-qnt_c>n_-_ad-br_le
-0.900999	prd:np_adv_c^hdn_bnp-qnt_c>n_-_ad-gr-nm_le
-1.658674	prd:np_adv_c^hdn_bnp-qnt_c>n_-_ad-loc_le
-0.958265	prd:np_adv_c^hdn_bnp-qnt_c>n_-_ad-time-acc_le
0.999228	prd:np_adv_c^hdn_bnp-qnt_c>n_-_ad-time-ns_le
4.004541	prd:np_adv_c^hdn_bnp-qnt_c>n_-_ad-time_le
-0.843188	prd:np_adv_c^hdn_bnp_c>aj-hdn_norm_c
-0.962216	prd:np_adv_c^hdn_bnp_c>hdn-aj_redrel_c
1.663034	prd:np_adv_c^sp-hd_n_c>d_-_last_le,hd-pct_c
-0.800500	prd:np_adv_c^sp-hd_n_c>d_-_poss-your_le,hd-pct_c
-0.956131	prd:np_adv_c^sp-hd_n_c>d_-_sg-nmd_le,aj-hdn_norm_c
-0.500272	prd:np_adv_c^sp-hd_n_c>d_-_sgm_le,hd-pct_c
-0.920300	prd:np_adv_c^sp-hd_n_c>d_-_sgm_le,hdn_optcmp_c
-0.807493	prd:np_frg_c^hdn_bnp-pn_c>hd-pct_c
-0.940191	prd:np_frg_c^hdn_bnp-pn_c>hd-pct_nobrk_c
-0.997457	prd:np_frg_c^hdn_bnp-pn_c>hdn-aj_redrel_c
1.201181	prd:np_frg_c^hdn_bnp-pn_c>pct-hd_c
-1.709128	prd:np_frg_c^hdn_bnp-pn_c>w-w_fw-seq-t_c
-1.201181	prd:np_frg_c^hdn_bnp-pn_c>w_fw_c
1.602271	prd:np_frg_c^hdn_bnp-qnt_c>hdn-aj_redrel-pr_c
-1.602271	prd:np_frg_c^hdn_bnp-qnt_c>hdn_optcmp_c
-0.997684	prd:np_frg_c^hdn_bnp-qnt_c>n_-_pr-it_le
-0.652180	prd:np_frg_c^hdn_bnp-vger_c>sb-hd_nmc_c
0.807493	prd:np_frg_c^hdn_bnp_c>hd-pct_c
0.965804	prd:np_frg_c^sp-hd_n_c>d_-_sg-nmd-an_le,aj-hdn_norm_c
1.702906	prd:np_frg_c^sp-hd_n_c>d_-_sg-nmd_le,hd-pct_c
-1.947275	prd:np_frg_c^sp-hd_n_c>d_-_the_le,hd-cmp_u_c
0.249137	prd:np_frg_c^sp-hd_n_c>d_-_the_le,hdn-aj_rc_c
0.998320	prd:np_frg_c^sp-hd_n_c>d_-_the_le,hdn-aj_redrel_c
-0.958084	prd:np_frg_c^sp-hd_n_c>d_-_the_le,hdn_optcmp_c
1.639873	prd:np_frg_c^sp-hd_n_c>sp-hd_hc_c,hd-cmp_u_c
0.765713	prd:np_frg_c^sp-hd_n_c>sp-hd_hc_c,hdn-aj_redrel_c
-0.710899	prd:np_indef-adv_c^sp-hd_n_c>d_-_sg-nmd-an_le,hdn_optcmp_c
-0.841417	prd:np_indef-adv_c^sp-hd_n_c>d_-_sg-nmd_le,aj-hdn_norm_c
-1.982062	prd:np_indef-adv_c^sp-hd_n_c>d_-_sg-nmd_le,hd-pct_c
-0.063215	prd:np_nb-frg_c^hd-cmp_u_c>hdn-aj_rc_c,hd-cmp_u_c
-0.924886	prd:np_nb-frg_c^hdn-aj_redrel_c>np-hdn_cpd_c,hd-cmp_u_c
0.030790	prd:np_prt-poss_c^sp-hd_hc_c>hdn_bnp-pn_c,n_-_cl-poss_le
-0.955450	prd:np_prt-poss_c^sp-hd_hc_c>sp-hd_n_c,n_-_cl-poss_le
-0.918983	prd:np_voc-post_c^hdn_bnp-pn_c>hd-pct_c
-0.977702	prd:np_voc-post_c^hdn_bnp-qnt_c>hd-cmp_u_c
-0.207675	prd:np_voc-post_c^hdn_bnp_c>np-hdn_cpd_c
-2.465259	prd:np_voc-pre_c^hdn_bnp-pn_c>hd-pct_c
-0.847911	prd:np_voc-pre_c^hdn_bnp_c>hdn_optcmp_c
0.901272	prd:np_voc-pre_c^sp-hd_n_c>pct-hd_c,np-hdn_ttl-cpd_c
-0.681562	prd:num-n_mnp_c^aj-hd_int_c>av_-_i-vp-x_le,aj_-_i-one-nmd_le
-0.177566	prd:num-n_mnp_c^aj-hdn_norm_c>aj_-_i-er_le,n_ms_ilr
-0.796776	prd:num-n_mnp_c^aj-hdn_norm_c>j_att_dlr,hdn_optcmp_c
-1.400454	prd:num-n_mnp_c^hd-pct_c>n_pl_olr,pt_-_period_le
1.105268	prd:num-n_mnp_c^hd-pct_c>n_sg_ilr,pt_-_period_le
0.907221	prd:num-n_mnp_c^hd-pct_nobrk_c>aj_-_i-crd-one_le,pt_-_hyphn-rgt_le
0.997366	prd:num-n_mnp_c^hd-pct_nobrk_c>aj_-_i-crd-two_le,pt_-_hyphn-rgt_le
1.086331	prd:num-n_mnp_c^hdn_optcmp_c>hd-pct_c
0.843188	prd:num-n_mnp_c^n_pl_olr>n_-_c-hour_le
0.944323	prd:num-n_mnp_c^n_pl_olr>n_-_c-time_le
1.773978	prd:num-n_mnp_c^n_sg_ilr>n_-_c-meas-nb_le
0.843188	prd:num-n_mnp_c^sp-hd_hc_c>av_-_dg-v-wh_le,aj_-_i-many-spr_le
-0.912534	prd:num_det_c^aj-hd_int_c>av_-_i-vp-pr_le,aj_-_i-crd-one_le
-0.813533	prd:num_det_c^aj-hd_int_c>av_-_i-vp-x_le,aj_-_i-crd-one_le
0.803315	prd:num_det_c^hd-cmp_u_c>aj_np_i-crd-nsp_le,aj_-_i-crd-one_le
-0.902089	prd:num_prt-det-nc_c^hd-pct_c>aj_-_i-crd-one_le,pt_-_period_le
0.920300	prd:num_prt-det-nc_c^hd-pct_c>aj_-_i-one_le,pt_-_period_le
-0.554768	prd:num_prt-nc_c^aj-hd_scp-xp_c>av_-_s-not-prdp_le,aj_-_i-many_le
0.912443	prd:num_prt-nc_c^hd-cmp_u_c>aj_pp_i-more-ct_le,hd-cmp_u_c
-0.802089	prd:num_prt-nc_c^hd-pct_c>aj_-_i-crd-one_le,pt_-_period_le
2.116894	prd:num_prt-nc_c^hd-pct_c>aj_-_i-one_le,pt_-_period_le
-0.908856	prd:num_prt-nc_c^hd-pct_nobrk_c>aj_-_i-crd-gen_le,pt_-_hyphn-rgt_le
-0.926158	prd:num_prt-nc_c^sp-hd_hc_c>av_-_dg-v-wh_le,aj_-_i-many-spr_le
1.874932	prd:num_prt-nc_c^sp-hd_hc_c>av_-_dg-v-wh_le,aj_-_i-much-spr_le
-1.971344	prd:num_prt-nc_c^sp-hd_hc_c>av_-_dg-v_le,aj_-_i-much-spr_le
1.509537	prd:num_prt-of_c^aj-hd_scp-xp_c>av_-_s-not-prdp_le,aj_-_i-many_le
-0.912443	prd:num_prt-of_c^hd-cmp_u_c>aj_pp_i-more-ct_le,hd-cmp_u_c
0.724932	prd:pct-hd_c^hd-pct_c>av_-_dg-notj_le,pt_-_rparen_le
-0.724932	prd:pct-hd_c^hd-pct_c>n_-_ad-time-twice_le,pt_-_rparen_le
-0.807675	prd:pct-hd_c^n_sg_ilr>n_-_pn-gen_le
0.929064	prd:pp-pp_crd-sel-t_c^hd-cmp_u_c>p_np_ptcl-ref_le,hdn_bnp-pn_c
-0.929064	prd:pp-pp_crd-sel-t_c^hd-cmp_u_c>p_np_ptcl_le,hdn_bnp-pn_c
0.998819	prd:pp-pp_crd-t_c^hd-cmp_u_c>p_np_i-tmp_le,hdn_bnp-pn_c
-0.998819	prd:pp-pp_crd-t_c^np_adv_c>hdn_bnp-pn_c
-0.965804	prd:pp_frg_c^hd-aj_int-unsl_c>hd-cmp_u_c,np_adv_c
-0.997275	prd:pp_frg_c^hd-cmp_u_c>p_nb_i-nm_le,hdn-cl_dsh_c
0.907539	prd:pp_frg_c^hd-pct_c>pp_-_i-wh_le,pt_-_qmark_le
-0.419936	prd:r_cl-frg_c^hd-cmp_u_c>p_cp_s-unsp_le,sb-hd_nmc_c
-0.907539	prd:r_int-frg_c^hd-pct_c>pp_-_i-wh_le,pt_-_qmark_le
-0.900091	prd:r_scp-frg_c^sp-hd_hc_c>pct-hd_c,hd-pct_c
-0.189600	prd:sb-hd_mc_c^aj-hd_int_c>av_-_i-unk_le,hd-aj_int-unsl_c
0.189600	prd:sb-hd_mc_c^aj-hd_int_c>av_-_i-unk_le,hd-cmp_u_c
2.654360	prd:sb-hd_mc_c^aj-hd_int_c>av_-_i-vp-x_le,hd-cmp_u_c
0.992779	prd:sb-hd_mc_c^aj-hd_scp-xp_c>av_-_s-vp-x_le,aj-hd_int_c
0.072843	prd:sb-hd_mc_c^aj-hd_scp-xp_c>av_-_s-vp-x_le,hd-cmp_u_c
0.917484	prd:sb-hd_mc_c^aj-hd_scp-xp_c>av_-_s-vp-x_le,hd_optcmp_c
-0.990327	prd:sb-hd_mc_c^cl-rc_c>aj-hd_scp-xp_c,flr-hd_rel-fin_c
0.883742	prd:sb-hd_mc_c^cl-rc_c>hd-aj_int-unsl_c,flr-hd_rel-fin_c
-0.722298	prd:sb-hd_mc_c^cl-rc_c>hd-cmp_u_c,flr-hd_rel-fin-pp_c
-0.799773	prd:sb-hd_mc_c^cl-rc_c>hd-cmp_u_c,flr-hd_rel-fin_c
1.572707	prd:sb-hd_mc_c^cl_np-wh_c>flr-hd_wh-nmc-fin_c
0.749955	prd:sb-hd_mc_c^cl_np-wh_c>flr-hd_wh-nmc-inf_c
-1.147411	prd:sb-hd_mc_c^hd-aj_int-unsl_c>hd-aj_int-unsl_c,hd-cmp_u_c
-0.897729	prd:sb-hd_mc_c^hd-aj_int-unsl_c>hd-aj_int-unsl_c,hd-pct_c
-0.500272	prd:sb-hd_mc_c^hd-aj_int-unsl_c>hd-aj_int-unsl_c,np_adv_c
-0.998819	prd:sb-hd_mc_c^hd-aj_int-unsl_c>hd-aj_int-unsl_c,pp-pp_crd-t_c
-0.959310	prd:sb-hd_mc_c^hd-aj_int-unsl_c>hd-aj_scp_c,hd-cmp_u_c
-0.963215	prd:sb-hd_mc_c^hd-aj_int-unsl_c>hd-cmp_u_c,av_-_i-vp_le
1.022752	prd:sb-hd_mc_c^hd-aj_int-unsl_c>hd-cmp_u_c,hd-cmp_u_c
-4.095095	prd:sb-hd_mc_c^hd-aj_int-unsl_c>hd-cmp_u_c,hd-pct_c
0.944323	prd:sb-hd_mc_c^hd-aj_int-unsl_c>hd-cmp_u_c,np_adv-mnp_c
-1.490872	prd:sb-hd_mc_c^hd-aj_int-unsl_c>hd-cmp_u_c,np_adv_c
-1.982062	prd:sb-hd_mc_c^hd-aj_int-unsl_c>hd-cmp_u_c,np_indef-adv_c
1.924796	prd:sb-hd_mc_c^hd-aj_int-unsl_c>hd-cmp_u_c,sp-hd_hc_c
1.469028	prd:sb-hd_mc_c^hd-aj_int-unsl_c>hd_optcmp_c,hd-cmp_u_c
-0.788828	prd:sb-hd_mc_c^hd-aj_int-unsl_c>hd_optcmp_c,hd-pct_c
0.897729	prd:sb-hd_mc_c^hd-aj_int-unsl_c>hd_optcmp_c,sp-hd_hc_c
-0.924569	prd:sb-hd_mc_c^hd-aj_int-unsl_c>v_3s-fin_olr,hd-cmp_u_c
1.551680	prd:sb-hd_mc_c^hd-aj_int-unsl_c>v_aux-ell-ref_dlr,hd-cmp_u_c
0.919391	prd:sb-hd_mc_c^hd-aj_int-unsl_c>v_aux-ell-ref_dlr,hd-pct_c
-0.820436	prd:sb-hd_mc_c^hd-aj_int-unsl_c>v_aux-ell-xpl_dlr,hd-cmp_u_c
0.132380	prd:sb-hd_mc_c^hd-aj_int-unsl_c>v_prp_olr,hd-cmp_u_c
0.577157	prd:sb-hd_mc_c^hd-aj_int-unsl_c>v_pst_olr,hd-cmp_u_c
0.998819	prd:sb-hd_mc_c^hd-aj_int-unsl_c>v_pst_olr,pp-pp_crd-t_c
-0.820254	prd:sb-hd_mc_c^hd-aj_int-unsl_c>vp-vp_crd-fin-t_c,hd-cmp_u_c
-0.997366	prd:sb-hd_mc_c^hd-aj_scp-pr_c>hd-aj_int-unsl_c,vp_sbrd-prd-aj_c
0.965486	prd:sb-hd_mc_c^hd-aj_scp_c>hd-aj_int-unsl_c,hd-cmp_u_c
-0.789010	prd:sb-hd_mc_c^hd-aj_scp_c>hd-cmp_u_c,hd-cmp_u_c
-0.987012	prd:sb-hd_mc_c^hd-aj_scp_c>hd-cmp_u_c,vp_sbrd-prd-aj_c
-0.356131	prd:sb-hd_mc_c^hd-aj_scp_c>hd-cmp_u_c,vp_sbrd-prd-pas_c
-2.527975	prd:sb-hd_mc_c^hd-aj_scp_c>hd-cmp_u_c,vp_sbrd-prd-prp_c
-0.013397	prd:sb-hd_mc_c^hd-aj_scp_c>hd_optcmp_c,hd-cmp_u_c
0.009628	prd:sb-hd_mc_c^hd-aj_scp_c>hd_optcmp_c,vp_sbrd-prd-aj_c
-0.942825	prd:sb-hd_mc_c^hd-aj_scp_c>hd_optcmp_c,vp_sbrd-prd-prp_c
-0.438420	prd:sb-hd_mc_c^hd-aj_scp_c>v_3s-fin_olr,hd-cmp_u_c
0.882925	prd:sb-hd_mc_c^hd-aj_scp_c>v_aux-ell-ref_dlr,hd-pct_c
0.958674	prd:sb-hd_mc_c^hd-cmp_u_c>cm_vp_to_le,hd-cmp_u_c
0.977702	prd:sb-hd_mc_c^hd-cmp_u_c>hd-aj_scp-pr_c,hd-cmp_u_c
-0.977702	prd:sb-hd_mc_c^hd-cmp_u_c>hd-aj_vmod-s_c,hd-cmp_u_c
-0.900999	prd:sb-hd_mc_c^hd-cmp_u_c>hd-aj_vmod_c,hd-aj_int-unsl_c
0.230427	prd:sb-hd_mc_c^hd-cmp_u_c>hd-aj_vmod_c,hd-cmp_u_c
-0.865895	prd:sb-hd_mc_c^hd-cmp_u_c>hd-aj_vmod_c,hd-pct_c
2.386558	prd:sb-hd_mc_c^hd-cmp_u_c>hd-aj_vmod_c,hdn_bnp-vger_c
1.234332	prd:sb-hd_mc_c^hd-cmp_u_c>hd-aj_vmod_c,sp-hd_n_c
-0.378565	prd:sb-hd_mc_c^hd-cmp_u_c>hd-cmp_2_c,sp-hd_n_c
-0.517075	prd:sb-hd_mc_c^hd-cmp_u_c>hd-cmp_u_c,aj-hd_int_c
0.818120	prd:sb-hd_mc_c^hd-cmp_u_c>hd-cmp_u_c,aj-hd_scp-xp_c
-0.626431	prd:sb-hd_mc_c^hd-cmp_u_c>hd-cmp_u_c,cl-rc_c
-0.949682	prd:sb-hd_mc_c^hd-cmp_u_c>hd-cmp_u_c,cl_rc-fin-modgap_c
-0.977611	prd:sb-hd_mc_c^hd-cmp_u_c>hd-cmp_u_c,cl_rc-fin-nwh_c
0.900636	prd:sb-hd_mc_c^hd-cmp_u_c>hd-cmp_u_c,flr-hd_rel-fin-pp_c
2.297956	prd:sb-hd_mc_c^hd-cmp_u_c>hd-cmp_u_c,flr-hd_rel-fin_c
0.995958	prd:sb-hd_mc_c^hd-cmp_u_c>hd-cmp_u_c,flr-hd_wh-nmc-inf_c
0.263579	prd:sb-hd_mc_c^hd-cmp_u_c>hd-cmp_u_c,hd-aj_int-unsl_c
-0.990054	prd:sb-hd_mc_c^hd-cmp_u_c>hd-cmp_u_c,hd-aj_scp_c
-0.437920	prd:sb-hd_mc_c^hd-cmp_u_c>hd-cmp_u_c,hd-cmp_u_c
0.484423	prd:sb-hd_mc_c^hd-cmp_u_c>hd-cmp_u_c,hd-pct_c
-1.072979	prd:sb-hd_mc_c^hd-cmp_u_c>hd-cmp_u_c,hd_optcmp_c
-0.988647	prd:sb-hd_mc_c^hd-cmp_u_c>hd-cmp_u_c,hdn_bnp-qnt_c
1.406630	prd:sb-hd_mc_c^hd-cmp_u_c>hd-cmp_u_c,hdn_bnp-vger_c
0.698501	prd:sb-hd_mc_c^hd-cmp_u_c>hd-cmp_u_c,hdn_bnp_c
-0.586013	prd:sb-hd_mc_c^hd-cmp_u_c>hd-cmp_u_c,sp-hd_hc_c
0.012943	prd:sb-hd_mc_c^hd-cmp_u_c>hd-cmp_u_c,sp-hd_n_c
-1.762579	prd:sb-hd_mc_c^hd-cmp_u_c>hd-cmp_u_c,vp_rc-redrel_c
1.214578	prd:sb-hd_mc_c^hd-cmp_u_c>hd-pct_c,hdn_bnp-pn_c
-0.907675	prd:sb-hd_mc_c^hd-cmp_u_c>hd-pct_c,np_frg_c
-0.953179	prd:sb-hd_mc_c^hd-cmp_u_c>hd-pct_c,vp_fin-frg_c
-0.569210	prd:sb-hd_mc_c^hd-cmp_u_c>hd_optcmp_c,hd-cmp_u_c
4.659310	prd:sb-hd_mc_c^hd-cmp_u_c>hd_optcmp_c,sb-hd_nmc_c
0.832289	prd:sb-hd_mc_c^hd-cmp_u_c>p_np_i-reg_le,sp-hd_n_c
-0.997230	prd:sb-hd_mc_c^hd-cmp_u_c>v_3s-fin_olr,aj-hd_scp_c
0.993097	prd:sb-hd_mc_c^hd-cmp_u_c>v_3s-fin_olr,flr-hd_wh-nmc-fin_c
0.838738	prd:sb-hd_mc_c^hd-cmp_u_c>v_3s-fin_olr,flr-hd_wh-nmc-inf_c
3.373569	prd:sb-hd_mc_c^hd-cmp_u_c>v_3s-fin_olr,hd-cmp_u_c
-0.994005	prd:sb-hd_mc_c^hd-cmp_u_c>v_3s-fin_olr,hd-pct_c
0.788828	prd:sb-hd_mc_c^hd-cmp_u_c>v_3s-fin_olr,hdn_bnp-pn_c
-1.707130	prd:sb-hd_mc_c^hd-cmp_u_c>v_3s-fin_olr,hdn_bnp-sg-nomod_c
-0.489873	prd:sb-hd_mc_c^hd-cmp_u_c>v_3s-fin_olr,hdn_bnp-vger_c
-2.497502	prd:sb-hd_mc_c^hd-cmp_u_c>v_3s-fin_olr,hdn_bnp_c
-0.094641	prd:sb-hd_mc_c^hd-cmp_u_c>v_3s-fin_olr,sb-hd_nmc_c
3.510763	prd:sb-hd_mc_c^hd-cmp_u_c>v_3s-fin_olr,sp-hd_n_c
0.289419	prd:sb-hd_mc_c^hd-cmp_u_c>v_aux-cx-noinv_dlr,aj-hd_int_c
1.414169	prd:sb-hd_mc_c^hd-cmp_u_c>v_aux-cx-noinv_dlr,cl_np-wh_c
-0.807084	prd:sb-hd_mc_c^hd-cmp_u_c>v_aux-cx-noinv_dlr,flr-hd_wh-nmc-fin_c
-0.607084	prd:sb-hd_mc_c^hd-cmp_u_c>v_aux-cx-noinv_dlr,hd-aj_int-unsl_c
-0.482834	prd:sb-hd_mc_c^hd-cmp_u_c>v_aux-cx-noinv_dlr,hd-pct_c
0.906585	prd:sb-hd_mc_c^hd-cmp_u_c>v_aux-cx-noinv_dlr,hdn_bnp-qnt_c
-0.870073	prd:sb-hd_mc_c^hd-cmp_u_c>v_aux-cx-noinv_dlr,hdn_bnp_c
-1.870845	prd:sb-hd_mc_c^hd-cmp_u_c>v_aux-cx-noinv_dlr,v_prp_olr
-0.939555	prd:sb-hd_mc_c^hd-cmp_u_c>v_cp_is_le,aj-hd_scp_c
-0.901090	prd:sb-hd_mc_c^hd-cmp_u_c>v_cp_is_le,hd-aj_scp-pr_c
1.762852	prd:sb-hd_mc_c^hd-cmp_u_c>v_cp_is_le,hd-cmp_u_c
-0.973933	prd:sb-hd_mc_c^hd-cmp_u_c>v_cp_was_le,aj-hd_scp_c
0.973933	prd:sb-hd_mc_c^hd-cmp_u_c>v_cp_was_le,hd-cmp_u_c
-0.941099	prd:sb-hd_mc_c^hd-cmp_u_c>v_n3s-bse_ilr,aj-hd_scp_c
-0.887557	prd:sb-hd_mc_c^hd-cmp_u_c>v_n3s-bse_ilr,cl_np-wh_c
0.900045	prd:sb-hd_mc_c^hd-cmp_u_c>v_n3s-bse_ilr,hd-aj_int-unsl_c
1.467666	prd:sb-hd_mc_c^hd-cmp_u_c>v_n3s-bse_ilr,hd-cmp_u_c
0.626839	prd:sb-hd_mc_c^hd-cmp_u_c>v_n3s-bse_ilr,hdn_bnp-qnt_c
-1.197593	prd:sb-hd_mc_c^hd-cmp_u_c>v_n3s-bse_ilr,hdn_bnp_c
1.600363	prd:sb-hd_mc_c^hd-cmp_u_c>v_n3s-bse_ilr,sp-hd_n_c
-1.600817	prd:sb-hd_mc_c^hd-cmp_u_c>v_np_am_le,sp-hd_n_c
0.710718	prd:sb-hd_mc_c^hd-cmp_u_c>v_np_are_le,sp-hd_n_c
-1.647956	prd:sb-hd_mc_c^hd-cmp_u_c>v_np_is_le,cl_np-wh_c
1.575068	prd:sb-hd_mc_c^hd-cmp_u_c>v_np_is_le,hdn_bnp-pn_c
0.901090	prd:sb-hd_mc_c^hd-cmp_u_c>v_np_is_le,hdn_bnp_c
-1.920300	prd:sb-hd_mc_c^hd-cmp_u_c>v_np_is_le,hdn_optcmp_c
1.920300	prd:sb-hd_mc_c^hd-cmp_u_c>v_np_is_le,n-n_num-seq_c
-1.419619	prd:sb-hd_mc_c^hd-cmp_u_c>v_np_is_le,sp-hd_n_c
-0.261853	prd:sb-hd_mc_c^hd-cmp_u_c>v_np_locinv-is_le,hdn_bnp_c
2.477793	prd:sb-hd_mc_c^hd-cmp_u_c>v_np_locinv-is_le,sp-hd_n_c
-0.919391	prd:sb-hd_mc_c^hd-cmp_u_c>v_np_was-n_le,hdn_bnp-qnt_c
-0.487511	prd:sb-hd_mc_c^hd-cmp_u_c>v_np_was_le,cl_np-wh_c
-0.858538	prd:sb-hd_mc_c^hd-cmp_u_c>v_np_was_le,hdn-np_app_c
2.812625	prd:sb-hd_mc_c^hd-cmp_u_c>v_np_was_le,hdn_bnp-vger_c
-0.619846	prd:sb-hd_mc_c^hd-cmp_u_c>v_np_was_le,hdn_bnp_c
-2.283470	prd:sb-hd_mc_c^hd-cmp_u_c>v_np_was_le,sp-hd_n_c
-0.900727	prd:sb-hd_mc_c^hd-cmp_u_c>v_prd_are_le,aj-hd_int_c
-2.444687	prd:sb-hd_mc_c^hd-cmp_u_c>v_prd_are_le,hd-aj_int-unsl_c
-0.511172	prd:sb-hd_mc_c^hd-cmp_u_c>v_prd_are_le,hd-aj_scp_c
3.055813	prd:sb-hd_mc_c^hd-cmp_u_c>v_prd_are_le,hd-cmp_u_c
-0.703088	prd:sb-hd_mc_c^hd-cmp_u_c>v_prd_is_le,hd-aj_int-unsl_c
-0.797548	prd:sb-hd_mc_c^hd-cmp_u_c>v_prd_is_le,hd-aj_scp_c
1.752361	prd:sb-hd_mc_c^hd-cmp_u_c>v_prd_is_le,hd-cmp_u_c
-0.739918	prd:sb-hd_mc_c^hd-cmp_u_c>v_prd_is_le,hd-pct_c
-0.900817	prd:sb-hd_mc_c^hd-cmp_u_c>v_prd_is_le,hd_optcmp_c
-0.724932	prd:sb-hd_mc_c^hd-cmp_u_c>v_prd_is_le,np_adv_c
0.672934	prd:sb-hd_mc_c^hd-cmp_u_c>v_prd_is_le,sp-hd_hc_c
-0.922480	prd:sb-hd_mc_c^hd-cmp_u_c>v_prd_was_le,aj-hd_int_c
0.917212	prd:sb-hd_mc_c^hd-cmp_u_c>v_prd_was_le,aj-hd_scp-xp_c
-0.911717	prd:sb-hd_mc_c^hd-cmp_u_c>v_prd_was_le,cl-rc_c
-2.694414	prd:sb-hd_mc_c^hd-cmp_u_c>v_prd_was_le,hd-aj_int-unsl_c
1.420436	prd:sb-hd_mc_c^hd-cmp_u_c>v_prd_was_le,hd-aj_scp_c
-1.388329	prd:sb-hd_mc_c^hd-cmp_u_c>v_prd_was_le,hd-cmp_u_c
0.923433	prd:sb-hd_mc_c^hd-cmp_u_c>v_prd_was_le,hd-hd_rnr_c
0.633106	prd:sb-hd_mc_c^hd-cmp_u_c>v_prd_was_le,hd-pct_c
0.144914	prd:sb-hd_mc_c^hd-cmp_u_c>v_prd_was_le,hd_optcmp_c
0.922480	prd:sb-hd_mc_c^hd-cmp_u_c>v_prd_was_le,jpr-jpr_crd-t_c
-0.750363	prd:sb-hd_mc_c^hd-cmp_u_c>v_prd_was_le,np_adv_c
-0.923433	prd:sb-hd_mc_c^hd-cmp_u_c>v_prd_was_le,vppr-vppr_crd-t_c
-0.775704	prd:sb-hd_mc_c^hd-cmp_u_c>v_prd_wre_le,hd-aj_scp_c
-0.152044	prd:sb-hd_mc_c^hd-cmp_u_c>v_prd_wre_le,hd-cmp_u_c
0.912307	prd:sb-hd_mc_c^hd-cmp_u_c>v_prd_wre_le,hd_optcmp_c
-2.842552	prd:sb-hd_mc_c^hd-cmp_u_c>v_prp_olr,sp-hd_n_c
0.999364	prd:sb-hd_mc_c^hd-cmp_u_c>v_pst_olr,flr-hd_wh-nmc-fin_c
0.758719	prd:sb-hd_mc_c^hd-cmp_u_c>v_pst_olr,hd-aj_int-unsl_c
3.040599	prd:sb-hd_mc_c^hd-cmp_u_c>v_pst_olr,hd-cmp_u_c
0.903179	prd:sb-hd_mc_c^hd-cmp_u_c>v_pst_olr,hd-pct_c
0.942825	prd:sb-hd_mc_c^hd-cmp_u_c>v_pst_olr,hd_optcmp_c
-0.913669	prd:sb-hd_mc_c^hd-cmp_u_c>v_pst_olr,hdn-np_app-r-pr_c
-0.921163	prd:sb-hd_mc_c^hd-cmp_u_c>v_pst_olr,hdn-np_app_c
-0.905631	prd:sb-hd_mc_c^hd-cmp_u_c>v_pst_olr,hdn_bnp-num_c
-0.720708	prd:sb-hd_mc_c^hd-cmp_u_c>v_pst_olr,hdn_bnp-pn_c
1.404087	prd:sb-hd_mc_c^hd-cmp_u_c>v_pst_olr,hdn_bnp-qnt_c
-2.433833	prd:sb-hd_mc_c^hd-cmp_u_c>v_pst_olr,hdn_bnp-vger_c
-1.843778	prd:sb-hd_mc_c^hd-cmp_u_c>v_pst_olr,hdn_bnp_c
-1.211262	prd:sb-hd_mc_c^hd-cmp_u_c>v_pst_olr,hdn_optcmp_c
-0.652180	prd:sb-hd_mc_c^hd-cmp_u_c>v_pst_olr,np_frg_c
-1.016485	prd:sb-hd_mc_c^hd-cmp_u_c>v_pst_olr,sb-hd_nmc_c
2.789873	prd:sb-hd_mc_c^hd-cmp_u_c>v_pst_olr,sp-hd_n_c
-0.114896	prd:sb-hd_mc_c^hd-cmp_u_c>v_sc_is_le,hd-cmp_u_c
-0.657175	prd:sb-hd_mc_c^hd-cmp_u_c>v_v-under_dlr,sp-hd_n_c
0.609219	prd:sb-hd_mc_c^hd-cmp_u_c>v_vp_does-n_le,hd-aj_int-unsl_c
0.616076	prd:sb-hd_mc_c^hd-cmp_u_c>v_vp_has_le,aj-hd_int_c
-0.029110	prd:sb-hd_mc_c^hd-cmp_u_c>v_vp_has_le,aj-hd_scp-xp_c
2.423115	prd:sb-hd_mc_c^hd-cmp_u_c>v_vp_has_le,hd-aj_int-unsl_c
-2.423115	prd:sb-hd_mc_c^hd-cmp_u_c>v_vp_has_le,hd-cmp_u_c
-0.800954	prd:sb-hd_mc_c^hd-cmp_u_c>v_vp_have-f_le,hd-aj_int-unsl_c
0.998274	prd:sb-hd_mc_c^hd-cmp_u_c>v_vp_is_le,hd-cmp_u_c
3.182198	prd:sb-hd_mc_c^hd-cmp_u_c>v_vp_mdl-n-pst_le,aj-hd_scp-xp_c
-1.708719	prd:sb-hd_mc_c^hd-cmp_u_c>v_vp_mdl-n-pst_le,hd-pct_c
-0.874796	prd:sb-hd_mc_c^hd-cmp_u_c>v_vp_mdl-n_le,hd-aj_int-unsl_c
0.874796	prd:sb-hd_mc_c^hd-cmp_u_c>v_vp_mdl-n_le,hd-cmp_u_c
1.708719	prd:sb-hd_mc_c^hd-cmp_u_c>v_vp_mdl-n_le,hd-pct_c
-0.839192	prd:sb-hd_mc_c^hd-cmp_u_c>v_vp_mdl-p-niv_le,aj-hd_scp-xp_c
1.993869	prd:sb-hd_mc_c^hd-cmp_u_c>v_vp_mdl-p-pst_le,hd-cmp_u_c
-1.584196	prd:sb-hd_mc_c^hd-cmp_u_c>v_vp_mdl-p-pst_le,hd-pct_c
0.987012	prd:sb-hd_mc_c^hd-cmp_u_c>v_vp_mdl-p-sv_le,hd-cmp_u_c
0.842507	prd:sb-hd_mc_c^hd-cmp_u_c>v_vp_mdl-p-unsp_le,aj-hd_int_c
-1.553497	prd:sb-hd_mc_c^hd-cmp_u_c>v_vp_mdl-p-unsp_le,hd-aj_int-unsl_c
-0.947684	prd:sb-hd_mc_c^hd-cmp_u_c>v_vp_mdl-p-unsp_le,hd-aj_scp-pr_c
0.870890	prd:sb-hd_mc_c^hd-cmp_u_c>v_vp_mdl-p-unsp_le,hd-aj_scp_c
1.544187	prd:sb-hd_mc_c^hd-cmp_u_c>v_vp_mdl-p-unsp_le,hd-cmp_u_c
1.584196	prd:sb-hd_mc_c^hd-cmp_u_c>v_vp_mdl-p-unsp_le,hd-pct_c
0.900908	prd:sb-hd_mc_c^hd-cmp_u_c>v_vp_mdl-p_le,hd-aj_int-unsl_c
-0.300454	prd:sb-hd_mc_c^hd-cmp_u_c>v_vp_mdl-p_le,hd-aj_scp_c
-0.600454	prd:sb-hd_mc_c^hd-cmp_u_c>v_vp_mdl-p_le,hd-cmp_u_c
0.900727	prd:sb-hd_mc_c^hd-cmp_u_c>v_vp_mdl-p_le,hd-pct_c
0.991054	prd:sb-hd_mc_c^hd-cmp_u_c>v_vp_was_le,hd-cmp_u_c
0.900999	prd:sb-hd_mc_c^hd-cmp_u_c>v_vp_will-p_le,aj-hd_int_c
0.844278	prd:sb-hd_mc_c^hd-cmp_u_c>v_vp_will-p_le,hd-aj_int-unsl_c
-0.896140	prd:sb-hd_mc_c^hd-cmp_u_c>v_vp_will-p_le,hd-aj_scp_c
4.071526	prd:sb-hd_mc_c^hd-cmp_u_c>v_vp_will-p_le,hd-cmp_u_c
-2.476113	prd:sb-hd_mc_c^hd-cmp_u_c>v_vp_will-p_le,hd_optcmp_c
1.705722	prd:sb-hd_mc_c^hd-cmp_u_c>v_vp_will-p_le,v_n3s-bse_ilr
0.953179	prd:sb-hd_mc_c^hd-hd_rnr_c>vp-vp_crd-fin-t_c,hd-cmp_u_c
-0.900863	prd:sb-hd_mc_c^hd-hd_rnr_c>vp-vp_crd-fin-t_c,hdn_bnp_c
0.203406	prd:sb-hd_mc_c^hd-pct_c>v_3s-fin_olr,pt_-_period_le
-1.064623	prd:sb-hd_mc_c^hd-pct_c>v_aux-ell-ref_dlr,pt_-_period_le
0.819255	prd:sb-hd_mc_c^hd-pct_c>v_aux-ell-xpl_dlr,pt_-_period_le
1.421253	prd:sb-hd_mc_c^hd-pct_c>v_pst_olr,pt_-_comma_le
1.895686	prd:sb-hd_mc_c^hd-pct_c>v_pst_olr,pt_-_period_le
1.978837	prd:sb-hd_mc_c^hd_optcmp_c>hd-cmp_u_c
-1.687466	prd:sb-hd_mc_c^hd_optcmp_c>hd-pct_c
-0.778020	prd:sb-hd_mc_c^hd_optcmp_c>v_pst_olr
-0.141462	prd:sb-hd_mc_c^hdn-np_app-pnr-rbc_c>sp-hd_n_c,hdn_bnp-pn_c
-0.941644	prd:sb-hd_mc_c^hdn-np_app-r-pr_c>sp-hd_n_c,hdn_bnp-pn_c
-0.961717	prd:sb-hd_mc_c^hdn-np_app-r_c>sp-hd_n_c,hdn_bnp-pn_c
0.105313	prd:sb-hd_mc_c^hdn_bnp-num_c>hdn_np-num_c
0.540372	prd:sb-hd_mc_c^hdn_bnp-pn_c>hdn-aj_rc-pr_c
0.414033	prd:sb-hd_mc_c^hdn_bnp-pn_c>hdn-aj_title_c
0.940191	prd:sb-hd_mc_c^hdn_bnp-pn_c>hdn-cl_dsh_c
-2.291780	prd:sb-hd_mc_c^hdn_bnp-pn_c>n_sg_ilr
-0.546685	prd:sb-hd_mc_c^hdn_bnp-pn_c>np-hdn_cty-cpd_c
-2.833787	prd:sb-hd_mc_c^hdn_bnp-pn_c>np-hdn_nme-cpd_c
1.011898	prd:sb-hd_mc_c^hdn_bnp-pn_c>np-hdn_ttl-cpd_c
-1.970436	prd:sb-hd_mc_c^hdn_bnp-qnt_c>hd-cl_fr-rel_c
-0.774569	prd:sb-hd_mc_c^hdn_bnp-qnt_c>hd-cmp_u_c
1.689010	prd:sb-hd_mc_c^hdn_bnp-qnt_c>hdn-aj_redrel_c
1.165123	prd:sb-hd_mc_c^hdn_bnp-qnt_c>hdn_optcmp_c
0.999591	prd:sb-hd_mc_c^hdn_bnp-qnt_c>n_-_pr-he_le
-0.941099	prd:sb-hd_mc_c^hdn_bnp-qnt_c>n_-_pr-his_le
0.000045	prd:sb-hd_mc_c^hdn_bnp-qnt_c>n_-_pr-i_le
0.170618	prd:sb-hd_mc_c^hdn_bnp-qnt_c>n_-_pr-it_le
1.886013	prd:sb-hd_mc_c^hdn_bnp-qnt_c>n_-_pr-she_le
1.679700	prd:sb-hd_mc_c^hdn_bnp-qnt_c>n_-_pr-we_le
-1.701680	prd:sb-hd_mc_c^hdn_bnp-qnt_c>n_-_pr-you_le
-1.475159	prd:sb-hd_mc_c^hdn_bnp-qnt_c>np_prt-poss_c
0.912443	prd:sb-hd_mc_c^hdn_bnp-qnt_c>num_prt-nc_c
2.253224	prd:sb-hd_mc_c^hdn_bnp-vger_c>sb-hd_nmc_c
-1.999955	prd:sb-hd_mc_c^hdn_bnp-vger_c>vp_np-ger_c
0.941462	prd:sb-hd_mc_c^hdn_bnp_c>aj-hdn_norm_c
0.277157	prd:sb-hd_mc_c^hdn_bnp_c>hd-cmp_u_c
-1.281063	prd:sb-hd_mc_c^hdn_bnp_c>hdn-aj_redrel_c
-0.912125	prd:sb-hd_mc_c^hdn_bnp_c>n-n_crd-div-t_c
0.956358	prd:sb-hd_mc_c^hdn_bnp_c>n_ms-cnt_ilr
1.630609	prd:sb-hd_mc_c^hdn_bnp_c>n_ms_ilr
-0.965395	prd:sb-hd_mc_c^hdn_bnp_c>np-hdn_cpd_c
-0.908629	prd:sb-hd_mc_c^hdn_optcmp_c>n_sg_ilr
-0.859628	prd:sb-hd_mc_c^np-hdn_ttl-cpd-pl_c>n_n-co_dlr,hdn_bnp-pn_c
1.237602	prd:sb-hd_mc_c^np-np_crd-i-t_c>hdn_bnp-qnt_c,mrk-nh_nom_c
-0.409446	prd:sb-hd_mc_c^np-np_crd-t_c>hdn_bnp-pn_c,mrk-nh_nom_c
0.808084	prd:sb-hd_mc_c^np-np_crd-t_c>hdn_bnp-pn_c,np-np_crd-m_c
-0.712171	prd:sb-hd_mc_c^np-np_crd-t_c>hdn_bnp-qnt_c,mrk-nh_nom_c
2.436285	prd:sb-hd_mc_c^np-np_crd-t_c>mrk-nh_atom_c,mrk-nh_nom_c
-0.924069	prd:sb-hd_mc_c^np-np_crd-t_c>np-np_crd-t_c,mrk-nh_nom_c
-2.168801	prd:sb-hd_mc_c^np-np_crd-t_c>sp-hd_n_c,mrk-nh_nom_c
-0.750363	prd:sb-hd_mc_c^np-prdp_vpmod_c>hdn_bnp-qnt_c,hd-cmp_u_c
-0.332561	prd:sb-hd_mc_c^sp-hd_hc_c>av_-_dg-cmp-more_le,aj_-_i_le
1.879746	prd:sb-hd_mc_c^sp-hd_hc_c>av_-_dg-jomv_le,hdn_bnp-pn_c
-0.906540	prd:sb-hd_mc_c^sp-hd_hc_c>pct-hd_c,hdn_bnp-qnt_c
0.332561	prd:sb-hd_mc_c^sp-hd_hc_c>sp-hd_hc_c,aj_-_i_le
-0.741144	prd:sb-hd_mc_c^sp-hd_n_c>d_-_poss-its_le,hdn-aj_rc_c
-0.606767	prd:sb-hd_mc_c^sp-hd_n_c>d_-_poss-my_le,n_ms_ilr
0.606767	prd:sb-hd_mc_c^sp-hd_n_c>d_-_poss-my_le,n_sg_ilr
-0.799137	prd:sb-hd_mc_c^sp-hd_n_c>d_-_poss-their_le,hdn-aj_redrel_c
0.998274	prd:sb-hd_mc_c^sp-hd_n_c>d_-_poss-their_le,vp_np-ger_c
0.900727	prd:sb-hd_mc_c^sp-hd_n_c>d_-_poss-your_le,hdn_optcmp_c
-1.524160	prd:sb-hd_mc_c^sp-hd_n_c>d_-_prt-pl-both_le,n-n_crd-div-t_c
0.813533	prd:sb-hd_mc_c^sp-hd_n_c>d_-_prt-plm_le,aj-hdn_norm_c
-0.947548	prd:sb-hd_mc_c^sp-hd_n_c>d_-_prt-sg_le,n_sg_ilr
0.997275	prd:sb-hd_mc_c^sp-hd_n_c>d_-_sg-nmd_le,hdn-cl_prnth_c
0.954223	prd:sb-hd_mc_c^sp-hd_n_c>d_-_the_le,aj-hdn_adjn_c
0.961308	prd:sb-hd_mc_c^sp-hd_n_c>d_-_the_le,aj-hdn_norm_c
1.990327	prd:sb-hd_mc_c^sp-hd_n_c>d_-_the_le,hd-cmp_u_c
1.575658	prd:sb-hd_mc_c^sp-hd_n_c>d_-_the_le,hdn-aj_rc_c
-1.954314	prd:sb-hd_mc_c^sp-hd_n_c>d_-_the_le,hdn-aj_redrel_c
1.701544	prd:sb-hd_mc_c^sp-hd_n_c>d_-_the_le,hdn_optcmp_c
-0.959900	prd:sb-hd_mc_c^sp-hd_n_c>d_-_the_le,n-hdn_cpd-pl_c
0.001862	prd:sb-hd_mc_c^sp-hd_n_c>d_-_the_le,n-hdn_cpd_c
2.168801	prd:sb-hd_mc_c^sp-hd_n_c>d_-_the_le,n-n_crd-div-t_c
-0.907811	prd:sb-hd_mc_c^sp-hd_n_c>d_-_the_le,n-n_crd-nondiv-dll-t_c
-0.893824	prd:sb-hd_mc_c^sp-hd_n_c>d_-_the_le,n_pl-irreg-noaff_olr
0.245686	prd:sb-hd_mc_c^sp-hd_n_c>d_-_the_le,n_pl_olr
1.771798	prd:sb-hd_mc_c^sp-hd_n_c>d_-_the_le,n_sg_ilr
-0.837557	prd:sb-hd_mc_c^sp-hd_n_c>d_-_the_le,np-hdn_ttl-cpd_c
-1.726067	prd:sb-hd_mc_c^sp-hd_n_c>num_det_c,hdn_optcmp_c
0.803315	prd:sb-hd_mc_c^sp-hd_n_c>num_det_c,n_pl_olr
-1.600636	prd:sb-hd_mc_c^sp-hd_n_c>pct-hd_c,hdn_optcmp_c
0.912035	prd:sb-hd_mc_c^sp-hd_n_c>sp-hd_hc_c,aj-hdn_norm_c
1.665668	prd:sb-hd_mc_c^sp-hd_n_c>sp-hd_hc_c,hd-cmp_u_c
-0.901862	prd:sb-hd_mc_c^sp-hd_n_c>sp-hd_hc_c,hdn-aj_redrel_c
-0.914351	prd:sb-hd_mc_c^sp-hd_n_c>sp-hd_hc_c,hdn_optcmp_c
-0.645550	prd:sb-hd_mc_c^sp-hd_n_c>sp-hd_hc_c,n_sg_ilr
-3.093006	prd:sb-hd_mc_c^sp-hd_n_c>sp-hd_hc_c,vp_np-ger_c
1.740509	prd:sb-hd_mc_c^vp-vp_crd-fin-t_c>hd-aj_int-unsl_c,mrk-nh_evnt_c
-0.441735	prd:sb-hd_mc_c^vp-vp_crd-fin-t_c>hd-cmp_u_c,mrk-nh_evnt_c
0.859128	prd:sb-hd_mc_c^vp_cp-sb-inf_c>hd-aj_int-unsl_c
0.099546	prd:sb-hd_mc_c^vp_cp-sb-inf_c>hd-cmp_u_c
-1.809446	prd:sb-hd_nmc_c^aj-hd_int_c>av_-_i-vp-x_le,hd-cmp_u_c
-0.593915	prd:sb-hd_nmc_c^aj-hd_int_c>hd-cmp_u_c,hd-pct_c
0.992916	prd:sb-hd_nmc_c^aj-hd_int_c>hd-pct_c,hd-cmp_u_c
1.702725	prd:sb-hd_nmc_c^cl-rc_c>hd-cmp_u_c,flr-hd_rel-fin_c
-0.999364	prd:sb-hd_nmc_c^cl_np-wh_c>flr-hd_wh-nmc-fin_c
0.971980	prd:sb-hd_nmc_c^hd-aj_int-sl_c>hd-aj_int-unsl_c,hd_xcmp_c
1.661399	prd:sb-hd_nmc_c^hd-aj_int-sl_c>hd_optcmp_c,hd_xcmp_c
-0.971980	prd:sb-hd_nmc_c^hd-aj_int-sl_c>v_pst_olr,hd-aj_int-sl_c
-0.962852	prd:sb-hd_nmc_c^hd-aj_int-unsl_c>hd-cmp_u_c,np_adv_c
-0.890009	prd:sb-hd_nmc_c^hd-aj_int-unsl_c>hd_optcmp_c,av_-_i-vp-po-nvm_le
-0.939282	prd:sb-hd_nmc_c^hd-aj_int-unsl_c>hd_optcmp_c,hd-cmp_u_c
0.973342	prd:sb-hd_nmc_c^hd-aj_int-unsl_c>hd_optcmp_c,np_adv_c
1.514169	prd:sb-hd_nmc_c^hd-aj_int-unsl_c>hd_xaj-int-vp_c,hd-pct_c
-0.779473	prd:sb-hd_nmc_c^hd-aj_int-unsl_c>hd_xaj-int-vp_c,np_adv_c
-0.999364	prd:sb-hd_nmc_c^hd-aj_int-unsl_c>v_pst_olr,hd-pct_c
0.999228	prd:sb-hd_nmc_c^hd-aj_int-unsl_c>v_pst_olr,np_adv_c
-0.801362	prd:sb-hd_nmc_c^hd-aj_scp-pr_c>hd-cmp_u_c,np-prdp_vpmod_c
2.093460	prd:sb-hd_nmc_c^hd-aj_scp_c>hd_optcmp_c,vp_sbrd-prd-prp_c
0.800000	prd:sb-hd_nmc_c^hd-aj_scp_c>hd_xaj-int-vp_c,hd-cmp_u_c
-0.778020	prd:sb-hd_nmc_c^hd-cmp_u_c>cm_vp_to_le,hd-cmp_u_c
-0.959991	prd:sb-hd_nmc_c^hd-cmp_u_c>cm_vp_to_le,hd_optcmp_c
-0.839737	prd:sb-hd_nmc_c^hd-cmp_u_c>hd-cmp_u_c,hd-cmp_u_c
-1.908084	prd:sb-hd_nmc_c^hd-cmp_u_c>hd-cmp_u_c,hd_optcmp_c
-1.679201	prd:sb-hd_nmc_c^hd-cmp_u_c>hd-cmp_u_c,np_adv_c
0.837557	prd:sb-hd_nmc_c^hd-cmp_u_c>hd_optcmp_c,hd_xsb-fin_c
0.451589	prd:sb-hd_nmc_c^hd-cmp_u_c>hd_xcmp_c,hd-cmp_u_c
-0.932743	prd:sb-hd_nmc_c^hd-cmp_u_c>hd_xcmp_c,hd-pct_c
-0.931835	prd:sb-hd_nmc_c^hd-cmp_u_c>hd_xcmp_c,hdn_bnp-pn_c
-1.262307	prd:sb-hd_nmc_c^hd-cmp_u_c>hd_xcmp_c,vp_rc-redrel_c
-0.941099	prd:sb-hd_nmc_c^hd-cmp_u_c>v_3s-fin_olr,hd-cmp_u_c
0.002452	prd:sb-hd_nmc_c^hd-cmp_u_c>v_3s-fin_olr,hd_xcmp_c
0.403724	prd:sb-hd_nmc_c^hd-cmp_u_c>v_3s-fin_olr,hdn_bnp-pn_c
-0.831698	prd:sb-hd_nmc_c^hd-cmp_u_c>v_3s-fin_olr,sp-hd_n_c
0.482834	prd:sb-hd_nmc_c^hd-cmp_u_c>v_aux-cx-noinv_dlr,hd-pct_c
0.942870	prd:sb-hd_nmc_c^hd-cmp_u_c>v_aux-cx-noinv_dlr,hd_optcmp_c
-0.459401	prd:sb-hd_nmc_c^hd-cmp_u_c>v_aux-cx-noinv_dlr,hdn_bnp_c
1.870845	prd:sb-hd_nmc_c^hd-cmp_u_c>v_aux-cx-noinv_dlr,v_prp_olr
-1.587829	prd:sb-hd_nmc_c^hd-cmp_u_c>v_cp_is_le,sb-hd_nmc_c
1.493188	prd:sb-hd_nmc_c^hd-cmp_u_c>v_n3s-bse_ilr,hdn_bnp_c
-0.800999	prd:sb-hd_nmc_c^hd-cmp_u_c>v_n3s-bse_ilr,sp-hd_n_c
0.101998	prd:sb-hd_nmc_c^hd-cmp_u_c>v_np_is_le,hdn_bnp-pn_c
2.477838	prd:sb-hd_nmc_c^hd-cmp_u_c>v_np_is_le,sp-hd_n_c
-1.679609	prd:sb-hd_nmc_c^hd-cmp_u_c>v_np_locinv-is_le,sp-hd_n_c
0.900727	prd:sb-hd_nmc_c^hd-cmp_u_c>v_prd_are_le,aj-hd_int_c
-0.719210	prd:sb-hd_nmc_c^hd-cmp_u_c>v_prd_are_le,aj-hd_scp-xp_c
1.600636	prd:sb-hd_nmc_c^hd-cmp_u_c>v_prd_is_le,hd-aj_int-unsl_c
-0.840645	prd:sb-hd_nmc_c^hd-cmp_u_c>v_prd_is_le,hd-cmp_u_c
0.739918	prd:sb-hd_nmc_c^hd-cmp_u_c>v_prd_is_le,hd-pct_c
-0.403724	prd:sb-hd_nmc_c^hd-cmp_u_c>v_prd_is_le,hd_optcmp_c
1.481290	prd:sb-hd_nmc_c^hd-cmp_u_c>v_prd_is_le,hd_xaj-int-vp_c
-0.720618	prd:sb-hd_nmc_c^hd-cmp_u_c>v_prd_was-sv_le,hd-cmp_u_c
-0.992916	prd:sb-hd_nmc_c^hd-cmp_u_c>v_prd_was_le,aj_-_i_le
0.537421	prd:sb-hd_nmc_c^hd-cmp_u_c>v_prd_was_le,hd-cmp_u_c
-0.926203	prd:sb-hd_nmc_c^hd-cmp_u_c>v_prd_was_le,hd_optcmp_c
1.909900	prd:sb-hd_nmc_c^hd-cmp_u_c>v_prd_was_le,hd_xaj-int-vp_c
1.700727	prd:sb-hd_nmc_c^hd-cmp_u_c>v_prd_was_le,np_adv_c
-0.800500	prd:sb-hd_nmc_c^hd-cmp_u_c>v_prd_was_le,pp_-_i-vm_le
1.176794	prd:sb-hd_nmc_c^hd-cmp_u_c>v_pst_olr,hd-aj_int-unsl_c
1.380109	prd:sb-hd_nmc_c^hd-cmp_u_c>v_pst_olr,hd-cmp_u_c
-0.076930	prd:sb-hd_nmc_c^hd-cmp_u_c>v_pst_olr,hd_xaj-int-vp_c
0.191054	prd:sb-hd_nmc_c^hd-cmp_u_c>v_pst_olr,hd_xcmp_c
-1.766667	prd:sb-hd_nmc_c^hd-cmp_u_c>v_pst_olr,hdn_bnp-pn_c
-0.999228	prd:sb-hd_nmc_c^hd-cmp_u_c>v_pst_olr,hdn_bnp-qnt_c
-0.343869	prd:sb-hd_nmc_c^hd-cmp_u_c>v_pst_olr,sp-hd_n_c
0.718756	prd:sb-hd_nmc_c^hd-cmp_u_c>v_vp_does-n_le,hd-cmp_u_c
0.749909	prd:sb-hd_nmc_c^hd-cmp_u_c>v_vp_had-sv_le,hd-cmp_u_c
3.480836	prd:sb-hd_nmc_c^hd-cmp_u_c>v_vp_had_le,hd-cmp_u_c
0.999410	prd:sb-hd_nmc_c^hd-cmp_u_c>v_vp_had_le,hd-pct_c
-0.669028	prd:sb-hd_nmc_c^hd-cmp_u_c>v_vp_had_le,hd_xcmp_c
-0.654632	prd:sb-hd_nmc_c^hd-cmp_u_c>v_vp_had_le,v_aux-ell-ref_dlr
-1.350227	prd:sb-hd_nmc_c^hd-cmp_u_c>v_vp_has_le,hd-aj_int-sl_c
-0.901362	prd:sb-hd_nmc_c^hd-cmp_u_c>v_vp_has_le,hd-aj_int-unsl_c
2.275341	prd:sb-hd_nmc_c^hd-cmp_u_c>v_vp_has_le,hd-cmp_u_c
-0.925114	prd:sb-hd_nmc_c^hd-cmp_u_c>v_vp_has_le,hd_xaj-int-vp_c
0.045640	prd:sb-hd_nmc_c^hd-cmp_u_c>v_vp_have-f_le,hd-aj_int-unsl_c
0.334923	prd:sb-hd_nmc_c^hd-cmp_u_c>v_vp_have-f_le,hd-cmp_u_c
0.820073	prd:sb-hd_nmc_c^hd-cmp_u_c>v_vp_mdl-n-pst_le,hd-cmp_u_c
-0.820073	prd:sb-hd_nmc_c^hd-cmp_u_c>v_vp_mdl-n_le,hd-cmp_u_c
-1.678747	prd:sb-hd_nmc_c^hd-cmp_u_c>v_vp_mdl-p-pst_le,hd-cmp_u_c
1.896912	prd:sb-hd_nmc_c^hd-cmp_u_c>v_vp_mdl-p-pst_le,hd_xcmp_c
-0.338601	prd:sb-hd_nmc_c^hd-cmp_u_c>v_vp_mdl-p-sv_le,hd-cmp_u_c
0.338601	prd:sb-hd_nmc_c^hd-cmp_u_c>v_vp_mdl-p-sv_le,hd_optcmp_c
0.101045	prd:sb-hd_nmc_c^hd-cmp_u_c>v_vp_mdl-p-unsp_le,hd-aj_int-unsl_c
2.015441	prd:sb-hd_nmc_c^hd-cmp_u_c>v_vp_mdl-p-unsp_le,hd-aj_scp_c
-0.399137	prd:sb-hd_nmc_c^hd-cmp_u_c>v_vp_mdl-p-unsp_le,hd-cmp_u_c
-1.896912	prd:sb-hd_nmc_c^hd-cmp_u_c>v_vp_mdl-p-unsp_le,hd_xcmp_c
-0.958674	prd:sb-hd_nmc_c^hd-cmp_u_c>v_vp_mdl-p-unsp_le,v_aux-ell-ref_dlr
1.908084	prd:sb-hd_nmc_c^hd-cmp_u_c>v_vp_mdl-p_le,aj-hd_int_c
0.871526	prd:sb-hd_nmc_c^hd-cmp_u_c>v_vp_mdl-p_le,hd-cmp_u_c
-0.871526	prd:sb-hd_nmc_c^hd-cmp_u_c>v_vp_mdl-p_le,hd_optcmp_c
-0.900727	prd:sb-hd_nmc_c^hd-cmp_u_c>v_vp_mdl-p_le,hd_xcmp_c
-1.874932	prd:sb-hd_nmc_c^hd-cmp_u_c>v_vp_must-p_le,hd_xaj-int-vp_c
1.874932	prd:sb-hd_nmc_c^hd-cmp_u_c>v_vp_must-p_le,hd_xcmp_c
-0.028202	prd:sb-hd_nmc_c^hd-cmp_u_c>v_vp_was_le,hd-cmp_u_c
-1.666485	prd:sb-hd_nmc_c^hd-cmp_u_c>v_vp_will-p_le,hd-aj_int-unsl_c
-1.834196	prd:sb-hd_nmc_c^hd-cmp_u_c>v_vp_will-p_le,hd-cmp_u_c
0.949682	prd:sb-hd_nmc_c^hd-cmp_u_c>v_vp_will-p_le,hd_optcmp_c
-0.001953	prd:sb-hd_nmc_c^hd-cmp_u_c>v_vp_will-p_le,hd_xaj-int-vp_c
-1.001544	prd:sb-hd_nmc_c^hd-pct_c>v_3s-fin_olr,pt_-_period_le
3.523070	prd:sb-hd_nmc_c^hd-pct_c>v_aux-ell-ref_dlr,pt_-_period_le
-0.712807	prd:sb-hd_nmc_c^hd-pct_c>v_pst_olr,pt_-_comma_le
2.676975	prd:sb-hd_nmc_c^hd_optcmp_c>hd-cmp_u_c
-2.450681	prd:sb-hd_nmc_c^hd_optcmp_c>hd-pct_c
-0.831153	prd:sb-hd_nmc_c^hd_optcmp_c>hd_xcmp_c
-1.929882	prd:sb-hd_nmc_c^hd_optcmp_c>v_pst_olr
0.550409	prd:sb-hd_nmc_c^hd_xaj-int-vp_c>hd-cmp_u_c
0.087330	prd:sb-hd_nmc_c^hd_xaj-int-vp_c>hd-pct_c
-0.222888	prd:sb-hd_nmc_c^hd_xaj-int-vp_c>hd_optcmp_c
1.864532	prd:sb-hd_nmc_c^hd_xcmp_c>hd-cmp_u_c
-0.232698	prd:sb-hd_nmc_c^hd_xcmp_c>hd-pct_c
0.887239	prd:sb-hd_nmc_c^hd_xcmp_c>v_3s-fin_olr
-0.950363	prd:sb-hd_nmc_c^hd_xcmp_c>v_np_was_le
-0.096639	prd:sb-hd_nmc_c^hd_xcmp_c>v_pst_olr
-0.841553	prd:sb-hd_nmc_c^hdn-np_app-idf-rbc_c>sp-hd_n_c,sp-hd_n_c
-0.403724	prd:sb-hd_nmc_c^hdn-np_app-r_c>sp-hd_n_c,np-hdn_ttl-cpd-pl_c
-0.420391	prd:sb-hd_nmc_c^hdn-np_app_c>sp-hd_n_c,hdn_bnp-qnt_c
-0.400817	prd:sb-hd_nmc_c^hdn_bnp-num_c>hdn_np-num_c
0.992916	prd:sb-hd_nmc_c^hdn_bnp-pn_c>hd-pct_c
-0.992916	prd:sb-hd_nmc_c^hdn_bnp-pn_c>hdn-aj_redrel-pr_c
1.809446	prd:sb-hd_nmc_c^hdn_bnp-pn_c>hdn-aj_redrel_c
2.870118	prd:sb-hd_nmc_c^hdn_bnp-pn_c>n_sg_ilr
-0.837557	prd:sb-hd_nmc_c^hdn_bnp-pn_c>np-hdn_ttl-cpd_c
-0.966530	prd:sb-hd_nmc_c^hdn_bnp-qnt_c>det_prt-nocmp_dlr
1.509537	prd:sb-hd_nmc_c^hdn_bnp-qnt_c>hd-cmp_u_c
-0.809083	prd:sb-hd_nmc_c^hdn_bnp-qnt_c>hdn-aj_rc_c
-0.554768	prd:sb-hd_nmc_c^hdn_bnp-qnt_c>hdn-aj_redrel_c
-0.822025	prd:sb-hd_nmc_c^hdn_bnp-qnt_c>hdn_optcmp_c
0.977566	prd:sb-hd_nmc_c^hdn_bnp-qnt_c>n_-_pr-i_le
1.376521	prd:sb-hd_nmc_c^hdn_bnp-qnt_c>n_-_pr-it_le
-0.999546	prd:sb-hd_nmc_c^hdn_bnp-qnt_c>n_-_pr-na_le
0.942870	prd:sb-hd_nmc_c^hdn_bnp-qnt_c>n_-_pr-she_le
0.999546	prd:sb-hd_nmc_c^hdn_bnp-qnt_c>n_-_pr-they_le
2.679382	prd:sb-hd_nmc_c^hdn_bnp-qnt_c>n_-_pr-you_le
0.550500	prd:sb-hd_nmc_c^hdn_bnp-qnt_c>np_prt-poss_c
-0.954768	prd:sb-hd_nmc_c^hdn_bnp-qnt_c>sp-hd_hc_c
0.470073	prd:sb-hd_nmc_c^hdn_bnp-vger_c>vp_np-ger_c
0.809083	prd:sb-hd_nmc_c^hdn_bnp_c>aj-hdn_norm_c
-0.991054	prd:sb-hd_nmc_c^hdn_bnp_c>hdn-aj_rc_c
-1.721390	prd:sb-hd_nmc_c^hdn_bnp_c>hdn_optcmp_c
-0.926158	prd:sb-hd_nmc_c^np-hdn_ttl-cpd-pl_c>n_pl_olr,hdn_bnp-pn_c
1.493188	prd:sb-hd_nmc_c^np-np_crd-t_c>hdn_bnp-pn_c,mrk-nh_nom_c
-0.789600	prd:sb-hd_nmc_c^np_adv_c>hdn_bnp-qnt_c
-0.992779	prd:sb-hd_nmc_c^sp-hd_hc_c>av_-_dg-jomv_le,hdn_bnp-qnt_c
0.841553	prd:sb-hd_nmc_c^sp-hd_n_c>d_-_no_le,n_sg_ilr
-0.900727	prd:sb-hd_nmc_c^sp-hd_n_c>d_-_poss-your_le,hdn_optcmp_c
-0.593915	prd:sb-hd_nmc_c^sp-hd_n_c>d_-_sg-nmd_le,n_ms-cnt_ilr
-0.977611	prd:sb-hd_nmc_c^sp-hd_n_c>d_-_sgm_le,hdn_np-num_c
-0.863624	prd:sb-hd_nmc_c^sp-hd_n_c>d_-_the_le,hdn-aj_redrel_c
0.910173	prd:sb-hd_nmc_c^sp-hd_n_c>d_-_the_le,n_pl-irreg-noaff_olr
0.396185	prd:sb-hd_nmc_c^sp-hd_n_c>d_-_the_le,n_sg_ilr
1.600636	prd:sb-hd_nmc_c^sp-hd_n_c>pct-hd_c,hdn_optcmp_c
0.593915	prd:sb-hd_nmc_c^sp-hd_n_c>sp-hd_hc_c,hdn_optcmp_c
-0.912307	prd:sb-hd_nmc_c^v_aux-ell-ref_dlr>v_prd_wre_le
-0.718756	prd:sb-hd_nmc_c^v_aux-ell-ref_dlr>v_vp_does-n_le
-0.607084	prd:sb-hd_nmc_c^v_n3s-bse_ilr>v_-_le
-0.959991	prd:sb-hd_nmc_c^vp_cp-sb-inf_c>hd_optcmp_c
-0.778020	prd:sb-hd_nmc_c^vp_cp-sb-inf_c>v_aux-ell-ref_dlr
2.893869	prd:sb-hd_nmc_c^vp_np-ger_c>hd-aj_int-unsl_c
-1.441871	prd:sb-hd_nmc_c^vp_np-ger_c>hd-cmp_u_c
-0.955450	prd:sb-hd_nmc_c^vp_np-ger_c>hd_optcmp_c
-0.858129	prd:sp-hd_hc-cmp_c^j_j-un_dlr>aj_cp_i-it_le
0.858129	prd:sp-hd_hc_c^hd-cmp_u_c>j_j-un_dlr,hd-cmp_u_c
-0.993233	prd:sp-hd_hc_c^hd-cmp_u_c>n_nb_x-for-y_le,hdn_np-num_c
-0.907221	prd:sp-hd_hc_c^hd-cmp_u_c>n_nb_x-to-y_le,n_sg_ilr
-0.954768	prd:sp-hd_hc_c^hd-cmp_u_c>num_prt-of_c,hd-cmp_u_c
-0.766440	prd:sp-hd_hc_c^hd-cmp_u_c>p_np_i-dgsp_le,hdn_bnp-qnt_c
-0.953815	prd:sp-hd_hc_c^hd-pct_c>aj_-_i_le,pt_-_period_le
-0.586013	prd:sp-hd_hc_c^hd-pct_c>aj_-_i_le,pt_-_qmark_le
0.974932	prd:sp-hd_hc_c^hd-pct_c>av_-_i-vp-only_le,pt_-_period_le
0.897729	prd:sp-hd_hc_c^hd-pct_c>av_-_i-vp_le,pt_-_period_le
-0.900091	prd:sp-hd_hc_c^hd-pct_c>hd-pct_c,pt_-_dqright_le
-0.205540	prd:sp-hd_hc_c^hd-pct_c>v_j-nb-pas-tr_dlr,pt_-_period_le
1.804859	prd:sp-hd_hc_c^hd_optcmp_c>hd-pct_c
2.610036	prd:sp-hd_hc_c^hdn_bnp-pn_c>n_sg_ilr
-0.992779	prd:sp-hd_hc_c^hdn_bnp-qnt_c>det_prt-nocmp_dlr
-0.195686	prd:sp-hd_hc_c^hdn_bnp-qnt_c>hd-pct_c
0.964714	prd:sp-hd_hc_c^hdn_bnp-qnt_c>n_-_ad-time_le
-0.906540	prd:sp-hd_hc_c^hdn_bnp-qnt_c>n_-_pr-it_le
-0.907221	prd:sp-hd_hc_c^hdn_optcmp_c>n_-_pn-dom-card_le
-0.806994	prd:sp-hd_hc_c^j_n-ed_c>hd-pct_c
-0.900091	prd:sp-hd_hc_c^pct-hd_c>pt_-_dqleft_le,av_-_dg-v_le
-0.906540	prd:sp-hd_hc_c^pct-hd_c>pt_-_lparen_le,av_-_dg-jomv_le
0.724932	prd:sp-hd_hc_c^pct-hd_c>pt_-_lparen_le,hd-pct_c
0.332561	prd:sp-hd_hc_c^sp-hd_hc_c>av_-_dg-any_le,av_-_dg-cmp-more_le
-0.586013	prd:sp-hd_hc_c^sp-hd_hc_c>av_-_dg-jomv_le,av_-_dg-tt_le
-0.324932	prd:sp-hd_hc_c^sp-hd_hc_c>pct-hd_c,av_-_dg-cmp-so_le
1.049864	prd:sp-hd_hc_c^sp-hd_hc_c>pct-hd_c,av_pp_dg-as_le
-0.993915	prd:sp-hd_hc_c^sp-hd_n_c>d_-_sg-nmd_le,hdn-aj_redrel_c
0.765713	prd:sp-hd_hc_c^sp-hd_n_c>d_-_the_le,n_sg_ilr
-0.913488	prd:sp-hd_n_c^aj-hdn_adjn_c>aj_-_i-ord-one_le,aj-hdn_norm_c
0.907811	prd:sp-hd_n_c^aj-hdn_adjn_c>hd-pct_c,aj-hdn_norm_c
0.959900	prd:sp-hd_n_c^aj-hdn_adjn_c>v_j-nb-pas-tr_dlr,n-hdn_cpd-pl_c
0.913488	prd:sp-hd_n_c^aj-hdn_norm_c>aj-hd_int_c,hdn_optcmp_c
0.965804	prd:sp-hd_n_c^aj-hdn_norm_c>aj_-_i-cap_le,hd-cmp_u_c
0.813533	prd:sp-hd_n_c^aj-hdn_norm_c>aj_-_i-crd-one_le,hdn_optcmp_c
-0.977566	prd:sp-hd_n_c^aj-hdn_norm_c>aj_-_i-er_le,n_sg_ilr
1.824160	prd:sp-hd_n_c^aj-hdn_norm_c>aj_-_i-ndpt_le,hdn_optcmp_c
-0.960581	prd:sp-hd_n_c^aj-hdn_norm_c>aj_-_i-unsp_le,n_pl_olr
0.960581	prd:sp-hd_n_c^aj-hdn_norm_c>aj_-_i-unsp_le,n_sg_ilr
0.801362	prd:sp-hd_n_c^aj-hdn_norm_c>aj_-_i_le,hd-cmp_u_c
-0.365804	prd:sp-hd_n_c^aj-hdn_norm_c>aj_-_i_le,hdn_optcmp_c
0.858538	prd:sp-hd_n_c^aj-hdn_norm_c>aj_-_i_le,n_ms-cnt_ilr
0.755404	prd:sp-hd_n_c^aj-hdn_norm_c>aj_-_i_le,n_pl-irreg-noaff_olr
-1.719709	prd:sp-hd_n_c^aj-hdn_norm_c>aj_-_i_le,n_sg_ilr
-0.901317	prd:sp-hd_n_c^aj-hdn_norm_c>hd-pct_nobrk_c,hd-pct_c
0.796776	prd:sp-hd_n_c^aj-hdn_norm_c>j_att_dlr,hdn_optcmp_c
-0.832289	prd:sp-hd_n_c^aj-hdn_norm_c>j_att_dlr,n_ms-cnt_ilr
-0.958674	prd:sp-hd_n_c^aj-hdn_norm_c>sp-hd_hc_c,n_sg_ilr
0.972298	prd:sp-hd_n_c^aj-hdn_norm_c>v_j-nb-intr_dlr,hdn_optcmp_c
0.302997	prd:sp-hd_n_c^aj-hdn_norm_c>v_j-nb-pas-tr_dlr,n_ms-cnt_ilr
1.719709	prd:sp-hd_n_c^aj-hdn_norm_c>v_j-nb-pas-tr_dlr,n_sg_ilr
-0.963624	prd:sp-hd_n_c^aj-hdn_norm_c>v_j-nb-prp-tr_dlr,hd-pct_c
0.959855	prd:sp-hd_n_c^aj-hdn_norm_c>v_j-nb-prp-tr_dlr,n_sg_ilr
-0.941644	prd:sp-hd_n_c^aj_prt-det-ncp_c>j-j_crd-prd-t_c
-0.858538	prd:sp-hd_n_c^hd-cmp_u_c>aj-hdn_norm_c,hd-cmp_u_c
4.530154	prd:sp-hd_n_c^hd-cmp_u_c>hd-aj_vmod_c,hd-cmp_u_c
0.713851	prd:sp-hd_n_c^hd-cmp_u_c>hd-pct_c,hdn_bnp-pn_c
-0.956222	prd:sp-hd_n_c^hd-cmp_u_c>n-hdn_cpd_c,hd-cmp_u_c
1.758038	prd:sp-hd_n_c^hd-cmp_u_c>n_ms-cnt_ilr,hd-cmp_u_c
-0.500454	prd:sp-hd_n_c^hd-cmp_u_c>n_pl_olr,flr-hd_wh-nmc-fin_c
1.887421	prd:sp-hd_n_c^hd-cmp_u_c>n_pl_olr,hd-cmp_u_c
-0.966985	prd:sp-hd_n_c^hd-cmp_u_c>n_pp_c-pl-sg_le,hd-cmp_u_c
-0.963624	prd:sp-hd_n_c^hd-cmp_u_c>n_sg_ilr,aj-hd_int_c
-0.083197	prd:sp-hd_n_c^hd-cmp_u_c>n_sg_ilr,hd-cmp_u_c
-0.913896	prd:sp-hd_n_c^hd-cmp_u_c>num_prt-det-of_c,hd-cmp_u_c
0.901862	prd:sp-hd_n_c^hd-cmp_u_c>v_nger-tr_dlr,hd-cmp_u_c
1.702906	prd:sp-hd_n_c^hd-pct_c>hd-pct_c,pt_-_dqright_le
-0.900954	prd:sp-hd_n_c^hd-pct_c>n_-_c-dpt-df-sg_le,pt_-_comma_le
-0.753270	prd:sp-hd_n_c^hd-pct_c>n_-_c-pl_le,pt_-_period_le
0.780200	prd:sp-hd_n_c^hd-pct_c>n_ms-cnt_ilr,pt_-_period_le
-0.839101	prd:sp-hd_n_c^hd-pct_c>n_ms_ilr,pt_-_comma_le
-0.389373	prd:sp-hd_n_c^hd-pct_c>n_ms_ilr,pt_-_period_le
-0.925704	prd:sp-hd_n_c^hd-pct_c>n_pl_olr,pt_-_period_le
-0.741144	prd:sp-hd_n_c^hd-pct_c>n_sg_ilr,pt_-_comma-informal_le
0.880381	prd:sp-hd_n_c^hd-pct_c>n_sg_ilr,pt_-_comma_le
-1.966303	prd:sp-hd_n_c^hd-pct_c>n_sg_ilr,pt_-_period_le
1.819164	prd:sp-hd_n_c^hd-pct_c>v_nger-intr_dlr,pt_-_period_le
-1.554133	prd:sp-hd_n_c^hd_xcmp_c>hd-pct_c
-0.960127	prd:sp-hd_n_c^hdn-aj_rc-pr_c>hdn_optcmp_c,cl_rc-instr_c
0.958674	prd:sp-hd_n_c^hdn-aj_rc_c>aj-hdn_norm_c,cl_rc-fin-nwh_c
-0.386104	prd:sp-hd_n_c^hdn-aj_rc_c>hd-cmp_u_c,cl_rc-inf-nwh-sb_c
-0.831153	prd:sp-hd_n_c^hdn-aj_rc_c>hdn-aj_rc_c,vp_rc-redrel_c
1.350954	prd:sp-hd_n_c^hdn-aj_rc_c>hdn-aj_redrel_c,cl_rc-inf-nwh-sb_c
0.358810	prd:sp-hd_n_c^hdn-aj_rc_c>hdn-aj_redrel_c,cl_rc-inf-nwh_c
1.414896	prd:sp-hd_n_c^hdn-aj_rc_c>hdn-aj_redrel_c,cl_rc-instr_c
-1.099183	prd:sp-hd_n_c^hdn-aj_rc_c>hdn-aj_redrel_c,flr-hd_rel-fin_c
0.831698	prd:sp-hd_n_c^hdn-aj_rc_c>hdn_optcmp_c,cl_rc-fin-nwh_c
-0.059764	prd:sp-hd_n_c^hdn-aj_rc_c>hdn_optcmp_c,cl_rc-inf-nwh-sb_c
-0.352225	prd:sp-hd_n_c^hdn-aj_rc_c>hdn_optcmp_c,cl_rc-inf-nwh_c
-1.873388	prd:sp-hd_n_c^hdn-aj_rc_c>hdn_optcmp_c,cl_rc-instr_c
0.722298	prd:sp-hd_n_c^hdn-aj_rc_c>hdn_optcmp_c,flr-hd_rel-fin-pp_c
2.671117	prd:sp-hd_n_c^hdn-aj_rc_c>hdn_optcmp_c,flr-hd_rel-fin_c
0.228292	prd:sp-hd_n_c^hdn-aj_rc_c>hdn_optcmp_c,vp_rc-redrel_c
-0.259673	prd:sp-hd_n_c^hdn-aj_rc_c>n-hdn_cpd_c,cl_rc-inf-nwh_c
0.857675	prd:sp-hd_n_c^hdn-aj_rc_c>n_ms-cnt_ilr,cl_rc-fin-nwh_c
1.713987	prd:sp-hd_n_c^hdn-aj_rc_c>n_ms-cnt_ilr,cl_rc-inf-nwh-sb_c
3.433152	prd:sp-hd_n_c^hdn-aj_rc_c>n_ms-cnt_ilr,cl_rc-inf-nwh_c
-3.345005	prd:sp-hd_n_c^hdn-aj_rc_c>n_ms-cnt_ilr,cl_rc-instr_c
0.991054	prd:sp-hd_n_c^hdn-aj_rc_c>n_ms-cnt_ilr,flr-hd_rel-fin_c
0.420391	prd:sp-hd_n_c^hdn-aj_rc_c>n_pl-irreg-noaff_olr,flr-hd_rel-fin_c
-1.387466	prd:sp-hd_n_c^hdn-aj_rc_c>n_pl_olr,cl_rc-inf-nwh-sb_c
-0.592734	prd:sp-hd_n_c^hdn-aj_rc_c>n_pl_olr,cl_rc-inf-nwh_c
-1.419573	prd:sp-hd_n_c^hdn-aj_rc_c>n_sg_ilr,cl_rc-inf-nwh-sb_c
-2.331971	prd:sp-hd_n_c^hdn-aj_rc_c>n_sg_ilr,cl_rc-inf-nwh_c
-2.359264	prd:sp-hd_n_c^hdn-aj_rc_c>n_sg_ilr,cl_rc-instr_c
-0.084923	prd:sp-hd_n_c^hdn-aj_rc_c>n_sg_ilr,flr-hd_rel-fin-pp_c
2.363306	prd:sp-hd_n_c^hdn-aj_rc_c>n_sg_ilr,flr-hd_rel-fin_c
-0.318392	prd:sp-hd_n_c^hdn-aj_rc_c>n_sg_ilr,vp_rc-redrel_c
-1.971526	prd:sp-hd_n_c^hdn-aj_redrel_c>aj-hdn_norm_c,hd-cmp_u_c
1.155132	prd:sp-hd_n_c^hdn-aj_redrel_c>aj-hdn_norm_c,np_adv_c
-0.968892	prd:sp-hd_n_c^hdn-aj_redrel_c>hd-cmp_u_c,hd-cmp_u_c
-0.999864	prd:sp-hd_n_c^hdn-aj_redrel_c>hdn-aj_rc_c,hd-cmp_u_c
0.971753	prd:sp-hd_n_c^hdn-aj_redrel_c>hdn_optcmp_c,hd-cmp_u_c
1.609401	prd:sp-hd_n_c^hdn-aj_redrel_c>hdn_optcmp_c,hd-pct_c
-1.527611	prd:sp-hd_n_c^hdn-aj_redrel_c>hdn_optcmp_c,np_adv_c
0.998320	prd:sp-hd_n_c^hdn-aj_redrel_c>hdn_optcmp_c,pp_-_i-cln_le
2.002452	prd:sp-hd_n_c^hdn-aj_redrel_c>n-hdn_cpd_c,hd-cmp_u_c
-0.976930	prd:sp-hd_n_c^hdn-aj_redrel_c>n-hdn_cpd_c,np_adv_c
0.971117	prd:sp-hd_n_c^hdn-aj_redrel_c>n_ms-cnt_ilr,hd-cmp_u_c
1.868801	prd:sp-hd_n_c^hdn-aj_redrel_c>n_ms-cnt_ilr,np_adv_c
2.645232	prd:sp-hd_n_c^hdn-aj_redrel_c>n_pl_olr,hd-cmp_u_c
-0.060718	prd:sp-hd_n_c^hdn-aj_redrel_c>n_pl_olr,pp_-_i-nm_le
-0.375613	prd:sp-hd_n_c^hdn-aj_redrel_c>n_sg_ilr,hd-cmp_u_c
-0.799137	prd:sp-hd_n_c^hdn-aj_redrel_c>v_nger-intr_dlr,np_adv_c
-0.959491	prd:sp-hd_n_c^hdn-cl_dsh_c>hdn-aj_redrel_c,sb-hd_mc_c
0.997275	prd:sp-hd_n_c^hdn-cl_prnth_c>n_sg_ilr,aj-hd_scp_c
-0.977611	prd:sp-hd_n_c^hdn_np-num_c>aj_-_i-rom-one_le
-0.997366	prd:sp-hd_n_c^hdn_np-num_c>hd-pct_nobrk_c
0.913896	prd:sp-hd_n_c^hdn_optcmp_c>hd-cmp_u_c
2.707720	prd:sp-hd_n_c^hdn_optcmp_c>hd-pct_c
-2.313215	prd:sp-hd_n_c^hdn_optcmp_c>n_ms-cnt_ilr
-0.863624	prd:sp-hd_n_c^hdn_optcmp_c>n_ms_ilr
-0.939282	prd:sp-hd_n_c^hdn_optcmp_c>n_pl-irreg-noaff_olr
-0.448592	prd:sp-hd_n_c^hdn_optcmp_c>n_pl_olr
2.246549	prd:sp-hd_n_c^hdn_optcmp_c>n_sg_ilr
-0.959900	prd:sp-hd_n_c^n-hdn_cpd-pl_c>aj-hdn_norm_c,n_sg_ilr
-0.940372	prd:sp-hd_n_c^n-hdn_cpd-pl_c>hdn_optcmp_c,hdn_optcmp_c
0.954723	prd:sp-hd_n_c^n-hdn_cpd-pl_c>n-n_crd-t_c,hdn_optcmp_c
0.901317	prd:sp-hd_n_c^n-hdn_cpd_c>hd-pct_nobrk_c,hd-pct_c
0.917847	prd:sp-hd_n_c^n-hdn_cpd_c>hdn_optcmp_c,hd-pct_c
0.337965	prd:sp-hd_n_c^n-hdn_cpd_c>hdn_optcmp_c,hdn_optcmp_c
-0.959855	prd:sp-hd_n_c^n-hdn_cpd_c>hdn_optcmp_c,n_sg_ilr
-0.705223	prd:sp-hd_n_c^n-hdn_cpd_c>n_-_c_le,hd-pct_c
-0.755404	prd:sp-hd_n_c^n-hdn_cpd_c>n_-_c_le,n_pl-irreg-noaff_olr
0.976930	prd:sp-hd_n_c^n-hdn_cpd_c>n_-_m_le,hdn_optcmp_c
-0.789873	prd:sp-hd_n_c^n-hdn_cpd_c>n_-_mc-unk_le,hd-pct_c
0.961717	prd:sp-hd_n_c^n-hdn_cpd_c>n_-_mc_le,n_sg_ilr
-0.915213	prd:sp-hd_n_c^n-hdn_cpd_c>np-hdn_cpd_c,hdn_optcmp_c
0.997366	prd:sp-hd_n_c^n-hdn_cpd_c>num-n_mnp_c,hdn_optcmp_c
0.907221	prd:sp-hd_n_c^n-hdn_cpd_c>num-n_mnp_c,n_sg_ilr
-0.907221	prd:sp-hd_n_c^n-hdn_cpd_c>sp-hd_hc_c,n_sg_ilr
-0.972298	prd:sp-hd_n_c^n-hdn_cpd_c>v_nger-intr_dlr,hdn_optcmp_c
-0.763806	prd:sp-hd_n_c^n-hdn_j-n-cpd_c>n_-_c_le,aj-hdn_norm_c
-0.923252	prd:sp-hd_n_c^n-n_crd-asym-t_c>hdn_optcmp_c,mrk-nh_n_c
-0.954723	prd:sp-hd_n_c^n-n_crd-asym-t_c>n_ms-cnt_ilr,mrk-nh_n_c
0.644641	prd:sp-hd_n_c^n-n_crd-div-t_c>hdn_optcmp_c,mrk-nh_n_c
-0.907811	prd:sp-hd_n_c^n-n_crd-nondiv-dll-t_c>hdn-aj_redrel-pr_c,mrk-nh_n_c
-1.781471	prd:sp-hd_n_c^n_ms-cnt_ilr>n_-_mc-ed_le
-1.540282	prd:sp-hd_n_c^n_ms-cnt_ilr>n_-_mc-unk_le
-0.801181	prd:sp-hd_n_c^n_ms-cnt_ilr>n_-_mc_le
-1.483833	prd:sp-hd_n_c^n_ms_ilr>n_-_m-time_le
-0.606767	prd:sp-hd_n_c^n_ms_ilr>n_-_m_le
-0.893824	prd:sp-hd_n_c^n_pl-irreg-noaff_olr>n_-_c-meas_le
-0.420391	prd:sp-hd_n_c^n_pl-irreg-noaff_olr>n_-_c-pl-one_le
0.910173	prd:sp-hd_n_c^n_pl-irreg-noaff_olr>n_-_c_le
-0.900772	prd:sp-hd_n_c^n_pl_olr>n_-_c-meas-nb_le
2.706085	prd:sp-hd_n_c^n_pl_olr>n_-_c_le
-1.548910	prd:sp-hd_n_c^n_pl_olr>n_-_mc-ns_le
-1.879064	prd:sp-hd_n_c^n_pl_olr>n_-_mc_le
-0.800772	prd:sp-hd_n_c^n_pl_olr>n_-_pn_le
0.606767	prd:sp-hd_n_c^n_sg_ilr>n_-_c-gr_le
-1.773978	prd:sp-hd_n_c^n_sg_ilr>n_-_c-meas-nb_le
4.367847	prd:sp-hd_n_c^n_sg_ilr>n_-_c-ns_le
1.483833	prd:sp-hd_n_c^n_sg_ilr>n_-_c-time_le
0.569346	prd:sp-hd_n_c^n_sg_ilr>n_-_c_le
-2.541462	prd:sp-hd_n_c^n_sg_ilr>n_-_pn-gen_le
-1.356903	prd:sp-hd_n_c^n_sg_ilr>n_-_pn-msc_le
-0.804087	prd:sp-hd_n_c^n_sg_ilr>n_-_pn_le
2.369619	prd:sp-hd_n_c^np-hdn_cpd_c>hdn_bnp-pn_c,hd-pct_c
0.915213	prd:sp-hd_n_c^np-hdn_cpd_c>hdn_bnp-pn_c,n-hdn_cpd_c
1.223433	prd:sp-hd_n_c^np-hdn_nme-cpd_c>hdn_bnp-pn_c,hd-pct_c
2.726022	prd:sp-hd_n_c^np-hdn_nme-cpd_c>hdn_bnp-pn_c,n_sg_ilr
-0.330381	prd:sp-hd_n_c^np-hdn_ttl-cpd_c>hdn_optcmp_c,n_sg_ilr
0.901272	prd:sp-hd_n_c^np-hdn_ttl-cpd_c>n_-_c-nocnh_le,hd-pct_c
-0.837557	prd:sp-hd_n_c^np-hdn_ttl-cpd_c>n_-_mc_le,n_sg_ilr
-1.726067	prd:sp-hd_n_c^num_det_c>aj-hd_int_c
2.024659	prd:sp-hd_n_c^num_det_c>aj_-_i-crd-one_le
-0.925704	prd:sp-hd_n_c^num_det_c>aj_-_i-crd-two_le
0.803315	prd:sp-hd_n_c^num_det_c>hd-cmp_u_c
0.920300	prd:sp-hd_n_c^num_prt-det-nc_c>hd-pct_c
0.901272	prd:sp-hd_n_c^pct-hd_c>pt_-_dqleft_le,d_-_poss-my_le
-0.848955	prd:sp-hd_n_c^sp-hd_hc_c>av_-_dg-jo_le,d_-_the_le
-0.002316	prd:sp-hd_n_c^sp-hd_hc_c>av_-_dg-jomv_le,d_-_the_le
1.589737	prd:sp-hd_n_c^sp-hd_hc_c>hdn_bnp-pn_c,n_-_cl-poss_le
0.964714	prd:sp-hd_n_c^sp-hd_hc_c>hdn_bnp-qnt_c,n_-_cl-poss_le
0.727248	prd:sp-hd_n_c^sp-hd_hc_c>sp-hd_n_c,n_-_cl-poss_le
-2.094732	prd:sp-hd_n_c^vp_np-ger_c>hd-aj_int-unsl_c
-0.953179	prd:v_3s-fin_olr^v_cp-frag_dlr>v_pp*-cp_le
-0.739918	prd:v_aux-sb-inv-ell_dlr^v_aux-ell-ref_dlr>v_prd_is-n_le
-0.529382	prd:v_aux-sb-inv-ell_dlr^v_aux-ell-ref_dlr>v_prd_was_le
1.615441	prd:v_aux-sb-inv-ell_dlr^v_aux-ell-ref_dlr>v_vp_did-n_le
-0.006540	prd:v_aux-sb-inv-ell_dlr^v_aux-ell-ref_dlr>v_vp_did_le
0.739918	prd:v_aux-sb-inv-ell_dlr^v_aux-ell-xpl_dlr>v_prd_is-n_le
-1.615441	prd:v_aux-sb-inv-ell_dlr^v_aux-ell-xpl_dlr>v_vp_did-n_le
0.159764	prd:v_aux-sb-inv_dlr^v_aux-advadd_dlr>v_vp_did_le
-0.746322	prd:v_aux-sb-inv_dlr^v_aux-advadd_dlr>v_vp_mdl-p-inv_le
0.946549	prd:v_aux-sb-inv_dlr^v_aux-advadd_dlr>v_vp_mdl-p-pst_le
-0.948638	prd:v_aux-sb-inv_dlr^v_aux-advadd_dlr>v_vp_mdl-p-sv_le
1.842189	prd:v_aux-tag_dlr^v_aux-sb-inv-ell_dlr>v_aux-ell-ref_dlr
-0.875522	prd:v_aux-tag_dlr^v_aux-sb-inv-ell_dlr>v_aux-ell-xpl_dlr
-0.942870	prd:v_inv-quot_dlr^v_pst_olr>v_cp_fin-inf-q-mob_le
0.070981	prd:v_j-nb-intr_dlr^v_prp_olr>v_-_unacc_le
-0.589328	prd:v_j-nb-pas-ptcl_dlr^v_pas-p_odlr>v_pp-vp_ssr_le
-1.205995	prd:v_j-nb-pas-tr_dlr^v_pas_odlr>v_np*_le
1.634378	prd:v_j-nb-pas-tr_dlr^v_pas_odlr>v_np_le
-1.548138	prd:v_j-nb-prp-tr_dlr^v_prp_olr>v_np*_le
-1.723479	prd:v_j-nb-prp-tr_dlr^v_prp_olr>v_np_le
1.719709	prd:v_j-nb-prp-tr_dlr^v_prp_olr>v_pp*_dir_le
-0.957584	prd:v_j-nme-tr_dlr^v_pas_odlr>v_np_le
-0.974932	prd:v_n3s-bse_ilr^v_cp-frag_dlr>v_cp_le
-0.997684	prd:v_n3s-bse_ilr^v_cp-frag_dlr>v_pp*-cp_le
0.727293	prd:v_n3s-bse_ilr^v_dat_dlr>v_np-np_le
-1.376521	prd:v_n3s-bse_ilr^v_it-cp-vp_dlr>v_np-cp_it-s_le
-1.702316	prd:v_nger-intr_dlr^v_prp_olr>v_-_le
1.748183	prd:v_nger-intr_dlr^v_prp_olr>v_-_unacc_le
-0.959855	prd:v_nger-pp_dlr^v_prp_olr>v_pp*_dir_le
-0.991054	prd:v_nger-tr_dlr^v_prp-nf_olr>v_np_le
-0.990282	prd:v_nger-tr_dlr^v_prp_olr>v_nb_idm_le
-0.997457	prd:v_nger-tr_dlr^v_prp_olr>v_np*-np_le
0.707175	prd:v_nger-tr_dlr^v_prp_olr>v_np*_le
-0.897457	prd:v_nger-tr_dlr^v_prp_olr>v_np_le
-0.920254	prd:v_np-prtcl_dlr^v_3s-fin_olr>v_p-np_le
0.668211	prd:v_np-prtcl_dlr^v_n3s-bse_ilr>v_p-np_le
-0.953043	prd:v_np-prtcl_dlr^v_prp_olr>v_p-np_le
0.936194	prd:v_np-prtcl_dlr^v_pst_olr>v_p-np_le
-0.425023	prd:v_pas_odlr^v_dat_dlr>v_np-np_le
-0.958084	prd:v_pst_olr^v_cp-frag_dlr>v_cp_le
-0.907675	prd:v_pst_olr^v_cp-frag_dlr>v_pp*-cp_fin-imp_le
-0.940100	prd:v_pst_olr^v_cp-frag_dlr>v_pp*-cp_le
-0.702271	prd:v_pst_olr^v_dat_dlr>v_np-np*_le
2.745186	prd:v_pst_olr^v_dat_dlr>v_np-np_le
-0.980836	prd:v_v-pre_dlr^v_n3s-bse_ilr>v_vp_ssr-nimp_le
-0.972934	prd:v_v-pre_dlr^v_pst_olr>v_np_noger_le
-0.872025	prd:v_v-re_dlr^v_n3s-bse_ilr>v_np*-pp*_to_le
-0.951181	prd:v_v-re_dlr^v_n3s-bse_ilr>v_pp*_dir_le
-0.588647	prd:v_v-re_dlr^v_prp_olr>v_np_le
-0.799319	prd:v_v-re_dlr^v_pst_olr>v_pp*-pp*_le
-0.633106	prd:v_v-un_dlr^v_pas_odlr>v_np_le
1.828156	prd:v_v-un_dlr^v_prp_olr>v_np*_le
-0.964078	prd:v_v-un_dlr^v_prp_olr>v_np-pp_e_le
-0.657175	prd:v_v-under_dlr^v_3s-fin_olr>v_np_le
-0.896276	prd:v_v-under_dlr^v_n3s-bse_ilr>v_np_le
-0.556812	prd:v_v-under_dlr^v_n3s-bse_ilr>v_np_thr-s_le
0.920254	prd:vp-vp_crd-fin-t_c^hd-aj_int-unsl_c>hd_optcmp_c,hd-cmp_u_c
0.002997	prd:vp-vp_crd-fin-t_c^hd-cmp_u_c>hd-cmp_u_c,sp-hd_n_c
-1.345595	prd:vp-vp_crd-fin-t_c^hd-cmp_u_c>v_np_is_le,sp-hd_n_c
1.345595	prd:vp-vp_crd-fin-t_c^hd-cmp_u_c>v_pst_olr,hdn_bnp-pn_c
0.900863	prd:vp-vp_crd-fin-t_c^hd-cmp_u_c>v_pst_olr,sp-hd_n_c
-0.900863	prd:vp-vp_crd-fin-t_c^hd_xcmp_c>hd-cmp_u_c
0.953179	prd:vp-vp_crd-fin-t_c^hd_xcmp_c>hd_optcmp_c
-1.061217	prd:vp-vp_crd-fin-t_c^mrk-nh_evnt_c>c_xp_and_le,hd-aj_int-unsl_c
1.984469	prd:vp-vp_crd-fin-t_c^mrk-nh_evnt_c>c_xp_and_le,hd-cmp_u_c
0.953179	prd:vp-vp_crd-fin-t_c^mrk-nh_evnt_c>c_xp_but_le,hd-cmp_u_c
-0.789918	prd:vp-vp_crd-nfin-t_c^hd_optcmp_c>v_n3s-bse_ilr
-0.789918	prd:vp-vp_crd-nfin-t_c^mrk-nh_evnt_c>c_xp_and_le,hd-cmp_u_c
4.304723	prd:vp-vp_crd-nfin-t_c^mrk-nh_evnt_c>c_xp_or_le,hd-aj_int-unsl_c
-4.304723	prd:vp-vp_crd-nfin-t_c^mrk-nh_evnt_c>c_xp_or_le,hd-cmp_u_c
1.418256	prd:vp_cp-sb-inf_c^hd-aj_int-unsl_c>hd-aj_int-unsl_c,hd-cmp_u_c
-0.559128	prd:vp_cp-sb-inf_c^hd-aj_int-unsl_c>hd_optcmp_c,aj-hd_int_c
-0.859128	prd:vp_cp-sb-inf_c^hd-cmp_u_c>hd-aj_vmod_c,hd-cmp_u_c
-0.772162	prd:vp_cp-sb-inf_c^hd-cmp_u_c>v_np_is_le,hdn_bnp_c
0.958674	prd:vp_cp-sb-inf_c^hd-cmp_u_c>v_np_was_le,sp-hd_n_c
0.772162	prd:vp_cp-sb-inf_c^hd-cmp_u_c>v_prd_is_le,hd_optcmp_c
-0.959991	prd:vp_cp-sb-inf_c^hd_optcmp_c>hd-pct_c
-0.778020	prd:vp_cp-sb-inf_c^v_aux-ell-ref_dlr>v_prd_was_le
-0.996957	prd:vp_cp-sb_c^hd-cmp_u_c>v_prd_is_le,cl-rc_c
-0.247275	prd:vp_cp-sb_c^hd-cmp_u_c>v_prd_is_le,hd_xcmp_c
-0.698683	prd:vp_fin-frg_c^hd-cmp_u_c>v_pst_olr,hdn_bnp-qnt_c
0.807448	prd:vp_fin-frg_c^hd-pct_c>v_pst_olr,pt_-_period_le
-0.953179	prd:vp_fin-frg_c^mrk-nh_evnt_c>c_xp_but_le,hd-cmp_u_c
-0.287920	prd:vp_nfin-frg_c^hd-cmp_u_c>cm_vp_to_le,hd-cmp_u_c
-0.940191	prd:vp_nfin-frg_c^hd-cmp_u_c>v_psp_olr,hdn_bnp-pn_c
-1.804723	prd:vp_nfin-frg_c^hd-pct_c>v_psp_olr,pt_-_period_le
-1.406630	prd:vp_np-ger_c^aj-hd_scp-xp_c>av_-_s-vp-x_le,hd-cmp_u_c
-0.864078	prd:vp_np-ger_c^hd-aj_int-unsl_c>hd-aj_int-unsl_c,hd-cmp_u_c
-0.416757	prd:vp_np-ger_c^hd-aj_int-unsl_c>hd-cmp_u_c,hd-cmp_u_c
0.640282	prd:vp_np-ger_c^hd-aj_int-unsl_c>hd-cmp_u_c,hd-pct_c
2.054450	prd:vp_np-ger_c^hd-aj_int-unsl_c>hd-cmp_u_c,np_adv_c
0.890009	prd:vp_np-ger_c^hd-aj_int-unsl_c>hd_optcmp_c,av_-_i-vp-po-nvm_le
-1.431880	prd:vp_np-ger_c^hd-aj_int-unsl_c>hd_optcmp_c,hd-cmp_u_c
-0.177520	prd:vp_np-ger_c^hd-aj_int-unsl_c>hd_optcmp_c,hd-pct_c
0.799137	prd:vp_np-ger_c^hd-aj_int-unsl_c>v_prp_olr,np_adv_c
1.377384	prd:vp_np-ger_c^hd-cmp_u_c>hd-cmp_u_c,hd-cmp_u_c
-0.419936	prd:vp_np-ger_c^hd-cmp_u_c>hd-pct_c,hdn_bnp-pn_c
-2.353678	prd:vp_np-ger_c^hd-cmp_u_c>hd_optcmp_c,sb-hd_mc_c
-2.342688	prd:vp_np-ger_c^hd-cmp_u_c>hd_optcmp_c,sb-hd_nmc_c
2.384196	prd:vp_np-ger_c^hd-cmp_u_c>v_np*_prp-unk_le,hdn_bnp-qnt_c
-0.934423	prd:vp_np-ger_c^hd-cmp_u_c>v_np_being_le,sp-hd_n_c
-0.529382	prd:vp_np-ger_c^hd-cmp_u_c>v_prd_being_le,hd-cmp_u_c
-2.854450	prd:vp_np-ger_c^hd-cmp_u_c>v_prd_being_le,hd-pct_c
0.640645	prd:vp_np-ger_c^hd-cmp_u_c>v_prp_olr,flr-hd_wh-nmc-fin_c
-0.983333	prd:vp_np-ger_c^hd-cmp_u_c>v_prp_olr,hd-aj_int-unsl_c
2.457675	prd:vp_np-ger_c^hd-cmp_u_c>v_prp_olr,hd-cmp_u_c
-1.145867	prd:vp_np-ger_c^hd-cmp_u_c>v_prp_olr,hdn_bnp-pn_c
-1.421208	prd:vp_np-ger_c^hd-cmp_u_c>v_prp_olr,hdn_bnp-qnt_c
6.535286	prd:vp_np-ger_c^hd-cmp_u_c>v_prp_olr,hdn_bnp_c
2.344323	prd:vp_np-ger_c^hd-cmp_u_c>v_prp_olr,sp-hd_n_c
-0.640645	prd:vp_np-ger_c^hd-cmp_u_c>v_prp_olr,x_-_who-cp_le
-0.588647	prd:vp_np-ger_c^hd-cmp_u_c>v_v-re_dlr,hdn_bnp-qnt_c
-1.265032	prd:vp_np-ger_c^hd-cmp_u_c>v_vp_have-prp_le,hd-aj_int-unsl_c
-0.782561	prd:vp_np-ger_c^hd-cmp_u_c>v_vp_have-prp_le,hd-cmp_u_c
-0.305359	prd:vp_np-ger_c^hd_optcmp_c>hd-cmp_u_c
-3.000545	prd:vp_np-ger_c^hd_optcmp_c>hd-pct_c
1.894914	prd:vp_np-ger_c^hd_optcmp_c>hd_optcmp_c
-0.741144	prd:vp_rc-redrel_c^hd-cmp_u_c>v_np_being_le,hdn-np_app-rbc_c
0.999864	prd:vp_rc-redrel_c^hd-cmp_u_c>v_pas_odlr,hd-cmp_u_c
1.761580	prd:vp_rc-redrel_c^hd-cmp_u_c>v_prp_olr,hd-cmp_u_c
-2.093460	prd:vp_rc-redrel_c^hd-cmp_u_c>v_prp_olr,hdn_bnp-pn_c
0.819255	prd:vp_rc-redrel_c^hd-cmp_u_c>v_prp_olr,hdn_bnp_c
-1.054269	prd:vp_rc-redrel_c^hd_optcmp_c>hd-cmp_u_c
-0.999864	prd:vp_rc-redrel_c^hd_optcmp_c>v_pas_odlr
0.022752	prd:vp_rc-redrel_c^vppr-vppr_crd-t_c>hd-cmp_u_c,mrk-nh_evnt_c
0.009628	prd:vp_sbrd-prd-aj_c^hd-cmp_u_c>aj_pp_i-cmp_le,hd-cmp_u_c
-0.987012	prd:vp_sbrd-prd-aj_c^hd-pct_c>aj_-_i_le,pt_-_period_le
-0.990054	prd:vp_sbrd-prd-aj_c^hd_optcmp_c>hd-pct_c
-0.997366	prd:vp_sbrd-prd-aj_c^n-v_j-cpd_c>n_-_c-meas_le,hd-pct_c
-0.333379	prd:vp_sbrd-prd-pas_c^hd-cmp_u_c>v_pas_odlr,hd-cmp_u_c
-0.958674	prd:vp_sbrd-prd-pas_c^hd_optcmp_c>hd-pct_c
-0.022752	prd:vp_sbrd-prd-pas_c^vppr-vppr_crd-t_c>hd-cmp_u_c,mrk-nh_evnt_c
-1.775795	prd:vp_sbrd-prd-prp_c^hd-cmp_u_c>hd-cmp_u_c,hd-cmp_u_c
2.093460	prd:vp_sbrd-prd-prp_c^hd-cmp_u_c>v_prp_olr,hdn_bnp-pn_c
-0.752180	prd:vp_sbrd-prd-prp_c^hd-cmp_u_c>v_prp_olr,hdn_bnp_c
-0.942825	prd:vp_sbrd-prd-prp_c^hd_optcmp_c>hd-pct_c
-0.941099	prd:vp_sbrd-pre_c^hd-cmp_u_c>v_pas_odlr,hd-cmp_u_c
-0.923433	prd:vppr-vppr_crd-t_c^hd_optcmp_c>v_pas_odlr
0.923433	prd:vppr-vppr_crd-t_c^hd_xcmp_c>v_pas_odlr
-0.923433	prd:vppr-vppr_crd-t_c^mrk-nh_evnt_c>c_xp_and_le,hd-cmp_u_c
0.923433	prd:vppr-vppr_crd-t_c^mrk-nh_evnt_c>c_xp_and_le,hd_xcmp_c
-0.801453	prd:w-w_fw-seq-m_c^hd-pct_c>n_-_gq_le,pt_-_comma_le
-0.801453	prd:w-w_fw-seq-m_c^hd-pct_nobrk_c>w-w_fw-seq-m_c,pt_-_hyphn-rgt_le
0.213896	prd:w-w_fw-seq-m_c^pct-hd_c>pt_-_dqleft_le,n_-_gq_le
0.213896	prd:w-w_fw-seq-m_c^w-w_fw-seq-m_c>pct-hd_c,n_-_gq_le
-0.801453	prd:w-w_fw-seq-m_c^w-w_fw-seq-m_c>w-w_fw-seq-m_c,hd-pct_c
1.121571	prd:w-w_fw-seq-t_c^hd-pct_c>hd-pct_c,pt_-_dqright_le
-0.907675	prd:w-w_fw-seq-t_c^hd-pct_c>n_-_gq_le,pt_-_dqright_le
-0.801453	prd:w-w_fw-seq-t_c^w-w_fw-seq-m_c>hd-pct_nobrk_c,n_-_gq_le
1.015350	prd:w-w_fw-seq-t_c^w-w_fw-seq-m_c>w-w_fw-seq-m_c,n_-_gq_le
-1.201181	prd:w_fw_c^pct-hd_c>pt_-_dqleft_le,hd-pct_c
-0.727021	r:aj-hd_int-inv_c
1.961535	r:aj-hd_int_c
1.563170	r:aj-hd_scp-xp_c
-0.457766	r:aj-hd_scp_c
0.954223	r:aj-hdn_adjn_c
1.454678	r:aj-hdn_norm_c
0.701408	r:aj-np_frg_c
-0.701408	r:aj-pp_frg_c
-0.941644	r:aj_prt-det-ncp_c
-0.947457	r:cl-cl_crd-int-t_c
1.737375	r:cl-cl_crd-t_c
-1.616894	r:cl-cl_runon-cma_c
0.762716	r:cl-cl_runon_c
-4.307766	r:cl-rc_c
0.977702	r:cl_adv_c
-0.403724	r:cl_cp-frg_c
-0.718120	r:cl_np-wh_c
-1.878747	r:cl_rc-fin-modgap_c
-1.584196	r:cl_rc-fin-nwh_c
-2.666985	r:cl_rc-inf-nwh-sb_c
-3.397003	r:cl_rc-inf-nwh_c
-3.493688	r:cl_rc-instr_c
-0.906585	r:cl_rel-frg_c
-0.749955	r:cl_wh-nonfin-frg_c
-3.373706	r:det_prt-nocmp_dlr
-1.790963	r:flr-hd_nwh-inv_c
-2.922298	r:flr-hd_nwh-nc-np_c
-0.385559	r:flr-hd_nwh-nc_c
0.635922	r:flr-hd_nwh_c
0.815713	r:flr-hd_rel-fin-pp_c
2.423342	r:flr-hd_rel-fin_c
1.134287	r:flr-hd_wh-mc-sb_c
2.879700	r:flr-hd_wh-mc_c
0.099410	r:flr-hd_wh-nmc-fin_c
2.135150	r:flr-hd_wh-nmc-inf_c
0.058129	r:frg-cl_runon_c
0.688329	r:hd-aj_int-sl_c
0.404768	r:hd-aj_int-unsl_c
2.633061	r:hd-aj_scp-pr-mc_c
-0.955086	r:hd-aj_scp-pr_c
-3.114305	r:hd-aj_scp_c
-1.934242	r:hd-aj_vmod-s_c
-3.120981	r:hd-aj_vmod_c
-2.462171	r:hd-cl_fr-rel_c
-1.771889	r:hd-cmp_2_c
9.229973	r:hd-cmp_u_c
-0.380200	r:hd-hd_rnr_c
0.907675	r:hd-pct_c
0.907221	r:hd-pct_nobrk_c
-5.142461	r:hd_imp_c
0.262670	r:hd_inv-nwh_c
-1.209764	r:hd_optcmp_c
-0.958674	r:hd_xaj-int-s_c
1.316485	r:hd_xaj-int-vp_c
-0.029837	r:hd_xcmp_c
-3.530926	r:hd_xsb-fin_c
-0.888874	r:hd_yesno-nmc_c
-0.932334	r:hd_yesno-period_c
-0.075023	r:hd_yesno_c
-0.901362	r:hdn-aj_rc-asym_c
-1.900091	r:hdn-aj_rc-pr_c
-2.079019	r:hdn-aj_rc_c
-1.768211	r:hdn-aj_redrel-asym_c
-2.846821	r:hdn-aj_redrel-pr_c
-0.463442	r:hdn-aj_redrel_c
0.414033	r:hdn-aj_title_c
-1.016576	r:hdn-cl_dsh_c
-0.841553	r:hdn-np_app-idf-rbc_c
-0.141462	r:hdn-np_app-pnr-rbc_c
-2.569164	r:hdn-np_app-r-pr_c
-2.358538	r:hdn-np_app-r_c
-0.741144	r:hdn-np_app-rbc_c
-3.176022	r:hdn-np_app_c
0.078974	r:hdn_bnp-num_c
-0.921344	r:hdn_bnp-pn_c
-1.521980	r:hdn_bnp-qnt_c
-1.708901	r:hdn_bnp-sg-nomod_c
0.248411	r:hdn_bnp-vger_c
-6.862761	r:hdn_bnp_c
-0.973206	r:hdn_color_c
-0.906767	r:hdn_nom-year_c
-3.791326	r:hdn_np-num_c
-2.455995	r:hdn_optcmp_c
0.907811	r:j-j_crd-att-t_c
0.984832	r:j-j_crd-prd-t_c
0.296140	r:j_att_dlr
-1.256994	r:j_frg_c
1.597411	r:j_j-un_dlr
-0.806994	r:j_n-ed_c
-0.901726	r:j_n-yofc_dlr
0.408992	r:j_sbrd-pre_c
-0.118983	r:j_tough_dlr
4.335831	r:mrk-nh_atom_c
0.789918	r:mrk-nh_cl_c
2.025976	r:mrk-nh_evnt_c
-3.897048	r:mrk-nh_n_c
1.081153	r:mrk-nh_nom_c
0.014351	r:n-hdn_cpd-pl_c
-1.330745	r:n-hdn_cpd_c
-0.763806	r:n-hdn_j-n-cpd_c
-0.964532	r:n-j_j-cpd_c
-1.877975	r:n-n_crd-asym-t_c
-0.813669	r:n-n_crd-div-dll-t_c
-0.267484	r:n-n_crd-div-t_c
-0.907811	r:n-n_crd-nondiv-dll-t_c
-0.030109	r:n-n_crd-t_c
1.218574	r:n-n_num-seq_c
-2.926158	r:n-v_j-cpd_c
0.913896	r:n_dom-ppof_dlr
-1.027748	r:n_ms-cnt_ilr
-1.890009	r:n_ms_ilr
-1.180972	r:n_n-co-ni_dlr
-0.859628	r:n_n-co_dlr
-0.806994	r:n_n-ed_odlr
0.589918	r:n_n-hour_dlr
-0.742916	r:n_pl-irreg-noaff_olr
-0.411989	r:n_pl_olr
-0.096322	r:n_sg_ilr
-0.998320	r:np-aj_frg_c
0.082153	r:np-cl_indef_c
-2.332425	r:np-hdn_cpd_c
0.787239	r:np-hdn_cty-cpd_c
4.748183	r:np-hdn_nme-cpd_c
-2.189510	r:np-hdn_ttl-cpd-pl_c
0.479700	r:np-hdn_ttl-cpd_c
1.237602	r:np-np_crd-i-t_c
-0.513669	r:np-np_crd-im_c
1.720845	r:np-np_crd-m_c
-0.156449	r:np-np_crd-t_c
0.874569	r:np-prdp_vpmod-pre_c
-1.551726	r:np-prdp_vpmod_c
-1.068074	r:np_adv-mnp_c
0.187330	r:np_adv_c
-1.880245	r:np_frg_c
-3.534378	r:np_indef-adv_c
-0.988102	r:np_nb-frg_c
-0.924659	r:np_prt-poss_c
-2.104360	r:np_voc-post_c
-2.411898	r:np_voc-pre_c
5.282879	r:num-n_mnp_c
0.176203	r:num_det_c
0.018211	r:num_prt-det-nc_c
-0.913896	r:num_prt-det-of_c
-1.139464	r:num_prt-nc_c
-1.134151	r:num_prt-of_c
-1.055540	r:pp_frg_c
-0.419936	r:r_cl-frg_c
-0.907539	r:r_int-frg_c
-0.900091	r:r_scp-frg_c
5.569164	r:sb-hd_mc_c
1.381835	r:sb-hd_nmc_c
-0.858129	r:sp-hd_hc-cmp_c
2.039373	r:sp-hd_hc_c
3.572797	r:sp-hd_n_c
-0.760036	r:v_3s-fin_olr
-3.532425	r:v_aux-advadd_dlr
-1.305586	r:v_aux-cx-noinv_dlr
-0.907539	r:v_aux-ell-ref_dlr
-0.876703	r:v_aux-ell-xpl_dlr
-0.535922	r:v_aux-sb-inv-ell_dlr
0.663170	r:v_aux-sb-inv_dlr
0.966667	r:v_aux-tag_dlr
0.948638	r:v_cond-inv_dlr
-5.731653	r:v_cp-frag_dlr
2.345186	r:v_dat_dlr
-0.942870	r:v_inv-quot_dlr
-1.376521	r:v_it-cp-vp_dlr
0.070981	r:v_j-nb-intr_dlr
-0.589328	r:v_j-nb-pas-ptcl_dlr
0.428383	r:v_j-nb-pas-tr_dlr
-1.551907	r:v_j-nb-prp-tr_dlr
-0.957584	r:v_j-nme-tr_dlr
-2.081108	r:v_n3s-bse_ilr
0.045867	r:v_nger-intr_dlr
-0.959855	r:v_nger-pp_dlr
-3.169074	r:v_nger-tr_dlr
-0.268892	r:v_np-prtcl_dlr
0.944233	r:v_pas-cp_odlr
-1.839146	r:v_pas-dat_odlr
-1.580381	r:v_pas-p_odlr
-0.997366	r:v_pas-prt-t_odlr
-0.168074	r:v_pas_odlr
-0.991054	r:v_prp-nf_olr
-1.212080	r:v_prp_olr
1.786058	r:v_psp_olr
1.991689	r:v_pst_olr
-1.953769	r:v_v-pre_dlr
-3.211172	r:v_v-re_dlr
0.230972	r:v_v-un_dlr
-2.110263	r:v_v-under_dlr
1.876431	r:vp-vp_crd-fin-t_c
-0.789918	r:vp-vp_crd-nfin-t_c
-0.779337	r:vp_cp-sb-inf_c
-1.244233	r:vp_cp-sb_c
-0.844414	r:vp_fin-frg_c
-3.032834	r:vp_nfin-frg_c
-1.846322	r:vp_np-ger_c
-1.285286	r:vp_rc-redrel_c
-2.964805	r:vp_sbrd-prd-aj_c
-0.949682	r:vp_sbrd-prd-ell_c
-1.314805	r:vp_sbrd-prd-pas_c
-1.377339	r:vp_sbrd-prd-prp_c
-0.941099	r:vp_sbrd-pre_c
-1.175114	r:w-w_fw-seq-m_c
0.213896	r:w-w_fw-seq-t_c
-1.201181	r:w_fw_c
-0.727021	rd:aj-hd_int-inv_c>pp_-_i-dir-nomodn_le,flr-hd_wh-mc_c
-0.189600	rd:aj-hd_int_c>av_-_i-unk_le,hd-aj_int-unsl_c
0.479019	rd:aj-hd_int_c>av_-_i-unk_le,hd-cmp_u_c
-0.912534	rd:aj-hd_int_c>av_-_i-vp-pr_le,aj_-_i-crd-one_le
-0.963624	rd:aj-hd_int_c>av_-_i-vp-pr_le,hd-cmp_u_c
0.958265	rd:aj-hd_int_c>av_-_i-vp-pr_le,hd_optcmp_c
-0.813533	rd:aj-hd_int_c>av_-_i-vp-x_le,aj_-_i-crd-one_le
-0.681562	rd:aj-hd_int_c>av_-_i-vp-x_le,aj_-_i-one-nmd_le
-0.792779	rd:aj-hd_int_c>av_-_i-vp-x_le,hd-aj_int-unsl_c
1.231835	rd:aj-hd_int_c>av_-_i-vp-x_le,hd-cmp_u_c
1.908084	rd:aj-hd_int_c>av_-_i-vp-x_le,hd_optcmp_c
0.515849	rd:aj-hd_int_c>av_-_i-vp-x_le,hd_xcmp_c
-0.922480	rd:aj-hd_int_c>av_-_i-vp-x_le,jpr-jpr_crd-t_c
0.913488	rd:aj-hd_int_c>av_-_i-vp_le,aj_-_i-crd-one_le
-0.979473	rd:aj-hd_int_c>av_-_i-vp_le,hd-cmp_u_c
0.953815	rd:aj-hd_int_c>av_-_i-vp_le,hd-pct_c
-0.958401	rd:aj-hd_int_c>av_-_pr-thmslvs_le,hd_optcmp_c
-0.593915	rd:aj-hd_int_c>hd-cmp_u_c,hd-pct_c
2.578656	rd:aj-hd_int_c>hd-pct_c,hd-cmp_u_c
-0.669664	rd:aj-hd_int_c>hdn_bnp-qnt_c,hd-cmp_u_c
0.900091	rd:aj-hd_int_c>pct-hd_c,hd-pct_c
0.919482	rd:aj-hd_scp-xp_c>av_-_s-cp-pr-inv-ell_le,hd-cmp_u_c
0.954768	rd:aj-hd_scp-xp_c>av_-_s-not-prdp_le,aj_-_i-many_le
-0.818120	rd:aj-hd_scp-xp_c>av_-_s-not-prdp_le,av_-_s-vp-x_le
0.081744	rd:aj-hd_scp-xp_c>av_-_s-not_le,hd-cmp_u_c
-0.729519	rd:aj-hd_scp-xp_c>av_-_s-not_le,hd_optcmp_c
0.992779	rd:aj-hd_scp-xp_c>av_-_s-vp-x_le,aj-hd_int_c
1.218574	rd:aj-hd_scp-xp_c>av_-_s-vp-x_le,hd-cmp_u_c
0.745277	rd:aj-hd_scp-xp_c>av_-_s-vp-x_le,hd_optcmp_c
-0.901272	rd:aj-hd_scp-xp_c>pct-hd_c,cl-cl_runon-cma_c
-0.900545	rd:aj-hd_scp-xp_c>pct-hd_c,cl-cl_runon_c
-0.332561	rd:aj-hd_scp_c>av_-_s-cp-mc-pr_le,sb-hd_mc_c
-0.003996	rd:aj-hd_scp_c>av_-_s-cp-pr_le,sb-hd_mc_c
0.950000	rd:aj-hd_scp_c>hd-cmp_u_c,aj-hd_scp_c
-0.958674	rd:aj-hd_scp_c>hd-cmp_u_c,flr-hd_nwh-inv_c
-0.920073	rd:aj-hd_scp_c>hd-cmp_u_c,flr-hd_nwh_c
0.847911	rd:aj-hd_scp_c>hd-cmp_u_c,flr-hd_wh-mc-sb_c
-0.973933	rd:aj-hd_scp_c>hd-cmp_u_c,flr-hd_wh-nmc-fin_c
-0.734696	rd:aj-hd_scp_c>hd-cmp_u_c,hd-cmp_u_c
-1.715985	rd:aj-hd_scp_c>hd-cmp_u_c,hd_imp_c
1.175204	rd:aj-hd_scp_c>hd-cmp_u_c,sb-hd_mc_c
1.570663	rd:aj-hd_scp_c>hd-pct_c,sb-hd_mc_c
0.408992	rd:aj-hd_scp_c>j_sbrd-pre_c,sb-hd_mc_c
0.874569	rd:aj-hd_scp_c>np-prdp_vpmod-pre_c,sb-hd_mc_c
-0.847911	rd:aj-hd_scp_c>np_voc-pre_c,flr-hd_wh-mc-sb_c
-0.939555	rd:aj-hd_scp_c>np_voc-pre_c,hd_yesno-nmc_c
-0.624432	rd:aj-hd_scp_c>np_voc-pre_c,sb-hd_mc_c
0.900545	rd:aj-hd_scp_c>pct-hd_c,aj-hd_scp_c
1.807266	rd:aj-hd_scp_c>pct-hd_c,sb-hd_mc_c
-0.941099	rd:aj-hd_scp_c>vp_sbrd-pre_c,sb-hd_nmc_c
-0.913488	rd:aj-hdn_adjn_c>aj_-_i-ord-one_le,aj-hdn_norm_c
0.907811	rd:aj-hdn_adjn_c>hd-pct_c,aj-hdn_norm_c
0.959900	rd:aj-hdn_adjn_c>v_j-nb-pas-tr_dlr,n-hdn_cpd-pl_c
0.913488	rd:aj-hdn_norm_c>aj-hd_int_c,hdn_optcmp_c
-0.099955	rd:aj-hdn_norm_c>aj_-_i-crd-one_le,hdn_optcmp_c
-0.177566	rd:aj-hdn_norm_c>aj_-_i-er_le,n_ms_ilr
-1.716894	rd:aj-hdn_norm_c>aj_-_i-er_le,n_sg_ilr
-0.016167	rd:aj-hdn_norm_c>aj_-_i-many_le,hdn_optcmp_c
1.824160	rd:aj-hdn_norm_c>aj_-_i-ndpt_le,hdn_optcmp_c
2.326158	rd:aj-hdn_norm_c>aj_-_i-svrl_le,hd-pct_c
-0.960581	rd:aj-hdn_norm_c>aj_-_i-unsp_le,n_pl_olr
0.960581	rd:aj-hdn_norm_c>aj_-_i-unsp_le,n_sg_ilr
0.801362	rd:aj-hdn_norm_c>aj_-_i_le,hd-cmp_u_c
-0.763806	rd:aj-hdn_norm_c>aj_-_i_le,hd-pct_c
-0.603815	rd:aj-hdn_norm_c>aj_-_i_le,hdn_optcmp_c
1.823933	rd:aj-hdn_norm_c>aj_-_i_le,n_ms-cnt_ilr
-0.662216	rd:aj-hdn_norm_c>aj_-_i_le,n_ms_ilr
0.755404	rd:aj-hdn_norm_c>aj_-_i_le,n_pl-irreg-noaff_olr
-1.719709	rd:aj-hdn_norm_c>aj_-_i_le,n_sg_ilr
0.924569	rd:aj-hdn_norm_c>aj_pp_i-more_le,hdn_optcmp_c
-0.589328	rd:aj-hdn_norm_c>hd-cmp_u_c,hd-pct_c
-0.901317	rd:aj-hdn_norm_c>hd-pct_nobrk_c,hd-pct_c
0.958401	rd:aj-hdn_norm_c>hd_optcmp_c,hdn_optcmp_c
-0.858538	rd:aj-hdn_norm_c>hd_optcmp_c,n_ms-cnt_ilr
0.868937	rd:aj-hdn_norm_c>hd_optcmp_c,n_ms_ilr
0.907811	rd:aj-hdn_norm_c>j-j_crd-att-t_c,n_sg_ilr
-0.952180	rd:aj-hdn_norm_c>n-v_j-cpd_c,n_ms_ilr
0.825250	rd:aj-hdn_norm_c>sp-hd_hc_c,hdn_optcmp_c
0.082970	rd:aj-hdn_norm_c>sp-hd_hc_c,n_pl_olr
0.972298	rd:aj-hdn_norm_c>v_j-nb-intr_dlr,hdn_optcmp_c
-0.923252	rd:aj-hdn_norm_c>v_j-nb-pas-tr_dlr,hdn_optcmp_c
-0.959900	rd:aj-hdn_norm_c>v_j-nb-pas-tr_dlr,n_-_c-pl_le
0.302997	rd:aj-hdn_norm_c>v_j-nb-pas-tr_dlr,n_ms-cnt_ilr
0.903815	rd:aj-hdn_norm_c>v_j-nb-pas-tr_dlr,n_pl_olr
-0.282743	rd:aj-hdn_norm_c>v_j-nb-pas-tr_dlr,n_sg_ilr
-0.963624	rd:aj-hdn_norm_c>v_j-nb-prp-tr_dlr,hd-pct_c
-1.548138	rd:aj-hdn_norm_c>v_j-nb-prp-tr_dlr,hdn_optcmp_c
0.959855	rd:aj-hdn_norm_c>v_j-nb-prp-tr_dlr,n_sg_ilr
-0.957584	rd:aj-hdn_norm_c>v_j-nme-tr_dlr,hd-pct_c
0.701408	rd:aj-np_frg_c>pct-hd_c,sp-hd_n_c
-0.701408	rd:aj-pp_frg_c>pct-hd_c,hd-cmp_u_c
-0.941644	rd:aj_prt-det-ncp_c>j-j_crd-prd-t_c
-0.947457	rd:cl-cl_crd-int-t_c>sb-hd_mc_c,mrk-nh_cl_c
0.947548	rd:cl-cl_crd-t_c>mrk-nh_atom_c,mrk-nh_cl_c
0.789827	rd:cl-cl_crd-t_c>sb-hd_mc_c,mrk-nh_cl_c
0.900727	rd:cl-cl_runon-cma_c>aj-hd_scp_c,flr-hd_nwh_c
-0.901272	rd:cl-cl_runon-cma_c>hd_imp_c,sb-hd_mc_c
-0.948638	rd:cl-cl_runon-cma_c>hd_yesno_c,sb-hd_mc_c
-0.027112	rd:cl-cl_runon-cma_c>sb-hd_mc_c,hd_yesno_c
-0.640599	rd:cl-cl_runon-cma_c>sb-hd_mc_c,sb-hd_mc_c
0.900681	rd:cl-cl_runon_c>aj-hd_scp_c,hd-aj_scp_c
-0.900681	rd:cl-cl_runon_c>aj-hd_scp_c,sb-hd_mc_c
1.702906	rd:cl-cl_runon_c>hd-aj_scp-pr-mc_c,np_frg_c
-0.940191	rd:cl-cl_runon_c>sb-hd_mc_c,vp_nfin-frg_c
-0.990327	rd:cl-rc_c>aj-hd_scp-xp_c,flr-hd_rel-fin_c
-0.016712	rd:cl-rc_c>hd-aj_int-unsl_c,flr-hd_rel-fin_c
-0.722298	rd:cl-rc_c>hd-cmp_u_c,flr-hd_rel-fin-pp_c
-0.043324	rd:cl-rc_c>hd-cmp_u_c,flr-hd_rel-fin_c
-1.538147	rd:cl-rc_c>hd_optcmp_c,flr-hd_rel-fin_c
-0.996957	rd:cl-rc_c>hd_xcmp_c,flr-hd_rel-fin_c
0.977702	rd:cl_adv_c>sb-hd_nmc_c
-0.403724	rd:cl_cp-frg_c>hd-cmp_u_c
-0.580518	rd:cl_np-wh_c>flr-hd_wh-nmc-fin_c
0.749955	rd:cl_np-wh_c>flr-hd_wh-nmc-inf_c
-0.887557	rd:cl_np-wh_c>hd-cmp_u_c
-1.878747	rd:cl_rc-fin-modgap_c>sb-hd_nmc_c
-1.584196	rd:cl_rc-fin-nwh_c>sb-hd_nmc_c
-2.666985	rd:cl_rc-inf-nwh-sb_c>hd-cmp_u_c
-0.592734	rd:cl_rc-inf-nwh_c>aj-hd_int_c
-2.804269	rd:cl_rc-inf-nwh_c>hd-cmp_u_c
-3.493688	rd:cl_rc-instr_c>hd-cmp_u_c
-0.906585	rd:cl_rel-frg_c>flr-hd_rel-fin_c
-0.749955	rd:cl_wh-nonfin-frg_c>flr-hd_wh-nmc-inf_c
-1.953860	rd:det_prt-nocmp_dlr>d_-_prt-plm_le
-0.919391	rd:det_prt-nocmp_dlr>d_-_prt-sg_le
-0.500454	rd:det_prt-nocmp_dlr>d_-_prt-unsp_le
-0.958674	rd:flr-hd_nwh-inv_c>hd-cmp_u_c,hd-aj_scp_c
-0.832289	rd:flr-hd_nwh-inv_c>hd-cmp_u_c,hd-cmp_u_c
-0.942870	rd:flr-hd_nwh-nc-np_c>hdn_bnp-qnt_c,hd-cmp_u_c
-1.979428	rd:flr-hd_nwh-nc-np_c>sp-hd_n_c,sb-hd_nmc_c
-0.800000	rd:flr-hd_nwh-nc_c>hd-cmp_u_c,hd_imp_c
0.800000	rd:flr-hd_nwh-nc_c>hd-cmp_u_c,sb-hd_nmc_c
0.403724	rd:flr-hd_nwh-nc_c>hd-cmp_u_c,vp_cp-sb_c
0.883969	rd:flr-hd_nwh-nc_c>np_adv_c,sb-hd_nmc_c
-0.841553	rd:flr-hd_nwh-nc_c>pp_-_i_le,sb-hd_nmc_c
-0.831698	rd:flr-hd_nwh-nc_c>sb-hd_nmc_c,sb-hd_nmc_c
1.516485	rd:flr-hd_nwh_c>hd-cmp_u_c,sb-hd_nmc_c
0.912625	rd:flr-hd_nwh_c>hd-pct_c,sb-hd_nmc_c
-0.920073	rd:flr-hd_nwh_c>hd_optcmp_c,sb-hd_nmc_c
-0.832652	rd:flr-hd_nwh_c>hdn_bnp-pn_c,sb-hd_nmc_c
-0.841417	rd:flr-hd_nwh_c>np_indef-adv_c,sb-hd_nmc_c
-2.501362	rd:flr-hd_nwh_c>sb-hd_mc_c,hd_xcmp_c
2.501362	rd:flr-hd_nwh_c>sb-hd_nmc_c,hd_xcmp_c
0.800954	rd:flr-hd_nwh_c>sb-hd_nmc_c,sb-hd_nmc_c
0.630518	rd:flr-hd_rel-fin-pp_c>hd-cmp_u_c,sb-hd_nmc_c
0.185195	rd:flr-hd_rel-fin-pp_c>pp_-_i-rel-that_le,sb-hd_nmc_c
-0.626431	rd:flr-hd_rel-fin_c>n_-_pr-rel-acc_le,sb-hd_nmc_c
-0.486194	rd:flr-hd_rel-fin_c>n_-_pr-rel-nwh_le,hd_xsb-fin_c
1.693778	rd:flr-hd_rel-fin_c>n_-_pr-rel-nwh_le,sb-hd_nmc_c
0.500454	rd:flr-hd_rel-fin_c>n_-_pr-rel-what_le,hd_xsb-fin_c
1.341735	rd:flr-hd_rel-fin_c>n_-_pr-rel-who_le,hd_xsb-fin_c
-0.330381	rd:flr-hd_rel-fin_c>sp-hd_n_c,hd_xsb-fin_c
0.330381	rd:flr-hd_rel-fin_c>sp-hd_n_c,sb-hd_nmc_c
0.656994	rd:flr-hd_wh-mc-sb_c>hdn_bnp-qnt_c,hd_xsb-fin_c
0.927748	rd:flr-hd_wh-mc-sb_c>hdn_bnp_c,hd_xsb-fin_c
-0.450454	rd:flr-hd_wh-mc-sb_c>sp-hd_n_c,hd_xsb-fin_c
-0.827112	rd:flr-hd_wh-mc_c>hd-cmp_u_c,hd-cmp_u_c
1.554133	rd:flr-hd_wh-mc_c>hd-cmp_u_c,hd_xcmp_c
-0.847956	rd:flr-hd_wh-mc_c>hdn_bnp-qnt_c,hd-aj_scp-pr_c
-0.018438	rd:flr-hd_wh-mc_c>hdn_bnp-qnt_c,hd-cmp_u_c
0.974069	rd:flr-hd_wh-mc_c>hdn_bnp-qnt_c,hd_xcmp_c
1.586376	rd:flr-hd_wh-mc_c>np_adv-mnp_c,hd-cmp_u_c
-0.743188	rd:flr-hd_wh-mc_c>np_adv-mnp_c,hd_xcmp_c
1.019891	rd:flr-hd_wh-mc_c>np_adv_c,hd-cmp_u_c
-0.943233	rd:flr-hd_wh-mc_c>pp_-_i-wh_le,aj-hd_int_c
0.943233	rd:flr-hd_wh-mc_c>sp-hd_hc_c,hd-cmp_u_c
1.537421	rd:flr-hd_wh-mc_c>sp-hd_n_c,hd-cmp_u_c
-0.426885	rd:flr-hd_wh-mc_c>sp-hd_n_c,hd-hd_rnr_c
-0.928610	rd:flr-hd_wh-mc_c>sp-hd_n_c,hd_xcmp_c
-1.647956	rd:flr-hd_wh-nmc-fin_c>hd-cmp_u_c,vp_cp-sb_c
-1.201726	rd:flr-hd_wh-nmc-fin_c>hdn_bnp-qnt_c,hd_xsb-fin_c
2.696957	rd:flr-hd_wh-nmc-fin_c>hdn_bnp-qnt_c,sb-hd_nmc_c
-0.487511	rd:flr-hd_wh-nmc-fin_c>hdn_bnp-vger_c,sb-hd_nmc_c
0.926158	rd:flr-hd_wh-nmc-fin_c>hdn_bnp_c,sb-hd_nmc_c
2.575658	rd:flr-hd_wh-nmc-fin_c>np_adv_c,sb-hd_nmc_c
-1.874932	rd:flr-hd_wh-nmc-fin_c>sp-hd_hc_c,sb-hd_nmc_c
-1.880336	rd:flr-hd_wh-nmc-fin_c>sp-hd_n_c,hd_xsb-fin_c
0.993097	rd:flr-hd_wh-nmc-fin_c>sp-hd_n_c,sb-hd_nmc_c
0.000545	rd:flr-hd_wh-nmc-inf_c>hdn_bnp-qnt_c,hd-cmp_u_c
1.834151	rd:flr-hd_wh-nmc-inf_c>np_adv_c,hd-cmp_u_c
0.300454	rd:flr-hd_wh-nmc-inf_c>pp_-_i-wh_le,hd-cmp_u_c
-0.940191	rd:frg-cl_runon_c>np_frg_c,cl-cl_runon_c
0.998320	rd:frg-cl_runon_c>np_frg_c,sb-hd_mc_c
0.971980	rd:hd-aj_int-sl_c>hd-aj_int-unsl_c,hd_xcmp_c
-0.971980	rd:hd-aj_int-sl_c>hd-cmp_u_c,hd_xcmp_c
1.660309	rd:hd-aj_int-sl_c>hd_optcmp_c,hd_xcmp_c
-0.971980	rd:hd-aj_int-sl_c>v_pst_olr,hd-aj_int-sl_c
0.873797	rd:hd-aj_int-unsl_c>aj_-_i_le,hd-cmp_u_c
3.088193	rd:hd-aj_int-unsl_c>hd-aj_int-unsl_c,hd-cmp_u_c
-1.782879	rd:hd-aj_int-unsl_c>hd-aj_int-unsl_c,hd-pct_c
-0.913896	rd:hd-aj_int-unsl_c>hd-aj_int-unsl_c,np_adv-mnp_c
0.628338	rd:hd-aj_int-unsl_c>hd-aj_int-unsl_c,np_adv_c
-0.998819	rd:hd-aj_int-unsl_c>hd-aj_int-unsl_c,pp-pp_crd-t_c
-0.959310	rd:hd-aj_int-unsl_c>hd-aj_scp_c,hd-cmp_u_c
-0.963215	rd:hd-aj_int-unsl_c>hd-cmp_u_c,av_-_i-vp_le
-0.500954	rd:hd-aj_int-unsl_c>hd-cmp_u_c,hd-aj_int-unsl_c
-0.638374	rd:hd-aj_int-unsl_c>hd-cmp_u_c,hd-cmp_u_c
-1.285059	rd:hd-aj_int-unsl_c>hd-cmp_u_c,hd-pct_c
-0.447820	rd:hd-aj_int-unsl_c>hd-cmp_u_c,np_adv_c
-1.982062	rd:hd-aj_int-unsl_c>hd-cmp_u_c,np_indef-adv_c
-0.500272	rd:hd-aj_int-unsl_c>hd-cmp_u_c,pp_-_i-nmb_le
1.924796	rd:hd-aj_int-unsl_c>hd-cmp_u_c,sp-hd_hc_c
-0.559128	rd:hd-aj_int-unsl_c>hd_optcmp_c,aj-hd_int_c
-0.897729	rd:hd-aj_int-unsl_c>hd_optcmp_c,av_-_i-vp-po-cmp_le
2.377566	rd:hd-aj_int-unsl_c>hd_optcmp_c,av_-_i-vp-po_le
0.963215	rd:hd-aj_int-unsl_c>hd_optcmp_c,av_-_i-vp_le
-0.955041	rd:hd-aj_int-unsl_c>hd_optcmp_c,av_-_pr-herself_le
-0.934332	rd:hd-aj_int-unsl_c>hd_optcmp_c,av_-_pr-himself_le
-0.864078	rd:hd-aj_int-unsl_c>hd_optcmp_c,av_-_pr-myself_le
-0.985104	rd:hd-aj_int-unsl_c>hd_optcmp_c,hd-aj_int-unsl_c
3.618438	rd:hd-aj_int-unsl_c>hd_optcmp_c,hd-cmp_u_c
-1.935150	rd:hd-aj_int-unsl_c>hd_optcmp_c,hd-pct_c
-0.997366	rd:hd-aj_int-unsl_c>hd_optcmp_c,np_adv-mnp_c
3.940599	rd:hd-aj_int-unsl_c>hd_optcmp_c,np_adv_c
0.022797	rd:hd-aj_int-unsl_c>hd_optcmp_c,sp-hd_hc_c
-0.979473	rd:hd-aj_int-unsl_c>hd_xaj-int-vp_c,aj-hd_int_c
-0.579473	rd:hd-aj_int-unsl_c>hd_xaj-int-vp_c,av_-_i-vp_le
4.232016	rd:hd-aj_int-unsl_c>hd_xaj-int-vp_c,hd-cmp_u_c
1.426794	rd:hd-aj_int-unsl_c>hd_xaj-int-vp_c,hd-pct_c
-1.642643	rd:hd-aj_int-unsl_c>hd_xaj-int-vp_c,np_adv_c
-0.949955	rd:hd-aj_int-unsl_c>hd_xcmp_c,av_-_i-vp-po_le
-0.930745	rd:hd-aj_int-unsl_c>hd_xcmp_c,hd-cmp_u_c
-0.710899	rd:hd-aj_int-unsl_c>hd_xcmp_c,np_indef-adv_c
-0.964532	rd:hd-aj_int-unsl_c>n-j_j-cpd_c,hd-cmp_u_c
-0.997457	rd:hd-aj_int-unsl_c>np_adv_c,hd-cmp_u_c
-0.979337	rd:hd-aj_int-unsl_c>np_adv_c,np_adv_c
-0.900954	rd:hd-aj_int-unsl_c>pp_-_i-dir-nomodn_le,hd-cmp_u_c
1.612489	rd:hd-aj_int-unsl_c>pp_-_i_le,hd-cmp_u_c
1.479519	rd:hd-aj_int-unsl_c>v_3s-fin_olr,hd-cmp_u_c
0.576340	rd:hd-aj_int-unsl_c>v_aux-ell-ref_dlr,hd-cmp_u_c
0.919391	rd:hd-aj_int-unsl_c>v_aux-ell-ref_dlr,hd-pct_c
-0.820436	rd:hd-aj_int-unsl_c>v_aux-ell-xpl_dlr,hd-cmp_u_c
0.766440	rd:hd-aj_int-unsl_c>v_n3s-bse_ilr,aj-hd_int_c
1.558946	rd:hd-aj_int-unsl_c>v_n3s-bse_ilr,av_-_i-vp_le
1.169891	rd:hd-aj_int-unsl_c>v_n3s-bse_ilr,hd-cmp_u_c
0.035740	rd:hd-aj_int-unsl_c>v_n3s-bse_ilr,hd-pct_c
-1.645504	rd:hd-aj_int-unsl_c>v_n3s-bse_ilr,np_adv_c
-0.766440	rd:hd-aj_int-unsl_c>v_n3s-bse_ilr,sp-hd_hc_c
0.132380	rd:hd-aj_int-unsl_c>v_prp_olr,hd-cmp_u_c
0.799137	rd:hd-aj_int-unsl_c>v_prp_olr,np_adv_c
0.999364	rd:hd-aj_int-unsl_c>v_psp_olr,hd-pct_c
0.047411	rd:hd-aj_int-unsl_c>v_pst_olr,hd-cmp_u_c
-0.999364	rd:hd-aj_int-unsl_c>v_pst_olr,hd-pct_c
0.999228	rd:hd-aj_int-unsl_c>v_pst_olr,np_adv_c
0.998819	rd:hd-aj_int-unsl_c>v_pst_olr,pp-pp_crd-t_c
-0.998819	rd:hd-aj_int-unsl_c>v_pst_olr,pp_-_i-nomodn_le
-0.820254	rd:hd-aj_int-unsl_c>vp-vp_crd-fin-t_c,hd-cmp_u_c
0.847956	rd:hd-aj_scp-pr-mc_c>flr-hd_wh-mc_c,hd-cmp_u_c
1.702906	rd:hd-aj_scp-pr-mc_c>flr-hd_wh-mc_c,hd-pct_nobrk_c
-1.596004	rd:hd-aj_scp-pr-mc_c>hd_yesno_c,hd-cmp_u_c
-1.602271	rd:hd-aj_scp-pr-mc_c>np_frg_c,hd-pct_c
1.904223	rd:hd-aj_scp-pr-mc_c>sb-hd_mc_c,hd-cmp_u_c
1.601817	rd:hd-aj_scp-pr-mc_c>sb-hd_mc_c,hd-pct_c
-0.225568	rd:hd-aj_scp-pr-mc_c>sb-hd_mc_c,np_voc-post_c
-0.997366	rd:hd-aj_scp-pr_c>hd-aj_int-unsl_c,vp_sbrd-prd-aj_c
0.977702	rd:hd-aj_scp-pr_c>hd-cmp_u_c,cl_adv_c
-0.199637	rd:hd-aj_scp-pr_c>hd-cmp_u_c,hd-cmp_u_c
-0.801362	rd:hd-aj_scp-pr_c>hd-cmp_u_c,np-prdp_vpmod_c
-0.901090	rd:hd-aj_scp-pr_c>hd_imp_c,np_voc-post_c
0.966667	rd:hd-aj_scp-pr_c>sb-hd_nmc_c,hd-cmp_u_c
1.632062	rd:hd-aj_scp_c>aj_-_i_le,hd-cmp_u_c
0.454314	rd:hd-aj_scp_c>hd-aj_int-unsl_c,hd-cmp_u_c
0.242461	rd:hd-aj_scp_c>hd-cmp_u_c,hd-cmp_u_c
-1.977066	rd:hd-aj_scp_c>hd-cmp_u_c,vp_sbrd-prd-aj_c
-0.356131	rd:hd-aj_scp_c>hd-cmp_u_c,vp_sbrd-prd-pas_c
-2.527975	rd:hd-aj_scp_c>hd-cmp_u_c,vp_sbrd-prd-prp_c
-0.471753	rd:hd-aj_scp_c>hd_optcmp_c,hd-cmp_u_c
0.009628	rd:hd-aj_scp_c>hd_optcmp_c,vp_sbrd-prd-aj_c
1.150636	rd:hd-aj_scp_c>hd_optcmp_c,vp_sbrd-prd-prp_c
-0.958674	rd:hd-aj_scp_c>hd_xaj-int-s_c,vp_sbrd-prd-pas_c
0.800000	rd:hd-aj_scp_c>hd_xaj-int-vp_c,hd-cmp_u_c
-0.976612	rd:hd-aj_scp_c>n-v_j-cpd_c,hd-cmp_u_c
1.113079	rd:hd-aj_scp_c>sb-hd_mc_c,hd-cmp_u_c
-0.438420	rd:hd-aj_scp_c>v_3s-fin_olr,hd-cmp_u_c
0.882925	rd:hd-aj_scp_c>v_aux-ell-ref_dlr,hd-pct_c
-0.902861	rd:hd-aj_scp_c>v_n3s-bse_ilr,hd-cmp_u_c
-0.789918	rd:hd-aj_scp_c>vp-vp_crd-nfin-t_c,hd-pct_c
-0.977702	rd:hd-aj_vmod-s_c>hd-cmp_u_c,np_voc-post_c
-0.956540	rd:hd-aj_vmod-s_c>hd-pct_c,hd-cmp_u_c
-0.993915	rd:hd-aj_vmod_c>aj_pp_i-more_le,av_-_i-unk_le
-1.155132	rd:hd-aj_vmod_c>hd-cmp_u_c,hd-aj_int-unsl_c
1.117938	rd:hd-aj_vmod_c>hd-cmp_u_c,hd-cmp_u_c
-0.892870	rd:hd-aj_vmod_c>hd-cmp_u_c,hd-pct_c
-0.311308	rd:hd-aj_vmod_c>hd_optcmp_c,hd-aj_int-unsl_c
1.987648	rd:hd-aj_vmod_c>hd_optcmp_c,hd-cmp_u_c
0.988874	rd:hd-aj_vmod_c>n_ms-cnt_ilr,hd-cmp_u_c
-0.724251	rd:hd-aj_vmod_c>n_sg_ilr,hd-cmp_u_c
0.963624	rd:hd-aj_vmod_c>n_sg_ilr,np_adv_c
-1.818438	rd:hd-aj_vmod_c>v_3s-fin_olr,av_-_i-vp-po_le
0.996367	rd:hd-aj_vmod_c>v_3s-fin_olr,sp-hd_hc_c
-0.289419	rd:hd-aj_vmod_c>v_aux-cx-noinv_dlr,av_-_i-unk_le
-0.900636	rd:hd-aj_vmod_c>v_cp_was_le,hd-cmp_u_c
-0.868937	rd:hd-aj_vmod_c>v_n3s-bse_ilr,av_-_i-vp-cmp_le
-0.749955	rd:hd-aj_vmod_c>v_n3s-bse_ilr,av_-_i-vp-po_le
-0.709764	rd:hd-aj_vmod_c>v_n3s-bse_ilr,hd-cmp_u_c
0.974977	rd:hd-aj_vmod_c>v_n3s-bse_ilr,sp-hd_hc_c
-0.958265	rd:hd-aj_vmod_c>v_prd_was_le,np_adv_c
-0.083379	rd:hd-aj_vmod_c>v_prp_olr,hd-cmp_u_c
-0.865895	rd:hd-aj_vmod_c>v_pst_olr,hd-aj_int-unsl_c
2.072752	rd:hd-aj_vmod_c>v_pst_olr,hd-cmp_u_c
-0.900999	rd:hd-aj_vmod_c>v_vp_will-p_le,np_adv_c
-0.669664	rd:hd-cl_fr-rel_c>hd-cmp_u_c,hd_xsb-fin_c
-0.543915	rd:hd-cl_fr-rel_c>n_-_pr-fr-wh_le,sb-hd_nmc_c
0.651453	rd:hd-cl_fr-rel_c>n_-_pr-fr_le,hd_xsb-fin_c
-0.999319	rd:hd-cl_fr-rel_c>n_-_pr-fr_le,sb-hd_nmc_c
-0.900727	rd:hd-cl_fr-rel_c>pct-hd_c,sb-hd_nmc_c
0.906540	rd:hd-cl_jd-prnth_c>aj_-_i-er_le,aj-hd_scp_c
-0.906540	rd:hd-cl_jd-prnth_c>aj_-_i-er_le,sb-hd_mc_c
-0.563351	rd:hd-cmp_2_c>v_n3s-bse_ilr,aj_-_i_le
0.966530	rd:hd-cmp_2_c>v_n3s-bse_ilr,hd-cmp_u_c
-0.687148	rd:hd-cmp_2_c>v_n3s-bse_ilr,pp_-_i_le
0.735695	rd:hd-cmp_2_c>v_pas_odlr,hd-cmp_u_c
-0.886649	rd:hd-cmp_2_c>v_psp_olr,aj_-_i-er_le
-0.958401	rd:hd-cmp_2_c>v_psp_olr,hd-cmp_u_c
-0.378565	rd:hd-cmp_2_c>v_pst_olr,hd-cmp_u_c
-0.257493	rd:hd-cmp_u_c>aj-hdn_norm_c,hd-cmp_u_c
-0.273342	rd:hd-cmp_u_c>aj_cp_i-fin_le,hd-cmp_u_c
0.734696	rd:hd-cmp_u_c>aj_cp_i-it-c_le,hd-cmp_u_c
0.487511	rd:hd-cmp_u_c>aj_cp_i-it_le,flr-hd_wh-nmc-fin_c
-0.975795	rd:hd-cmp_u_c>aj_cp_i-it_le,hd-cmp_u_c
0.949682	rd:hd-cmp_u_c>aj_cp_i-it_le,sb-hd_nmc_c
-0.900681	rd:hd-cmp_u_c>aj_cp_i_le,hd-cmp_u_c
0.975795	rd:hd-cmp_u_c>aj_pp-vp_i-it-nt_le,hd-cmp_u_c
0.275522	rd:hd-cmp_u_c>aj_pp-vp_i-it_le,hd-cmp_u_c
-0.653996	rd:hd-cmp_u_c>aj_pp_i-er_le,hd-cmp_u_c
1.193460	rd:hd-cmp_u_c>aj_pp_i-obl_le,hd-cmp_u_c
0.078247	rd:hd-cmp_u_c>aj_vp_i-seq_le,hd-cmp_u_c
-0.662761	rd:hd-cmp_u_c>cm_np-vp_for_le,hdn_bnp-pn_c
3.369846	rd:hd-cmp_u_c>cm_np-vp_for_le,hdn_bnp-qnt_c
-1.521344	rd:hd-cmp_u_c>cm_np-vp_for_le,hdn_bnp_c
0.592734	rd:hd-cmp_u_c>cm_np-vp_for_le,sp-hd_n_c
-0.162125	rd:hd-cmp_u_c>cm_np-vp_if-ic_le,sb-hd_nmc_c
1.798774	rd:hd-cmp_u_c>cm_np-vp_that_le,sb-hd_nmc_c
0.438420	rd:hd-cmp_u_c>cm_np-vp_wh_le,sb-hd_nmc_c
0.969437	rd:hd-cmp_u_c>cm_vp_from_le,hd-cmp_u_c
0.195686	rd:hd-cmp_u_c>cm_vp_to_le,aj-hd_scp-xp_c
3.177339	rd:hd-cmp_u_c>cm_vp_to_le,hd-aj_int-unsl_c
-0.789918	rd:hd-cmp_u_c>cm_vp_to_le,hd-aj_scp_c
1.106312	rd:hd-cmp_u_c>cm_vp_to_le,hd-cmp_u_c
0.829655	rd:hd-cmp_u_c>cm_vp_to_le,hd-pct_c
1.324160	rd:hd-cmp_u_c>cm_vp_to_le,hd_optcmp_c
-0.620027	rd:hd-cmp_u_c>cm_vp_to_le,hd_xaj-int-vp_c
-0.206358	rd:hd-cmp_u_c>cm_vp_to_le,hd_xcmp_c
-1.369301	rd:hd-cmp_u_c>cm_vp_to_le,v_aux-ell-ref_dlr
-0.860445	rd:hd-cmp_u_c>cm_vp_to_le,v_n3s-bse_ilr
0.938874	rd:hd-cmp_u_c>cm_vp_wh_le,hd-cmp_u_c
-0.669664	rd:hd-cmp_u_c>d_-_freerel_le,n_sg_ilr
0.977702	rd:hd-cmp_u_c>hd-aj_scp-pr_c,hd-cmp_u_c
-0.977702	rd:hd-cmp_u_c>hd-aj_vmod-s_c,hd-cmp_u_c
-0.956540	rd:hd-cmp_u_c>hd-aj_vmod-s_c,sp-hd_n_c
-0.900999	rd:hd-cmp_u_c>hd-aj_vmod_c,hd-aj_int-unsl_c
1.503860	rd:hd-cmp_u_c>hd-aj_vmod_c,hd-cmp_u_c
-0.865895	rd:hd-cmp_u_c>hd-aj_vmod_c,hd-pct_c
-0.958265	rd:hd-cmp_u_c>hd-aj_vmod_c,hd_optcmp_c
-0.749955	rd:hd-cmp_u_c>hd-aj_vmod_c,hd_xsb-fin_c
-1.980972	rd:hd-cmp_u_c>hd-aj_vmod_c,hdn_bnp-pn_c
-0.083379	rd:hd-cmp_u_c>hd-aj_vmod_c,hdn_bnp-qnt_c
2.386558	rd:hd-cmp_u_c>hd-aj_vmod_c,hdn_bnp-vger_c
-0.868937	rd:hd-cmp_u_c>hd-aj_vmod_c,hdn_bnp_c
-0.602997	rd:hd-cmp_u_c>hd-aj_vmod_c,sp-hd_n_c
0.735695	rd:hd-cmp_u_c>hd-cmp_2_c,hd-cmp_u_c
-0.886649	rd:hd-cmp_u_c>hd-cmp_2_c,hdn_bnp-pn_c
-1.521753	rd:hd-cmp_u_c>hd-cmp_2_c,hdn_bnp_c
-0.099183	rd:hd-cmp_u_c>hd-cmp_2_c,sp-hd_n_c
0.591508	rd:hd-cmp_u_c>hd-cmp_u_c,aj-hd_int_c
0.144596	rd:hd-cmp_u_c>hd-cmp_u_c,aj-hd_scp-xp_c
-0.264532	rd:hd-cmp_u_c>hd-cmp_u_c,aj_-_i_le
-0.515849	rd:hd-cmp_u_c>hd-cmp_u_c,av_-_i-vp-x_le
1.390645	rd:hd-cmp_u_c>hd-cmp_u_c,av_-_s-not_le
-0.717121	rd:hd-cmp_u_c>hd-cmp_u_c,av_-_s-vp-x_le
-0.626431	rd:hd-cmp_u_c>hd-cmp_u_c,cl-rc_c
-0.949682	rd:hd-cmp_u_c>hd-cmp_u_c,cl_rc-fin-modgap_c
-0.977611	rd:hd-cmp_u_c>hd-cmp_u_c,cl_rc-fin-nwh_c
0.900636	rd:hd-cmp_u_c>hd-cmp_u_c,flr-hd_rel-fin-pp_c
2.297956	rd:hd-cmp_u_c>hd-cmp_u_c,flr-hd_rel-fin_c
1.296412	rd:hd-cmp_u_c>hd-cmp_u_c,flr-hd_wh-nmc-inf_c
1.349137	rd:hd-cmp_u_c>hd-cmp_u_c,hd-aj_int-sl_c
-1.494732	rd:hd-cmp_u_c>hd-cmp_u_c,hd-aj_int-unsl_c
-0.990054	rd:hd-cmp_u_c>hd-cmp_u_c,hd-aj_scp_c
0.306040	rd:hd-cmp_u_c>hd-cmp_u_c,hd-cmp_u_c
-2.941508	rd:hd-cmp_u_c>hd-cmp_u_c,hd-pct_c
-0.362035	rd:hd-cmp_u_c>hd-cmp_u_c,hd_optcmp_c
0.177430	rd:hd-cmp_u_c>hd-cmp_u_c,hd_xaj-int-vp_c
-2.621753	rd:hd-cmp_u_c>hd-cmp_u_c,hd_xcmp_c
-0.942870	rd:hd-cmp_u_c>hd-cmp_u_c,hd_xsb-fin_c
-2.018801	rd:hd-cmp_u_c>hd-cmp_u_c,hdn_bnp-qnt_c
-0.985513	rd:hd-cmp_u_c>hd-cmp_u_c,hdn_bnp-sg-nomod_c
1.406630	rd:hd-cmp_u_c>hd-cmp_u_c,hdn_bnp-vger_c
1.013896	rd:hd-cmp_u_c>hd-cmp_u_c,hdn_bnp_c
-1.837057	rd:hd-cmp_u_c>hd-cmp_u_c,np_adv_c
-1.736694	rd:hd-cmp_u_c>hd-cmp_u_c,sb-hd_nmc_c
-0.586013	rd:hd-cmp_u_c>hd-cmp_u_c,sp-hd_hc_c
-1.002180	rd:hd-cmp_u_c>hd-cmp_u_c,sp-hd_n_c
0.374932	rd:hd-cmp_u_c>hd-cmp_u_c,vp_rc-redrel_c
-0.300454	rd:hd-cmp_u_c>hd-cmp_u_c,x_-_wh-cp_le
2.422389	rd:hd-cmp_u_c>hd-pct_c,hdn_bnp-pn_c
-0.907675	rd:hd-cmp_u_c>hd-pct_c,np_frg_c
-0.800999	rd:hd-cmp_u_c>hd-pct_c,sb-hd_nmc_c
-0.953179	rd:hd-cmp_u_c>hd-pct_c,vp_fin-frg_c
-0.734696	rd:hd-cmp_u_c>hd_optcmp_c,aj-hd_scp_c
1.445731	rd:hd-cmp_u_c>hd_optcmp_c,hd-cmp_u_c
0.987012	rd:hd-cmp_u_c>hd_optcmp_c,hd-pct_c
0.837557	rd:hd-cmp_u_c>hd_optcmp_c,hd_xsb-fin_c
-2.353678	rd:hd-cmp_u_c>hd_optcmp_c,sb-hd_mc_c
2.354859	rd:hd-cmp_u_c>hd_optcmp_c,sb-hd_nmc_c
-0.929064	rd:hd-cmp_u_c>hd_xcmp_c,cl_rc-fin-modgap_c
-0.426885	rd:hd-cmp_u_c>hd_xcmp_c,cl_rc-fin-nwh_c
0.839010	rd:hd-cmp_u_c>hd_xcmp_c,hd-cmp_u_c
-1.854995	rd:hd-cmp_u_c>hd_xcmp_c,hd-pct_c
0.886240	rd:hd-cmp_u_c>hd_xcmp_c,hd_optcmp_c
-2.964260	rd:hd-cmp_u_c>hd_xcmp_c,hdn_bnp-pn_c
1.965259	rd:hd-cmp_u_c>hd_xcmp_c,sp-hd_n_c
-1.262307	rd:hd-cmp_u_c>hd_xcmp_c,vp_rc-redrel_c
-0.063215	rd:hd-cmp_u_c>hdn-aj_rc_c,hd-cmp_u_c
-0.906767	rd:hd-cmp_u_c>hdn_nom-year_c,hd-cmp_u_c
0.858129	rd:hd-cmp_u_c>j_j-un_dlr,hd-cmp_u_c
-0.901726	rd:hd-cmp_u_c>j_n-yofc_dlr,hd-pct_c
0.521208	rd:hd-cmp_u_c>j_tough_dlr,hd-cmp_u_c
-0.956222	rd:hd-cmp_u_c>n-hdn_cpd_c,hd-cmp_u_c
-0.930745	rd:hd-cmp_u_c>n_-_pr_le,aj_-_i_le
0.913896	rd:hd-cmp_u_c>n_dom-ppof_dlr,hd-cmp_u_c
2.297548	rd:hd-cmp_u_c>n_ms-cnt_ilr,hd-cmp_u_c
-0.977702	rd:hd-cmp_u_c>n_nb_pr-you_le,hdn_optcmp_c
-0.993233	rd:hd-cmp_u_c>n_nb_x-for-y_le,hdn_np-num_c
-0.907221	rd:hd-cmp_u_c>n_nb_x-to-y_le,n_sg_ilr
0.914351	rd:hd-cmp_u_c>n_np_mc-indef_le,sp-hd_n_c
-0.500454	rd:hd-cmp_u_c>n_pl_olr,flr-hd_wh-nmc-fin_c
1.887421	rd:hd-cmp_u_c>n_pl_olr,hd-cmp_u_c
0.886966	rd:hd-cmp_u_c>n_pl_olr,hd_xcmp_c
-0.966985	rd:hd-cmp_u_c>n_pp_c-pl-sg_le,hd-cmp_u_c
0.912443	rd:hd-cmp_u_c>n_pp_mc-a-of_le,hd-cmp_u_c
-0.963624	rd:hd-cmp_u_c>n_sg_ilr,aj-hd_int_c
-0.730745	rd:hd-cmp_u_c>n_sg_ilr,hd-cmp_u_c
1.603451	rd:hd-cmp_u_c>n_sg_ilr,hd-pct_c
-0.871526	rd:hd-cmp_u_c>np-hdn_cpd_c,hd-cmp_u_c
-0.913896	rd:hd-cmp_u_c>num_prt-det-of_c,hd-cmp_u_c
-1.134151	rd:hd-cmp_u_c>num_prt-of_c,hd-cmp_u_c
-0.825250	rd:hd-cmp_u_c>p_cp_gap-s_le,hd_xsb-fin_c
-2.634423	rd:hd-cmp_u_c>p_cp_i-nmod_le,sb-hd_nmc_c
-0.843551	rd:hd-cmp_u_c>p_cp_i_le,sb-hd_nmc_c
-1.448501	rd:hd-cmp_u_c>p_cp_inv-ell_le,hd-cmp_u_c
1.448501	rd:hd-cmp_u_c>p_cp_ptcl-ell_le,hd_yesno-nmc_c
-0.397956	rd:hd-cmp_u_c>p_cp_ptcl-ell_le,sb-hd_nmc_c
-0.172525	rd:hd-cmp_u_c>p_cp_ptcl-npgap_le,hd_xsb-fin_c
-0.376340	rd:hd-cmp_u_c>p_cp_ptcl-npgap_le,sb-hd_nmc_c
-0.078429	rd:hd-cmp_u_c>p_cp_ptcl-ppgap_le,sb-hd_nmc_c
-0.038828	rd:hd-cmp_u_c>p_cp_s-cln_le,sb-hd_mc_c
1.306040	rd:hd-cmp_u_c>p_cp_s-for_le,hdn_bnp-pn_c
-0.291644	rd:hd-cmp_u_c>p_cp_s-for_le,hdn_bnp-qnt_c
-2.143143	rd:hd-cmp_u_c>p_cp_s-for_le,hdn_bnp_c
-0.877566	rd:hd-cmp_u_c>p_cp_s-for_le,sp-hd_n_c
-0.793506	rd:hd-cmp_u_c>p_cp_s-ncop_le,sp-hd_n_c
0.198501	rd:hd-cmp_u_c>p_cp_s-notop_le,sb-hd_nmc_c
0.910854	rd:hd-cmp_u_c>p_cp_s-unsp_le,sb-hd_nmc_c
1.993233	rd:hd-cmp_u_c>p_cp_s_le,sb-hd_nmc_c
-0.902089	rd:hd-cmp_u_c>p_nb-pp_i-frm-to_le,hdn_np-num_c
-0.965804	rd:hd-cmp_u_c>p_nb_i-nm-an_le,aj-hdn_norm_c
-0.965895	rd:hd-cmp_u_c>p_nb_i-nm-any_le,n_ms-cnt_ilr
0.841826	rd:hd-cmp_u_c>p_nb_i-nm_le,hd-pct_c
-0.997275	rd:hd-cmp_u_c>p_nb_i-nm_le,hdn-cl_dsh_c
0.944323	rd:hd-cmp_u_c>p_nb_i-nm_le,hdn_optcmp_c
-0.902089	rd:hd-cmp_u_c>p_nb_i-nmd-to_le,num_prt-det-nc_c
1.934968	rd:hd-cmp_u_c>p_nb_i-nmd_le,hd-cmp_u_c
-0.968665	rd:hd-cmp_u_c>p_nb_i-nmd_le,n_sg_ilr
-0.550272	rd:hd-cmp_u_c>p_nb_i_le,hdn_optcmp_c
-0.858084	rd:hd-cmp_u_c>p_nb_i_le,n_ms-cnt_ilr
-0.996094	rd:hd-cmp_u_c>p_nb_i_le,n_sg_ilr
0.898411	rd:hd-cmp_u_c>p_np-np_s-ncop_le,hdn_bnp-pn_c
-0.900817	rd:hd-cmp_u_c>p_np-np_s-ncop_le,hdn_bnp_c
0.902089	rd:hd-cmp_u_c>p_np-pp_i-frm-to_le,hdn_optcmp_c
-0.924569	rd:hd-cmp_u_c>p_np-pp_i-more-than_le,hdn_bnp_c
-0.839827	rd:hd-cmp_u_c>p_np_i-dgsp_le,hdn_bnp-pn_c
-0.999864	rd:hd-cmp_u_c>p_np_i-dgsp_le,sp-hd_n_c
-0.995958	rd:hd-cmp_u_c>p_np_i-nm-no-tm-to_le,hdn_bnp-sg-nomod_c
-0.963533	rd:hd-cmp_u_c>p_np_i-nm-no-tm-to_le,hdn_bnp_c
-0.630518	rd:hd-cmp_u_c>p_np_i-nm-poss_le,cl_np-wh_c
-0.994187	rd:hd-cmp_u_c>p_np_i-nm-poss_le,hdn_bnp-pn_c
2.231971	rd:hd-cmp_u_c>p_np_i-nm-poss_le,hdn_bnp-qnt_c
-3.644414	rd:hd-cmp_u_c>p_np_i-nm-poss_le,hdn_bnp-vger_c
1.808311	rd:hd-cmp_u_c>p_np_i-nm-poss_le,hdn_bnp_c
2.403860	rd:hd-cmp_u_c>p_np_i-nm-poss_le,sp-hd_n_c
-1.421163	rd:hd-cmp_u_c>p_np_i-nnm-nprd_le,hdn_bnp-qnt_c
-0.930518	rd:hd-cmp_u_c>p_np_i-nnm-nprd_le,n_-_pr-rel-acc_le
-0.992098	rd:hd-cmp_u_c>p_np_i-nnm-nprd_le,sp-hd_n_c
0.843551	rd:hd-cmp_u_c>p_np_i-nnm-npro_le,sp-hd_n_c
1.268574	rd:hd-cmp_u_c>p_np_i-nnm_le,hdn_bnp-pn_c
-3.407493	rd:hd-cmp_u_c>p_np_i-nnm_le,hdn_bnp-qnt_c
-1.594369	rd:hd-cmp_u_c>p_np_i-nnm_le,hdn_bnp-vger_c
-1.836467	rd:hd-cmp_u_c>p_np_i-nnm_le,hdn_bnp_c
1.704178	rd:hd-cmp_u_c>p_np_i-nnm_le,hdn_optcmp_c
-0.195686	rd:hd-cmp_u_c>p_np_i-nnm_le,sp-hd_hc_c
3.456676	rd:hd-cmp_u_c>p_np_i-nnm_le,sp-hd_n_c
-0.781562	rd:hd-cmp_u_c>p_np_i-nomnp_le,sp-hd_n_c
0.912534	rd:hd-cmp_u_c>p_np_i-nsp-ngap_le,sp-hd_n_c
-1.679519	rd:hd-cmp_u_c>p_np_i-prd-a_le,hd-cmp_u_c
-1.086785	rd:hd-cmp_u_c>p_np_i-reg_le,cl_np-wh_c
-2.380154	rd:hd-cmp_u_c>p_np_i-reg_le,hdn_bnp-pn_c
0.985513	rd:hd-cmp_u_c>p_np_i-reg_le,hdn_bnp-sg-nomod_c
-1.948365	rd:hd-cmp_u_c>p_np_i-reg_le,hdn_bnp-vger_c
1.743460	rd:hd-cmp_u_c>p_np_i-reg_le,hdn_bnp_c
1.727339	rd:hd-cmp_u_c>p_np_i-reg_le,np-np_crd-t_c
1.878520	rd:hd-cmp_u_c>p_np_i-reg_le,sp-hd_n_c
-0.800000	rd:hd-cmp_u_c>p_np_i-tmp_le,hdn-aj_rc_c
-0.713851	rd:hd-cmp_u_c>p_np_i-tmp_le,hdn-np_app-r-pr_c
0.998819	rd:hd-cmp_u_c>p_np_i-tmp_le,hdn_bnp-pn_c
0.962216	rd:hd-cmp_u_c>p_np_i-tmp_le,hdn_bnp_c
4.198183	rd:hd-cmp_u_c>p_np_i-tmp_le,hdn_optcmp_c
0.683197	rd:hd-cmp_u_c>p_np_i-tmp_le,sp-hd_n_c
-0.898411	rd:hd-cmp_u_c>p_np_i_le,hdn-np_app_c
0.284378	rd:hd-cmp_u_c>p_np_i_le,hdn_bnp-pn_c
-1.169573	rd:hd-cmp_u_c>p_np_i_le,hdn_bnp-qnt_c
3.508492	rd:hd-cmp_u_c>p_np_i_le,hdn_bnp-vger_c
1.958674	rd:hd-cmp_u_c>p_np_i_le,hdn_bnp_c
-1.758311	rd:hd-cmp_u_c>p_np_i_le,np-np_crd-t_c
-1.621208	rd:hd-cmp_u_c>p_np_i_le,sp-hd_n_c
-1.418937	rd:hd-cmp_u_c>p_np_ptcl-ngap_le,hdn_bnp-pn_c
0.997775	rd:hd-cmp_u_c>p_np_ptcl-ngap_le,hdn_bnp-qnt_c
2.061807	rd:hd-cmp_u_c>p_np_ptcl-ngap_le,hdn_bnp_c
-0.900817	rd:hd-cmp_u_c>p_np_ptcl-ngap_le,hdn_optcmp_c
0.702316	rd:hd-cmp_u_c>p_np_ptcl-ngap_le,sp-hd_n_c
-0.993097	rd:hd-cmp_u_c>p_np_ptcl-of_le,hdn-np_app-r_c
0.994187	rd:hd-cmp_u_c>p_np_ptcl-of_le,hdn_bnp-pn_c
0.182289	rd:hd-cmp_u_c>p_np_ptcl-of_le,hdn_bnp-qnt_c
0.869800	rd:hd-cmp_u_c>p_np_ptcl-of_le,hdn_bnp_c
1.561035	rd:hd-cmp_u_c>p_np_ptcl-of_le,n_-_pr-rel-acc_le
-1.411762	rd:hd-cmp_u_c>p_np_ptcl-of_le,sp-hd_n_c
3.556040	rd:hd-cmp_u_c>p_np_ptcl-ref_le,hdn_bnp-pn_c
-0.962216	rd:hd-cmp_u_c>p_np_ptcl-ref_le,hdn_bnp_c
0.999864	rd:hd-cmp_u_c>p_np_ptcl-ref_le,sp-hd_n_c
2.086104	rd:hd-cmp_u_c>p_np_ptcl_le,cl_np-wh_c
-0.966576	rd:hd-cmp_u_c>p_np_ptcl_le,hdn-np_app_c
0.392189	rd:hd-cmp_u_c>p_np_ptcl_le,hdn_bnp-pn_c
0.283470	rd:hd-cmp_u_c>p_np_ptcl_le,hdn_bnp-qnt_c
1.880018	rd:hd-cmp_u_c>p_np_ptcl_le,hdn_bnp-vger_c
-3.521980	rd:hd-cmp_u_c>p_np_ptcl_le,hdn_bnp_c
-1.794732	rd:hd-cmp_u_c>p_np_ptcl_le,hdn_optcmp_c
-0.701726	rd:hd-cmp_u_c>p_np_ptcl_le,n-n_num-seq_c
1.758311	rd:hd-cmp_u_c>p_np_ptcl_le,np-np_crd-t_c
2.078837	rd:hd-cmp_u_c>p_np_ptcl_le,sp-hd_n_c
-0.932698	rd:hd-cmp_u_c>p_np_s_le,hdn_bnp-pn_c
-1.700363	rd:hd-cmp_u_c>p_pp_i-coprd-lx_le,hd-cmp_u_c
-0.964759	rd:hd-cmp_u_c>p_pp_i-coprd_le,hd-cmp_u_c
-0.938874	rd:hd-cmp_u_c>p_pp_i_le,hd-cmp_u_c
-0.920300	rd:hd-cmp_u_c>p_prd_ptcl-ngap_le,np_adv_c
0.786149	rd:hd-cmp_u_c>p_prd_ptcl_le,aj_-_i-er_le
0.076294	rd:hd-cmp_u_c>p_prd_ptcl_le,hd-cmp_u_c
0.979791	rd:hd-cmp_u_c>p_prd_ptcl_le,hd-pct_c
0.858129	rd:hd-cmp_u_c>p_prd_ptcl_le,sp-hd_hc_c
-0.943688	rd:hd-cmp_u_c>p_prd_s-v-p_le,np_adv_c
-0.995958	rd:hd-cmp_u_c>p_prd_s_le,hd-cmp_u_c
4.122434	rd:hd-cmp_u_c>p_vp_bse_le,hd-aj_int-unsl_c
-2.929564	rd:hd-cmp_u_c>p_vp_bse_le,hd-cmp_u_c
1.266485	rd:hd-cmp_u_c>p_vp_bse_le,hd-pct_c
-0.544414	rd:hd-cmp_u_c>p_vp_bse_le,hd_optcmp_c
-0.997230	rd:hd-cmp_u_c>p_vp_bse_le,v_n3s-bse_ilr
-0.858129	rd:hd-cmp_u_c>sp-hd_hc-cmp_c,hd-cmp_u_c
2.262534	rd:hd-cmp_u_c>sp-hd_hc_c,hd-cmp_u_c
-0.997230	rd:hd-cmp_u_c>v_3s-fin_olr,aj-hd_scp_c
0.838738	rd:hd-cmp_u_c>v_3s-fin_olr,flr-hd_wh-nmc-inf_c
2.486058	rd:hd-cmp_u_c>v_3s-fin_olr,hd-cmp_u_c
-0.994005	rd:hd-cmp_u_c>v_3s-fin_olr,hd-pct_c
0.002452	rd:hd-cmp_u_c>v_3s-fin_olr,hd_xcmp_c
2.027929	rd:hd-cmp_u_c>v_3s-fin_olr,hdn_bnp-pn_c
-0.041326	rd:hd-cmp_u_c>v_3s-fin_olr,hdn_bnp-qnt_c
-1.707130	rd:hd-cmp_u_c>v_3s-fin_olr,hdn_bnp-sg-nomod_c
-0.489873	rd:hd-cmp_u_c>v_3s-fin_olr,hdn_bnp-vger_c
-0.069936	rd:hd-cmp_u_c>v_3s-fin_olr,hdn_bnp_c
-1.493188	rd:hd-cmp_u_c>v_3s-fin_olr,np-np_crd-t_c
0.852498	rd:hd-cmp_u_c>v_3s-fin_olr,p_np_ptcl_le
0.762080	rd:hd-cmp_u_c>v_3s-fin_olr,sb-hd_nmc_c
0.657175	rd:hd-cmp_u_c>v_3s-fin_olr,sp-hd_n_c
-0.838738	rd:hd-cmp_u_c>v_3s-fin_olr,x_-_who-cp_le
-0.818120	rd:hd-cmp_u_c>v_aux-advadd_dlr,aj-hd_scp-xp_c
-0.997866	rd:hd-cmp_u_c>v_aux-advadd_dlr,av_-_i-vp-x-spr_le
-1.765849	rd:hd-cmp_u_c>v_aux-advadd_dlr,av_-_i-vp-x_le
1.066667	rd:hd-cmp_u_c>v_aux-advadd_dlr,av_-_s-not_le
-0.428610	rd:hd-cmp_u_c>v_aux-advadd_dlr,av_-_s-vp-x_le
0.289419	rd:hd-cmp_u_c>v_aux-cx-noinv_dlr,aj-hd_int_c
1.414169	rd:hd-cmp_u_c>v_aux-cx-noinv_dlr,cl_np-wh_c
-0.807084	rd:hd-cmp_u_c>v_aux-cx-noinv_dlr,flr-hd_wh-nmc-fin_c
-0.607084	rd:hd-cmp_u_c>v_aux-cx-noinv_dlr,hd-aj_int-unsl_c
-2.095186	rd:hd-cmp_u_c>v_aux-cx-noinv_dlr,hdn_bnp_c
0.789600	rd:hd-cmp_u_c>v_aux-cx-noinv_dlr,sp-hd_n_c
-0.267984	rd:hd-cmp_u_c>v_aux-sb-inv-ell_dlr,hdn_bnp-qnt_c
-0.529382	rd:hd-cmp_u_c>v_aux-sb-inv-ell_dlr,hdn_bnp-vger_c
-0.705223	rd:hd-cmp_u_c>v_aux-sb-inv-ell_dlr,sp-hd_n_c
1.554133	rd:hd-cmp_u_c>v_aux-sb-inv_dlr,hdn-np_app_c
-0.016894	rd:hd-cmp_u_c>v_aux-sb-inv_dlr,hdn_bnp-pn_c
1.702906	rd:hd-cmp_u_c>v_aux-sb-inv_dlr,hdn_bnp-qnt_c
-0.743188	rd:hd-cmp_u_c>v_aux-sb-inv_dlr,hdn_bnp-vger_c
-1.833787	rd:hd-cmp_u_c>v_aux-sb-inv_dlr,sp-hd_n_c
-0.875522	rd:hd-cmp_u_c>v_aux-tag_dlr,hd-pct_c
1.842189	rd:hd-cmp_u_c>v_aux-tag_dlr,hdn_bnp-qnt_c
0.948638	rd:hd-cmp_u_c>v_cond-inv_dlr,hdn_bnp-pn_c
-0.419936	rd:hd-cmp_u_c>v_cp_been_le,sb-hd_nmc_c
-0.939555	rd:hd-cmp_u_c>v_cp_is_le,aj-hd_scp_c
-0.901090	rd:hd-cmp_u_c>v_cp_is_le,hd-aj_scp-pr_c
1.762852	rd:hd-cmp_u_c>v_cp_is_le,hd-cmp_u_c
-1.587829	rd:hd-cmp_u_c>v_cp_is_le,sb-hd_nmc_c
-0.973933	rd:hd-cmp_u_c>v_cp_was_le,aj-hd_scp_c
0.973933	rd:hd-cmp_u_c>v_cp_was_le,hd-cmp_u_c
-0.942870	rd:hd-cmp_u_c>v_inv-quot_dlr,hdn_bnp-qnt_c
-0.589328	rd:hd-cmp_u_c>v_j-nb-pas-ptcl_dlr,p_np_ptcl_le
-0.958401	rd:hd-cmp_u_c>v_n3s-bse_ilr,aj-hd_int_c
0.795731	rd:hd-cmp_u_c>v_n3s-bse_ilr,aj-hd_scp-xp_c
-0.941099	rd:hd-cmp_u_c>v_n3s-bse_ilr,aj-hd_scp_c
-0.887557	rd:hd-cmp_u_c>v_n3s-bse_ilr,cl_np-wh_c
0.833878	rd:hd-cmp_u_c>v_n3s-bse_ilr,flr-hd_wh-nmc-fin_c
-0.248819	rd:hd-cmp_u_c>v_n3s-bse_ilr,hd-aj_int-unsl_c
-1.563124	rd:hd-cmp_u_c>v_n3s-bse_ilr,hd-cmp_u_c
2.749955	rd:hd-cmp_u_c>v_n3s-bse_ilr,hd-pct_c
0.590418	rd:hd-cmp_u_c>v_n3s-bse_ilr,hd_optcmp_c
-0.683924	rd:hd-cmp_u_c>v_n3s-bse_ilr,hd_xaj-int-vp_c
0.937738	rd:hd-cmp_u_c>v_n3s-bse_ilr,hd_xcmp_c
-0.737511	rd:hd-cmp_u_c>v_n3s-bse_ilr,hd_xsb-fin_c
-0.928156	rd:hd-cmp_u_c>v_n3s-bse_ilr,hd_yesno-nmc_c
-0.665077	rd:hd-cmp_u_c>v_n3s-bse_ilr,hdn-np_app_c
1.284832	rd:hd-cmp_u_c>v_n3s-bse_ilr,hdn_bnp-pn_c
-1.502589	rd:hd-cmp_u_c>v_n3s-bse_ilr,hdn_bnp-qnt_c
0.994187	rd:hd-cmp_u_c>v_n3s-bse_ilr,hdn_bnp-sg-nomod_c
-0.299364	rd:hd-cmp_u_c>v_n3s-bse_ilr,hdn_bnp-vger_c
1.176658	rd:hd-cmp_u_c>v_n3s-bse_ilr,hdn_bnp_c
0.984832	rd:hd-cmp_u_c>v_n3s-bse_ilr,j-j_crd-prd-t_c
-0.974932	rd:hd-cmp_u_c>v_n3s-bse_ilr,j_frg_c
-0.984832	rd:hd-cmp_u_c>v_n3s-bse_ilr,n-n_crd-t_c
4.641281	rd:hd-cmp_u_c>v_n3s-bse_ilr,np_adv_c
-0.997684	rd:hd-cmp_u_c>v_n3s-bse_ilr,np_frg_c
0.986104	rd:hd-cmp_u_c>v_n3s-bse_ilr,p_np_ptcl_le
-0.900045	rd:hd-cmp_u_c>v_n3s-bse_ilr,pp_-_i_le
1.658674	rd:hd-cmp_u_c>v_n3s-bse_ilr,pp_-_ptcl_le
-1.743415	rd:hd-cmp_u_c>v_n3s-bse_ilr,sb-hd_nmc_c
-0.965168	rd:hd-cmp_u_c>v_n3s-bse_ilr,sp-hd_hc_c
2.268347	rd:hd-cmp_u_c>v_n3s-bse_ilr,sp-hd_n_c
-0.795731	rd:hd-cmp_u_c>v_n3s-bse_ilr,x_-_not-cp_le
0.901862	rd:hd-cmp_u_c>v_nger-tr_dlr,hd-cmp_u_c
0.862625	rd:hd-cmp_u_c>v_np*_bse-unk_le,hdn_bnp-qnt_c
-0.589328	rd:hd-cmp_u_c>v_np*_bse-unk_le,hdn_bnp_c
-0.268892	rd:hd-cmp_u_c>v_np-prtcl_dlr,p_np_ptcl_le
-0.949682	rd:hd-cmp_u_c>v_np-rc_is-scop_le,vp_sbrd-prd-ell_c
0.900636	rd:hd-cmp_u_c>v_np-rc_was_le,hd-cmp_u_c
0.910263	rd:hd-cmp_u_c>v_np-rc_was_le,hdn_bnp-pn_c
0.410082	rd:hd-cmp_u_c>v_np-rc_was_le,sp-hd_n_c
-0.408946	rd:hd-cmp_u_c>v_np-xp_be_le,sp-hd_n_c
-1.600817	rd:hd-cmp_u_c>v_np_am_le,sp-hd_n_c
-0.099955	rd:hd-cmp_u_c>v_np_are_le,sp-hd_n_c
-0.991099	rd:hd-cmp_u_c>v_np_be_le,hdn_bnp-pn_c
-0.996685	rd:hd-cmp_u_c>v_np_be_le,hdn_bnp-vger_c
-0.993233	rd:hd-cmp_u_c>v_np_be_le,hdn_bnp_c
3.676022	rd:hd-cmp_u_c>v_np_be_le,sp-hd_n_c
0.095005	rd:hd-cmp_u_c>v_np_been_le,hdn_bnp-vger_c
-0.741144	rd:hd-cmp_u_c>v_np_being_le,hdn-np_app-rbc_c
0.741144	rd:hd-cmp_u_c>v_np_being_le,sp-hd_n_c
-1.647956	rd:hd-cmp_u_c>v_np_is_le,cl_np-wh_c
0.939555	rd:hd-cmp_u_c>v_np_is_le,hdn_bnp-pn_c
-0.901453	rd:hd-cmp_u_c>v_np_is_le,hdn_bnp-qnt_c
0.128928	rd:hd-cmp_u_c>v_np_is_le,hdn_bnp_c
-1.920300	rd:hd-cmp_u_c>v_np_is_le,hdn_optcmp_c
1.920300	rd:hd-cmp_u_c>v_np_is_le,n-n_num-seq_c
4.621480	rd:hd-cmp_u_c>v_np_is_le,sp-hd_n_c
-1.669210	rd:hd-cmp_u_c>v_np_locinv-be_le,sp-hd_n_c
-0.261853	rd:hd-cmp_u_c>v_np_locinv-is_le,hdn_bnp_c
0.798183	rd:hd-cmp_u_c>v_np_locinv-is_le,sp-hd_n_c
-0.919391	rd:hd-cmp_u_c>v_np_was-n_le,hdn_bnp-qnt_c
-0.487511	rd:hd-cmp_u_c>v_np_was_le,cl_np-wh_c
-0.858538	rd:hd-cmp_u_c>v_np_was_le,hdn-np_app_c
-0.910263	rd:hd-cmp_u_c>v_np_was_le,hdn_bnp-pn_c
2.812625	rd:hd-cmp_u_c>v_np_was_le,hdn_bnp-vger_c
-1.548138	rd:hd-cmp_u_c>v_np_was_le,hdn_bnp_c
1.407130	rd:hd-cmp_u_c>v_np_was_le,sp-hd_n_c
-0.063215	rd:hd-cmp_u_c>v_pas-dat_odlr,hdn_bnp-pn_c
-0.991054	rd:hd-cmp_u_c>v_pas-p_odlr,p_np_ptcl_le
0.076431	rd:hd-cmp_u_c>v_pas_odlr,hd-cmp_u_c
0.929064	rd:hd-cmp_u_c>v_pas_odlr,pp-pp_crd-sel-t_c
-0.719210	rd:hd-cmp_u_c>v_prd_are_le,aj-hd_scp-xp_c
-2.444687	rd:hd-cmp_u_c>v_prd_are_le,hd-aj_int-unsl_c
-0.511172	rd:hd-cmp_u_c>v_prd_are_le,hd-aj_scp_c
3.055813	rd:hd-cmp_u_c>v_prd_are_le,hd-cmp_u_c
0.953815	rd:hd-cmp_u_c>v_prd_be_le,aj-hd_int_c
-0.283560	rd:hd-cmp_u_c>v_prd_be_le,aj_-_i_le
-0.094868	rd:hd-cmp_u_c>v_prd_be_le,hd-aj_int-unsl_c
1.632062	rd:hd-cmp_u_c>v_prd_be_le,hd-aj_scp_c
1.929791	rd:hd-cmp_u_c>v_prd_be_le,hd-cmp_u_c
-0.611671	rd:hd-cmp_u_c>v_prd_be_le,hd-pct_c
1.074251	rd:hd-cmp_u_c>v_prd_be_le,hd_optcmp_c
0.041235	rd:hd-cmp_u_c>v_prd_be_le,hd_xaj-int-vp_c
0.996685	rd:hd-cmp_u_c>v_prd_be_le,hd_xcmp_c
-0.956131	rd:hd-cmp_u_c>v_prd_be_le,np_adv_c
-0.953815	rd:hd-cmp_u_c>v_prd_be_le,sp-hd_hc_c
0.559628	rd:hd-cmp_u_c>v_prd_been_le,hd-cmp_u_c
1.340009	rd:hd-cmp_u_c>v_prd_been_le,hd_optcmp_c
-0.996957	rd:hd-cmp_u_c>v_prd_is_le,cl-rc_c
0.897548	rd:hd-cmp_u_c>v_prd_is_le,hd-aj_int-unsl_c
-0.797548	rd:hd-cmp_u_c>v_prd_is_le,hd-aj_scp_c
0.911717	rd:hd-cmp_u_c>v_prd_is_le,hd-cmp_u_c
2.521980	rd:hd-cmp_u_c>v_prd_is_le,hd-pct_c
-0.532380	rd:hd-cmp_u_c>v_prd_is_le,hd_optcmp_c
1.481290	rd:hd-cmp_u_c>v_prd_is_le,hd_xaj-int-vp_c
-0.247275	rd:hd-cmp_u_c>v_prd_is_le,hd_xcmp_c
-1.598955	rd:hd-cmp_u_c>v_prd_is_le,np_adv_c
0.672934	rd:hd-cmp_u_c>v_prd_is_le,sp-hd_hc_c
-0.720618	rd:hd-cmp_u_c>v_prd_was-sv_le,hd-cmp_u_c
0.035786	rd:hd-cmp_u_c>v_prd_was_le,aj-hd_int_c
0.917212	rd:hd-cmp_u_c>v_prd_was_le,aj-hd_scp-xp_c
-0.992916	rd:hd-cmp_u_c>v_prd_was_le,aj_-_i_le
-0.911717	rd:hd-cmp_u_c>v_prd_was_le,cl-rc_c
-2.694414	rd:hd-cmp_u_c>v_prd_was_le,hd-aj_int-unsl_c
1.420436	rd:hd-cmp_u_c>v_prd_was_le,hd-aj_scp_c
0.221163	rd:hd-cmp_u_c>v_prd_was_le,hd-cmp_u_c
0.923433	rd:hd-cmp_u_c>v_prd_was_le,hd-hd_rnr_c
0.633106	rd:hd-cmp_u_c>v_prd_was_le,hd-pct_c
-0.786285	rd:hd-cmp_u_c>v_prd_was_le,hd_optcmp_c
1.909900	rd:hd-cmp_u_c>v_prd_was_le,hd_xaj-int-vp_c
0.922480	rd:hd-cmp_u_c>v_prd_was_le,jpr-jpr_crd-t_c
0.950363	rd:hd-cmp_u_c>v_prd_was_le,np_adv_c
-0.800500	rd:hd-cmp_u_c>v_prd_was_le,pp_-_i-vm_le
-0.923433	rd:hd-cmp_u_c>v_prd_was_le,vppr-vppr_crd-t_c
-0.925204	rd:hd-cmp_u_c>v_prd_wre_le,aj-hd_scp-xp_c
-0.775704	rd:hd-cmp_u_c>v_prd_wre_le,hd-aj_scp_c
0.775704	rd:hd-cmp_u_c>v_prd_wre_le,hd-cmp_u_c
0.912307	rd:hd-cmp_u_c>v_prd_wre_le,hd_optcmp_c
0.640645	rd:hd-cmp_u_c>v_prp_olr,flr-hd_wh-nmc-fin_c
-0.983333	rd:hd-cmp_u_c>v_prp_olr,hd-aj_int-unsl_c
3.582153	rd:hd-cmp_u_c>v_prp_olr,hd-cmp_u_c
-1.643279	rd:hd-cmp_u_c>v_prp_olr,hdn_bnp-qnt_c
1.021980	rd:hd-cmp_u_c>v_prp_olr,hdn_bnp_c
1.662670	rd:hd-cmp_u_c>v_prp_olr,sp-hd_n_c
-0.640645	rd:hd-cmp_u_c>v_prp_olr,x_-_who-cp_le
-0.900954	rd:hd-cmp_u_c>v_psp_olr,hd-aj_int-unsl_c
-2.867938	rd:hd-cmp_u_c>v_psp_olr,hd-cmp_u_c
2.275341	rd:hd-cmp_u_c>v_psp_olr,hd_xcmp_c
1.713124	rd:hd-cmp_u_c>v_psp_olr,hdn_bnp-pn_c
-0.847911	rd:hd-cmp_u_c>v_psp_olr,hdn_bnp-qnt_c
0.755313	rd:hd-cmp_u_c>v_psp_olr,np_adv_c
-0.700954	rd:hd-cmp_u_c>v_psp_olr,p_np_ptcl_le
1.601907	rd:hd-cmp_u_c>v_psp_olr,pp_-_i-dir-nomodn_le
-0.815123	rd:hd-cmp_u_c>v_psp_olr,sp-hd_n_c
0.999364	rd:hd-cmp_u_c>v_pst_olr,flr-hd_wh-nmc-fin_c
3.166621	rd:hd-cmp_u_c>v_pst_olr,hd-aj_int-unsl_c
0.860763	rd:hd-cmp_u_c>v_pst_olr,hd-cmp_u_c
0.903179	rd:hd-cmp_u_c>v_pst_olr,hd-pct_c
-0.611762	rd:hd-cmp_u_c>v_pst_olr,hd_optcmp_c
-0.076930	rd:hd-cmp_u_c>v_pst_olr,hd_xaj-int-vp_c
-0.709809	rd:hd-cmp_u_c>v_pst_olr,hd_xcmp_c
-0.469664	rd:hd-cmp_u_c>v_pst_olr,hd_yesno-nmc_c
-0.913669	rd:hd-cmp_u_c>v_pst_olr,hdn-np_app-r-pr_c
-0.921163	rd:hd-cmp_u_c>v_pst_olr,hdn-np_app_c
-0.905631	rd:hd-cmp_u_c>v_pst_olr,hdn_bnp-num_c
0.340372	rd:hd-cmp_u_c>v_pst_olr,hdn_bnp-pn_c
0.421299	rd:hd-cmp_u_c>v_pst_olr,hdn_bnp-qnt_c
-1.178928	rd:hd-cmp_u_c>v_pst_olr,hdn_bnp-vger_c
0.806812	rd:hd-cmp_u_c>v_pst_olr,hdn_bnp_c
-1.211262	rd:hd-cmp_u_c>v_pst_olr,hdn_optcmp_c
0.702271	rd:hd-cmp_u_c>v_pst_olr,n_-_pr-it-x_le
0.991916	rd:hd-cmp_u_c>v_pst_olr,n_-_pr-there-x_le
0.900000	rd:hd-cmp_u_c>v_pst_olr,np_adv_c
-1.610263	rd:hd-cmp_u_c>v_pst_olr,np_frg_c
-1.016485	rd:hd-cmp_u_c>v_pst_olr,sb-hd_nmc_c
3.998320	rd:hd-cmp_u_c>v_pst_olr,sp-hd_n_c
-0.287920	rd:hd-cmp_u_c>v_pst_olr,vp_nfin-frg_c
-0.114896	rd:hd-cmp_u_c>v_sc_is_le,hd-cmp_u_c
-0.980836	rd:hd-cmp_u_c>v_v-pre_dlr,hd-cmp_u_c
-0.972934	rd:hd-cmp_u_c>v_v-pre_dlr,sp-hd_n_c
-1.460672	rd:hd-cmp_u_c>v_v-re_dlr,hdn_bnp-qnt_c
0.864078	rd:hd-cmp_u_c>v_v-un_dlr,hdn_bnp-qnt_c
-2.110263	rd:hd-cmp_u_c>v_v-under_dlr,sp-hd_n_c
0.609219	rd:hd-cmp_u_c>v_vp_does-n_le,hd-aj_int-unsl_c
0.109537	rd:hd-cmp_u_c>v_vp_does-n_le,hd-cmp_u_c
0.999364	rd:hd-cmp_u_c>v_vp_had-n_le,hd-aj_int-unsl_c
0.749909	rd:hd-cmp_u_c>v_vp_had-sv_le,hd-cmp_u_c
1.398274	rd:hd-cmp_u_c>v_vp_had_le,hd-aj_int-unsl_c
0.273115	rd:hd-cmp_u_c>v_vp_had_le,hd-cmp_u_c
0.999410	rd:hd-cmp_u_c>v_vp_had_le,hd-pct_c
-0.330381	rd:hd-cmp_u_c>v_vp_had_le,hd_optcmp_c
-0.669028	rd:hd-cmp_u_c>v_vp_had_le,hd_xcmp_c
-0.654632	rd:hd-cmp_u_c>v_vp_had_le,v_aux-ell-ref_dlr
0.616076	rd:hd-cmp_u_c>v_vp_has_le,aj-hd_int_c
-0.029110	rd:hd-cmp_u_c>v_vp_has_le,aj-hd_scp-xp_c
-1.350227	rd:hd-cmp_u_c>v_vp_has_le,hd-aj_int-sl_c
2.423115	rd:hd-cmp_u_c>v_vp_has_le,hd-aj_int-unsl_c
-0.147775	rd:hd-cmp_u_c>v_vp_has_le,hd-cmp_u_c
-0.925114	rd:hd-cmp_u_c>v_vp_has_le,hd_xaj-int-vp_c
0.804360	rd:hd-cmp_u_c>v_vp_have-bse_le,hd-aj_int-unsl_c
0.115713	rd:hd-cmp_u_c>v_vp_have-bse_le,hd-cmp_u_c
0.920073	rd:hd-cmp_u_c>v_vp_have-bse_le,hd-pct_c
0.995913	rd:hd-cmp_u_c>v_vp_have-bse_le,hd_optcmp_c
0.038601	rd:hd-cmp_u_c>v_vp_have-bse_le,hd_xcmp_c
-0.920073	rd:hd-cmp_u_c>v_vp_have-bse_le,v_aux-ell-ref_dlr
-0.755313	rd:hd-cmp_u_c>v_vp_have-f_le,hd-aj_int-unsl_c
0.755313	rd:hd-cmp_u_c>v_vp_have-f_le,hd-cmp_u_c
1.765123	rd:hd-cmp_u_c>v_vp_have-prp_le,hd-aj_int-unsl_c
-0.782561	rd:hd-cmp_u_c>v_vp_have-prp_le,hd-cmp_u_c
-0.982561	rd:hd-cmp_u_c>v_vp_have-prp_le,hd_xaj-int-vp_c
3.182198	rd:hd-cmp_u_c>v_vp_mdl-n-pst_le,aj-hd_scp-xp_c
0.820073	rd:hd-cmp_u_c>v_vp_mdl-n-pst_le,hd-cmp_u_c
-1.708719	rd:hd-cmp_u_c>v_vp_mdl-n-pst_le,hd-pct_c
-0.874796	rd:hd-cmp_u_c>v_vp_mdl-n_le,hd-aj_int-unsl_c
-0.898456	rd:hd-cmp_u_c>v_vp_mdl-n_le,hd-cmp_u_c
1.708719	rd:hd-cmp_u_c>v_vp_mdl-n_le,hd-pct_c
0.953179	rd:hd-cmp_u_c>v_vp_mdl-n_le,hd_xcmp_c
-0.839192	rd:hd-cmp_u_c>v_vp_mdl-p-niv_le,aj-hd_scp-xp_c
0.315123	rd:hd-cmp_u_c>v_vp_mdl-p-pst_le,hd-cmp_u_c
-1.584196	rd:hd-cmp_u_c>v_vp_mdl-p-pst_le,hd-pct_c
1.896912	rd:hd-cmp_u_c>v_vp_mdl-p-pst_le,hd_xcmp_c
-0.338601	rd:hd-cmp_u_c>v_vp_mdl-p-sv_le,hd-cmp_u_c
0.338601	rd:hd-cmp_u_c>v_vp_mdl-p-sv_le,hd_optcmp_c
0.842507	rd:hd-cmp_u_c>v_vp_mdl-p-unsp_le,aj-hd_int_c
-1.452452	rd:hd-cmp_u_c>v_vp_mdl-p-unsp_le,hd-aj_int-unsl_c
-0.947684	rd:hd-cmp_u_c>v_vp_mdl-p-unsp_le,hd-aj_scp-pr_c
2.886331	rd:hd-cmp_u_c>v_vp_mdl-p-unsp_le,hd-aj_scp_c
0.157357	rd:hd-cmp_u_c>v_vp_mdl-p-unsp_le,hd-cmp_u_c
1.584196	rd:hd-cmp_u_c>v_vp_mdl-p-unsp_le,hd-pct_c
-1.896912	rd:hd-cmp_u_c>v_vp_mdl-p-unsp_le,hd_xcmp_c
-0.958674	rd:hd-cmp_u_c>v_vp_mdl-p-unsp_le,v_aux-ell-ref_dlr
1.908084	rd:hd-cmp_u_c>v_vp_mdl-p_le,aj-hd_int_c
0.900908	rd:hd-cmp_u_c>v_vp_mdl-p_le,hd-aj_int-unsl_c
-0.300454	rd:hd-cmp_u_c>v_vp_mdl-p_le,hd-aj_scp_c
0.271072	rd:hd-cmp_u_c>v_vp_mdl-p_le,hd-cmp_u_c
0.900727	rd:hd-cmp_u_c>v_vp_mdl-p_le,hd-pct_c
-0.871526	rd:hd-cmp_u_c>v_vp_mdl-p_le,hd_optcmp_c
-0.900727	rd:hd-cmp_u_c>v_vp_mdl-p_le,hd_xcmp_c
-1.874932	rd:hd-cmp_u_c>v_vp_must-p_le,hd_xaj-int-vp_c
1.874932	rd:hd-cmp_u_c>v_vp_must-p_le,hd_xcmp_c
0.990145	rd:hd-cmp_u_c>v_vp_qsmd_le,hd-cmp_u_c
0.900999	rd:hd-cmp_u_c>v_vp_will-p_le,aj-hd_int_c
0.963351	rd:hd-cmp_u_c>v_vp_will-p_le,hd-aj_int-unsl_c
-0.896140	rd:hd-cmp_u_c>v_vp_will-p_le,hd-aj_scp_c
1.351090	rd:hd-cmp_u_c>v_vp_will-p_le,hd-cmp_u_c
-1.526431	rd:hd-cmp_u_c>v_vp_will-p_le,hd_optcmp_c
-0.001953	rd:hd-cmp_u_c>v_vp_will-p_le,hd_xaj-int-vp_c
0.902861	rd:hd-cmp_u_c>v_vp_will-p_le,v_n3s-bse_ilr
-0.426885	rd:hd-hd_rnr_c>hd-cmp_u_c,hd_xcmp_c
-0.929064	rd:hd-hd_rnr_c>hd-cmp_u_c,pp-pp_crd-sel-t_c
0.953179	rd:hd-hd_rnr_c>vp-vp_crd-fin-t_c,hd-cmp_u_c
-0.900863	rd:hd-hd_rnr_c>vp-vp_crd-fin-t_c,hdn_bnp_c
0.923433	rd:hd-hd_rnr_c>vppr-vppr_crd-t_c,hd-cmp_u_c
-0.973206	rd:hd-pct_c>aj_-_i-color_le,pt_-_period_le
-0.913896	rd:hd-pct_c>aj_-_i-crd-gen_le,pt_-_period_le
-1.704178	rd:hd-pct_c>aj_-_i-crd-one_le,pt_-_period_le
0.907811	rd:hd-pct_c>aj_-_i-er_le,pt_-_comma-informal_le
0.979791	rd:hd-pct_c>aj_-_i-er_le,pt_-_period_le
-0.700999	rd:hd-pct_c>aj_-_i-ndpt_le,pt_-_comma_le
2.575704	rd:hd-pct_c>aj_-_i-ndpt_le,pt_-_period_le
2.131562	rd:hd-pct_c>aj_-_i-one_le,pt_-_period_le
0.900091	rd:hd-pct_c>aj_-_i-prd-ndpt_le,pt_-_period_le
-1.685786	rd:hd-pct_c>aj_-_i-unk_le,pt_-_comma_le
0.965304	rd:hd-pct_c>aj_-_i_le,pt_-_comma_le
-0.964305	rd:hd-pct_c>aj_-_i_le,pt_-_period_le
-1.244233	rd:hd-pct_c>aj_cp_i-it_le,pt_-_period_le
-0.800999	rd:hd-pct_c>aj_cp_i_le,pt_-_comma-informal_le
-0.907811	rd:hd-pct_c>aj_pp_i-er_le,pt_-_comma_le
-0.990054	rd:hd-pct_c>aj_pp_i-er_le,pt_-_period_le
0.806994	rd:hd-pct_c>aj_pp_i_le,pt_-_comma_le
0.581108	rd:hd-pct_c>aj_pp_i_le,pt_-_period_le
0.800136	rd:hd-pct_c>aj_pp_i_le,pt_-_qmark_le
0.724932	rd:hd-pct_c>av_-_dg-notj_le,pt_-_rparen_le
-0.994005	rd:hd-pct_c>av_-_i-ap-pp-po_le,pt_-_period_le
1.685786	rd:hd-pct_c>av_-_i-unk_le,pt_-_comma_le
0.919391	rd:hd-pct_c>av_-_i-vp-po-nmb_le,pt_-_period_le
0.990054	rd:hd-pct_c>av_-_i-vp-po-nvm_le,pt_-_period_le
-0.585332	rd:hd-pct_c>av_-_i-vp-po_le,pt_-_comma_le
0.907084	rd:hd-pct_c>av_-_i-vp-po_le,pt_-_period_le
-0.788828	rd:hd-pct_c>av_-_i-vp_le,pt_-_period_le
-0.070209	rd:hd-pct_c>av_-_pr-himself_le,pt_-_period_le
0.655086	rd:hd-pct_c>av_-_pr-myself_le,pt_-_period_le
1.570663	rd:hd-pct_c>av_-_s-cp-mc-pr_le,pt_-_comma_le
-0.000454	rd:hd-pct_c>av_-_s-cp-nsp-po_le,pt_-_qmark_le
-0.900091	rd:hd-pct_c>av_-_s-cp-pr-inv-ell_le,pt_-_period_le
0.994005	rd:hd-pct_c>av_-_s-vp-only_le,pt_-_period_le
-0.900999	rd:hd-pct_c>av_-_s-vp_le,pt_-_period_le
-0.937738	rd:hd-pct_c>cm_-_to_le,pt_-_period_le
-1.826476	rd:hd-pct_c>det_prt-nocmp_dlr,pt_-_period_le
0.907675	rd:hd-pct_c>hd-pct_c,pt_-_dqright_le
0.907811	rd:hd-pct_c>j_att_dlr,pt_-_comma_le
1.597411	rd:hd-pct_c>j_j-un_dlr,pt_-_period_le
0.000454	rd:hd-pct_c>n_-_ad-br_le,pt_-_qmark_le
-0.724932	rd:hd-pct_c>n_-_ad-time-twice_le,pt_-_rparen_le
-0.718756	rd:hd-pct_c>n_-_ad-wh-tm_le,pt_-_comma_le
-0.900954	rd:hd-pct_c>n_-_c-dpt-df-sg_le,pt_-_comma_le
-0.984832	rd:hd-pct_c>n_-_c-pl-def_le,pt_-_period_le
-0.207675	rd:hd-pct_c>n_-_c-pl-unk_le,pt_-_qmark_le
-0.753270	rd:hd-pct_c>n_-_c-pl_le,pt_-_period_le
-2.002634	rd:hd-pct_c>n_-_gq_le,pt_-_comma_le
-0.907675	rd:hd-pct_c>n_-_gq_le,pt_-_dqright_le
1.121571	rd:hd-pct_c>n_-_gq_le,pt_-_qmark_le
-0.865895	rd:hd-pct_c>n_-_pn-mealtm_le,pt_-_period_le
0.070209	rd:hd-pct_c>n_-_pr-himself_le,pt_-_period_le
-0.875522	rd:hd-pct_c>n_-_pr-it-x_le,pt_-_qmark_le
0.801453	rd:hd-pct_c>n_-_pr-it_le,pt_-_comma_le
0.875522	rd:hd-pct_c>n_-_pr-it_le,pt_-_qmark_le
-0.655086	rd:hd-pct_c>n_-_pr-myself_le,pt_-_period_le
0.939555	rd:hd-pct_c>n_-_pr-na_le,pt_-_qmark_le
-0.939555	rd:hd-pct_c>n_-_pr-they_le,pt_-_qmark_le
-0.076612	rd:hd-pct_c>n_ms-cnt_ilr,pt_-_comma_le
-0.690599	rd:hd-pct_c>n_ms-cnt_ilr,pt_-_period_le
0.096231	rd:hd-pct_c>n_ms-cnt_ilr,pt_-_qmark_le
0.761717	rd:hd-pct_c>n_ms_ilr,pt_-_comma_le
-0.188329	rd:hd-pct_c>n_ms_ilr,pt_-_period_le
-0.195686	rd:hd-pct_c>n_n-co-ni_dlr,pt_-_period_le
-0.806994	rd:hd-pct_c>n_n-ed_odlr,pt_-_comma_le
0.100363	rd:hd-pct_c>n_pl-irreg-noaff_olr,pt_-_period_le
-0.779110	rd:hd-pct_c>n_pl_olr,pt_-_period_le
1.501998	rd:hd-pct_c>n_pp_ad-dir_le,pt_-_comma_le
-0.963669	rd:hd-pct_c>n_pp_ad-dir_le,pt_-_period_le
2.469255	rd:hd-pct_c>n_sg_ilr,pt_-_comma-informal_le
-3.447411	rd:hd-pct_c>n_sg_ilr,pt_-_comma_le
2.521526	rd:hd-pct_c>n_sg_ilr,pt_-_period_le
-1.709537	rd:hd-pct_c>n_sg_ilr,pt_-_qmark_le
0.937738	rd:hd-pct_c>p_np_i-nnm_le,pt_-_period_le
0.313624	rd:hd-pct_c>p_np_i-reg_le,pt_-_period_le
1.349137	rd:hd-pct_c>p_np_i-reg_le,pt_-_qmark_le
-0.886966	rd:hd-pct_c>p_np_i_le,pt_-_qmark_le
2.178747	rd:hd-pct_c>p_np_ptcl_le,pt_-_period_le
-0.462171	rd:hd-pct_c>p_np_ptcl_le,pt_-_qmark_le
-1.162489	rd:hd-pct_c>pp_-_i-nm_le,pt_-_period_le
-1.656222	rd:hd-pct_c>pp_-_i-nomodn_le,pt_-_period_le
1.162489	rd:hd-pct_c>pp_-_i-vm_le,pt_-_period_le
-0.836149	rd:hd-pct_c>pp_-_i_le,pt_-_period_le
-0.953179	rd:hd-pct_c>v_3s-fin_olr,pt_-_comma-informal_le
0.953179	rd:hd-pct_c>v_3s-fin_olr,pt_-_comma_le
0.641508	rd:hd-pct_c>v_3s-fin_olr,pt_-_period_le
0.900727	rd:hd-pct_c>v_aux-ell-ref_dlr,pt_-_comma_le
2.784605	rd:hd-pct_c>v_aux-ell-ref_dlr,pt_-_period_le
0.819255	rd:hd-pct_c>v_aux-ell-xpl_dlr,pt_-_period_le
-0.205540	rd:hd-pct_c>v_j-nb-pas-tr_dlr,pt_-_period_le
-1.909718	rd:hd-pct_c>v_n3s-bse_ilr,pt_-_comma-informal_le
1.986331	rd:hd-pct_c>v_n3s-bse_ilr,pt_-_comma_le
1.911807	rd:hd-pct_c>v_n3s-bse_ilr,pt_-_period_le
1.614623	rd:hd-pct_c>v_n3s-bse_ilr,pt_-_qmark_le
0.915985	rd:hd-pct_c>v_nger-intr_dlr,pt_-_period_le
-0.539873	rd:hd-pct_c>v_nger-tr_dlr,pt_-_comma_le
-0.649500	rd:hd-pct_c>v_nger-tr_dlr,pt_-_period_le
-1.868756	rd:hd-pct_c>v_np*_bse-unk_le,pt_-_period_le
-0.807675	rd:hd-pct_c>v_np*_pr-3s-unk_le,pt_-_qmark_le
-0.900727	rd:hd-pct_c>v_np_be_le,pt_-_comma_le
-0.832652	rd:hd-pct_c>v_np_is_le,pt_-_period_le
-0.785604	rd:hd-pct_c>v_pas-dat_odlr,pt_-_period_le
-0.997366	rd:hd-pct_c>v_pas-prt-t_odlr,pt_-_period_le
-0.807675	rd:hd-pct_c>v_pas_odlr,pt_-_comma_le
0.022116	rd:hd-pct_c>v_pas_odlr,pt_-_period_le
-0.920073	rd:hd-pct_c>v_prd_been_le,pt_-_period_le
-0.801817	rd:hd-pct_c>v_prd_is_le,pt_-_period_le
-0.419936	rd:hd-pct_c>v_prp_olr,pt_-_comma-informal_le
0.419936	rd:hd-pct_c>v_prp_olr,pt_-_comma_le
1.370209	rd:hd-pct_c>v_prp_olr,pt_-_period_le
1.639146	rd:hd-pct_c>v_psp_olr,pt_-_period_le
-0.692598	rd:hd-pct_c>v_pst_olr,pt_-_comma-informal_le
1.500272	rd:hd-pct_c>v_pst_olr,pt_-_comma_le
0.013351	rd:hd-pct_c>v_pst_olr,pt_-_period_le
-0.633106	rd:hd-pct_c>v_v-un_dlr,pt_-_period_le
0.718756	rd:hd-pct_c>x_-_wh-cp_le,pt_-_comma_le
0.907221	rd:hd-pct_nobrk_c>aj_-_i-crd-one_le,pt_-_hyphn-rgt_le
1.702906	rd:hd-pct_nobrk_c>av_-_s-cp-nsp-po_le,pt_-_hyphn-rgt_le
-0.901453	rd:hd-pct_nobrk_c>n_-_ad-br_le,pt_-_hyphn-rgt_le
-0.901317	rd:hd-pct_nobrk_c>v_j-nb-intr_dlr,pt_-_hyphn-rgt_le
0.901317	rd:hd-pct_nobrk_c>v_nger-intr_dlr,pt_-_hyphn-rgt_le
-0.801453	rd:hd-pct_nobrk_c>w-w_fw-seq-m_c,pt_-_hyphn-rgt_le
-0.946276	rd:hd_imp_c>cl-rc_c
-0.965895	rd:hd_imp_c>hd-aj_int-unsl_c
-0.907357	rd:hd_imp_c>hd-aj_scp_c
0.375386	rd:hd_imp_c>hd-cmp_u_c
-1.898320	rd:hd_imp_c>hd_optcmp_c
-0.800000	rd:hd_imp_c>hd_xaj-int-vp_c
-1.589146	rd:hd_inv-nwh_c>aj-hd_int_c
1.851817	rd:hd_inv-nwh_c>aj-hd_scp-xp_c
0.611081	rd:hd_optcmp_c>aj_pp-vp_i-it_le
0.868937	rd:hd_optcmp_c>aj_pp_i-cmp_le
1.904450	rd:hd_optcmp_c>aj_pp_i-er_le
-0.734696	rd:hd_optcmp_c>aj_pp_i_le
2.828202	rd:hd_optcmp_c>hd-cmp_u_c
-1.912625	rd:hd_optcmp_c>hd-pct_c
-0.746912	rd:hd_optcmp_c>hd_optcmp_c
0.271980	rd:hd_optcmp_c>hd_xcmp_c
-0.640191	rd:hd_optcmp_c>j_tough_dlr
0.743370	rd:hd_optcmp_c>v_3s-fin_olr
-0.293642	rd:hd_optcmp_c>v_n3s-bse_ilr
-0.862625	rd:hd_optcmp_c>v_np*_bse-unk_le
0.944233	rd:hd_optcmp_c>v_pas-cp_odlr
-0.831653	rd:hd_optcmp_c>v_pas_odlr
-0.867893	rd:hd_optcmp_c>v_prp_olr
0.779791	rd:hd_optcmp_c>v_psp_olr
-1.521072	rd:hd_optcmp_c>v_pst_olr
-1.750500	rd:hd_optcmp_c>v_v-re_dlr
-0.958674	rd:hd_xaj-int-s_c>hd-cmp_u_c
-0.900454	rd:hd_xaj-int-vp_c>cl-rc_c
1.320708	rd:hd_xaj-int-vp_c>hd-cmp_u_c
0.925522	rd:hd_xaj-int-vp_c>hd-pct_c
0.779791	rd:hd_xaj-int-vp_c>hd_optcmp_c
-0.676930	rd:hd_xaj-int-vp_c>np_adv_c
-0.132153	rd:hd_xaj-int-vp_c>v_n3s-bse_ilr
0.903860	rd:hd_xcmp_c>hd-cmp_u_c
1.679019	rd:hd_xcmp_c>hd-pct_c
1.906358	rd:hd_xcmp_c>hd_optcmp_c
-0.800000	rd:hd_xcmp_c>p_np_i-nnm_le
-0.903315	rd:hd_xcmp_c>p_np_i-reg_le
0.134968	rd:hd_xcmp_c>p_np_ptcl_le
-0.079292	rd:hd_xcmp_c>v_3s-fin_olr
-1.811308	rd:hd_xcmp_c>v_n3s-bse_ilr
-1.355949	rd:hd_xcmp_c>v_np-rc_was_le
-0.950363	rd:hd_xcmp_c>v_np_was_le
-0.990327	rd:hd_xcmp_c>v_pas-dat_odlr
1.846866	rd:hd_xcmp_c>v_pas_odlr
0.389646	rd:hd_xcmp_c>v_pst_olr
0.444868	rd:hd_xsb-fin_c>hd-aj_int-unsl_c
0.928474	rd:hd_xsb-fin_c>hd-cmp_u_c
-3.547775	rd:hd_xsb-fin_c>hd_optcmp_c
-1.702725	rd:hd_xsb-fin_c>v_3s-fin_olr
-0.999364	rd:hd_xsb-fin_c>v_aux-ell-ref_dlr
1.345595	rd:hd_xsb-fin_c>vp-vp_crd-fin-t_c
-0.888874	rd:hd_yesno-nmc_c>hd-cmp_u_c
-0.932334	rd:hd_yesno-period_c>aj-hd_scp-xp_c
-0.727021	rd:hd_yesno_c>aj-hd_int-inv_c
1.596004	rd:hd_yesno_c>hd-aj_scp-pr_c
-2.504133	rd:hd_yesno_c>hd-cmp_u_c
1.560127	rd:hd_yesno_c>hd_optcmp_c
-0.901362	rd:hdn-aj_rc-asym_c>hd-pct_c,flr-hd_rel-fin_c
-0.939964	rd:hdn-aj_rc-pr_c>hd-pct_c,flr-hd_rel-fin_c
-0.960127	rd:hdn-aj_rc-pr_c>hdn_optcmp_c,cl_rc-instr_c
0.958674	rd:hdn-aj_rc_c>aj-hdn_norm_c,cl_rc-fin-nwh_c
-0.386104	rd:hdn-aj_rc_c>hd-cmp_u_c,cl_rc-inf-nwh-sb_c
-0.930745	rd:hdn-aj_rc_c>hd-cmp_u_c,cl_rc-inf-nwh_c
0.631063	rd:hdn-aj_rc_c>hd-cmp_u_c,flr-hd_rel-fin_c
-0.831153	rd:hdn-aj_rc_c>hdn-aj_rc_c,vp_rc-redrel_c
1.350954	rd:hdn-aj_rc_c>hdn-aj_redrel_c,cl_rc-inf-nwh-sb_c
0.358810	rd:hdn-aj_rc_c>hdn-aj_redrel_c,cl_rc-inf-nwh_c
1.414896	rd:hdn-aj_rc_c>hdn-aj_redrel_c,cl_rc-instr_c
-1.099183	rd:hdn-aj_rc_c>hdn-aj_redrel_c,flr-hd_rel-fin_c
-1.918074	rd:hdn-aj_rc_c>hdn_optcmp_c,cl_rc-fin-nwh_c
-1.465985	rd:hdn-aj_rc_c>hdn_optcmp_c,cl_rc-inf-nwh-sb_c
-1.162897	rd:hdn-aj_rc_c>hdn_optcmp_c,cl_rc-inf-nwh_c
-1.873388	rd:hdn-aj_rc_c>hdn_optcmp_c,cl_rc-instr_c
0.722298	rd:hdn-aj_rc_c>hdn_optcmp_c,flr-hd_rel-fin-pp_c
2.836921	rd:hdn-aj_rc_c>hdn_optcmp_c,flr-hd_rel-fin_c
1.814714	rd:hdn-aj_rc_c>hdn_optcmp_c,vp_rc-redrel_c
-0.259673	rd:hdn-aj_rc_c>n-hdn_cpd_c,cl_rc-inf-nwh_c
0.857675	rd:hdn-aj_rc_c>n_ms-cnt_ilr,cl_rc-fin-nwh_c
-1.002271	rd:hdn-aj_rc_c>n_ms-cnt_ilr,cl_rc-inf-nwh-sb_c
2.433379	rd:hdn-aj_rc_c>n_ms-cnt_ilr,cl_rc-inf-nwh_c
0.284196	rd:hdn-aj_rc_c>n_ms-cnt_ilr,cl_rc-instr_c
0.991054	rd:hdn-aj_rc_c>n_ms-cnt_ilr,flr-hd_rel-fin_c
0.420391	rd:hdn-aj_rc_c>n_pl-irreg-noaff_olr,flr-hd_rel-fin_c
0.946276	rd:hdn-aj_rc_c>n_pl-irreg_olr,flr-hd_rel-fin_c
0.731108	rd:hdn-aj_rc_c>n_pl_olr,cl_rc-fin-nwh_c
1.158311	rd:hdn-aj_rc_c>n_pl_olr,cl_rc-inf-nwh-sb_c
-1.503906	rd:hdn-aj_rc_c>n_pl_olr,cl_rc-inf-nwh_c
-0.631063	rd:hdn-aj_rc_c>n_pl_olr,flr-hd_rel-fin_c
-1.419573	rd:hdn-aj_rc_c>n_sg_ilr,cl_rc-inf-nwh-sb_c
-2.331971	rd:hdn-aj_rc_c>n_sg_ilr,cl_rc-inf-nwh_c
-2.359264	rd:hdn-aj_rc_c>n_sg_ilr,cl_rc-instr_c
-0.084923	rd:hdn-aj_rc_c>n_sg_ilr,flr-hd_rel-fin-pp_c
2.363306	rd:hdn-aj_rc_c>n_sg_ilr,flr-hd_rel-fin_c
-1.381471	rd:hdn-aj_rc_c>n_sg_ilr,vp_rc-redrel_c
-0.902316	rd:hdn-aj_rc_c>num-n_mnp_c,cl_rc-inf-nwh-sb_c
-0.809083	rd:hdn-aj_rc_c>num_prt-nc_c,cl_rc-fin-nwh_c
-0.948955	rd:hdn-aj_redrel-asym_c>hd-pct_c,np_adv_c
-0.819255	rd:hdn-aj_redrel-asym_c>hdn_optcmp_c,np_adv_c
-1.855495	rd:hdn-aj_redrel-pr_c>hd-pct_c,hd-cmp_u_c
-1.685786	rd:hdn-aj_redrel-pr_c>hd-pct_c,hd-pct_c
-0.907811	rd:hdn-aj_redrel-pr_c>hd-pct_c,hd_optcmp_c
1.602271	rd:hdn-aj_redrel-pr_c>hdn_optcmp_c,np_adv_c
2.627157	rd:hdn-aj_redrel_c>aj-hdn_norm_c,hd-cmp_u_c
1.155132	rd:hdn-aj_redrel_c>aj-hdn_norm_c,np_adv_c
0.912534	rd:hdn-aj_redrel_c>det_prt-nocmp_dlr,hd-cmp_u_c
-2.206494	rd:hdn-aj_redrel_c>hd-cmp_u_c,hd-cmp_u_c
-0.901453	rd:hdn-aj_redrel_c>hd-pct_nobrk_c,hd-cmp_u_c
-0.999864	rd:hdn-aj_redrel_c>hdn-aj_rc_c,hd-cmp_u_c
-1.070981	rd:hdn-aj_redrel_c>hdn_optcmp_c,hd-cmp_u_c
1.609401	rd:hdn-aj_redrel_c>hdn_optcmp_c,hd-pct_c
-2.469755	rd:hdn-aj_redrel_c>hdn_optcmp_c,np_adv_c
0.038828	rd:hdn-aj_redrel_c>hdn_optcmp_c,pp_-_i-cln_le
4.489101	rd:hdn-aj_redrel_c>n-hdn_cpd_c,hd-cmp_u_c
-0.993233	rd:hdn-aj_redrel_c>n-hdn_cpd_c,hd-pct_c
-0.976930	rd:hdn-aj_redrel_c>n-hdn_cpd_c,np_adv_c
-0.943688	rd:hdn-aj_redrel_c>n_-_ad-gr-nm_le,hd-cmp_u_c
2.444687	rd:hdn-aj_redrel_c>n_-_ad-time-once_le,hd-cmp_u_c
-0.834332	rd:hdn-aj_redrel_c>n_-_pr-himself_le,hd-cmp_u_c
-0.780245	rd:hdn-aj_redrel_c>n_-_pr-yourself_le,hd-cmp_u_c
-1.553406	rd:hdn-aj_redrel_c>n_ms-cnt_ilr,hd-cmp_u_c
-0.985150	rd:hdn-aj_redrel_c>n_ms-cnt_ilr,hd-pct_c
1.868801	rd:hdn-aj_redrel_c>n_ms-cnt_ilr,np_adv_c
-1.751317	rd:hdn-aj_redrel_c>n_ms_ilr,hd-cmp_u_c
1.028928	rd:hdn-aj_redrel_c>n_pl_olr,hd-cmp_u_c
-0.060718	rd:hdn-aj_redrel_c>n_pl_olr,pp_-_i-nm_le
-0.997457	rd:hdn-aj_redrel_c>n_sg_ilr,hd-aj_int-unsl_c
2.191326	rd:hdn-aj_redrel_c>n_sg_ilr,hd-cmp_u_c
-2.043551	rd:hdn-aj_redrel_c>n_sg_ilr,np_adv_c
3.018529	rd:hdn-aj_redrel_c>n_sg_ilr,pp_-_i_le
-0.924886	rd:hdn-aj_redrel_c>np-hdn_cpd_c,hd-cmp_u_c
0.944323	rd:hdn-aj_redrel_c>num-n_mnp_c,hd-cmp_u_c
-0.774659	rd:hdn-aj_redrel_c>num_prt-nc_c,hd-cmp_u_c
-0.724932	rd:hdn-aj_redrel_c>pct-hd_c,hd-cmp_u_c
-0.799137	rd:hdn-aj_redrel_c>v_nger-intr_dlr,np_adv_c
0.414033	rd:hdn-aj_title_c>np-hdn_nme-cpd_c,n_sg_ilr
0.940191	rd:hdn-cl_dsh_c>hd-pct_nobrk_c,sb-hd_mc_c
-0.959491	rd:hdn-cl_dsh_c>hdn-aj_redrel_c,sb-hd_mc_c
-0.997275	rd:hdn-cl_dsh_c>hdn-cl_prnth_c,vp_nfin-frg_c
-0.841553	rd:hdn-np_app-idf-rbc_c>sp-hd_n_c,sp-hd_n_c
0.908856	rd:hdn-np_app-idf_c>hdn_bnp-num_c,hdn_bnp-qnt_c
-0.908856	rd:hdn-np_app-idf_c>hdn_bnp-qnt_c,hdn_bnp-qnt_c
-0.141462	rd:hdn-np_app-pnr-rbc_c>sp-hd_n_c,hdn_bnp-pn_c
-0.913669	rd:hdn-np_app-r-pr_c>hdn_bnp_c,np-np_crd-t_c
-1.655495	rd:hdn-np_app-r-pr_c>sp-hd_n_c,hdn_bnp-pn_c
-0.993097	rd:hdn-np_app-r_c>hdn_bnp-qnt_c,hdn_bnp-pn_c
-0.961717	rd:hdn-np_app-r_c>sp-hd_n_c,hdn_bnp-pn_c
-0.403724	rd:hdn-np_app-r_c>sp-hd_n_c,np-hdn_ttl-cpd-pl_c
-0.741144	rd:hdn-np_app-rbc_c>sp-hd_n_c,sp-hd_n_c
0.655722	rd:hdn-np_app_c>hdn_bnp-pn_c,sp-hd_n_c
-0.665077	rd:hdn-np_app_c>hdn_bnp-qnt_c,hdn_bnp-qnt_c
-1.341553	rd:hdn-np_app_c>sp-hd_n_c,hdn_bnp-qnt_c
-1.825114	rd:hdn-np_app_c>sp-hd_n_c,sp-hd_n_c
0.286649	rd:hdn_bnp-num_c>hdn_np-num_c
-0.207675	rd:hdn_bnp-num_c>np-hdn_ttl-cpd_c
-1.944233	rd:hdn_bnp-pn_c>aj-hdn_norm_c
0.913896	rd:hdn_bnp-pn_c>hd-cmp_u_c
1.569846	rd:hdn_bnp-pn_c>hd-pct_c
-0.940191	rd:hdn_bnp-pn_c>hd-pct_nobrk_c
-0.939964	rd:hdn_bnp-pn_c>hdn-aj_rc-pr_c
-0.948955	rd:hdn_bnp-pn_c>hdn-aj_redrel-asym_c
-1.685786	rd:hdn_bnp-pn_c>hdn-aj_redrel-pr_c
-0.972298	rd:hdn_bnp-pn_c>hdn-aj_redrel_c
0.414033	rd:hdn_bnp-pn_c>hdn-aj_title_c
0.940191	rd:hdn_bnp-pn_c>hdn-cl_dsh_c
-0.901726	rd:hdn_bnp-pn_c>hdn_optcmp_c
1.833969	rd:hdn_bnp-pn_c>n_sg_ilr
0.787239	rd:hdn_bnp-pn_c>np-hdn_cty-cpd_c
0.384696	rd:hdn_bnp-pn_c>np-hdn_nme-cpd_c
1.161717	rd:hdn_bnp-pn_c>np-hdn_ttl-cpd_c
0.393506	rd:hdn_bnp-pn_c>pct-hd_c
0.213896	rd:hdn_bnp-pn_c>w-w_fw-seq-t_c
-1.201181	rd:hdn_bnp-pn_c>w_fw_c
-2.459764	rd:hdn_bnp-qnt_c>det_prt-nocmp_dlr
-2.462171	rd:hdn_bnp-qnt_c>hd-cl_fr-rel_c
1.613397	rd:hdn_bnp-qnt_c>hd-cmp_u_c
0.925886	rd:hdn_bnp-qnt_c>hd-pct_c
-1.826703	rd:hdn_bnp-qnt_c>hdn-aj_rc_c
-0.253224	rd:hdn_bnp-qnt_c>hdn-aj_redrel-pr_c
-1.637239	rd:hdn_bnp-qnt_c>hdn-aj_redrel_c
1.632334	rd:hdn_bnp-qnt_c>hdn_optcmp_c
-2.600772	rd:hdn_bnp-qnt_c>n_-_ad-acc_le
-0.948955	rd:hdn_bnp-qnt_c>n_-_ad-br_le
-0.900999	rd:hdn_bnp-qnt_c>n_-_ad-gr-nm_le
-1.658674	rd:hdn_bnp-qnt_c>n_-_ad-loc_le
-0.958265	rd:hdn_bnp-qnt_c>n_-_ad-time-acc_le
-0.981562	rd:hdn_bnp-qnt_c>n_-_ad-time-once_le
2.812307	rd:hdn_bnp-qnt_c>n_-_ad-time_le
-0.912443	rd:hdn_bnp-qnt_c>n_-_mc-prt_le
0.999591	rd:hdn_bnp-qnt_c>n_-_pr-he_le
-0.340463	rd:hdn_bnp-qnt_c>n_-_pr-her_le
0.955041	rd:hdn_bnp-qnt_c>n_-_pr-herself_le
1.768665	rd:hdn_bnp-qnt_c>n_-_pr-himself_le
-0.941099	rd:hdn_bnp-qnt_c>n_-_pr-his_le
1.699273	rd:hdn_bnp-qnt_c>n_-_pr-i_le
-0.061671	rd:hdn_bnp-qnt_c>n_-_pr-it_le
0.997775	rd:hdn_bnp-qnt_c>n_-_pr-mine_le
0.864078	rd:hdn_bnp-qnt_c>n_-_pr-myself_le
-0.999546	rd:hdn_bnp-qnt_c>n_-_pr-na_le
0.943143	rd:hdn_bnp-qnt_c>n_-_pr-she_le
0.958401	rd:hdn_bnp-qnt_c>n_-_pr-themslves_le
0.999546	rd:hdn_bnp-qnt_c>n_-_pr-they_le
0.929337	rd:hdn_bnp-qnt_c>n_-_pr-we_le
0.977702	rd:hdn_bnp-qnt_c>n_-_pr-you_le
0.780245	rd:hdn_bnp-qnt_c>n_-_pr-yourself_le
-0.924659	rd:hdn_bnp-qnt_c>np_prt-poss_c
0.444278	rd:hdn_bnp-qnt_c>num_prt-nc_c
-0.954768	rd:hdn_bnp-qnt_c>sp-hd_hc_c
-2.703088	rd:hdn_bnp-sg-nomod_c>hd-pct_c
0.994187	rd:hdn_bnp-sg-nomod_c>n_sg_ilr
0.496549	rd:hdn_bnp-vger_c>sb-hd_nmc_c
-0.248138	rd:hdn_bnp-vger_c>vp_np-ger_c
-0.548910	rd:hdn_bnp_c>aj-hdn_norm_c
-0.875204	rd:hdn_bnp_c>hd-cmp_u_c
-0.135740	rd:hdn_bnp_c>hd-pct_c
-0.901362	rd:hdn_bnp_c>hdn-aj_rc-asym_c
0.826431	rd:hdn_bnp_c>hdn-aj_rc_c
-0.819255	rd:hdn_bnp_c>hdn-aj_redrel-asym_c
-1.723252	rd:hdn_bnp_c>hdn-aj_redrel_c
-0.973206	rd:hdn_bnp_c>hdn_color_c
-0.015486	rd:hdn_bnp_c>hdn_optcmp_c
-1.775886	rd:hdn_bnp_c>n-hdn_cpd_c
-0.813669	rd:hdn_bnp_c>n-n_crd-div-dll-t_c
-0.912125	rd:hdn_bnp_c>n-n_crd-div-t_c
0.149273	rd:hdn_bnp_c>n_ms-cnt_ilr
1.540736	rd:hdn_bnp_c>n_ms_ilr
-0.946276	rd:hdn_bnp_c>n_pl-irreg_olr
-0.177157	rd:hdn_bnp_c>n_pl_olr
-2.097956	rd:hdn_bnp_c>np-hdn_cpd_c
3.336285	rd:hdn_bnp_c>num-n_mnp_c
-0.973206	rd:hdn_color_c>hd-pct_c
-0.906767	rd:hdn_nom-year_c>aj_-_i-crd-one_le
-0.211172	rd:hdn_np-num_c>aj_-_i-crd-one_le
-0.902089	rd:hdn_np-num_c>aj_-_i-crd-two_le
-0.977611	rd:hdn_np-num_c>aj_-_i-rom-one_le
-0.207675	rd:hdn_np-num_c>aj_-_i-rom-pl_le
1.116985	rd:hdn_np-num_c>hd-cmp_u_c
-2.521253	rd:hdn_np-num_c>hd-pct_c
-0.088510	rd:hdn_np-num_c>hd-pct_nobrk_c
-0.304678	rd:hdn_optcmp_c>hd-cmp_u_c
1.963624	rd:hdn_optcmp_c>hd-pct_c
0.995958	rd:hdn_optcmp_c>n_-_ad-wh-pl_le
1.533288	rd:hdn_optcmp_c>n_-_ad-wh-tm_le
-0.907221	rd:hdn_optcmp_c>n_-_pn-dom-card_le
-0.672025	rd:hdn_optcmp_c>n_-_pr-dei-sg_le
-0.004087	rd:hdn_optcmp_c>n_-_pr-wh-acc_le
2.285014	rd:hdn_optcmp_c>n_-_pr-wh_le
1.056676	rd:hdn_optcmp_c>n_-_pr-who_le
1.923297	rd:hdn_optcmp_c>n_-_pr_le
-1.997548	rd:hdn_optcmp_c>n_ms-cnt_ilr
-0.863624	rd:hdn_optcmp_c>n_ms_ilr
1.315032	rd:hdn_optcmp_c>n_pl_olr
-4.626567	rd:hdn_optcmp_c>n_pp_ad-dir_le
1.140372	rd:hdn_optcmp_c>n_pp_c-dir_le
-1.239782	rd:hdn_optcmp_c>n_pp_c-of_le
-0.837557	rd:hdn_optcmp_c>n_pp_c-pl_le
-0.891508	rd:hdn_optcmp_c>n_pp_c_le
1.827248	rd:hdn_optcmp_c>n_pp_m_le
-1.111944	rd:hdn_optcmp_c>n_sg_ilr
0.801453	rd:hdn_optcmp_c>pct-hd_c
-0.959855	rd:hdn_optcmp_c>v_nger-pp_dlr
-2.881562	rd:hdn_optcmp_c>v_nger-tr_dlr
0.907811	rd:j-j_crd-att-t_c>hd-pct_c,mrk-nh_evnt_c
-0.941644	rd:j-j_crd-prd-t_c>aj_-_i_le,mrk-nh_evnt_c
0.984832	rd:j-j_crd-prd-t_c>hd_optcmp_c,mrk-nh_evnt_c
0.941644	rd:j-j_crd-prd-t_c>mrk-nh_atom_c,mrk-nh_evnt_c
0.296140	rd:j_att_dlr>aj_pp_i-er_le
0.900091	rd:j_frg_c>aj-hd_int_c
-0.974932	rd:j_frg_c>aj_-_i-spn-att_le
-0.976612	rd:j_frg_c>hd-aj_scp_c
-0.205540	rd:j_frg_c>sp-hd_hc_c
0.964305	rd:j_j-un_dlr>aj_-_i_le
0.611671	rd:j_j-un_dlr>aj_pp_i-er_le
-0.611671	rd:j_j-un_dlr>j_att_dlr
0.633106	rd:j_j-un_dlr>v_j-nb-pas-tr_dlr
-0.806994	rd:j_n-ed_c>hd-pct_c
-0.901726	rd:j_n-yofc_dlr>aj_-_i-crd-one_le
-0.532652	rd:j_sbrd-pre_c>hd-pct_c
0.941644	rd:j_sbrd-pre_c>j-j_crd-prd-t_c
-0.118983	rd:j_tough_dlr>aj_pp-vp_i-it_le
-0.922480	rd:jpr-jpr_crd-t_c>aj_-_i_le,mrk-nh_evnt_c
0.922480	rd:jpr-jpr_crd-t_c>mrk-nh_atom_c,mrk-nh_evnt_c
0.941644	rd:mrk-nh_atom_c>c_xp_both-mrk_le,aj_-_i_le
1.524160	rd:mrk-nh_atom_c>c_xp_both-mrk_le,hdn_bnp_c
0.947548	rd:mrk-nh_atom_c>c_xp_either-mrk_le,sb-hd_mc_c
0.922480	rd:mrk-nh_atom_c>c_xp_neither-mrk_le,aj_-_i_le
0.912125	rd:mrk-nh_atom_c>c_xp_neither-mrk_le,hdn_bnp_c
-0.912125	rd:mrk-nh_atom_c>c_xp_neither-mrk_le,hdn_optcmp_c
0.789918	rd:mrk-nh_cl_c>c_xp_and_le,sb-hd_mc_c
0.907811	rd:mrk-nh_evnt_c>c_xp_and_le,aj_-_i-er_le
-1.061217	rd:mrk-nh_evnt_c>c_xp_and_le,hd-aj_int-unsl_c
0.271117	rd:mrk-nh_evnt_c>c_xp_and_le,hd-cmp_u_c
0.984832	rd:mrk-nh_evnt_c>c_xp_and_le,hd_optcmp_c
0.923433	rd:mrk-nh_evnt_c>c_xp_and_le,hd_xcmp_c
4.304723	rd:mrk-nh_evnt_c>c_xp_or_le,hd-aj_int-unsl_c
-4.304723	rd:mrk-nh_evnt_c>c_xp_or_le,hd-cmp_u_c
-1.831063	rd:mrk-nh_n_c>c_xp_and_le,aj-hdn_norm_c
-0.984832	rd:mrk-nh_n_c>c_xp_and_le,hd-pct_c
0.644641	rd:mrk-nh_n_c>c_xp_and_le,hdn_optcmp_c
-0.813669	rd:mrk-nh_n_c>c_xp_and_le,n-hdn_cpd_c
-0.912125	rd:mrk-nh_n_c>c_xp_nor_le,hdn_optcmp_c
-0.954723	rd:mrk-nh_n_c>c_xp_plus_le,n-hdn_cpd_c
0.954723	rd:mrk-nh_n_c>c_xp_plus_le,n_ms-cnt_ilr
0.081608	rd:mrk-nh_nom_c>c_xp_and_le,hdn_bnp-pn_c
0.721662	rd:mrk-nh_nom_c>c_xp_and_le,hdn_bnp-qnt_c
-1.558311	rd:mrk-nh_nom_c>c_xp_and_le,hdn_bnp_c
0.924069	rd:mrk-nh_nom_c>c_xp_and_le,np-np_crd-t_c
0.912125	rd:mrk-nh_nom_c>c_xp_nor_le,hdn_bnp_c
-0.959900	rd:n-hdn_cpd-pl_c>aj-hdn_norm_c,n_sg_ilr
-0.940372	rd:n-hdn_cpd-pl_c>hdn_optcmp_c,hdn_optcmp_c
0.954723	rd:n-hdn_cpd-pl_c>n-n_crd-t_c,hdn_optcmp_c
0.959900	rd:n-hdn_cpd-pl_c>n_-_c-pl_le,n_sg_ilr
0.901317	rd:n-hdn_cpd_c>hd-pct_nobrk_c,hd-pct_c
0.917847	rd:n-hdn_cpd_c>hdn_optcmp_c,hd-pct_c
0.993506	rd:n-hdn_cpd_c>hdn_optcmp_c,hdn_optcmp_c
1.042598	rd:n-hdn_cpd_c>hdn_optcmp_c,n_sg_ilr
-0.705223	rd:n-hdn_cpd_c>n_-_c_le,hd-pct_c
1.624432	rd:n-hdn_cpd_c>n_-_c_le,n_ms_ilr
-0.755404	rd:n-hdn_cpd_c>n_-_c_le,n_pl-irreg-noaff_olr
-0.956222	rd:n-hdn_cpd_c>n_-_c_le,n_pl_olr
-2.517212	rd:n-hdn_cpd_c>n_-_mc-unk_le,hd-pct_c
0.985286	rd:n-hdn_cpd_c>n_-_mc_le,hd-pct_c
-0.954723	rd:n-hdn_cpd_c>n_-_mc_le,hdn_optcmp_c
0.961717	rd:n-hdn_cpd_c>n_-_mc_le,n_sg_ilr
-0.985286	rd:n-hdn_cpd_c>n_n-co-ni_dlr,hd-pct_c
-0.915213	rd:n-hdn_cpd_c>np-hdn_cpd_c,hdn_optcmp_c
0.997366	rd:n-hdn_cpd_c>num-n_mnp_c,hdn_optcmp_c
0.907221	rd:n-hdn_cpd_c>num-n_mnp_c,n_sg_ilr
-0.993233	rd:n-hdn_cpd_c>sp-hd_hc_c,hdn_optcmp_c
-0.907221	rd:n-hdn_cpd_c>sp-hd_hc_c,n_sg_ilr
-0.972298	rd:n-hdn_cpd_c>v_nger-intr_dlr,hdn_optcmp_c
-0.763806	rd:n-hdn_j-n-cpd_c>n_-_c_le,aj-hdn_norm_c
-0.964532	rd:n-j_j-cpd_c>n_-_pn_le,aj_-_i_le
-0.923252	rd:n-n_crd-asym-t_c>hdn_optcmp_c,mrk-nh_n_c
-0.954723	rd:n-n_crd-asym-t_c>n_ms-cnt_ilr,mrk-nh_n_c
-0.813669	rd:n-n_crd-div-dll-t_c>hdn-aj_redrel_c,mrk-nh_n_c
0.644641	rd:n-n_crd-div-t_c>hdn_optcmp_c,mrk-nh_n_c
-0.912125	rd:n-n_crd-div-t_c>mrk-nh_atom_c,mrk-nh_n_c
-0.907811	rd:n-n_crd-nondiv-dll-t_c>hdn-aj_redrel-pr_c,mrk-nh_n_c
-0.984832	rd:n-n_crd-t_c>n_-_c-pl-def_le,mrk-nh_n_c
0.954723	rd:n-n_crd-t_c>n_ms-cnt_ilr,mrk-nh_n_c
1.218574	rd:n-n_num-seq_c>hdn_bnp-num_c,hdn_bnp-num_c
-0.997366	rd:n-v_j-cpd_c>n_-_c-meas_le,hd-pct_c
-0.976612	rd:n-v_j-cpd_c>n_-_pn-msc_le,v_pas_odlr
-0.952180	rd:n-v_j-cpd_c>n_-_pn_le,v_prp_olr
0.913896	rd:n_dom-ppof_dlr>n_-_pn-dom-o-gen_le
-0.694959	rd:n_ms-cnt_ilr>n_-_mc-ns_le
-2.927293	rd:n_ms-cnt_ilr>n_-_mc-unk_le
0.439873	rd:n_ms-cnt_ilr>n_-_mc_le
-0.991054	rd:n_ms-cnt_ilr>n_cp_mc-optc_le
0.548865	rd:n_ms-cnt_ilr>n_pp_mc-of-ns_le
0.084242	rd:n_ms-cnt_ilr>n_pp_mc-of_le
2.512579	rd:n_ms-cnt_ilr>n_vp_mc_le
-0.939282	rd:n_ms_ilr>n_-_m-nocnh-mod_le
-0.772162	rd:n_ms_ilr>n_-_m-nocnh_le
0.639873	rd:n_ms_ilr>n_-_m-time_le
0.045186	rd:n_ms_ilr>n_-_m_le
-0.863624	rd:n_ms_ilr>n_pp_m_le
-0.985286	rd:n_n-co-ni_dlr>n_-_c_le
-0.195686	rd:n_n-co-ni_dlr>n_-_pr-me_le
-0.859628	rd:n_n-co_dlr>n_pl-irreg-noaff_olr
-0.806994	rd:n_n-ed_odlr>n_-_c-ed_le
0.589918	rd:n_n-hour_dlr>n_-_pn-hour_le
-0.859628	rd:n_pl-irreg-noaff_olr>n_-_c-meas-abb_le
-0.893824	rd:n_pl-irreg-noaff_olr>n_-_c-meas_le
1.849273	rd:n_pl-irreg-noaff_olr>n_-_c_le
-0.838738	rd:n_pl-irreg-noaff_olr>n_pp_c-pl_le
-0.920890	rd:n_pl_olr>n_-_c-ed_le
-0.900772	rd:n_pl_olr>n_-_c-meas-nb_le
0.731108	rd:n_pl_olr>n_-_c-ns_le
-0.789918	rd:n_pl_olr>n_-_c-ntc_le
0.852816	rd:n_pl_olr>n_-_c-pl-idm_le
0.944323	rd:n_pl_olr>n_-_c-time_le
0.429519	rd:n_pl_olr>n_-_c_le
-1.128292	rd:n_pl_olr>n_-_mc_le
-1.791916	rd:n_pl_olr>n_-_pn_le
-1.371980	rd:n_pl_olr>n_cp_mc-optc_le
0.814578	rd:n_pl_olr>n_pp_c-ns-of_le
0.886966	rd:n_pl_olr>n_pp_c-obl_le
0.920890	rd:n_pl_olr>n_pp_c-of-obl_le
0.400817	rd:n_pl_olr>n_pp_c-plc-of_le
0.500454	rd:n_pl_olr>n_pp_mc-of-ns_le
0.010309	rd:n_pl_olr>n_vp_c_le
-2.703088	rd:n_sg_ilr>n_-_c-br-idm_le
0.994187	rd:n_sg_ilr>n_-_c-brj-idm_le
0.900954	rd:n_sg_ilr>n_-_c-dpt_le
0.606767	rd:n_sg_ilr>n_-_c-gr_le
-0.885332	rd:n_sg_ilr>n_-_c-meas_le
-0.907811	rd:n_sg_ilr>n_-_c-nocnh_le
1.910672	rd:n_sg_ilr>n_-_c-ns_le
0.677657	rd:n_sg_ilr>n_-_c-ntc_le
-0.924886	rd:n_sg_ilr>n_-_c-sg-nocnh_le
1.819709	rd:n_sg_ilr>n_-_c-sg_le
-0.639873	rd:n_sg_ilr>n_-_c-time_le
-0.907221	rd:n_sg_ilr>n_-_c-week_le
0.053497	rd:n_sg_ilr>n_-_c_le
-0.959946	rd:n_sg_ilr>n_-_pn-abb_le
0.788828	rd:n_sg_ilr>n_-_pn-cap_le
-0.920300	rd:n_sg_ilr>n_-_pn-dom-card_le
-2.708901	rd:n_sg_ilr>n_-_pn-gen_le
-0.414441	rd:n_sg_ilr>n_-_pn-hour_le
0.976612	rd:n_sg_ilr>n_-_pn-msc_le
-0.721662	rd:n_sg_ilr>n_-_pn-nonom_le
-0.807675	rd:n_sg_ilr>n_-_pn-sg_le
0.913896	rd:n_sg_ilr>n_-_pn-yoc-gen_le
0.974659	rd:n_sg_ilr>n_-_pn_le
0.414033	rd:n_sg_ilr>n_-_tt-post_le
0.589918	rd:n_sg_ilr>n_n-hour_dlr
-1.327884	rd:n_sg_ilr>n_pp_c-dir_le
0.000681	rd:n_sg_ilr>n_pp_c-ns-of_le
1.495322	rd:n_sg_ilr>n_pp_c-nt-of_le
0.966303	rd:n_sg_ilr>n_pp_c-of-brn_le
-0.550272	rd:n_sg_ilr>n_pp_c-of-lhc_le
-0.426067	rd:n_sg_ilr>n_pp_c-of_le
-2.131698	rd:n_sg_ilr>n_vp_c-it_le
3.304859	rd:n_sg_ilr>n_vp_c_le
0.452180	rd:n_sg_ilr>n_vpslnp_c_le
-0.998320	rd:np-aj_frg_c>sp-hd_n_c,hd-cmp_u_c
-0.900727	rd:np-cl_indef_c>hdn_bnp-qnt_c,flr-hd_nwh_c
0.982879	rd:np-cl_indef_c>sp-hd_n_c,sb-hd_mc_c
-0.207675	rd:np-hdn_cpd_c>hdn_bnp-num_c,hd-pct_c
1.444732	rd:np-hdn_cpd_c>hdn_bnp-pn_c,hd-pct_c
-0.915213	rd:np-hdn_cpd_c>hdn_bnp-pn_c,hdn_optcmp_c
0.915213	rd:np-hdn_cpd_c>hdn_bnp-pn_c,n-hdn_cpd_c
-0.807675	rd:np-hdn_cpd_c>hdn_bnp-pn_c,n_-_mc-unk_le
-0.965395	rd:np-hdn_cpd_c>hdn_bnp-pn_c,n_ms-cnt_ilr
-0.871526	rd:np-hdn_cpd_c>hdn_bnp-pn_c,n_pl_olr
-0.924886	rd:np-hdn_cpd_c>hdn_bnp-pn_c,n_sg_ilr
-0.093415	rd:np-hdn_cty-cpd_c>hdn_bnp-pn_c,hd-pct_c
0.880654	rd:np-hdn_cty-cpd_c>hdn_bnp-pn_c,n_sg_ilr
3.842280	rd:np-hdn_nme-cpd_c>hdn_bnp-pn_c,hd-pct_c
0.905904	rd:np-hdn_nme-cpd_c>hdn_bnp-pn_c,n_sg_ilr
-0.859628	rd:np-hdn_ttl-cpd-pl_c>n_n-co_dlr,hdn_bnp-pn_c
-1.329882	rd:np-hdn_ttl-cpd-pl_c>n_pl_olr,hdn_bnp-pn_c
-0.891508	rd:np-hdn_ttl-cpd_c>hdn_optcmp_c,hd-pct_c
-1.167938	rd:np-hdn_ttl-cpd_c>hdn_optcmp_c,n_sg_ilr
1.819573	rd:np-hdn_ttl-cpd_c>n_-_c-nocnh-cap_le,n_sg_ilr
0.901272	rd:np-hdn_ttl-cpd_c>n_-_c-nocnh_le,hd-pct_c
1.878883	rd:np-hdn_ttl-cpd_c>n_-_c_le,n_sg_ilr
-0.207675	rd:np-hdn_ttl-cpd_c>n_-_mc-unk_le,hdn_np-num_c
-0.837557	rd:np-hdn_ttl-cpd_c>n_-_mc_le,n_sg_ilr
-0.807675	rd:np-hdn_ttl-cpd_c>np-hdn_cpd_c,n_sg_ilr
-0.207675	rd:np-hdn_ttl-cpd_c>pct-hd_c,np-hdn_ttl-cpd_c
1.237602	rd:np-np_crd-i-t_c>hdn_bnp-qnt_c,mrk-nh_nom_c
-0.513669	rd:np-np_crd-im_c>hdn_bnp-pn_c,mrk-nh_nom_c
1.720845	rd:np-np_crd-m_c>hdn_bnp-pn_c,mrk-nh_nom_c
0.005132	rd:np-np_crd-t_c>hdn_bnp-pn_c,mrk-nh_nom_c
-0.513669	rd:np-np_crd-t_c>hdn_bnp-pn_c,np-np_crd-im_c
1.720845	rd:np-np_crd-t_c>hdn_bnp-pn_c,np-np_crd-m_c
-0.712171	rd:np-np_crd-t_c>hdn_bnp-qnt_c,mrk-nh_nom_c
2.436285	rd:np-np_crd-t_c>mrk-nh_atom_c,mrk-nh_nom_c
-0.924069	rd:np-np_crd-t_c>np-np_crd-t_c,mrk-nh_nom_c
-2.168801	rd:np-np_crd-t_c>sp-hd_n_c,mrk-nh_nom_c
-0.807675	rd:np-prdp_vpmod-pre_c>hdn_bnp-pn_c,hd_optcmp_c
1.682243	rd:np-prdp_vpmod-pre_c>sp-hd_n_c,hd-cmp_u_c
-0.801362	rd:np-prdp_vpmod_c>cl_np-wh_c,hd-cmp_u_c
-0.750363	rd:np-prdp_vpmod_c>hdn_bnp-qnt_c,hd-cmp_u_c
-1.858220	rd:np_adv-mnp_c>hdn_bnp-num_c
1.787511	rd:np_adv-mnp_c>hdn_bnp_c
-0.997366	rd:np_adv-mnp_c>sp-hd_n_c
-0.998819	rd:np_adv_c>hdn_bnp-pn_c
4.505722	rd:np_adv_c>hdn_bnp-qnt_c
-1.805404	rd:np_adv_c>hdn_bnp_c
-1.514169	rd:np_adv_c>sp-hd_n_c
-4.454269	rd:np_frg_c>hdn_bnp-pn_c
-0.997684	rd:np_frg_c>hdn_bnp-qnt_c
-0.652180	rd:np_frg_c>hdn_bnp-vger_c
0.807493	rd:np_frg_c>hdn_bnp_c
3.416394	rd:np_frg_c>sp-hd_n_c
-3.534378	rd:np_indef-adv_c>sp-hd_n_c
-0.063215	rd:np_nb-frg_c>hd-cmp_u_c
-0.924886	rd:np_nb-frg_c>hdn-aj_redrel_c
-0.924659	rd:np_prt-poss_c>sp-hd_hc_c
-0.918983	rd:np_voc-post_c>hdn_bnp-pn_c
-0.977702	rd:np_voc-post_c>hdn_bnp-qnt_c
-0.207675	rd:np_voc-post_c>hdn_bnp_c
-2.465259	rd:np_voc-pre_c>hdn_bnp-pn_c
-0.847911	rd:np_voc-pre_c>hdn_bnp_c
0.901272	rd:np_voc-pre_c>sp-hd_n_c
-0.681562	rd:num-n_mnp_c>aj-hd_int_c,hd-pct_c
1.786830	rd:num-n_mnp_c>aj_-_i-an-nmd_le,hd-pct_c
2.030654	rd:num-n_mnp_c>aj_-_i-crd-one_le,hdn_optcmp_c
0.944323	rd:num-n_mnp_c>aj_-_i-crd-one_le,n_pl_olr
0.925704	rd:num-n_mnp_c>aj_-_i-crd-two_le,hd-pct_c
-0.974342	rd:num-n_mnp_c>aj_-_i-one-nmd_le,aj-hdn_norm_c
-0.944323	rd:num-n_mnp_c>aj_-_i-one-nmd_le,hdn_optcmp_c
1.773978	rd:num-n_mnp_c>aj_-_i-one-nmd_le,n_sg_ilr
-2.326158	rd:num-n_mnp_c>aj_-_i-svrl_le,hd-pct_c
0.997366	rd:num-n_mnp_c>hd-pct_nobrk_c,n_-_c-meas_le
0.907221	rd:num-n_mnp_c>hd-pct_nobrk_c,n_-_c-week_le
0.843188	rd:num-n_mnp_c>sp-hd_hc_c,n_pl_olr
-1.726067	rd:num_det_c>aj-hd_int_c
2.024659	rd:num_det_c>aj_-_i-crd-one_le
-0.925704	rd:num_det_c>aj_-_i-crd-two_le
0.803315	rd:num_det_c>hd-cmp_u_c
0.018211	rd:num_prt-det-nc_c>hd-pct_c
-0.913896	rd:num_prt-det-of_c>aj_-_i-ord-gen_le
-0.554768	rd:num_prt-nc_c>aj-hd_scp-xp_c
0.778020	rd:num_prt-nc_c>aj_-_i-crd-one_le
-0.809083	rd:num_prt-nc_c>aj_-_i-many_le
-0.849455	rd:num_prt-nc_c>aj_-_i-one_le
0.912443	rd:num_prt-nc_c>hd-cmp_u_c
1.314805	rd:num_prt-nc_c>hd-pct_c
-0.908856	rd:num_prt-nc_c>hd-pct_nobrk_c
-1.022570	rd:num_prt-nc_c>sp-hd_hc_c
1.509537	rd:num_prt-of_c>aj-hd_scp-xp_c
-1.625931	rd:num_prt-of_c>aj_-_i-crd-one_le
-0.954768	rd:num_prt-of_c>aj_-_i-many_le
0.849455	rd:num_prt-of_c>aj_-_i-one_le
-0.912443	rd:num_prt-of_c>hd-cmp_u_c
-0.900091	rd:pct-hd_c>pt_-_dqleft_le,av_-_dg-v_le
0.900091	rd:pct-hd_c>pt_-_dqleft_le,av_-_i-vp_le
-0.000545	rd:pct-hd_c>pt_-_dqleft_le,av_-_s-cp-mc-pr_le
0.901272	rd:pct-hd_c>pt_-_dqleft_le,d_-_poss-my_le
0.213896	rd:pct-hd_c>pt_-_dqleft_le,n_-_gq_le
-0.207675	rd:pct-hd_c>pt_-_dqleft_le,n_-_mc-unk_le
-0.900727	rd:pct-hd_c>pt_-_dqleft_le,n_-_pr-fr-ever_le
0.801453	rd:pct-hd_c>pt_-_dqleft_le,n_-_pr-wh_le
-0.807675	rd:pct-hd_c>pt_-_dqleft_le,n_sg_ilr
-0.906540	rd:pct-hd_c>pt_-_lparen_le,av_-_dg-jomv_le
0.906540	rd:pct-hd_c>pt_-_lparen_le,av_-_s-cp-nsp-pr_le
0.998819	rd:pp-pp_crd-t_c>hd-cmp_u_c,mrk-nh_evnt_c
-0.998819	rd:pp-pp_crd-t_c>np_adv_c,mrk-nh_evnt_c
-0.965804	rd:pp_frg_c>hd-aj_int-unsl_c
-0.997275	rd:pp_frg_c>hd-cmp_u_c
0.907539	rd:pp_frg_c>hd-pct_c
-0.419936	rd:r_cl-frg_c>hd-cmp_u_c
-0.907539	rd:r_int-frg_c>hd-pct_c
-0.900091	rd:r_scp-frg_c>sp-hd_hc_c
0.070572	rd:sb-hd_mc_c>aj_-_i_le,hd-cmp_u_c
1.699909	rd:sb-hd_mc_c>cl_np-wh_c,aj-hd_int_c
0.622752	rd:sb-hd_mc_c>cl_np-wh_c,hd-cmp_u_c
0.132380	rd:sb-hd_mc_c>hd-aj_int-unsl_c,hd-cmp_u_c
2.686104	rd:sb-hd_mc_c>hd-cmp_u_c,hd-cmp_u_c
0.958674	rd:sb-hd_mc_c>hd-cmp_u_c,vp_cp-sb-inf_c
-0.673115	rd:sb-hd_mc_c>hd_optcmp_c,hd-cmp_u_c
-0.141462	rd:sb-hd_mc_c>hdn-np_app-pnr-rbc_c,hd-cmp_u_c
-0.941644	rd:sb-hd_mc_c>hdn-np_app-r-pr_c,hd-cmp_u_c
-0.961717	rd:sb-hd_mc_c>hdn-np_app-r_c,hd-cmp_u_c
0.105313	rd:sb-hd_mc_c>hdn_bnp-num_c,hd-cmp_u_c
-1.889419	rd:sb-hd_mc_c>hdn_bnp-pn_c,cl-rc_c
-2.642053	rd:sb-hd_mc_c>hdn_bnp-pn_c,hd-aj_int-unsl_c
0.384787	rd:sb-hd_mc_c>hdn_bnp-pn_c,hd-aj_scp_c
2.291644	rd:sb-hd_mc_c>hdn_bnp-pn_c,hd-cmp_u_c
0.953179	rd:sb-hd_mc_c>hdn_bnp-pn_c,hd-hd_rnr_c
0.653043	rd:sb-hd_mc_c>hdn_bnp-pn_c,hd-pct_c
-2.914850	rd:sb-hd_mc_c>hdn_bnp-pn_c,hd_optcmp_c
0.397911	rd:sb-hd_mc_c>hdn_bnp-pn_c,vp-vp_crd-fin-t_c
0.990327	rd:sb-hd_mc_c>hdn_bnp-qnt_c,aj-hd_scp-xp_c
0.198183	rd:sb-hd_mc_c>hdn_bnp-qnt_c,cl-rc_c
1.286376	rd:sb-hd_mc_c>hdn_bnp-qnt_c,hd-aj_int-unsl_c
-0.997366	rd:sb-hd_mc_c>hdn_bnp-qnt_c,hd-aj_scp-pr_c
-1.160400	rd:sb-hd_mc_c>hdn_bnp-qnt_c,hd-aj_scp_c
0.974750	rd:sb-hd_mc_c>hdn_bnp-qnt_c,hd-cmp_u_c
0.347729	rd:sb-hd_mc_c>hdn_bnp-qnt_c,hd_optcmp_c
-0.788828	rd:sb-hd_mc_c>hdn_bnp-vger_c,hd-aj_int-unsl_c
1.861353	rd:sb-hd_mc_c>hdn_bnp-vger_c,hd-cmp_u_c
-0.819255	rd:sb-hd_mc_c>hdn_bnp-vger_c,hd-pct_c
-0.952679	rd:sb-hd_mc_c>hdn_bnp_c,hd-aj_int-unsl_c
1.523342	rd:sb-hd_mc_c>hdn_bnp_c,hd-cmp_u_c
0.076340	rd:sb-hd_mc_c>hdn_bnp_c,hd_optcmp_c
-0.908629	rd:sb-hd_mc_c>hdn_optcmp_c,hd-cmp_u_c
-0.820436	rd:sb-hd_mc_c>n_-_pr-it-x_le,hd-aj_int-unsl_c
-0.264714	rd:sb-hd_mc_c>n_-_pr-it-x_le,hd-cmp_u_c
2.323887	rd:sb-hd_mc_c>n_-_pr-it-x_le,hd-pct_c
-0.535286	rd:sb-hd_mc_c>n_-_pr-there-x_le,hd-aj_int-unsl_c
-0.915259	rd:sb-hd_mc_c>n_-_pr-there-x_le,hd-aj_scp_c
0.240645	rd:sb-hd_mc_c>n_-_pr-there-x_le,hd-cmp_u_c
0.819255	rd:sb-hd_mc_c>n_-_pr-there-x_le,hd-pct_c
2.651953	rd:sb-hd_mc_c>n_-_pr-there-x_le,hd_optcmp_c
-0.859628	rd:sb-hd_mc_c>np-hdn_ttl-cpd-pl_c,hd-cmp_u_c
1.237602	rd:sb-hd_mc_c>np-np_crd-i-t_c,hd-cmp_u_c
-1.655041	rd:sb-hd_mc_c>np-np_crd-t_c,hd-aj_int-unsl_c
0.684923	rd:sb-hd_mc_c>np-np_crd-t_c,hd-cmp_u_c
-0.750363	rd:sb-hd_mc_c>np-prdp_vpmod_c,hd-cmp_u_c
0.973206	rd:sb-hd_mc_c>sp-hd_hc_c,hd-cmp_u_c
0.954450	rd:sb-hd_mc_c>sp-hd_n_c,aj-hd_int_c
0.992779	rd:sb-hd_mc_c>sp-hd_n_c,aj-hd_scp-xp_c
0.062579	rd:sb-hd_mc_c>sp-hd_n_c,cl-rc_c
0.024750	rd:sb-hd_mc_c>sp-hd_n_c,hd-aj_int-unsl_c
-2.505858	rd:sb-hd_mc_c>sp-hd_n_c,hd-aj_scp_c
0.163124	rd:sb-hd_mc_c>sp-hd_n_c,hd-cmp_u_c
-0.900863	rd:sb-hd_mc_c>sp-hd_n_c,hd-hd_rnr_c
0.298047	rd:sb-hd_mc_c>sp-hd_n_c,hd-pct_c
0.025295	rd:sb-hd_mc_c>sp-hd_n_c,hd_optcmp_c
0.900863	rd:sb-hd_mc_c>sp-hd_n_c,vp-vp_crd-fin-t_c
-0.999364	rd:sb-hd_nmc_c>cl_np-wh_c,hd-aj_int-unsl_c
-0.890009	rd:sb-hd_nmc_c>hd-aj_int-unsl_c,hd-cmp_u_c
-1.738011	rd:sb-hd_nmc_c>hd-cmp_u_c,vp_cp-sb-inf_c
-0.841553	rd:sb-hd_nmc_c>hdn-np_app-idf-rbc_c,hd_xaj-int-vp_c
-0.403724	rd:sb-hd_nmc_c>hdn-np_app-r_c,hd-cmp_u_c
-0.420391	rd:sb-hd_nmc_c>hdn-np_app_c,hd-cmp_u_c
-0.400817	rd:sb-hd_nmc_c>hdn_bnp-num_c,hd_xcmp_c
-0.816530	rd:sb-hd_nmc_c>hdn_bnp-pn_c,aj-hd_int_c
-1.229973	rd:sb-hd_nmc_c>hdn_bnp-pn_c,hd-aj_int-sl_c
0.193869	rd:sb-hd_nmc_c>hdn_bnp-pn_c,hd-aj_int-unsl_c
2.289918	rd:sb-hd_nmc_c>hdn_bnp-pn_c,hd-cmp_u_c
2.347548	rd:sb-hd_nmc_c>hdn_bnp-pn_c,hd-pct_c
-0.973342	rd:sb-hd_nmc_c>hdn_bnp-pn_c,hd_optcmp_c
1.006630	rd:sb-hd_nmc_c>hdn_bnp-pn_c,hd_xaj-int-vp_c
0.903315	rd:sb-hd_nmc_c>hdn_bnp-pn_c,hd_xcmp_c
0.120572	rd:sb-hd_nmc_c>hdn_bnp-pn_c,vp_np-ger_c
0.036376	rd:sb-hd_nmc_c>hdn_bnp-qnt_c,hd-aj_int-unsl_c
0.800000	rd:sb-hd_nmc_c>hdn_bnp-qnt_c,hd-aj_scp_c
3.299909	rd:sb-hd_nmc_c>hdn_bnp-qnt_c,hd-cmp_u_c
-2.543597	rd:sb-hd_nmc_c>hdn_bnp-qnt_c,hd_optcmp_c
0.900636	rd:sb-hd_nmc_c>hdn_bnp-qnt_c,hd_xaj-int-vp_c
1.778656	rd:sb-hd_nmc_c>hdn_bnp-qnt_c,hd_xcmp_c
-0.718756	rd:sb-hd_nmc_c>hdn_bnp-qnt_c,v_aux-ell-ref_dlr
0.375976	rd:sb-hd_nmc_c>hdn_bnp-qnt_c,vp_np-ger_c
0.890009	rd:sb-hd_nmc_c>hdn_bnp-vger_c,hd-cmp_u_c
-0.419936	rd:sb-hd_nmc_c>hdn_bnp-vger_c,hd-pct_c
-0.181971	rd:sb-hd_nmc_c>hdn_bnp_c,hd-cmp_u_c
-0.809083	rd:sb-hd_nmc_c>hdn_bnp_c,hd_xcmp_c
-0.912307	rd:sb-hd_nmc_c>hdn_bnp_c,v_aux-ell-ref_dlr
2.357720	rd:sb-hd_nmc_c>n_-_pr-it-x_le,hd-cmp_u_c
-1.615441	rd:sb-hd_nmc_c>n_-_pr-it-x_le,hd-pct_c
0.731108	rd:sb-hd_nmc_c>n_-_pr-there-x_le,hd-aj_int-sl_c
-0.939282	rd:sb-hd_nmc_c>n_-_pr-there-x_le,hd-aj_int-unsl_c
2.093460	rd:sb-hd_nmc_c>n_-_pr-there-x_le,hd-aj_scp_c
-2.941508	rd:sb-hd_nmc_c>n_-_pr-there-x_le,hd-cmp_u_c
1.845822	rd:sb-hd_nmc_c>n_-_pr-there-x_le,hd_optcmp_c
-0.585332	rd:sb-hd_nmc_c>n_-_pr-there-x_le,hd_xaj-int-vp_c
-0.926158	rd:sb-hd_nmc_c>np-hdn_ttl-cpd-pl_c,hd-cmp_u_c
1.493188	rd:sb-hd_nmc_c>np-np_crd-t_c,hd-cmp_u_c
-0.789600	rd:sb-hd_nmc_c>np_adv_c,hd-cmp_u_c
-0.992779	rd:sb-hd_nmc_c>sp-hd_hc_c,hd-cmp_u_c
-0.593915	rd:sb-hd_nmc_c>sp-hd_n_c,aj-hd_int_c
1.702725	rd:sb-hd_nmc_c>sp-hd_n_c,cl-rc_c
2.160263	rd:sb-hd_nmc_c>sp-hd_n_c,hd-aj_int-sl_c
1.514169	rd:sb-hd_nmc_c>sp-hd_n_c,hd-aj_int-unsl_c
-0.801362	rd:sb-hd_nmc_c>sp-hd_n_c,hd-aj_scp-pr_c
-2.935604	rd:sb-hd_nmc_c>sp-hd_n_c,hd-cmp_u_c
1.496549	rd:sb-hd_nmc_c>sp-hd_n_c,hd-pct_c
-0.863624	rd:sb-hd_nmc_c>sp-hd_n_c,hd_optcmp_c
-0.065531	rd:sb-hd_nmc_c>sp-hd_n_c,hd_xaj-int-vp_c
-0.607084	rd:sb-hd_nmc_c>sp-hd_n_c,v_n3s-bse_ilr
-0.858129	rd:sp-hd_hc-cmp_c>av_-_dg-v_le,j_j-un_dlr
0.332561	rd:sp-hd_hc_c>av_-_dg-any_le,av_-_dg-cmp-more_le
-0.332561	rd:sp-hd_hc_c>av_-_dg-cmp-more_le,aj_-_i_le
0.897729	rd:sp-hd_hc_c>av_-_dg-cmp-more_le,hd-pct_c
0.221026	rd:sp-hd_hc_c>av_-_dg-cmp-so_le,aj_-_i-many-spr_le
-0.954768	rd:sp-hd_hc_c>av_-_dg-det_le,hd-cmp_u_c
-0.195686	rd:sp-hd_hc_c>av_-_dg-det_le,hdn_bnp-qnt_c
-0.848955	rd:sp-hd_hc_c>av_-_dg-jo_le,d_-_the_le
-0.586013	rd:sp-hd_hc_c>av_-_dg-jomv_le,av_-_dg-tt_le
-0.002316	rd:sp-hd_hc_c>av_-_dg-jomv_le,d_-_the_le
-0.953815	rd:sp-hd_hc_c>av_-_dg-jomv_le,hd-pct_c
0.989510	rd:sp-hd_hc_c>av_-_dg-jomv_le,hdn_bnp-pn_c
-0.992779	rd:sp-hd_hc_c>av_-_dg-jomv_le,hdn_bnp-qnt_c
0.997866	rd:sp-hd_hc_c>av_-_dg-m_le,hd_optcmp_c
-0.766440	rd:sp-hd_hc_c>av_-_dg-pp_le,hd-cmp_u_c
-0.205540	rd:sp-hd_hc_c>av_-_dg-tt_le,hd-pct_c
0.927748	rd:sp-hd_hc_c>av_-_dg-v-wh_le,aj_-_i-many-spr_le
1.874932	rd:sp-hd_hc_c>av_-_dg-v-wh_le,aj_-_i-much-spr_le
-1.874932	rd:sp-hd_hc_c>av_-_dg-v-wh_le,av_-_i-vp-only_le
0.943233	rd:sp-hd_hc_c>av_-_dg-v-wh_le,av_-_i-vp-po_le
-1.971344	rd:sp-hd_hc_c>av_-_dg-v_le,aj_-_i-much-spr_le
1.971344	rd:sp-hd_hc_c>av_-_dg-v_le,av_-_i-vp-only_le
0.858129	rd:sp-hd_hc_c>av_-_dg-v_le,hd-cmp_u_c
0.974932	rd:sp-hd_hc_c>av_-_dg-v_le,hd-pct_c
0.806994	rd:sp-hd_hc_c>av_-_dg-v_le,hd_optcmp_c
-0.806994	rd:sp-hd_hc_c>av_-_dg-v_le,j_n-ed_c
-0.724932	rd:sp-hd_hc_c>av_pp_dg-as_le,aj_-_i-er_le
-0.323524	rd:sp-hd_hc_c>av_pp_dg-as_le,aj_-_i-many-spr_le
0.943688	rd:sp-hd_hc_c>av_pp_dg-as_le,n_-_ad-gr-nm_le
0.993915	rd:sp-hd_hc_c>av_pp_dg-more_le,av_-_i-unk_le
1.620527	rd:sp-hd_hc_c>hdn_bnp-pn_c,n_-_cl-poss_le
0.964714	rd:sp-hd_hc_c>hdn_bnp-qnt_c,n_-_cl-poss_le
-0.907221	rd:sp-hd_hc_c>hdn_optcmp_c,hd-cmp_u_c
-0.993233	rd:sp-hd_hc_c>n_-_c-pl-def_le,hd-cmp_u_c
-0.324932	rd:sp-hd_hc_c>pct-hd_c,av_-_dg-cmp-so_le
1.049864	rd:sp-hd_hc_c>pct-hd_c,av_pp_dg-as_le
-0.900091	rd:sp-hd_hc_c>pct-hd_c,hd-pct_c
-0.906540	rd:sp-hd_hc_c>pct-hd_c,hdn_bnp-qnt_c
0.724932	rd:sp-hd_hc_c>sp-hd_hc_c,aj_-_i-er_le
0.332561	rd:sp-hd_hc_c>sp-hd_hc_c,aj_-_i_le
-0.586013	rd:sp-hd_hc_c>sp-hd_hc_c,hd-pct_c
-0.228202	rd:sp-hd_hc_c>sp-hd_n_c,n_-_cl-poss_le
-0.923252	rd:sp-hd_n_c>d_-_idf-cnj-an_le,n-n_crd-asym-t_c
0.968892	rd:sp-hd_n_c>d_-_ndiv_le,hd-cmp_u_c
-0.968892	rd:sp-hd_n_c>d_-_ndiv_le,hdn-aj_redrel_c
0.900999	rd:sp-hd_n_c>d_-_no_le,hd-pct_c
-1.873388	rd:sp-hd_n_c>d_-_no_le,hdn-aj_rc_c
1.100363	rd:sp-hd_n_c>d_-_no_le,hdn-aj_redrel_c
0.773025	rd:sp-hd_n_c>d_-_no_le,hdn_optcmp_c
0.865895	rd:sp-hd_n_c>d_-_poss-her_le,hd-pct_c
0.972298	rd:sp-hd_n_c>d_-_poss-his_le,aj-hdn_norm_c
-0.972298	rd:sp-hd_n_c>d_-_poss-his_le,n-hdn_cpd_c
0.941099	rd:sp-hd_n_c>d_-_poss-his_le,n_sg_ilr
-0.741144	rd:sp-hd_n_c>d_-_poss-its_le,hdn-aj_rc_c
0.741144	rd:sp-hd_n_c>d_-_poss-its_le,hdn_optcmp_c
-0.606767	rd:sp-hd_n_c>d_-_poss-my_le,n_ms_ilr
0.606767	rd:sp-hd_n_c>d_-_poss-my_le,n_sg_ilr
-0.938601	rd:sp-hd_n_c>d_-_poss-na_le,aj-hdn_norm_c
-0.900272	rd:sp-hd_n_c>d_-_poss-our_le,hdn-aj_redrel_c
0.900272	rd:sp-hd_n_c>d_-_poss-our_le,n_ms-cnt_ilr
0.330381	rd:sp-hd_n_c>d_-_poss-rel_le,hdn_optcmp_c
-0.330381	rd:sp-hd_n_c>d_-_poss-rel_le,np-hdn_ttl-cpd_c
0.938601	rd:sp-hd_n_c>d_-_poss-their_le,aj-hdn_norm_c
-0.799137	rd:sp-hd_n_c>d_-_poss-their_le,hdn-aj_redrel_c
0.998274	rd:sp-hd_n_c>d_-_poss-their_le,vp_np-ger_c
0.985332	rd:sp-hd_n_c>d_-_prt-div_le,hdn-aj_redrel_c
-0.985332	rd:sp-hd_n_c>d_-_prt-div_le,n_pl_olr
-0.941644	rd:sp-hd_n_c>d_-_prt-pl-both_le,aj_prt-det-ncp_c
-1.524160	rd:sp-hd_n_c>d_-_prt-pl-both_le,n-n_crd-div-t_c
1.568937	rd:sp-hd_n_c>d_-_prt-plm_le,aj-hdn_norm_c
0.966530	rd:sp-hd_n_c>d_-_prt-plm_le,hd-cmp_u_c
-1.600817	rd:sp-hd_n_c>d_-_prt-plm_le,hd-pct_c
-0.755404	rd:sp-hd_n_c>d_-_prt-plm_le,n-hdn_cpd_c
-0.947548	rd:sp-hd_n_c>d_-_prt-sg_le,n_sg_ilr
0.792825	rd:sp-hd_n_c>d_-_sg-every_le,hdn-aj_redrel_c
1.898047	rd:sp-hd_n_c>d_-_sg-every_le,hdn_optcmp_c
-0.909401	rd:sp-hd_n_c>d_-_sg-every_le,n-hdn_cpd_c
-1.781471	rd:sp-hd_n_c>d_-_sg-every_le,n_ms-cnt_ilr
0.965804	rd:sp-hd_n_c>d_-_sg-nmd-an_le,aj-hdn_norm_c
-1.786830	rd:sp-hd_n_c>d_-_sg-nmd-an_le,hd-pct_c
1.748683	rd:sp-hd_n_c>d_-_sg-nmd-an_le,hdn-aj_rc_c
1.061399	rd:sp-hd_n_c>d_-_sg-nmd-an_le,hdn-aj_redrel_c
-0.969846	rd:sp-hd_n_c>d_-_sg-nmd-an_le,hdn_optcmp_c
-0.916985	rd:sp-hd_n_c>d_-_sg-nmd-an_le,n_sg_ilr
0.646821	rd:sp-hd_n_c>d_-_sg-nmd_le,aj-hdn_norm_c
-1.914078	rd:sp-hd_n_c>d_-_sg-nmd_le,hd-cmp_u_c
0.641190	rd:sp-hd_n_c>d_-_sg-nmd_le,hd-pct_c
1.654042	rd:sp-hd_n_c>d_-_sg-nmd_le,hdn-aj_rc_c
0.992779	rd:sp-hd_n_c>d_-_sg-nmd_le,hdn-aj_redrel_c
0.997275	rd:sp-hd_n_c>d_-_sg-nmd_le,hdn-cl_prnth_c
-0.997366	rd:sp-hd_n_c>d_-_sg-nmd_le,hdn_np-num_c
1.114351	rd:sp-hd_n_c>d_-_sg-nmd_le,hdn_optcmp_c
1.059083	rd:sp-hd_n_c>d_-_sg-nmd_le,n-hdn_cpd_c
-2.816712	rd:sp-hd_n_c>d_-_sg-nmd_le,n_ms-cnt_ilr
0.225749	rd:sp-hd_n_c>d_-_sg-nmd_le,n_sg_ilr
0.915213	rd:sp-hd_n_c>d_-_sg-nmd_le,np-hdn_cpd_c
-0.977611	rd:sp-hd_n_c>d_-_sgm_le,hdn_np-num_c
-0.920300	rd:sp-hd_n_c>d_-_sgm_le,hdn_optcmp_c
-1.483833	rd:sp-hd_n_c>d_-_sgm_le,n_ms_ilr
0.733470	rd:sp-hd_n_c>d_-_sgm_le,n_sg_ilr
0.920300	rd:sp-hd_n_c>d_-_sgm_le,num_prt-det-nc_c
0.954223	rd:sp-hd_n_c>d_-_the_le,aj-hdn_adjn_c
-0.100954	rd:sp-hd_n_c>d_-_the_le,aj-hdn_norm_c
0.507675	rd:sp-hd_n_c>d_-_the_le,hd-cmp_u_c
-1.014986	rd:sp-hd_n_c>d_-_the_le,hd-pct_c
-1.554133	rd:sp-hd_n_c>d_-_the_le,hd_xcmp_c
-0.960127	rd:sp-hd_n_c>d_-_the_le,hdn-aj_rc-pr_c
1.237375	rd:sp-hd_n_c>d_-_the_le,hdn-aj_rc_c
-2.083015	rd:sp-hd_n_c>d_-_the_le,hdn-aj_redrel_c
-0.959491	rd:sp-hd_n_c>d_-_the_le,hdn-cl_dsh_c
-0.181381	rd:sp-hd_n_c>d_-_the_le,hdn_optcmp_c
-0.945550	rd:sp-hd_n_c>d_-_the_le,n-hdn_cpd-pl_c
1.573297	rd:sp-hd_n_c>d_-_the_le,n-hdn_cpd_c
-0.763806	rd:sp-hd_n_c>d_-_the_le,n-hdn_j-n-cpd_c
-0.954723	rd:sp-hd_n_c>d_-_the_le,n-n_crd-asym-t_c
2.168801	rd:sp-hd_n_c>d_-_the_le,n-n_crd-div-t_c
-0.907811	rd:sp-hd_n_c>d_-_the_le,n-n_crd-nondiv-dll-t_c
-1.077657	rd:sp-hd_n_c>d_-_the_le,n_-_c-pl_le
-0.425023	rd:sp-hd_n_c>d_-_the_le,n_ms-cnt_ilr
-0.404042	rd:sp-hd_n_c>d_-_the_le,n_pl-irreg-noaff_olr
0.277975	rd:sp-hd_n_c>d_-_the_le,n_pl_olr
0.983106	rd:sp-hd_n_c>d_-_the_le,n_sg_ilr
2.369619	rd:sp-hd_n_c>d_-_the_le,np-hdn_cpd_c
3.949455	rd:sp-hd_n_c>d_-_the_le,np-hdn_nme-cpd_c
-0.837557	rd:sp-hd_n_c>d_-_the_le,np-hdn_ttl-cpd_c
-0.428747	rd:sp-hd_n_c>d_-_wh_le,n_sg_ilr
0.713851	rd:sp-hd_n_c>n_det-mnth_dlr,hd-cmp_u_c
-0.713851	rd:sp-hd_n_c>n_det-mnth_dlr,hdn_optcmp_c
-0.925704	rd:sp-hd_n_c>num_det_c,hd-pct_c
4.496685	rd:sp-hd_n_c>num_det_c,hdn-aj_redrel_c
-1.678701	rd:sp-hd_n_c>num_det_c,hdn_optcmp_c
-1.716076	rd:sp-hd_n_c>num_det_c,n_pl_olr
0.901272	rd:sp-hd_n_c>pct-hd_c,np-hdn_ttl-cpd_c
0.912035	rd:sp-hd_n_c>sp-hd_hc_c,aj-hdn_norm_c
3.305540	rd:sp-hd_n_c>sp-hd_hc_c,hd-cmp_u_c
1.587057	rd:sp-hd_n_c>sp-hd_hc_c,hd-pct_c
-0.410082	rd:sp-hd_n_c>sp-hd_hc_c,hdn-aj_rc_c
-0.136149	rd:sp-hd_n_c>sp-hd_hc_c,hdn-aj_redrel_c
0.910581	rd:sp-hd_n_c>sp-hd_hc_c,hdn_optcmp_c
-0.645550	rd:sp-hd_n_c>sp-hd_hc_c,n_sg_ilr
-3.093006	rd:sp-hd_n_c>sp-hd_hc_c,vp_np-ger_c
-0.474024	rd:v_3s-fin_olr>v_-_le
-0.994005	rd:v_3s-fin_olr>v_adv_le
-0.852498	rd:v_3s-fin_olr>v_ap_seq_le
-0.953179	rd:v_3s-fin_olr>v_cp-frag_dlr
1.677430	rd:v_3s-fin_olr>v_cp_fin-inf-q-mob_le
0.438420	rd:v_3s-fin_olr>v_cp_fin-inf-q_le
0.996367	rd:v_3s-fin_olr>v_cp_inf-only_le
0.636376	rd:v_3s-fin_olr>v_cp_prop_le
-0.859173	rd:v_3s-fin_olr>v_np*_le
-2.703179	rd:v_3s-fin_olr>v_np-pp_e_le
0.934423	rd:v_3s-fin_olr>v_np-pp_oeq-as_le
-1.355722	rd:v_3s-fin_olr>v_np-prd_oeq-ntr_le
1.768756	rd:v_3s-fin_olr>v_np-prd_oeq_le
0.956222	rd:v_3s-fin_olr>v_np-vp_aeq-ntr_le
-0.966530	rd:v_3s-fin_olr>v_np-vp_oeq_le
-0.996367	rd:v_3s-fin_olr>v_np-vp_sor-ntr_le
0.017302	rd:v_3s-fin_olr>v_np-vp_sor_le
0.640554	rd:v_3s-fin_olr>v_np-vpslnp_oeq_le
1.193006	rd:v_3s-fin_olr>v_np_le
0.715168	rd:v_3s-fin_olr>v_np_poss_le
-0.920254	rd:v_3s-fin_olr>v_p-np_le
0.852498	rd:v_3s-fin_olr>v_p-vp_ssr_le
0.953179	rd:v_3s-fin_olr>v_pp*-cp_le
-2.951907	rd:v_3s-fin_olr>v_pp_e_le
0.489873	rd:v_3s-fin_olr>v_vp_seq-prp_le
0.997230	rd:v_3s-fin_olr>v_vp_seq_le
1.600817	rd:v_aux-advadd_dlr>v_np_am_le
1.406630	rd:v_aux-advadd_dlr>v_np_was_le
0.719210	rd:v_aux-advadd_dlr>v_prd_are_le
-0.997866	rd:v_aux-advadd_dlr>v_prd_is_le
-0.917212	rd:v_aux-advadd_dlr>v_prd_was_le
0.925204	rd:v_aux-advadd_dlr>v_prd_wre_le
0.159764	rd:v_aux-advadd_dlr>v_vp_did_le
-0.586966	rd:v_aux-advadd_dlr>v_vp_has_le
-1.491099	rd:v_aux-advadd_dlr>v_vp_mdl-n-pst_le
-1.691099	rd:v_aux-advadd_dlr>v_vp_mdl-n_le
-0.746322	rd:v_aux-advadd_dlr>v_vp_mdl-p-inv_le
0.839192	rd:v_aux-advadd_dlr>v_vp_mdl-p-niv_le
0.946549	rd:v_aux-advadd_dlr>v_vp_mdl-p-pst_le
-0.948638	rd:v_aux-advadd_dlr>v_vp_mdl-p-sv_le
-0.842507	rd:v_aux-advadd_dlr>v_vp_mdl-p-unsp_le
-1.908084	rd:v_aux-advadd_dlr>v_vp_mdl-p_le
-0.807084	rd:v_aux-cx-noinv_dlr>v_cp_is-cx_le
0.789600	rd:v_aux-cx-noinv_dlr>v_np-xp_is-cx_le
-0.681017	rd:v_aux-cx-noinv_dlr>v_np_is-cx_le
0.189646	rd:v_aux-cx-noinv_dlr>v_prd_is-cx_le
-0.607084	rd:v_aux-cx-noinv_dlr>v_sc_is-cx_le
-0.189646	rd:v_aux-cx-noinv_dlr>v_vp_has-cx_le
-1.443915	rd:v_aux-ell-ref_dlr>v_prd_be_le
-0.654632	rd:v_aux-ell-ref_dlr>v_prd_been_le
-0.739918	rd:v_aux-ell-ref_dlr>v_prd_is-n_le
-0.088692	rd:v_aux-ell-ref_dlr>v_prd_is_le
0.919391	rd:v_aux-ell-ref_dlr>v_prd_was-n_le
1.148183	rd:v_aux-ell-ref_dlr>v_prd_was_le
-0.912307	rd:v_aux-ell-ref_dlr>v_prd_wre_le
1.615441	rd:v_aux-ell-ref_dlr>v_vp_did-n_le
0.118074	rd:v_aux-ell-ref_dlr>v_vp_did_le
-0.718756	rd:v_aux-ell-ref_dlr>v_vp_does-n_le
2.708629	rd:v_aux-ell-ref_dlr>v_vp_does_le
-0.999364	rd:v_aux-ell-ref_dlr>v_vp_had-n_le
-0.958674	rd:v_aux-ell-ref_dlr>v_vp_have-bse_le
-0.900999	rd:v_aux-ell-ref_dlr>v_vp_have-f_le
-1.301817	rd:v_aux-ell-ref_dlr>v_vp_mdl-p-pst_le
1.301817	rd:v_aux-ell-ref_dlr>v_vp_mdl-p-unsp_le
0.916576	rd:v_aux-ell-xpl_dlr>v_np-xp_be_le
-0.916576	rd:v_aux-ell-xpl_dlr>v_prd_be_le
0.739918	rd:v_aux-ell-xpl_dlr>v_prd_is-n_le
-0.001181	rd:v_aux-ell-xpl_dlr>v_prd_is_le
-1.615441	rd:v_aux-ell-xpl_dlr>v_vp_did-n_le
0.339600	rd:v_aux-sb-inv-ell_dlr>v_aux-ell-ref_dlr
-0.875522	rd:v_aux-sb-inv-ell_dlr>v_aux-ell-xpl_dlr
-0.588647	rd:v_aux-sb-inv_dlr>v_aux-advadd_dlr
-0.958674	rd:v_aux-sb-inv_dlr>v_cp_was_le
-1.508674	rd:v_aux-sb-inv_dlr>v_np_is_le
0.721844	rd:v_aux-sb-inv_dlr>v_prd_is_le
0.746004	rd:v_aux-sb-inv_dlr>v_prd_was_le
1.454859	rd:v_aux-sb-inv_dlr>v_vp_did_le
0.996685	rd:v_aux-sb-inv_dlr>v_vp_does_le
-0.946549	rd:v_aux-sb-inv_dlr>v_vp_mdl-p-unsp_le
0.746322	rd:v_aux-sb-inv_dlr>v_vp_ssr-n3sg-r_le
0.966667	rd:v_aux-tag_dlr>v_aux-sb-inv-ell_dlr
0.948638	rd:v_cond-inv_dlr>v_vp_mdl-p-sv_le
-1.933015	rd:v_cp-frag_dlr>v_cp_le
-0.907675	rd:v_cp-frag_dlr>v_pp*-cp_fin-imp_le
-2.890963	rd:v_cp-frag_dlr>v_pp*-cp_le
-0.702271	rd:v_dat_dlr>v_np-np*_le
3.047457	rd:v_dat_dlr>v_np-np_le
-0.942870	rd:v_inv-quot_dlr>v_pst_olr
-1.376521	rd:v_it-cp-vp_dlr>v_np-cp_it-s_le
0.070981	rd:v_j-nb-intr_dlr>v_prp_olr
-0.589328	rd:v_j-nb-pas-ptcl_dlr>v_pas-p_odlr
0.428383	rd:v_j-nb-pas-tr_dlr>v_pas_odlr
-1.551907	rd:v_j-nb-prp-tr_dlr>v_prp_olr
-0.957584	rd:v_j-nme-tr_dlr>v_pas_odlr
0.918165	rd:v_n3s-bse_ilr>v_-_le
-0.646685	rd:v_n3s-bse_ilr>v_-_unacc_le
0.974977	rd:v_n3s-bse_ilr>v_adv_le
-0.886240	rd:v_n3s-bse_ilr>v_ap_seq_le
-1.972616	rd:v_n3s-bse_ilr>v_cp-frag_dlr
-1.182198	rd:v_n3s-bse_ilr>v_cp_fin-inf-q-mob_le
-0.928156	rd:v_n3s-bse_ilr>v_cp_fin-inf-q_le
0.974977	rd:v_n3s-bse_ilr>v_cp_inf-only_le
-0.459401	rd:v_n3s-bse_ilr>v_cp_it-s_le
0.868801	rd:v_n3s-bse_ilr>v_cp_prop_le
-0.863624	rd:v_n3s-bse_ilr>v_cp_sbjnct_le
0.727293	rd:v_n3s-bse_ilr>v_dat_dlr
-1.376521	rd:v_n3s-bse_ilr>v_it-cp-vp_dlr
-0.977748	rd:v_n3s-bse_ilr>v_it-pp-cp_le
0.977748	rd:v_n3s-bse_ilr>v_it-pp-vp_oeq_le
0.909401	rd:v_n3s-bse_ilr>v_nb_idm_le
-0.984832	rd:v_n3s-bse_ilr>v_nb_le
-1.874932	rd:v_n3s-bse_ilr>v_np*-np_le
-0.872025	rd:v_n3s-bse_ilr>v_np*-pp*_to_le
0.104587	rd:v_n3s-bse_ilr>v_np*_le
-1.501998	rd:v_n3s-bse_ilr>v_np-ap_oeq_le
0.592734	rd:v_n3s-bse_ilr>v_np-cp_it-s_le
-0.800136	rd:v_n3s-bse_ilr>v_np-nb_le
-1.875795	rd:v_n3s-bse_ilr>v_np-np*_le
-1.910263	rd:v_n3s-bse_ilr>v_np-np_only_le
1.217121	rd:v_n3s-bse_ilr>v_np-pp_e-idm_le
0.860127	rd:v_n3s-bse_ilr>v_np-pp_e_le
-0.927520	rd:v_n3s-bse_ilr>v_np-pp_prop_le
0.979791	rd:v_n3s-bse_ilr>v_np-pp_seq-as_le
-0.782561	rd:v_n3s-bse_ilr>v_np-prd_oeq-ntr_le
-0.993506	rd:v_n3s-bse_ilr>v_np-prd_oeq_le
0.290509	rd:v_n3s-bse_ilr>v_np-prd_sor_le
-0.962080	rd:v_n3s-bse_ilr>v_np-vp_bse_le
-2.475250	rd:v_n3s-bse_ilr>v_np-vp_oeq_le
2.256449	rd:v_n3s-bse_ilr>v_np-vp_sor-ntr_le
2.205813	rd:v_n3s-bse_ilr>v_np-vp_sor_le
-0.976022	rd:v_n3s-bse_ilr>v_np_idm_le
1.415168	rd:v_n3s-bse_ilr>v_np_le
0.531517	rd:v_n3s-bse_ilr>v_np_noger_le
-0.974977	rd:v_n3s-bse_ilr>v_np_ntr_le
0.867166	rd:v_n3s-bse_ilr>v_np_poss_le
-0.901272	rd:v_n3s-bse_ilr>v_np_salut_le
-0.556812	rd:v_n3s-bse_ilr>v_np_thr-s_le
-1.186785	rd:v_n3s-bse_ilr>v_p-np_le
0.987920	rd:v_n3s-bse_ilr>v_p-pp_e_le
1.656857	rd:v_n3s-bse_ilr>v_p_le
0.838738	rd:v_n3s-bse_ilr>v_pp*-cp_le
0.887557	rd:v_n3s-bse_ilr>v_pp*-cp_unsp_le
0.890236	rd:v_n3s-bse_ilr>v_pp*-pp*_le
-0.342916	rd:v_n3s-bse_ilr>v_pp*_dir_le
0.876067	rd:v_n3s-bse_ilr>v_pp-vp_oeq_le
-0.195686	rd:v_n3s-bse_ilr>v_pp_arg_le
1.651862	rd:v_n3s-bse_ilr>v_pp_dir_le
3.496276	rd:v_n3s-bse_ilr>v_pp_e_le
0.026431	rd:v_n3s-bse_ilr>v_prd_seq-va_le
-0.867847	rd:v_n3s-bse_ilr>v_prd_seq_le
0.299364	rd:v_n3s-bse_ilr>v_vp_seq-prp_le
0.296503	rd:v_n3s-bse_ilr>v_vp_seq_le
-0.980836	rd:v_n3s-bse_ilr>v_vp_ssr-nimp_le
0.575976	rd:v_n3s-bse_ilr>v_vp_ssr-prp_le
0.045867	rd:v_nger-intr_dlr>v_prp_olr
-0.959855	rd:v_nger-pp_dlr>v_prp_olr
-0.991054	rd:v_nger-tr_dlr>v_prp-nf_olr
-2.178020	rd:v_nger-tr_dlr>v_prp_olr
-0.920254	rd:v_np-prtcl_dlr>v_3s-fin_olr
0.668211	rd:v_np-prtcl_dlr>v_n3s-bse_ilr
-0.953043	rd:v_np-prtcl_dlr>v_prp_olr
0.936194	rd:v_np-prtcl_dlr>v_pst_olr
0.944233	rd:v_pas-cp_odlr>v_cp_prop_le
-0.785604	rd:v_pas-dat_odlr>v_np*-np_le
-1.053542	rd:v_pas-dat_odlr>v_np-np_only_le
-0.589328	rd:v_pas-p_odlr>v_pp-vp_ssr_le
-0.991054	rd:v_pas-p_odlr>v_pp_e_le
-0.997366	rd:v_pas-prt-t_odlr>v_p-np_le
-0.425023	rd:v_pas_odlr>v_dat_dlr
-1.443688	rd:v_pas_odlr>v_np*_le
0.273342	rd:v_pas_odlr>v_np-cp_it-s_le
1.647003	rd:v_pas_odlr>v_np-pp_e-idm_le
-0.200545	rd:v_pas_odlr>v_np-pp_e_le
-0.659991	rd:v_pas_odlr>v_np-prd_oeq_le
0.271980	rd:v_pas_odlr>v_np-vp_oeq_le
-0.015668	rd:v_pas_odlr>v_np-vp_sor_le
0.384514	rd:v_pas_odlr>v_np_le
-0.991054	rd:v_prp-nf_olr>v_np_le
0.132380	rd:v_prp_olr>v_-_le
1.819164	rd:v_prp_olr>v_-_unacc_le
0.957357	rd:v_prp_olr>v_nb_idm_le
0.897457	rd:v_prp_olr>v_np*-np_le
0.238102	rd:v_prp_olr>v_np*_le
-1.579746	rd:v_prp_olr>v_np-np_le
-1.159264	rd:v_prp_olr>v_np-pp_e-idm_le
-0.964078	rd:v_prp_olr>v_np-pp_e_le
-0.676930	rd:v_prp_olr>v_np-pp_prop_le
0.786149	rd:v_prp_olr>v_np-pp_seq-as_le
-0.948683	rd:v_prp_olr>v_np-prd_oeq_le
-0.385014	rd:v_prp_olr>v_np_le
-0.786149	rd:v_prp_olr>v_np_noger_le
-0.978474	rd:v_prp_olr>v_np_thr-s_le
-0.953043	rd:v_prp_olr>v_p-np_le
1.755767	rd:v_prp_olr>v_pp*-pp*_le
0.040509	rd:v_prp_olr>v_pp*_dir_le
1.582561	rd:v_prp_olr>v_pp_e_le
-0.990145	rd:v_prp_olr>v_vp_seq_le
0.194051	rd:v_psp_olr>v_-_le
-1.678928	rd:v_psp_olr>v_cp_prop_le
2.288783	rd:v_psp_olr>v_np*_le
1.817348	rd:v_psp_olr>v_np-pp_e_le
-0.886649	rd:v_psp_olr>v_np-prd_oeq_le
-0.958401	rd:v_psp_olr>v_np-vp_oeq-bse_le
0.877566	rd:v_psp_olr>v_np-vp_sor_le
0.045368	rd:v_psp_olr>v_np_le
-0.999410	rd:v_psp_olr>v_np_ntr_le
-0.700954	rd:v_psp_olr>v_p_le
0.700954	rd:v_psp_olr>v_pp*_dir_le
0.127929	rd:v_psp_olr>v_pp_e_le
0.958401	rd:v_psp_olr>v_vp_seq-bse_le
0.708447	rd:v_pst_olr>v_-_it_le
0.880018	rd:v_pst_olr>v_-_le
-2.805858	rd:v_pst_olr>v_cp-frag_dlr
0.056494	rd:v_pst_olr>v_cp_fin-inf-q-mob_le
-0.469664	rd:v_pst_olr>v_cp_fin-inf-q_le
0.472434	rd:v_pst_olr>v_cp_inf-only_le
0.973252	rd:v_pst_olr>v_cp_prop_le
2.042916	rd:v_pst_olr>v_dat_dlr
0.702271	rd:v_pst_olr>v_it-pp-vp_oeq_le
-0.865895	rd:v_pst_olr>v_nb_idm_le
0.902316	rd:v_pst_olr>v_np*-np-vp_it-s_le
-0.884877	rd:v_pst_olr>v_np*-pp_e_le
0.912625	rd:v_pst_olr>v_np*_le
0.164260	rd:v_pst_olr>v_np-cp_fin-inf_le
-0.778020	rd:v_pst_olr>v_np-cp_prop_le
-1.057811	rd:v_pst_olr>v_np-np_le
-0.902316	rd:v_pst_olr>v_np-np_only_le
-0.868665	rd:v_pst_olr>v_np-pp_e-idm_le
0.221662	rd:v_pst_olr>v_np-pp_e_le
0.590282	rd:v_pst_olr>v_np-pp_to_le
-0.470845	rd:v_pst_olr>v_np-prd_oeq-ntr_le
0.332470	rd:v_pst_olr>v_np-prd_oeq_le
0.725159	rd:v_pst_olr>v_np-vp_aeq-ntr_le
-0.080245	rd:v_pst_olr>v_np-vp_aeq-psv_le
0.969437	rd:v_pst_olr>v_np-vp_oeq-from_le
0.262943	rd:v_pst_olr>v_np-vp_oeq-psv_le
-1.204360	rd:v_pst_olr>v_np-vp_oeq_le
-0.968665	rd:v_pst_olr>v_np-vp_sor-ntr_le
-0.519301	rd:v_pst_olr>v_np-vp_sor_le
-0.708447	rd:v_pst_olr>v_np_it_le
-1.104405	rd:v_pst_olr>v_np_le
-0.972934	rd:v_pst_olr>v_np_noger_le
0.825386	rd:v_pst_olr>v_np_ntr_le
-0.318574	rd:v_pst_olr>v_np_poss_le
1.772343	rd:v_pst_olr>v_p-np_le
0.150272	rd:v_pst_olr>v_pp*-cp_inf_le
1.700727	rd:v_pst_olr>v_pp*-cp_le
0.085559	rd:v_pst_olr>v_pp*-pp*_le
-3.455631	rd:v_pst_olr>v_pp*-vp_oeq_le
-0.900863	rd:v_pst_olr>v_pp*_le
0.121662	rd:v_pst_olr>v_pp-vp_oeq_le
0.589328	rd:v_pst_olr>v_pp-vp_ssr_le
-1.594369	rd:v_pst_olr>v_pp_arg_le
1.471526	rd:v_pst_olr>v_pp_e_le
0.205540	rd:v_pst_olr>v_pp_unacc_le
-0.964532	rd:v_pst_olr>v_prd_seq-va_le
2.578247	rd:v_pst_olr>v_vp_seq-prp_le
0.771708	rd:v_pst_olr>v_vp_seq_le
1.846004	rd:v_pst_olr>v_vp_ssr-prp_le
0.852679	rd:v_pst_olr>v_vp_ssr_le
-0.980836	rd:v_v-pre_dlr>v_n3s-bse_ilr
-0.972934	rd:v_v-pre_dlr>v_pst_olr
-1.823206	rd:v_v-re_dlr>v_n3s-bse_ilr
-0.588647	rd:v_v-re_dlr>v_prp_olr
-0.799319	rd:v_v-re_dlr>v_pst_olr
-0.633106	rd:v_v-un_dlr>v_pas_odlr
0.864078	rd:v_v-un_dlr>v_prp_olr
-0.657175	rd:v_v-under_dlr>v_3s-fin_olr
-1.453088	rd:v_v-under_dlr>v_n3s-bse_ilr
0.920254	rd:vp-vp_crd-fin-t_c>hd-aj_int-unsl_c,mrk-nh_evnt_c
0.903860	rd:vp-vp_crd-fin-t_c>hd-cmp_u_c,mrk-nh_evnt_c
0.052316	rd:vp-vp_crd-fin-t_c>hd_xcmp_c,mrk-nh_evnt_c
-0.789918	rd:vp-vp_crd-nfin-t_c>hd_optcmp_c,mrk-nh_evnt_c
0.859128	rd:vp_cp-sb-inf_c>hd-aj_int-unsl_c
0.099546	rd:vp_cp-sb-inf_c>hd-cmp_u_c
-0.959991	rd:vp_cp-sb-inf_c>hd_optcmp_c
-0.778020	rd:vp_cp-sb-inf_c>v_aux-ell-ref_dlr
-1.244233	rd:vp_cp-sb_c>hd-cmp_u_c
-0.698683	rd:vp_fin-frg_c>hd-cmp_u_c
0.807448	rd:vp_fin-frg_c>hd-pct_c
-0.953179	rd:vp_fin-frg_c>mrk-nh_evnt_c
-1.228111	rd:vp_nfin-frg_c>hd-cmp_u_c
-1.804723	rd:vp_nfin-frg_c>hd-pct_c
-1.406630	rd:vp_np-ger_c>aj-hd_scp-xp_c
1.493642	rd:vp_np-ger_c>hd-aj_int-unsl_c
-0.522343	rd:vp_np-ger_c>hd-cmp_u_c
-1.410990	rd:vp_np-ger_c>hd_optcmp_c
0.746094	rd:vp_rc-redrel_c>hd-cmp_u_c
-2.054133	rd:vp_rc-redrel_c>hd_optcmp_c
0.022752	rd:vp_rc-redrel_c>vppr-vppr_crd-t_c
0.009628	rd:vp_sbrd-prd-aj_c>hd-cmp_u_c
-0.987012	rd:vp_sbrd-prd-aj_c>hd-pct_c
-0.990054	rd:vp_sbrd-prd-aj_c>hd_optcmp_c
-0.997366	rd:vp_sbrd-prd-aj_c>n-v_j-cpd_c
-0.949682	rd:vp_sbrd-prd-ell_c>aj_-_i_le
-0.333379	rd:vp_sbrd-prd-pas_c>hd-cmp_u_c
-0.958674	rd:vp_sbrd-prd-pas_c>hd_optcmp_c
-0.022752	rd:vp_sbrd-prd-pas_c>vppr-vppr_crd-t_c
-0.434514	rd:vp_sbrd-prd-prp_c>hd-cmp_u_c
-0.942825	rd:vp_sbrd-prd-prp_c>hd_optcmp_c
-0.941099	rd:vp_sbrd-pre_c>hd-cmp_u_c
-0.923433	rd:vppr-vppr_crd-t_c>hd_optcmp_c,mrk-nh_evnt_c
0.923433	rd:vppr-vppr_crd-t_c>hd_xcmp_c,mrk-nh_evnt_c
-0.801453	rd:w-w_fw-seq-m_c>hd-pct_nobrk_c,n_-_gq_le
0.213896	rd:w-w_fw-seq-m_c>pct-hd_c,n_-_gq_le
-0.801453	rd:w-w_fw-seq-m_c>w-w_fw-seq-m_c,hd-pct_c
0.213896	rd:w-w_fw-seq-m_c>w-w_fw-seq-m_c,n_-_gq_le
0.213896	rd:w-w_fw-seq-t_c>w-w_fw-seq-m_c,hd-pct_c
-1.201181	rd:w_fw_c>pct-hd_c
-0.469664	root:root_exclam_ques
-5.222979	root:root_frag
-3.213215	root:root_inffrag
-1.020845	root:root_informal
9.926703	root:root_strict
-0.469664	top:root_exclam_ques>flr-hd_wh-mc-sb_c
0.701408	top:root_frag>aj-np_frg_c
-0.701408	top:root_frag>aj-pp_frg_c
-0.403724	top:root_frag>cl_cp-frg_c
-1.602271	top:root_frag>hd-aj_scp-pr-mc_c
-0.282062	top:root_frag>j_frg_c
-0.998320	top:root_frag>np-aj_frg_c
2.613351	top:root_frag>np_frg_c
-0.988102	top:root_frag>np_nb-frg_c
-1.055540	top:root_frag>pp_frg_c
-0.907539	top:root_frag>r_int-frg_c
-0.900091	top:root_frag>r_scp-frg_c
0.108765	top:root_frag>vp_fin-frg_c
-0.807448	top:root_frag>vp_nfin-frg_c
-0.906585	top:root_inffrag>cl_rel-frg_c
-0.749955	top:root_inffrag>cl_wh-nonfin-frg_c
-1.136739	top:root_inffrag>np_frg_c
-0.419936	top:root_inffrag>r_cl-frg_c
-0.901272	top:root_informal>aj-hd_scp-xp_c
-0.540372	top:root_informal>aj-hd_scp_c
-0.715622	top:root_informal>cl-cl_runon-cma_c
-2.922298	top:root_informal>flr-hd_nwh-nc-np_c
-0.385559	top:root_informal>flr-hd_nwh-nc_c
-0.940191	top:root_informal>frg-cl_runon_c
2.200636	top:root_informal>hd-aj_scp_c
3.183833	top:root_informal>sb-hd_mc_c
-0.900545	top:root_strict>aj-hd_scp-xp_c
1.011308	top:root_strict>aj-hd_scp_c
-0.947457	top:root_strict>cl-cl_crd-int-t_c
1.737375	top:root_strict>cl-cl_crd-t_c
2.603451	top:root_strict>cl-cl_runon_c
-0.832289	top:root_strict>flr-hd_nwh-inv_c
1.555995	top:root_strict>flr-hd_nwh_c
1.603951	top:root_strict>flr-hd_wh-mc-sb_c
1.055858	top:root_strict>flr-hd_wh-mc_c
0.998320	top:root_strict>frg-cl_runon_c
2.532425	top:root_strict>hd-aj_scp-pr-mc_c
0.966667	top:root_strict>hd-aj_scp-pr_c
-1.988238	top:root_strict>hd-aj_scp_c
-0.929064	top:root_strict>hd-hd_rnr_c
-0.824114	top:root_strict>hd_imp_c
0.262670	top:root_strict>hd_inv-nwh_c
-0.932334	top:root_strict>hd_yesno-period_c
2.496730	top:root_strict>hd_yesno_c
0.082153	top:root_strict>np-cl_indef_c
0.373842	top:root_strict>sb-hd_mc_c
