# uid	field	phenomenon	good	bad; first 30 pairs per paradigm, see SOURCE.md
adjunct_island	syntax	island_effects	Who should Derek hug after shocking Richard?	Who should Derek hug Richard after shocking?
adjunct_island	syntax	island_effects	What had Theresa walked through while talking about that high school?	What had Theresa walked through that high school while talking about?
adjunct_island	syntax	island_effects	Who will Katherine discover without hiring Erin?	Who will Katherine discover Erin without hiring?
adjunct_island	syntax	island_effects	Who has Colleen aggravated before kissing Judy?	Who has Colleen aggravated Judy before kissing?
adjunct_island	syntax	island_effects	What could a lot of cats break while finding all convertibles?	What could a lot of cats break all convertibles while finding?
adjunct_island	syntax	island_effects	Who have most people discovered while embarrassing Erin?	Who have most people discovered Erin while embarrassing?
adjunct_island	syntax	island_effects	Who was William firing before talking about Maria?	Who was William firing Maria before talking about?
adjunct_island	syntax	island_effects	What is Denise descending while hiding a lot of hills?	What is Denise descending a lot of hills while hiding?
adjunct_island	syntax	island_effects	Who does John leave while alarming Beverly?	Who does John leave Beverly while alarming?
adjunct_island	syntax	island_effects	What was Melanie going to after taking those rivers?	What was Melanie going to those rivers after taking?
adjunct_island	syntax	island_effects	Who could Bethany research before discussing Winston Churchill?	Who could Bethany research Winston Churchill before discussing?
adjunct_island	syntax	island_effects	What could Jessica sell before noticing these spotlights?	What could Jessica sell these spotlights before noticing?
adjunct_island	syntax	island_effects	What had Helen biked to without bothering Spain?	What had Helen biked to Spain without bothering?
adjunct_island	syntax	island_effects	Who is Mary irritating after approaching Kenneth?	Who is Mary irritating Kenneth after approaching?
adjunct_island	syntax	island_effects	Who might Rose flee from before returning to this customer?	Who might Rose flee from this customer before returning to?
adjunct_island	syntax	island_effects	What will Janice research after boasting about politics?	What will Janice research politics after boasting about?
adjunct_island	syntax	island_effects	Who had Karla aggravated without finding Donald?	Who had Karla aggravated Donald without finding?
adjunct_island	syntax	island_effects	Who should a government reference before shocking Jesus?	Who should a government reference Jesus before shocking?
adjunct_island	syntax	island_effects	What had Aaron sounded like while cleaning the museum?	What had Aaron sounded like the museum while cleaning?
adjunct_island	syntax	island_effects	What is Brenda arriving at while exiting many schools?	What is Brenda arriving at many schools while exiting?
adjunct_island	syntax	island_effects	Who is a window hurting without disturbing Sabrina?	Who is a window hurting Sabrina without disturbing?
adjunct_island	syntax	island_effects	Who had Jesus bothered after leaving Lori?	Who had Jesus bothered Lori after leaving?
adjunct_island	syntax	island_effects	Who are a lot of hamsters disgusting while finding Ronald?	Who are a lot of hamsters disgusting Ronald while finding?
adjunct_island	syntax	island_effects	Who could Amelia leave while appreciating Paul?	Who could Amelia leave Paul while appreciating?
adjunct_island	syntax	island_effects	What have many ladies dropped by without talking about all malls?	What have many ladies dropped by all malls without talking about?
adjunct_island	syntax	island_effects	What is Larry dropping by after lifting a grocery store?	What is Larry dropping by a grocery store after lifting?
adjunct_island	syntax	island_effects	Who is that student hugging before stunning Catherine?	Who is that student hugging Catherine before stunning?
adjunct_island	syntax	island_effects	Who were those schools appreciating without scaring Alice?	Who were those schools appreciating Alice without scaring?
adjunct_island	syntax	island_effects	What did Dan sell after revealing some plane?	What did Dan sell some plane after revealing?
adjunct_island	syntax	island_effects	What had Marcus climbed down before buying many mountains?	What had Marcus climbed down many mountains before buying?
anaphor_gender_agreement	morphology	anaphor_agreement	Katherine can't help herself.	Katherine can't help himself.
anaphor_gender_agreement	morphology	anaphor_agreement	Karla could listen to herself.	Karla could listen to himself.
anaphor_gender_agreement	morphology	anaphor_agreement	Marie won't think about herself.	Marie won't think about itself.
anaphor_gender_agreement	morphology	anaphor_agreement	Mark hasn't discussed himself.	Mark hasn't discussed itself.
anaphor_gender_agreement	morphology	anaphor_agreement	Stephen impressed himself.	Stephen impressed itself.
anaphor_gender_agreement	morphology	anaphor_agreement	Christina boasts about herself.	Christina boasts about himself.
anaphor_gender_agreement	morphology	anaphor_agreement	Suzanne would irritate herself.	Suzanne would irritate itself.
anaphor_gender_agreement	morphology	anaphor_agreement	Rose couldn't reference herself.	Rose couldn't reference itself.
anaphor_gender_agreement	morphology	anaphor_agreement	Paul should stun himself.	Paul should stun herself.
anaphor_gender_agreement	morphology	anaphor_agreement	Kristen praises herself.	Kristen praises himself.
anaphor_gender_agreement	morphology	anaphor_agreement	Tamara might work with herself.	Tamara might work with himself.
anaphor_gender_agreement	morphology	anaphor_agreement	Valerie remembers herself.	Valerie remembers itself.
anaphor_gender_agreement	morphology	anaphor_agreement	Kristen hasn't worked with herself.	Kristen hasn't worked with itself.
anaphor_gender_agreement	morphology	anaphor_agreement	Kendra disturbed herself.	Kendra disturbed himself.
anaphor_gender_agreement	morphology	anaphor_agreement	Lawrence had boasted about himself.	Lawrence had boasted about herself.
anaphor_gender_agreement	morphology	anaphor_agreement	Jason wasn't listening to himself.	Jason wasn't listening to herself.
anaphor_gender_agreement	morphology	anaphor_agreement	Sabrina disturbs herself.	Sabrina disturbs himself.
anaphor_gender_agreement	morphology	anaphor_agreement	Some essay doesn't disagree with itself.	Some essay doesn't disagree with himself.
anaphor_gender_agreement	morphology	anaphor_agreement	Kenneth wasn't admiring himself.	Kenneth wasn't admiring itself.
anaphor_gender_agreement	morphology	anaphor_agreement	Melanie had referenced herself.	Melanie had referenced itself.
anaphor_gender_agreement	morphology	anaphor_agreement	Larry reveals himself.	Larry reveals itself.
anaphor_gender_agreement	morphology	anaphor_agreement	Samantha isn't watching herself.	Samantha isn't watching itself.
anaphor_gender_agreement	morphology	anaphor_agreement	Rachel should like herself.	Rachel should like himself.
anaphor_gender_agreement	morphology	anaphor_agreement	Heather has helped herself.	Heather has helped itself.
anaphor_gender_agreement	morphology	anaphor_agreement	Lori has found herself.	Lori has found itself.
anaphor_gender_agreement	morphology	anaphor_agreement	Christina hadn't shocked herself.	Christina hadn't shocked itself.
anaphor_gender_agreement	morphology	anaphor_agreement	Theresa wasn't alarming herself.	Theresa wasn't alarming himself.
anaphor_gender_agreement	morphology	anaphor_agreement	Jacqueline works with herself.	Jacqueline works with himself.
anaphor_gender_agreement	morphology	anaphor_agreement	Alan hires himself.	Alan hires herself.
anaphor_gender_agreement	morphology	anaphor_agreement	April isn't complaining about herself.	April isn't complaining about himself.
anaphor_number_agreement	morphology	anaphor_agreement	Susan revealed herself.	Susan revealed themselves.
anaphor_number_agreement	morphology	anaphor_agreement	Renee hasn't hurt herself.	Renee hasn't hurt themselves.
anaphor_number_agreement	morphology	anaphor_agreement	These patients do respect themselves.	These patients do respect himself.
anaphor_number_agreement	morphology	anaphor_agreement	Mary should criticize herself.	Mary should criticize themselves.
anaphor_number_agreement	morphology	anaphor_agreement	Kristin irritated herself.	Kristin irritated themselves.
anaphor_number_agreement	morphology	anaphor_agreement	Tracy described herself.	Tracy described themselves.
anaphor_number_agreement	morphology	anaphor_agreement	A lot of girls had bothered themselves.	A lot of girls had bothered himself.
anaphor_number_agreement	morphology	anaphor_agreement	Many teenagers were helping themselves.	Many teenagers were helping herself.
anaphor_number_agreement	morphology	anaphor_agreement	Girls talked to themselves.	Girls talked to itself.
anaphor_number_agreement	morphology	anaphor_agreement	All senators listened to themselves.	All senators listened to itself.
anaphor_number_agreement	morphology	anaphor_agreement	Laura hired herself.	Laura hired themselves.
anaphor_number_agreement	morphology	anaphor_agreement	Claire won't conceal herself.	Claire won't conceal themselves.
anaphor_number_agreement	morphology	anaphor_agreement	Becca shouldn't impress herself.	Becca shouldn't impress themselves.
anaphor_number_agreement	morphology	anaphor_agreement	This woman has criticized herself.	This woman has criticized themselves.
anaphor_number_agreement	morphology	anaphor_agreement	Sonia would cure herself.	Sonia would cure themselves.
anaphor_number_agreement	morphology	anaphor_agreement	Most girls hate themselves.	Most girls hate himself.
anaphor_number_agreement	morphology	anaphor_agreement	This legislature worried itself.	This legislature worried themselves.
anaphor_number_agreement	morphology	anaphor_agreement	Florence had left herself.	Florence had left themselves.
anaphor_number_agreement	morphology	anaphor_agreement	The Borgias scare themselves.	The Borgias scare himself.
anaphor_number_agreement	morphology	anaphor_agreement	The adults hadn't forgotten themselves.	The adults hadn't forgotten himself.
anaphor_number_agreement	morphology	anaphor_agreement	The patients disgusted themselves.	The patients disgusted himself.
anaphor_number_agreement	morphology	anaphor_agreement	Thomas complained about himself.	Thomas complained about themselves.
anaphor_number_agreement	morphology	anaphor_agreement	Randolf knew himself.	Randolf knew themselves.
anaphor_number_agreement	morphology	anaphor_agreement	The students shouldn't upset themselves.	The students shouldn't upset herself.
anaphor_number_agreement	morphology	anaphor_agreement	All waiters couldn't criticize themselves.	All waiters couldn't criticize himself.
anaphor_number_agreement	morphology	anaphor_agreement	Ronald can't reference himself.	Ronald can't reference themselves.
anaphor_number_agreement	morphology	anaphor_agreement	Julie hadn't revealed herself.	Julie hadn't revealed themselves.
anaphor_number_agreement	morphology	anaphor_agreement	Many people bothered themselves.	Many people bothered itself.
anaphor_number_agreement	morphology	anaphor_agreement	Most girls annoyed themselves.	Most girls annoyed himself.
anaphor_number_agreement	morphology	anaphor_agreement	Most ladies weren't arguing about themselves.	Most ladies weren't arguing about herself.
animate_subject_passive	syntax	s-selection	Amanda was respected by some waitresses.	Amanda was respected by some picture.
animate_subject_passive	syntax	s-selection	Some lake was passed by some cashiers.	Some lake was passed by some phenomena.
animate_subject_passive	syntax	s-selection	Lisa was kissed by the boys.	Lisa was kissed by the blouses.
animate_subject_passive	syntax	s-selection	Amanda isn't respected by the children.	Amanda isn't respected by the cups.
animate_subject_passive	syntax	s-selection	The glove was noticed by some woman.	The glove was noticed by some mouse.
animate_subject_passive	syntax	s-selection	Gerald is hated by the teachers.	Gerald is hated by the pie.
animate_subject_passive	syntax	s-selection	Most actresses weren't discussed by some offspring.	Most actresses weren't discussed by some ladder.
animate_subject_passive	syntax	s-selection	These students were talked about by the teacher.	These students were talked about by the books.
animate_subject_passive	syntax	s-selection	Deborah was talked to by the teacher.	Deborah was talked to by the ellipses.
animate_subject_passive	syntax	s-selection	Cafes were cleaned by some lady.	Cafes were cleaned by some hat.
animate_subject_passive	syntax	s-selection	Patricia is referenced by some offspring.	Patricia is referenced by some shawl.
animate_subject_passive	syntax	s-selection	Galileo is concealed by the woman.	Galileo is concealed by the horse.
animate_subject_passive	syntax	s-selection	A lot of high schools aren't visited by some teachers.	A lot of high schools aren't visited by some socks.
animate_subject_passive	syntax	s-selection	Andrew was questioned by some pedestrian.	Andrew was questioned by some apple.
animate_subject_passive	syntax	s-selection	A lot of computers aren't bought by the senators.	A lot of computers aren't bought by the gate.
animate_subject_passive	syntax	s-selection	Those schools are cleaned by the customers.	Those schools are cleaned by the socks.
animate_subject_passive	syntax	s-selection	Chad wasn't forgotten by the teacher.	Chad wasn't forgotten by the brochure.
animate_subject_passive	syntax	s-selection	Deanna was hired by the offspring.	Deanna was hired by the candles.
animate_subject_passive	syntax	s-selection	Lisa wasn't cured by the ladies.	Lisa wasn't cured by the deer.
animate_subject_passive	syntax	s-selection	Valerie was hugged by the pedestrian.	Valerie was hugged by the diagnoses.
animate_subject_passive	syntax	s-selection	Nina isn't escaped from by some customer.	Nina isn't escaped from by some movies.
animate_subject_passive	syntax	s-selection	A lot of mountains were ascended by the customer.	A lot of mountains were ascended by the dog.
animate_subject_passive	syntax	s-selection	Tamara was praised by some waitress.	Tamara was praised by some cups.
animate_subject_passive	syntax	s-selection	William is discovered by some students.	William is discovered by some pie.
animate_subject_passive	syntax	s-selection	Mitchell was remembered by some men.	Mitchell was remembered by some jacket.
animate_subject_passive	syntax	s-selection	Rachel isn't investigated by the dancer.	Rachel isn't investigated by the books.
animate_subject_passive	syntax	s-selection	Grace was returned to by some cashiers.	Grace was returned to by some theses.
animate_subject_passive	syntax	s-selection	Michael is loved by some offspring.	Michael is loved by some bicycle.
animate_subject_passive	syntax	s-selection	Nancy wasn't attacked by some actor.	Nancy wasn't attacked by some screens.
animate_subject_passive	syntax	s-selection	That company wasn't questioned by the customer.	That company wasn't questioned by the face.
animate_subject_trans	syntax	s-selection	Tina revealed Margaret.	The horse revealed Margaret.
animate_subject_trans	syntax	s-selection	Danielle visited Irene.	The eye visited Irene.
animate_subject_trans	syntax	s-selection	Paul runs around the art galleries.	The river runs around the art galleries.
animate_subject_trans	syntax	s-selection	Most banks have praised Raymond.	The jackets have praised Raymond.
animate_subject_trans	syntax	s-selection	Every doctor was selling some restaurants.	A cup was selling some restaurants.
animate_subject_trans	syntax	s-selection	Steve bikes to a public park.	Every fork bikes to a public park.
animate_subject_trans	syntax	s-selection	Beth scares Roger.	A carriage scares Roger.
animate_subject_trans	syntax	s-selection	Melissa will clean a gate.	This mouth will clean a gate.
animate_subject_trans	syntax	s-selection	Tanya conceals Adam.	This ice cream conceals Adam.
animate_subject_trans	syntax	s-selection	Renee had praised Eric.	The beef had praised Eric.
animate_subject_trans	syntax	s-selection	Mark hasn't respected a lot of actors.	Every government hasn't respected a lot of actors.
animate_subject_trans	syntax	s-selection	Matt could argue about Bethany.	Every mall could argue about Bethany.
animate_subject_trans	syntax	s-selection	Kathleen can't fix every carriage.	Some newspaper article can't fix every carriage.
animate_subject_trans	syntax	s-selection	Denise wasn't referencing Homer.	Rice wasn't referencing Homer.
animate_subject_trans	syntax	s-selection	Vanessa visits Judy.	The ice cream visits Judy.
animate_subject_trans	syntax	s-selection	Beverly would scan a movie.	A pepper would scan a movie.
animate_subject_trans	syntax	s-selection	Liam has respected many waiters.	That banana has respected many waiters.
animate_subject_trans	syntax	s-selection	Some person hadn't passed all high schools.	That casserole hadn't passed all high schools.
animate_subject_trans	syntax	s-selection	Carlos has sounded like all hospitals.	This ice has sounded like all hospitals.
animate_subject_trans	syntax	s-selection	Wendy walked through some schools.	The spotlight walked through some schools.
animate_subject_trans	syntax	s-selection	Steve hasn't returned to a dancer.	The nose hasn't returned to a dancer.
animate_subject_trans	syntax	s-selection	Anne wasn't thinking about Paula.	Art wasn't thinking about Paula.
animate_subject_trans	syntax	s-selection	Some women were scanning the essay.	A lot of dishes were scanning the essay.
animate_subject_trans	syntax	s-selection	Victoria wouldn't insult a man.	That unicycle wouldn't insult a man.
animate_subject_trans	syntax	s-selection	Peter isn't thinking about a lot of schools.	Some turtle isn't thinking about a lot of schools.
animate_subject_trans	syntax	s-selection	Samuel shouldn't hate Susan.	Art shouldn't hate Susan.
animate_subject_trans	syntax	s-selection	Karla drives to every grocery store.	This chair drives to every grocery store.
animate_subject_trans	syntax	s-selection	Omar isn't talking to Erin.	A legislature isn't talking to Erin.
animate_subject_trans	syntax	s-selection	Galileo had talked to Stephanie.	This car had talked to Stephanie.
animate_subject_trans	syntax	s-selection	Mitchell criticized Amy.	Some art gallery criticized Amy.
causative	syntax	argument_structure	Aaron breaks the glass.	Aaron appeared the glass.
causative	syntax	argument_structure	April had dropped the truck.	April had existed the truck.
causative	syntax	argument_structure	All actors train Tonya's brothers.	All actors appeared Tonya's brothers.
causative	syntax	argument_structure	Raymond was stretching that shirt.	Raymond was vanishing that shirt.
causative	syntax	argument_structure	Benjamin would wrinkle every scarf.	Benjamin would fall every scarf.
causative	syntax	argument_structure	Most students hide away sisters of Gerald.	Most students wept sisters of Gerald.
causative	syntax	argument_structure	Michael had wrinkled many blouses.	Michael had existed many blouses.
causative	syntax	argument_structure	Phillip isn't hiding away Monica.	Phillip isn't departing Monica.
causative	syntax	argument_structure	Alan twirls that dress.	Alan existed that dress.
causative	syntax	argument_structure	Dawn had condensed ice.	Dawn had existed ice.
causative	syntax	argument_structure	Most guys hide away David's friends.	Most guys divorced David's friends.
causative	syntax	argument_structure	Rodney was moving Victoria.	Rodney was sighing Victoria.
causative	syntax	argument_structure	Kimberley had slowed every skateboard.	Kimberley had rusted every skateboard.
causative	syntax	argument_structure	All doctors fray gloves.	All doctors waste away gloves.
causative	syntax	argument_structure	Winston Churchill hasn't rolled most trucks.	Winston Churchill hasn't wasted away most trucks.
causative	syntax	argument_structure	Kevin dropped some chair.	Kevin existed some chair.
causative	syntax	argument_structure	The Borgias crash a lot of unicycles.	The Borgias existed a lot of unicycles.
causative	syntax	argument_structure	Many customers trains Bethany.	Many customers cheered Bethany.
causative	syntax	argument_structure	Katherine grew some apples.	Katherine went bad some apples.
causative	syntax	argument_structure	Waiters wake up Beverly's dentists.	Waiters clashed Beverly's dentists.
causative	syntax	argument_structure	Curtis dropped some dishes.	Curtis wasted away some dishes.
causative	syntax	argument_structure	Noah hasn't shattered a mirror.	Noah hasn't fallen a mirror.
causative	syntax	argument_structure	A lot of customers shrink the skirts.	A lot of customers fell the skirts.
causative	syntax	argument_structure	Some guests reunite Rachelle's teachers.	Some guests whisper Rachelle's teachers.
causative	syntax	argument_structure	Lissa shuts the door.	Lissa wasted away the door.
causative	syntax	argument_structure	A teenager couldn't turn a plane.	A teenager couldn't exist a plane.
causative	syntax	argument_structure	David isn't drying many blouses.	David isn't falling many blouses.
causative	syntax	argument_structure	Benjamin was folding a blouse.	Benjamin was existing a blouse.
causative	syntax	argument_structure	A man hadn't healed Carol.	A man hadn't protested Carol.
causative	syntax	argument_structure	Many actors evaporate a lot of glaciers.	Many actors disappeared a lot of glaciers.
complex_NP_island	syntax	island_effects	Who aren't most hospitals that hadn't talked about most waitresses alarming?	Who aren't most waitresses alarming most hospitals that hadn't talked about?
complex_NP_island	syntax	island_effects	Who hasn't this sister of these dancers who shocked Cheryl attacked?	Who hasn't Cheryl attacked this sister of these dancers who shocked?
complex_NP_island	syntax	island_effects	Who should Lawrence's lawyers who have scared some grandsons of Janice hate?	Who should some grandsons of Janice hate Lawrence's lawyers who have scared?
complex_NP_island	syntax	island_effects	Who hadn't some driver who would fire Jennifer's colleague embarrassed?	Who hadn't Jennifer's colleague embarrassed some driver who would fire?
complex_NP_island	syntax	island_effects	Who haven't these fathers of Gerald who impressed Deborah's tutors loved?	Who haven't Deborah's tutors loved these fathers of Gerald who impressed?
complex_NP_island	syntax	island_effects	Who couldn't nephews of Victoria that did conceal Carmen observe?	Who couldn't Carmen observe nephews of Victoria that did conceal?
complex_NP_island	syntax	island_effects	Who wouldn't all mothers of Florence who disturbed Katherine forget?	Who wouldn't Katherine forget all mothers of Florence who disturbed?
complex_NP_island	syntax	island_effects	Who couldn't some teacher's piano teachers that were criticizing a movie about politics upset?	Who couldn't a movie about politics upset some teacher's piano teachers that were criticizing?
complex_NP_island	syntax	island_effects	Who weren't these people that had hated the dancers admiring?	Who weren't the dancers admiring these people that had hated?
complex_NP_island	syntax	island_effects	Who did this actor that wouldn't astound Anna's dentists disturb?	Who did Anna's dentists disturb this actor that wouldn't astound?
complex_NP_island	syntax	island_effects	Who was Gary's lawyer who could respect Tonya approaching?	Who was Tonya approaching Gary's lawyer who could respect?
complex_NP_island	syntax	island_effects	Who haven't Edward's plumbers that had listened to Tonya's daughters questioned?	Who haven't Tonya's daughters questioned Edward's plumbers that had listened to?
complex_NP_island	syntax	island_effects	What can't a guest who would like some actor argue about?	What can't some actor argue about a guest who would like?
complex_NP_island	syntax	island_effects	Who wasn't that actor's father who can't bore Samuel healing?	Who wasn't Samuel healing that actor's father who can't bore?
complex_NP_island	syntax	island_effects	Who was Andrew's ex-wife who isn't insulting Kevin approaching?	Who was Kevin approaching Andrew's ex-wife who isn't insulting?
complex_NP_island	syntax	island_effects	Who is Bill's nephew that won't attack Janice listening to?	Who is Janice listening to Bill's nephew that won't attack?
complex_NP_island	syntax	island_effects	Who is that cashier who knew that actress's podiatrist thinking about?	Who is that actress's podiatrist thinking about that cashier who knew?
complex_NP_island	syntax	island_effects	Who isn't the cousin of Craig that wasn't talking to Kathleen confusing?	Who isn't Kathleen confusing the cousin of Craig that wasn't talking to?
complex_NP_island	syntax	island_effects	Who hadn't a brother of Renee who was upsetting these actresses' grandmothers described?	Who hadn't these actresses' grandmothers described a brother of Renee who was upsetting?
complex_NP_island	syntax	island_effects	Who hadn't Steven's brothers who had seen Daniel found?	Who hadn't Daniel found Steven's brothers who had seen?
complex_NP_island	syntax	island_effects	What can't a lot of fathers of Monet that liked Anne admire?	What can't Anne admire a lot of fathers of Monet that liked?
complex_NP_island	syntax	island_effects	Who had Joel's dermatologists who did flee from some libraries listened to?	Who had some libraries listened to Joel's dermatologists who did flee from?
complex_NP_island	syntax	island_effects	Who hadn't Lissa's piano teachers who wouldn't return to Meredith's employee cared for?	Who hadn't Meredith's employee cared for Lissa's piano teachers who wouldn't return to?
complex_NP_island	syntax	island_effects	What does Cynthia's grandmother who won't love a patient conceal?	What does a patient conceal Cynthia's grandmother who won't love?
complex_NP_island	syntax	island_effects	Who couldn't a lot of cousins of many actors that were watching this guest observe?	Who couldn't this guest observe a lot of cousins of many actors that were watching?
complex_NP_island	syntax	island_effects	Who are a lot of universities that were talking to a lot of students astounding?	Who are a lot of students astounding a lot of universities that were talking to?
complex_NP_island	syntax	island_effects	Who might Emily's French teachers that weren't watching every senator's associates love?	Who might every senator's associates love Emily's French teachers that weren't watching?
complex_NP_island	syntax	island_effects	Who can't senators that should visit Regina's supervisor kiss?	Who can't Regina's supervisor kiss senators that should visit?
complex_NP_island	syntax	island_effects	Who had some ladies that had hired Omar returned to?	Who had Omar returned to some ladies that had hired?
complex_NP_island	syntax	island_effects	Who hadn't Theodore's nephew that had appreciated every report sounded like?	Who hadn't every report sounded like Theodore's nephew that had appreciated?
coordinate_structure_constraint_complex_left_branch	syntax	island_effects	What senators was Alicia approaching and some teachers scaring?	What was Alicia approaching senators and some teachers scaring?
coordinate_structure_constraint_complex_left_branch	syntax	island_effects	Whose restaurants is Clyde exiting and Amelia talking about?	Whose is Clyde exiting restaurants and Amelia talking about?
coordinate_structure_constraint_complex_left_branch	syntax	island_effects	Which teenagers had Tamara hired and Grace fired?	Which had Tamara hired teenagers and Grace fired?
coordinate_structure_constraint_complex_left_branch	syntax	island_effects	What lights could Spain sell and Andrea discover?	What could Spain sell lights and Andrea discover?
coordinate_structure_constraint_complex_left_branch	syntax	island_effects	What paintings has Melissa looked like and Erin revealed?	What has Melissa looked like paintings and Erin revealed?
coordinate_structure_constraint_complex_left_branch	syntax	island_effects	Which carriages has Melanie found and Diana revealed?	Which has Melanie found carriages and Diana revealed?
coordinate_structure_constraint_complex_left_branch	syntax	island_effects	What offspring has William stunned and Melinda escaped from?	What has William stunned offspring and Melinda escaped from?
coordinate_structure_constraint_complex_left_branch	syntax	island_effects	What alumni might some socks shock and Denise appreciate?	What might some socks shock alumni and Denise appreciate?
coordinate_structure_constraint_complex_left_branch	syntax	island_effects	Which girls is the dress irritating and the Lutherans revealing?	Which is the dress irritating girls and the Lutherans revealing?
coordinate_structure_constraint_complex_left_branch	syntax	island_effects	What guys could those girls flee from and a lot of socks bore?	What could those girls flee from guys and a lot of socks bore?
coordinate_structure_constraint_complex_left_branch	syntax	island_effects	What schools were many cars embarrassing and Daniel driving to?	What were many cars embarrassing schools and Daniel driving to?
coordinate_structure_constraint_complex_left_branch	syntax	island_effects	What cafes could some teenager skate around and a lot of committees conceal?	What could some teenager skate around cafes and a lot of committees conceal?
coordinate_structure_constraint_complex_left_branch	syntax	island_effects	What lakes had Elaine escaped from and Gary thought about?	What had Elaine escaped from lakes and Gary thought about?
coordinate_structure_constraint_complex_left_branch	syntax	island_effects	What mountains is Aaron lifting and that woman insulting?	What is Aaron lifting mountains and that woman insulting?
coordinate_structure_constraint_complex_left_branch	syntax	island_effects	Which children had Phillip worried and Dawn disturbed?	Which had Phillip worried children and Dawn disturbed?
coordinate_structure_constraint_complex_left_branch	syntax	island_effects	Whose closets can drivers arrive at and Heidi walk through?	Whose can drivers arrive at closets and Heidi walk through?
coordinate_structure_constraint_complex_left_branch	syntax	island_effects	Which students has Steve hired and Monet hated?	Which has Steve hired students and Monet hated?
coordinate_structure_constraint_complex_left_branch	syntax	island_effects	Which analyses can Heidi dislike and Melissa think about?	Which can Heidi dislike analyses and Melissa think about?
coordinate_structure_constraint_complex_left_branch	syntax	island_effects	Which libraries had those waiters lifted and Alicia explored?	Which had those waiters lifted libraries and Alicia explored?
coordinate_structure_constraint_complex_left_branch	syntax	island_effects	Which children has Valerie approached and Sonia hurt?	Which has Valerie approached children and Sonia hurt?
coordinate_structure_constraint_complex_left_branch	syntax	island_effects	Which students does Leslie kiss and Kendra visit?	Which does Leslie kiss students and Kendra visit?
coordinate_structure_constraint_complex_left_branch	syntax	island_effects	Which teachers did Veronica work with and the rivers bore?	Which did Veronica work with teachers and the rivers bore?
coordinate_structure_constraint_complex_left_branch	syntax	island_effects	What adults is Jodi curing and Karen returning to?	What is Jodi curing adults and Karen returning to?
coordinate_structure_constraint_complex_left_branch	syntax	island_effects	Which men might Regina work with and that waiter cure?	Which might Regina work with men and that waiter cure?
coordinate_structure_constraint_complex_left_branch	syntax	island_effects	What slopes had Lori descended and Carlos climbed down?	What had Lori descended slopes and Carlos climbed down?
coordinate_structure_constraint_complex_left_branch	syntax	island_effects	Which women could Emily criticize and Christine notice?	Which could Emily criticize women and Christine notice?
coordinate_structure_constraint_complex_left_branch	syntax	island_effects	Which lakes had most girls biked to and most drivers described?	Which had most girls biked to lakes and most drivers described?
coordinate_structure_constraint_complex_left_branch	syntax	island_effects	Whose mice can Julia bring and Brett notice?	Whose can Julia bring mice and Brett notice?
coordinate_structure_constraint_complex_left_branch	syntax	island_effects	Which teeth is Samuel fixing and Grace selling?	Which is Samuel fixing teeth and Grace selling?
coordinate_structure_constraint_complex_left_branch	syntax	island_effects	Which girls was Tara kissing and Alice thinking about?	Which was Tara kissing girls and Alice thinking about?
coordinate_structure_constraint_object_extraction	syntax	island_effects	Who were all men and Eric leaving?	Who were all men leaving and Eric?
coordinate_structure_constraint_object_extraction	syntax	island_effects	Who will Elizabeth and Gregory cure?	Who could Elizabeth cure and Gregory?
coordinate_structure_constraint_object_extraction	syntax	island_effects	What do that legislature and Janice bother?	What could that legislature bother and Janice?
coordinate_structure_constraint_object_extraction	syntax	island_effects	What were some museum and a lot of patients insulting?	What is some museum insulting and a lot of patients?
coordinate_structure_constraint_object_extraction	syntax	island_effects	Who should Keith and Andrea climb up?	Who might Keith climb up and Andrea?
coordinate_structure_constraint_object_extraction	syntax	island_effects	What are Rose and a picture scaring?	What is Rose scaring and a picture?
coordinate_structure_constraint_object_extraction	syntax	island_effects	Who should that company and Caroline boast about?	Who does that company boast about and Caroline?
coordinate_structure_constraint_object_extraction	syntax	island_effects	Who should Denise and every adult boast about?	Who will Denise boast about and every adult?
coordinate_structure_constraint_object_extraction	syntax	island_effects	What were the photograph and the prints looking like?	What was the photograph looking like and the prints?
coordinate_structure_constraint_object_extraction	syntax	island_effects	What had Jesus and Andrea arrived at?	What had Jesus arrived at and Andrea?
coordinate_structure_constraint_object_extraction	syntax	island_effects	Who were Kristen and Melinda biking to?	Who is Kristen biking to and Melinda?
coordinate_structure_constraint_object_extraction	syntax	island_effects	Who might Beverly and those waitresses exit?	Who does Beverly exit and those waitresses?
coordinate_structure_constraint_object_extraction	syntax	island_effects	Who could Joel and this fish hurt?	Who would Joel hurt and this fish?
coordinate_structure_constraint_object_extraction	syntax	island_effects	What have Brian and Galileo escaped from?	What had Brian escaped from and Galileo?
coordinate_structure_constraint_object_extraction	syntax	island_effects	Who were some windows and Douglas aggravating?	Who were some windows aggravating and Douglas?
coordinate_structure_constraint_object_extraction	syntax	island_effects	What were the turtle and Scott scaring?	What was the turtle scaring and Scott?
coordinate_structure_constraint_object_extraction	syntax	island_effects	Who are Bruce and Ronald hugging?	Who is Bruce hugging and Ronald?
coordinate_structure_constraint_object_extraction	syntax	island_effects	Who would a man and Victoria hate?	Who can a man hate and Victoria?
coordinate_structure_constraint_object_extraction	syntax	island_effects	What could Marcus and Cheryl clean?	What did Marcus clean and Cheryl?
coordinate_structure_constraint_object_extraction	syntax	island_effects	Who can Karen and Kimberley approach?	Who should Karen approach and Kimberley?
coordinate_structure_constraint_object_extraction	syntax	island_effects	What had Russell and Douglas attacked?	What had Russell attacked and Douglas?
coordinate_structure_constraint_object_extraction	syntax	island_effects	Who are Mitchell and most guys boycotting?	Who is Mitchell boycotting and most guys?
coordinate_structure_constraint_object_extraction	syntax	island_effects	What can Julie and Veronica examine?	What might Julie examine and Veronica?
coordinate_structure_constraint_object_extraction	syntax	island_effects	What can Sharon and most universities boast about?	What did Sharon boast about and most universities?
coordinate_structure_constraint_object_extraction	syntax	island_effects	What did Caroline and Colleen kiss?	What might Caroline kiss and Colleen?
coordinate_structure_constraint_object_extraction	syntax	island_effects	Who can Dawn and every actor question?	Who should Dawn question and every actor?
coordinate_structure_constraint_object_extraction	syntax	island_effects	What will the report and those guys disagree with?	What could the report disagree with and those guys?
coordinate_structure_constraint_object_extraction	syntax	island_effects	What had Ann and Nicole bought?	What has Ann bought and Nicole?
coordinate_structure_constraint_object_extraction	syntax	island_effects	What had Katherine and Mary talked about?	What has Katherine talked about and Mary?
coordinate_structure_constraint_object_extraction	syntax	island_effects	What have Brett and a nose bored?	What had Brett bored and a nose?
determiner_noun_agreement_1	morphology	determiner_noun_agreement	Raymond is selling this sketch.	Raymond is selling this sketches.
determiner_noun_agreement_1	morphology	determiner_noun_agreement	Craig explored that grocery store.	Craig explored that grocery stores.
determiner_noun_agreement_1	morphology	determiner_noun_agreement	Eva has scared these children.	Eva has scared these child.
determiner_noun_agreement_1	morphology	determiner_noun_agreement	Marcus would conceal that pamphlet.	Marcus would conceal that pamphlets.
determiner_noun_agreement_1	morphology	determiner_noun_agreement	Carmen hadn't shocked these customers.	Carmen hadn't shocked these customer.
determiner_noun_agreement_1	morphology	determiner_noun_agreement	The Impressionists were walking through this library.	The Impressionists were walking through this libraries.
determiner_noun_agreement_1	morphology	determiner_noun_agreement	Some men weren't touring those cafes.	Some men weren't touring those cafe.
determiner_noun_agreement_1	morphology	determiner_noun_agreement	Leslie isn't firing that actress.	Leslie isn't firing that actresses.
determiner_noun_agreement_1	morphology	determiner_noun_agreement	Jennifer concealed those cups.	Jennifer concealed those cup.
determiner_noun_agreement_1	morphology	determiner_noun_agreement	A waitress does take those hospitals.	A waitress does take those hospital.
determiner_noun_agreement_1	morphology	determiner_noun_agreement	The man walks through those hospitals.	The man walks through those hospital.
determiner_noun_agreement_1	morphology	determiner_noun_agreement	Winston Churchill boycotts these public parks.	Winston Churchill boycotts these public park.
determiner_noun_agreement_1	morphology	determiner_noun_agreement	This sock disturbs that customer.	This sock disturbs that customers.
determiner_noun_agreement_1	morphology	determiner_noun_agreement	William described this movie.	William described this movies.
determiner_noun_agreement_1	morphology	determiner_noun_agreement	Monet dropped by those libraries.	Monet dropped by those library.
determiner_noun_agreement_1	morphology	determiner_noun_agreement	Elaine was biking to this bank.	Elaine was biking to this banks.
determiner_noun_agreement_1	morphology	determiner_noun_agreement	These senators wear that jacket.	These senators wear that jackets.
determiner_noun_agreement_1	morphology	determiner_noun_agreement	The Lutherans notice that drawing.	The Lutherans notice that drawings.
determiner_noun_agreement_1	morphology	determiner_noun_agreement	Cheryl is hurting that teacher.	Cheryl is hurting that teachers.
determiner_noun_agreement_1	morphology	determiner_noun_agreement	Russell might break those cups.	Russell might break those cup.
determiner_noun_agreement_1	morphology	determiner_noun_agreement	A lot of patients resemble these pictures.	A lot of patients resemble these picture.
determiner_noun_agreement_1	morphology	determiner_noun_agreement	Vanessa can talk to these doctors.	Vanessa can talk to these doctor.
determiner_noun_agreement_1	morphology	determiner_noun_agreement	Janice had worn this shawl.	Janice had worn this shawls.
determiner_noun_agreement_1	morphology	determiner_noun_agreement	A lot of waitresses find those jackets.	A lot of waitresses find those jacket.
determiner_noun_agreement_1	morphology	determiner_noun_agreement	Every dancer hasn't admired this skirt.	Every dancer hasn't admired this skirts.
determiner_noun_agreement_1	morphology	determiner_noun_agreement	The adult doesn't hide those malls.	The adult doesn't hide those mall.
determiner_noun_agreement_1	morphology	determiner_noun_agreement	Samuel criticizes that art gallery.	Samuel criticizes that art galleries.
determiner_noun_agreement_1	morphology	determiner_noun_agreement	A teacher annoyed those senators.	A teacher annoyed those senator.
determiner_noun_agreement_1	morphology	determiner_noun_agreement	A teacher talked to that customer.	A teacher talked to that customers.
determiner_noun_agreement_1	morphology	determiner_noun_agreement	Mark discovered this face.	Mark discovered this faces.
determiner_noun_agreement_2	morphology	determiner_noun_agreement	Some dog stunned this committee.	Some dog stunned these committee.
determiner_noun_agreement_2	morphology	determiner_noun_agreement	Tracy passed these art galleries.	Tracy passed this art galleries.
determiner_noun_agreement_2	morphology	determiner_noun_agreement	Sarah has sounded like these children.	Sarah has sounded like this children.
determiner_noun_agreement_2	morphology	determiner_noun_agreement	Craig had cared for that dancer.	Craig had cared for those dancer.
determiner_noun_agreement_2	morphology	determiner_noun_agreement	Most children return to those senators.	Most children return to that senators.
determiner_noun_agreement_2	morphology	determiner_noun_agreement	The Impressionists impress those hospitals.	The Impressionists impress that hospitals.
determiner_noun_agreement_2	morphology	determiner_noun_agreement	Carl cures those horses.	Carl cures that horses.
determiner_noun_agreement_2	morphology	determiner_noun_agreement	The Borgias should pass these college campuses.	The Borgias should pass this college campuses.
determiner_noun_agreement_2	morphology	determiner_noun_agreement	Natalie had passed those public parks.	Natalie had passed that public parks.
determiner_noun_agreement_2	morphology	determiner_noun_agreement	All grocery stores didn't shock these adults.	All grocery stores didn't shock this adults.
determiner_noun_agreement_2	morphology	determiner_noun_agreement	This person bothered these libraries.	This person bothered this libraries.
determiner_noun_agreement_2	morphology	determiner_noun_agreement	This actress isn't taking that dress.	This actress isn't taking those dress.
determiner_noun_agreement_2	morphology	determiner_noun_agreement	The turtle alarmed these legislatures.	The turtle alarmed this legislatures.
determiner_noun_agreement_2	morphology	determiner_noun_agreement	The Borgias attack those customers.	The Borgias attack that customers.
determiner_noun_agreement_2	morphology	determiner_noun_agreement	Jerry messes up these chairs.	Jerry messes up this chairs.
determiner_noun_agreement_2	morphology	determiner_noun_agreement	Sally thinks about that story.	Sally thinks about those story.
determiner_noun_agreement_2	morphology	determiner_noun_agreement	Frank doesn't upset that actress.	Frank doesn't upset those actress.
determiner_noun_agreement_2	morphology	determiner_noun_agreement	Amelia doesn't return to those hospitals.	Amelia doesn't return to that hospitals.
determiner_noun_agreement_2	morphology	determiner_noun_agreement	Christopher hated those stories.	Christopher hated that stories.
determiner_noun_agreement_2	morphology	determiner_noun_agreement	This mouth astounds these actresses.	This mouth astounds this actresses.
determiner_noun_agreement_2	morphology	determiner_noun_agreement	Tiffany insults those movies.	Tiffany insults that movies.
determiner_noun_agreement_2	morphology	determiner_noun_agreement	That book confuses that cashier.	That book confuses those cashier.
determiner_noun_agreement_2	morphology	determiner_noun_agreement	Sabrina doesn't tour these cafes.	Sabrina doesn't tour this cafes.
determiner_noun_agreement_2	morphology	determiner_noun_agreement	An actor would drop by this bank.	An actor would drop by these bank.
determiner_noun_agreement_2	morphology	determiner_noun_agreement	Boys hadn't criticized that high school.	Boys hadn't criticized those high school.
determiner_noun_agreement_2	morphology	determiner_noun_agreement	The Borgias discuss those cashiers.	The Borgias discuss that cashiers.
determiner_noun_agreement_2	morphology	determiner_noun_agreement	The guy researches this brochure.	The guy researches these brochure.
determiner_noun_agreement_2	morphology	determiner_noun_agreement	Carl references this essay.	Carl references these essay.
determiner_noun_agreement_2	morphology	determiner_noun_agreement	Robert hates that dancer.	Robert hates those dancer.
determiner_noun_agreement_2	morphology	determiner_noun_agreement	Erin fires that waiter.	Erin fires those waiter.
determiner_noun_agreement_irregular_1	morphology	determiner_noun_agreement	Laurie hasn't lifted those cacti.	Laurie hasn't lifted those cactus.
determiner_noun_agreement_irregular_1	morphology	determiner_noun_agreement	Adam hadn't discussed these analyses.	Adam hadn't discussed these analysis.
determiner_noun_agreement_irregular_1	morphology	determiner_noun_agreement	Some customers know these men.	Some customers know these man.
determiner_noun_agreement_irregular_1	morphology	determiner_noun_agreement	Phillip was lifting this mouse.	Phillip was lifting this mice.
determiner_noun_agreement_irregular_1	morphology	determiner_noun_agreement	The driver reveals these mice.	The driver reveals these mouse.
determiner_noun_agreement_irregular_1	morphology	determiner_noun_agreement	Anna will buy that louse.	Anna will buy that lice.
determiner_noun_agreement_irregular_1	morphology	determiner_noun_agreement	Rhonda had insulted these men.	Rhonda had insulted these man.
determiner_noun_agreement_irregular_1	morphology	determiner_noun_agreement	All plays shock this alumnus.	All plays shock this alumni.
determiner_noun_agreement_irregular_1	morphology	determiner_noun_agreement	Grace noticed that axis.	Grace noticed that axes.
determiner_noun_agreement_irregular_1	morphology	determiner_noun_agreement	Patricia cleans these teeth.	Patricia cleans these tooth.
determiner_noun_agreement_irregular_1	morphology	determiner_noun_agreement	Alan examined those analyses.	Alan examined those analysis.
determiner_noun_agreement_irregular_1	morphology	determiner_noun_agreement	Travis fired these children.	Travis fired these child.
determiner_noun_agreement_irregular_1	morphology	determiner_noun_agreement	The picture can't look like these nuclei.	The picture can't look like these nucleus.
determiner_noun_agreement_irregular_1	morphology	determiner_noun_agreement	The waitresses haven't cleaned this thesis.	The waitresses haven't cleaned this theses.
determiner_noun_agreement_irregular_1	morphology	determiner_noun_agreement	Pamela might boast about those bases.	Pamela might boast about those basis.
determiner_noun_agreement_irregular_1	morphology	determiner_noun_agreement	Tammy was observing that man.	Tammy was observing that men.
determiner_noun_agreement_irregular_1	morphology	determiner_noun_agreement	Paul wasn't insulting this analysis.	Paul wasn't insulting this analyses.
determiner_noun_agreement_irregular_1	morphology	determiner_noun_agreement	Russell hadn't appreciated that synthesis.	Russell hadn't appreciated that syntheses.
determiner_noun_agreement_irregular_1	morphology	determiner_noun_agreement	These waiters are appreciating that thesis.	These waiters are appreciating that theses.
determiner_noun_agreement_irregular_1	morphology	determiner_noun_agreement	The women didn't boast about this phenomenon.	The women didn't boast about this phenomena.
determiner_noun_agreement_irregular_1	morphology	determiner_noun_agreement	Raymond concealed those nuclei.	Raymond concealed those nucleus.
determiner_noun_agreement_irregular_1	morphology	determiner_noun_agreement	Sara has insulted these analyses.	Sara has insulted these analysis.
determiner_noun_agreement_irregular_1	morphology	determiner_noun_agreement	Every guest cares for those men.	Every guest cares for those man.
determiner_noun_agreement_irregular_1	morphology	determiner_noun_agreement	Heidi can research this ellipsis.	Heidi can research this ellipses.
determiner_noun_agreement_irregular_1	morphology	determiner_noun_agreement	Paula won't buy these theses.	Paula won't buy these thesis.
determiner_noun_agreement_irregular_1	morphology	determiner_noun_agreement	Sheila wasn't bringing that fungus.	Sheila wasn't bringing that fungi.
determiner_noun_agreement_irregular_1	morphology	determiner_noun_agreement	Diane talked about this man.	Diane talked about this men.
determiner_noun_agreement_irregular_1	morphology	determiner_noun_agreement	Linda discussed this oasis.	Linda discussed this oases.
determiner_noun_agreement_irregular_1	morphology	determiner_noun_agreement	Richard healed that goose.	Richard healed that geese.
determiner_noun_agreement_irregular_1	morphology	determiner_noun_agreement	Patients think about these cacti.	Patients think about these cactus.
determiner_noun_agreement_irregular_2	morphology	determiner_noun_agreement	All boys boast about that child.	All boys boast about those child.
determiner_noun_agreement_irregular_2	morphology	determiner_noun_agreement	Candice has taken that axis.	Candice has taken those axis.
determiner_noun_agreement_irregular_2	morphology	determiner_noun_agreement	Those ladies walk through those oases.	Those ladies walk through that oases.
determiner_noun_agreement_irregular_2	morphology	determiner_noun_agreement	The legislatures praise this woman.	The legislatures praise these woman.
determiner_noun_agreement_irregular_2	morphology	determiner_noun_agreement	Many icicles do bore that child.	Many icicles do bore those child.
determiner_noun_agreement_irregular_2	morphology	determiner_noun_agreement	Actors see this tooth.	Actors see these tooth.
determiner_noun_agreement_irregular_2	morphology	determiner_noun_agreement	Diane lifts these oxen.	Diane lifts this oxen.
determiner_noun_agreement_irregular_2	morphology	determiner_noun_agreement	Sonia hadn't boasted about those men.	Sonia hadn't boasted about that men.
determiner_noun_agreement_irregular_2	morphology	determiner_noun_agreement	Benjamin wasn't running around this oasis.	Benjamin wasn't running around these oasis.
determiner_noun_agreement_irregular_2	morphology	determiner_noun_agreement	Elaine isn't breaking that foot.	Elaine isn't breaking those foot.
determiner_noun_agreement_irregular_2	morphology	determiner_noun_agreement	This window hadn't embarrassed those people.	This window hadn't embarrassed that people.
determiner_noun_agreement_irregular_2	morphology	determiner_noun_agreement	A pedestrian lifted this axis.	A pedestrian lifted these axis.
determiner_noun_agreement_irregular_2	morphology	determiner_noun_agreement	Kathleen wouldn't discuss that alumnus.	Kathleen wouldn't discuss those alumnus.
determiner_noun_agreement_irregular_2	morphology	determiner_noun_agreement	Candice skated around these oases.	Candice skated around this oases.
determiner_noun_agreement_irregular_2	morphology	determiner_noun_agreement	Helen argued about these syntheses.	Helen argued about this syntheses.
determiner_noun_agreement_irregular_2	morphology	determiner_noun_agreement	Natalie describes this child.	Natalie describes these child.
determiner_noun_agreement_irregular_2	morphology	determiner_noun_agreement	Every story disagreed with these people.	Every story disagreed with this people.
determiner_noun_agreement_irregular_2	morphology	determiner_noun_agreement	Karla helped these men.	Karla helped this men.
determiner_noun_agreement_irregular_2	morphology	determiner_noun_agreement	A government has described that child.	A government has described those child.
determiner_noun_agreement_irregular_2	morphology	determiner_noun_agreement	Every customer discusses those theses.	Every customer discusses that theses.
determiner_noun_agreement_irregular_2	morphology	determiner_noun_agreement	Marla is attacking that man.	Marla is attacking those man.
determiner_noun_agreement_irregular_2	morphology	determiner_noun_agreement	Some cashiers hide that nucleus.	Some cashiers hide those nucleus.
determiner_noun_agreement_irregular_2	morphology	determiner_noun_agreement	Robert attacks that child.	Robert attacks those child.
determiner_noun_agreement_irregular_2	morphology	determiner_noun_agreement	Ruth couldn't discover that fungus.	Ruth couldn't discover those fungus.
determiner_noun_agreement_irregular_2	morphology	determiner_noun_agreement	Christine talks about this child.	Christine talks about these child.
determiner_noun_agreement_irregular_2	morphology	determiner_noun_agreement	All books were irritating those men.	All books were irritating that men.
determiner_noun_agreement_irregular_2	morphology	determiner_noun_agreement	Scott has bought these axes.	Scott has bought this axes.
determiner_noun_agreement_irregular_2	morphology	determiner_noun_agreement	Those mouths disturb that woman.	Those mouths disturb those woman.
determiner_noun_agreement_irregular_2	morphology	determiner_noun_agreement	Carl likes these geese.	Carl likes this geese.
determiner_noun_agreement_irregular_2	morphology	determiner_noun_agreement	Carlos returns to these children.	Carlos returns to this children.
determiner_noun_agreement_with_adj_2	morphology	determiner_noun_agreement	Cynthia scans these hard books.	Cynthia scans this hard books.
determiner_noun_agreement_with_adj_2	morphology	determiner_noun_agreement	Donna might hire this serious actress.	Donna might hire these serious actress.
determiner_noun_agreement_with_adj_2	morphology	determiner_noun_agreement	Wendy forgot those upset doctors.	Wendy forgot that upset doctors.
determiner_noun_agreement_with_adj_2	morphology	determiner_noun_agreement	Carlos hasn't fired those uncertain students.	Carlos hasn't fired that uncertain students.
determiner_noun_agreement_with_adj_2	morphology	determiner_noun_agreement	Claire will conceal those hopeful cashiers.	Claire will conceal that hopeful cashiers.
determiner_noun_agreement_with_adj_2	morphology	determiner_noun_agreement	Some actors buy these gray books.	Some actors buy this gray books.
determiner_noun_agreement_with_adj_2	morphology	determiner_noun_agreement	Jerry appreciates this lost report.	Jerry appreciates these lost report.
determiner_noun_agreement_with_adj_2	morphology	determiner_noun_agreement	Deanna reveals these black public parks.	Deanna reveals this black public parks.
determiner_noun_agreement_with_adj_2	morphology	determiner_noun_agreement	Tracy has boasted about those unsure children.	Tracy has boasted about that unsure children.
determiner_noun_agreement_with_adj_2	morphology	determiner_noun_agreement	This eggplant distracts this hopeful girl.	This eggplant distracts these hopeful girl.
determiner_noun_agreement_with_adj_2	morphology	determiner_noun_agreement	That sweater had resembled that out in the open drawing.	That sweater had resembled those out in the open drawing.
determiner_noun_agreement_with_adj_2	morphology	determiner_noun_agreement	Nancy astounded that young pedestrian.	Nancy astounded those young pedestrian.
determiner_noun_agreement_with_adj_2	morphology	determiner_noun_agreement	The documentaries can aggravate those busy actors.	The documentaries can aggravate that busy actors.
determiner_noun_agreement_with_adj_2	morphology	determiner_noun_agreement	Most senators aren't exiting this popular restaurant.	Most senators aren't exiting these popular restaurant.
determiner_noun_agreement_with_adj_2	morphology	determiner_noun_agreement	Wayne looked like those bad paintings.	Wayne looked like that bad paintings.
determiner_noun_agreement_with_adj_2	morphology	determiner_noun_agreement	Christina loves these popular essays.	Christina loves this popular essays.
determiner_noun_agreement_with_adj_2	morphology	determiner_noun_agreement	Katherine hasn't bothered that delighted waiter.	Katherine hasn't bothered those delighted waiter.
determiner_noun_agreement_with_adj_2	morphology	determiner_noun_agreement	A lot of pedestrians had complained about this unconvinced teenager.	A lot of pedestrians had complained about these unconvinced teenager.
determiner_noun_agreement_with_adj_2	morphology	determiner_noun_agreement	This eggplant hasn't resembled that out in the open print.	This eggplant hasn't resembled those out in the open print.
determiner_noun_agreement_with_adj_2	morphology	determiner_noun_agreement	Kathleen cleaned that yellow college campus.	Kathleen cleaned those yellow college campus.
determiner_noun_agreement_with_adj_2	morphology	determiner_noun_agreement	Randolf had healed this young boy.	Randolf had healed these young boy.
determiner_noun_agreement_with_adj_2	morphology	determiner_noun_agreement	Many governments hadn't respected these excited children.	Many governments hadn't respected this excited children.
determiner_noun_agreement_with_adj_2	morphology	determiner_noun_agreement	Cheryl forgot these big waitresses.	Cheryl forgot this big waitresses.
determiner_noun_agreement_with_adj_2	morphology	determiner_noun_agreement	Judy wasn't embarrassing these old students.	Judy wasn't embarrassing this old students.
determiner_noun_agreement_with_adj_2	morphology	determiner_noun_agreement	The waitresses alarm those content dancers.	The waitresses alarm that content dancers.
determiner_noun_agreement_with_adj_2	morphology	determiner_noun_agreement	Most people leave those purple cafes.	Most people leave that purple cafes.
determiner_noun_agreement_with_adj_2	morphology	determiner_noun_agreement	A ladder won't annoy these popular governments.	A ladder won't annoy this popular governments.
determiner_noun_agreement_with_adj_2	morphology	determiner_noun_agreement	Most adults shocks these popular drivers.	Most adults shocks this popular drivers.
determiner_noun_agreement_with_adj_2	morphology	determiner_noun_agreement	Some turtle resembled that small photograph.	Some turtle resembled those small photograph.
determiner_noun_agreement_with_adj_2	morphology	determiner_noun_agreement	A lot of sweaters resemble these yellow pictures.	A lot of sweaters resemble this yellow pictures.
determiner_noun_agreement_with_adj_irregular_1	morphology	determiner_noun_agreement	Some waiters broke this lost foot.	Some waiters broke this lost feet.
determiner_noun_agreement_with_adj_irregular_1	morphology	determiner_noun_agreement	The company talks about those big women.	The company talks about those big woman.
determiner_noun_agreement_with_adj_irregular_1	morphology	determiner_noun_agreement	This blouse astounds this lost woman.	This blouse astounds this lost women.
determiner_noun_agreement_with_adj_irregular_1	morphology	determiner_noun_agreement	David wasn't kissing these standing children.	David wasn't kissing these standing child.
determiner_noun_agreement_with_adj_irregular_1	morphology	determiner_noun_agreement	This person shouldn't criticize this upset child.	This person shouldn't criticize this upset children.
determiner_noun_agreement_with_adj_irregular_1	morphology	determiner_noun_agreement	These tomatoes astound that concealed person.	These tomatoes astound that concealed people.
determiner_noun_agreement_with_adj_irregular_1	morphology	determiner_noun_agreement	Sally hasn't cleaned these white oxen.	Sally hasn't cleaned these white ox.
determiner_noun_agreement_with_adj_irregular_1	morphology	determiner_noun_agreement	These doors would astound those happy children.	These doors would astound those happy child.
determiner_noun_agreement_with_adj_irregular_1	morphology	determiner_noun_agreement	Katherine is biking to these red oases.	Katherine is biking to these red oasis.
determiner_noun_agreement_with_adj_irregular_1	morphology	determiner_noun_agreement	Katherine hadn't praised this lost man.	Katherine hadn't praised this lost men.
determiner_noun_agreement_with_adj_irregular_1	morphology	determiner_noun_agreement	The driver sees that unlucky person.	The driver sees that unlucky people.
determiner_noun_agreement_with_adj_irregular_1	morphology	determiner_noun_agreement	Edward hadn't described this nice woman.	Edward hadn't described this nice women.
determiner_noun_agreement_with_adj_irregular_1	morphology	determiner_noun_agreement	Heidi returns to that big woman.	Heidi returns to that big women.
determiner_noun_agreement_with_adj_irregular_1	morphology	determiner_noun_agreement	Sara listened to that unconvinced person.	Sara listened to that unconvinced people.
determiner_noun_agreement_with_adj_irregular_1	morphology	determiner_noun_agreement	Samuel had listened to these concealed people.	Samuel had listened to these concealed person.
determiner_noun_agreement_with_adj_irregular_1	morphology	determiner_noun_agreement	Richard flees from those unconvinced men.	Richard flees from those unconvinced man.
determiner_noun_agreement_with_adj_irregular_1	morphology	determiner_noun_agreement	Monica is cleaning that hidden axis.	Monica is cleaning that hidden axes.
determiner_noun_agreement_with_adj_irregular_1	morphology	determiner_noun_agreement	Veronica does break those hard teeth.	Veronica does break those hard tooth.
determiner_noun_agreement_with_adj_irregular_1	morphology	determiner_noun_agreement	Rachel drove to those blue oases.	Rachel drove to those blue oasis.
determiner_noun_agreement_with_adj_irregular_1	morphology	determiner_noun_agreement	These cashiers do break this whole tooth.	These cashiers do break this whole teeth.
determiner_noun_agreement_with_adj_irregular_1	morphology	determiner_noun_agreement	Rose dislikes this bad synopsis.	Rose dislikes this bad synopses.
determiner_noun_agreement_with_adj_irregular_1	morphology	determiner_noun_agreement	Becky had fixed this hard foot.	Becky had fixed this hard feet.
determiner_noun_agreement_with_adj_irregular_1	morphology	determiner_noun_agreement	Gerald questioned those unconvinced men.	Gerald questioned those unconvinced man.
determiner_noun_agreement_with_adj_irregular_1	morphology	determiner_noun_agreement	Stacy doesn't impress this determined person.	Stacy doesn't impress this determined people.
determiner_noun_agreement_with_adj_irregular_1	morphology	determiner_noun_agreement	Nina won't run around this smooth oasis.	Nina won't run around this smooth oases.
determiner_noun_agreement_with_adj_irregular_1	morphology	determiner_noun_agreement	That committee works with those out in the open women.	That committee works with those out in the open woman.
determiner_noun_agreement_with_adj_irregular_1	morphology	determiner_noun_agreement	Most teenagers had complained about these scared men.	Most teenagers had complained about these scared man.
determiner_noun_agreement_with_adj_irregular_1	morphology	determiner_noun_agreement	Bill cures those unsure alumni.	Bill cures those unsure alumnus.
determiner_noun_agreement_with_adj_irregular_1	morphology	determiner_noun_agreement	Derek walked through this smooth oasis.	Derek walked through this smooth oases.
determiner_noun_agreement_with_adj_irregular_1	morphology	determiner_noun_agreement	Some waiters work with this hidden person.	Some waiters work with this hidden people.
determiner_noun_agreement_with_adj_irregular_2	morphology	determiner_noun_agreement	Alexander didn't walk through that new oasis.	Alexander didn't walk through those new oasis.
determiner_noun_agreement_with_adj_irregular_2	morphology	determiner_noun_agreement	This hair irritates these old alumni.	This hair irritates this old alumni.
determiner_noun_agreement_with_adj_irregular_2	morphology	determiner_noun_agreement	Winston Churchill was escaping from this serious person.	Winston Churchill was escaping from these serious person.
determiner_noun_agreement_with_adj_irregular_2	morphology	determiner_noun_agreement	Anna walks through these purple oases.	Anna walks through this purple oases.
determiner_noun_agreement_with_adj_irregular_2	morphology	determiner_noun_agreement	Alicia sounded like this good analysis.	Alicia sounded like these good analysis.
determiner_noun_agreement_with_adj_irregular_2	morphology	determiner_noun_agreement	Jeffrey might complain about this gray thesis.	Jeffrey might complain about these gray thesis.
determiner_noun_agreement_with_adj_irregular_2	morphology	determiner_noun_agreement	Meredith approaches these concealed women.	Meredith approaches this concealed women.
determiner_noun_agreement_with_adj_irregular_2	morphology	determiner_noun_agreement	Julia questioned those small children.	Julia questioned that small children.
determiner_noun_agreement_with_adj_irregular_2	morphology	determiner_noun_agreement	That adult has brought that purple octopus.	That adult has brought those purple octopus.
determiner_noun_agreement_with_adj_irregular_2	morphology	determiner_noun_agreement	The people hug this displeased woman.	The people hug these displeased woman.
determiner_noun_agreement_with_adj_irregular_2	morphology	determiner_noun_agreement	That beef did bore these displeased people.	That beef did bore this displeased people.
determiner_noun_agreement_with_adj_irregular_2	morphology	determiner_noun_agreement	These libraries talk about these long synopses.	These libraries talk about this long synopses.
determiner_noun_agreement_with_adj_irregular_2	morphology	determiner_noun_agreement	Lori wasn't hiring those delighted men.	Lori wasn't hiring that delighted men.
determiner_noun_agreement_with_adj_irregular_2	morphology	determiner_noun_agreement	The teachers are running around this concealed oasis.	The teachers are running around these concealed oasis.
determiner_noun_agreement_with_adj_irregular_2	morphology	determiner_noun_agreement	Those bananas embarrass these delighted people.	Those bananas embarrass this delighted people.
determiner_noun_agreement_with_adj_irregular_2	morphology	determiner_noun_agreement	Mitchell brought those green oases.	Mitchell brought that green oases.
determiner_noun_agreement_with_adj_irregular_2	morphology	determiner_noun_agreement	The actresses complain about this rough thesis.	The actresses complain about these rough thesis.
determiner_noun_agreement_with_adj_irregular_2	morphology	determiner_noun_agreement	Russell investigates these fast women.	Russell investigates this fast women.
determiner_noun_agreement_with_adj_irregular_2	morphology	determiner_noun_agreement	Irene praised those bad synopses.	Irene praised that bad synopses.
determiner_noun_agreement_with_adj_irregular_2	morphology	determiner_noun_agreement	Denise did confuse that important woman.	Denise did confuse those important woman.
determiner_noun_agreement_with_adj_irregular_2	morphology	determiner_noun_agreement	Some patients dislike those nice women.	Some patients dislike that nice women.
determiner_noun_agreement_with_adj_irregular_2	morphology	determiner_noun_agreement	Amelia wasn't observing this hopeful man.	Amelia wasn't observing these hopeful man.
determiner_noun_agreement_with_adj_irregular_2	morphology	determiner_noun_agreement	Grace is hugging these popular women.	Grace is hugging this popular women.
determiner_noun_agreement_with_adj_irregular_2	morphology	determiner_noun_agreement	Julia might describe this long synopsis.	Julia might describe these long synopsis.
determiner_noun_agreement_with_adj_irregular_2	morphology	determiner_noun_agreement	Many pedestrians do return to these happy men.	Many pedestrians do return to this happy men.
determiner_noun_agreement_with_adj_irregular_2	morphology	determiner_noun_agreement	Laura noticed that determined man.	Laura noticed those determined man.
determiner_noun_agreement_with_adj_irregular_2	morphology	determiner_noun_agreement	Julie would pass those red oases.	Julie would pass that red oases.
determiner_noun_agreement_with_adj_irregular_2	morphology	determiner_noun_agreement	These doctors boast about this out in the open child.	These doctors boast about these out in the open child.
determiner_noun_agreement_with_adj_irregular_2	morphology	determiner_noun_agreement	Stephen isn't revealing this brown nucleus.	Stephen isn't revealing these brown nucleus.
determiner_noun_agreement_with_adj_irregular_2	morphology	determiner_noun_agreement	Travel stuns that sick child.	Travel stuns those sick child.
determiner_noun_agreement_with_adjective_1	morphology	determiner_noun_agreement	Rebecca was criticizing those good documentaries.	Rebecca was criticizing those good documentary.
determiner_noun_agreement_with_adjective_1	morphology	determiner_noun_agreement	Some college campus embarrassed those bad legislatures.	Some college campus embarrassed those bad legislature.
determiner_noun_agreement_with_adjective_1	morphology	determiner_noun_agreement	All men weren't questioning these unemployed cashiers.	All men weren't questioning these unemployed cashier.
determiner_noun_agreement_with_adjective_1	morphology	determiner_noun_agreement	Sara hasn't bored this displeased senator.	Sara hasn't bored this displeased senators.
determiner_noun_agreement_with_adjective_1	morphology	determiner_noun_agreement	A lot of pedestrians kiss this displeased teenager.	A lot of pedestrians kiss this displeased teenagers.
determiner_noun_agreement_with_adjective_1	morphology	determiner_noun_agreement	James is healing this uncertain actress.	James is healing this uncertain actresses.
determiner_noun_agreement_with_adjective_1	morphology	determiner_noun_agreement	Diane should complain about these unconvinced drivers.	Diane should complain about these unconvinced driver.
determiner_noun_agreement_with_adjective_1	morphology	determiner_noun_agreement	Phillip liked that smooth horse.	Phillip liked that smooth horses.
determiner_noun_agreement_with_adjective_1	morphology	determiner_noun_agreement	Tracy praises those lucky guys.	Tracy praises those lucky guy.
determiner_noun_agreement_with_adjective_1	morphology	determiner_noun_agreement	A doctor had returned to these fast girls.	A doctor had returned to these fast girl.
determiner_noun_agreement_with_adjective_1	morphology	determiner_noun_agreement	A lot of drawings had irritated those clean hospitals.	A lot of drawings had irritated those clean hospital.
determiner_noun_agreement_with_adjective_1	morphology	determiner_noun_agreement	Many customers do clean those yellow plates.	Many customers do clean those yellow plate.
determiner_noun_agreement_with_adjective_1	morphology	determiner_noun_agreement	Scott hadn't fired that uncertain actor.	Scott hadn't fired that uncertain actors.
determiner_noun_agreement_with_adjective_1	morphology	determiner_noun_agreement	Many men have these messy cups.	Many men have these messy cup.
determiner_noun_agreement_with_adjective_1	morphology	determiner_noun_agreement	Martha shouldn't upset these excited doctors.	Martha shouldn't upset these excited doctor.
determiner_noun_agreement_with_adjective_1	morphology	determiner_noun_agreement	Many teachers should appreciate that bad play.	Many teachers should appreciate that bad plays.
determiner_noun_agreement_with_adjective_1	morphology	determiner_noun_agreement	All bikes embarrass those uncertain teenagers.	All bikes embarrass those uncertain teenager.
determiner_noun_agreement_with_adjective_1	morphology	determiner_noun_agreement	Bruce criticizes that happy lady.	Bruce criticizes that happy ladies.
determiner_noun_agreement_with_adjective_1	morphology	determiner_noun_agreement	Some man hugs these good actresses.	Some man hugs these good actress.
determiner_noun_agreement_with_adjective_1	morphology	determiner_noun_agreement	Turtles aggravated these important associations.	Turtles aggravated these important association.
determiner_noun_agreement_with_adjective_1	morphology	determiner_noun_agreement	Tara fired that uncertain cashier.	Tara fired that uncertain cashiers.
determiner_noun_agreement_with_adjective_1	morphology	determiner_noun_agreement	Becca isn't dropping by this brown art gallery.	Becca isn't dropping by this brown art galleries.
determiner_noun_agreement_with_adjective_1	morphology	determiner_noun_agreement	James was approaching these bad doctors.	James was approaching these bad doctor.
determiner_noun_agreement_with_adjective_1	morphology	determiner_noun_agreement	Those associations will have these old libraries.	Those associations will have these old library.
determiner_noun_agreement_with_adjective_1	morphology	determiner_noun_agreement	A lot of guests notice that troubled waiter.	A lot of guests notice that troubled waiters.
determiner_noun_agreement_with_adjective_1	morphology	determiner_noun_agreement	Tamara attacked these bad boys.	Tamara attacked these bad boy.
determiner_noun_agreement_with_adjective_1	morphology	determiner_noun_agreement	Jesus wears these big shawls.	Jesus wears these big shawl.
determiner_noun_agreement_with_adjective_1	morphology	determiner_noun_agreement	Tara appreciates these displeased teenagers.	Tara appreciates these displeased teenager.
determiner_noun_agreement_with_adjective_1	morphology	determiner_noun_agreement	Many adults question this bad association.	Many adults question this bad associations.
determiner_noun_agreement_with_adjective_1	morphology	determiner_noun_agreement	Men help these uncertain teachers.	Men help these uncertain teacher.
distractor_agreement_relational_noun	morphology	subject_verb_agreement	A niece of most senators hasn't descended most slopes.	A niece of most senators haven't descended most slopes.
distractor_agreement_relational_noun	morphology	subject_verb_agreement	The sketch of those trucks hasn't hurt Alan.	The sketch of those trucks haven't hurt Alan.
distractor_agreement_relational_noun	morphology	subject_verb_agreement	A newspaper article about the Borgias has disagreed with Marcus.	A newspaper article about the Borgias have disagreed with Marcus.
distractor_agreement_relational_noun	morphology	subject_verb_agreement	The niece of most guests has cleaned every college campus.	The niece of most guests have cleaned every college campus.
distractor_agreement_relational_noun	morphology	subject_verb_agreement	A sketch of lights doesn't appear.	A sketch of lights don't appear.
distractor_agreement_relational_noun	morphology	subject_verb_agreement	The movies about Galileo were astounding Melanie.	The movies about Galileo was astounding Melanie.
distractor_agreement_relational_noun	morphology	subject_verb_agreement	A cousin of a lot of dancers anticipates Naomi to aggravate Angela.	A cousin of a lot of dancers anticipate Naomi to aggravate Angela.
distractor_agreement_relational_noun	morphology	subject_verb_agreement	A movie about the Impressionists hasn't scared Harvard University.	A movie about the Impressionists haven't scared Harvard University.
distractor_agreement_relational_noun	morphology	subject_verb_agreement	The pamphlets about Galileo are winning.	The pamphlets about Galileo is winning.
distractor_agreement_relational_noun	morphology	subject_verb_agreement	The daughter of those senators works with Patrick.	The daughter of those senators work with Patrick.
distractor_agreement_relational_noun	morphology	subject_verb_agreement	A story about the Balkans doesn't irritate a person.	A story about the Balkans don't irritate a person.
distractor_agreement_relational_noun	morphology	subject_verb_agreement	The sisters of Timothy judge Randolf to weep.	The sisters of Timothy judges Randolf to weep.
distractor_agreement_relational_noun	morphology	subject_verb_agreement	The daughter of the Lutherans hasn't argued about that waitress.	The daughter of the Lutherans haven't argued about that waitress.
distractor_agreement_relational_noun	morphology	subject_verb_agreement	A nephew of senators is wanting to murmur.	A nephew of senators were wanting to murmur.
distractor_agreement_relational_noun	morphology	subject_verb_agreement	The prints of that high school are impressing Helen.	The prints of that high school was impressing Helen.
distractor_agreement_relational_noun	morphology	subject_verb_agreement	A report about the Impressionists has won.	A report about the Impressionists have won.
distractor_agreement_relational_noun	morphology	subject_verb_agreement	The grandsons of Douglas chuckle.	The grandsons of Douglas chuckles.
distractor_agreement_relational_noun	morphology	subject_verb_agreement	The mothers of Mary seem to shrink.	The mothers of Mary seems to shrink.
distractor_agreement_relational_noun	morphology	subject_verb_agreement	The books about Winston Churchill do look like paintings.	The books about Winston Churchill does look like paintings.
distractor_agreement_relational_noun	morphology	subject_verb_agreement	The sketches of some dancer do bore these girls.	The sketches of some dancer does bore these girls.
distractor_agreement_relational_noun	morphology	subject_verb_agreement	The daughter of most actresses is observing Christina.	The daughter of most actresses were observing Christina.
distractor_agreement_relational_noun	morphology	subject_verb_agreement	A story about the Lutherans hasn't won.	A story about the Lutherans haven't won.
distractor_agreement_relational_noun	morphology	subject_verb_agreement	The friends of every person do fix some cups.	The friends of every person does fix some cups.
distractor_agreement_relational_noun	morphology	subject_verb_agreement	A father of guys was passing most college campuses.	A father of guys are passing most college campuses.
distractor_agreement_relational_noun	morphology	subject_verb_agreement	The commentaries about music do disgust Kayla.	The commentaries about music does disgust Kayla.
distractor_agreement_relational_noun	morphology	subject_verb_agreement	The grandfathers of Diana drink.	The grandfathers of Diana drinks.
distractor_agreement_relational_noun	morphology	subject_verb_agreement	The daughters of Wayne don't exit art galleries.	The daughters of Wayne doesn't exit art galleries.
distractor_agreement_relational_noun	morphology	subject_verb_agreement	The pamphlets about art aggravate Sherry.	The pamphlets about art aggravates Sherry.
distractor_agreement_relational_noun	morphology	subject_verb_agreement	A granddaughter of the Impressionists wasn't lifting a convertible.	A granddaughter of the Impressionists aren't lifting a convertible.
distractor_agreement_relational_noun	morphology	subject_verb_agreement	The granddaughters of Walter have boasted about a teenager.	The granddaughters of Walter has boasted about a teenager.
distractor_agreement_relative_clause	morphology	subject_verb_agreement	This customer who had visited most children has worn some shoes.	This customer who had visited most children have worn some shoes.
distractor_agreement_relative_clause	morphology	subject_verb_agreement	This boy that didn't question all guests has forgotten about what wasn't vaporizing.	This boy that didn't question all guests have forgotten about what wasn't vaporizing.
distractor_agreement_relative_clause	morphology	subject_verb_agreement	Boys that aren't disturbing Natalie suffer.	Boys that aren't disturbing Natalie suffers.
distractor_agreement_relative_clause	morphology	subject_verb_agreement	Some customers who irritates Amelia do persuade Galileo to come here.	Some customers who irritates Amelia does persuade Galileo to come here.
distractor_agreement_relative_clause	morphology	subject_verb_agreement	Many children that had questioned this government do cooperate.	Many children that had questioned this government does cooperate.
distractor_agreement_relative_clause	morphology	subject_verb_agreement	A lot of schools that have concealed Adam worry.	A lot of schools that have concealed Adam worries.
distractor_agreement_relative_clause	morphology	subject_verb_agreement	All pedestrians that wouldn't shock William read.	All pedestrians that wouldn't shock William reads.
distractor_agreement_relative_clause	morphology	subject_verb_agreement	The girl who had visited most guests is curing a woman.	The girl who had visited most guests were curing a woman.
distractor_agreement_relative_clause	morphology	subject_verb_agreement	Those guys that hid Kenneth explain Rhonda won't skate around a lot of restaurants.	Those guys that hid Kenneth explains Rhonda won't skate around a lot of restaurants.
distractor_agreement_relative_clause	morphology	subject_verb_agreement	A doctor who researched the Clintons waves.	A doctor who researched the Clintons wave.
distractor_agreement_relative_clause	morphology	subject_verb_agreement	Some mushroom that will bother the Lutherans has upset Regina.	Some mushroom that will bother the Lutherans have upset Regina.
distractor_agreement_relative_clause	morphology	subject_verb_agreement	The girl who doesn't annoy these adults works with Kristin.	The girl who doesn't annoy these adults work with Kristin.
distractor_agreement_relative_clause	morphology	subject_verb_agreement	Some legislature that alarmed the pedestrians has needed Sandra to blink.	Some legislature that alarmed the pedestrians have needed Sandra to blink.
distractor_agreement_relative_clause	morphology	subject_verb_agreement	The drawing that can't look like most sketches isn't looking like Elaine.	The drawing that can't look like most sketches aren't looking like Elaine.
distractor_agreement_relative_clause	morphology	subject_verb_agreement	The waitress who was upsetting these associations doesn't admire this cat.	The waitress who was upsetting these associations don't admire this cat.
distractor_agreement_relative_clause	morphology	subject_verb_agreement	Actors who embarrasses Brad long to surrender.	Actors who embarrasses Brad longs to surrender.
distractor_agreement_relative_clause	morphology	subject_verb_agreement	That guy that respects those doctors praises some newspaper article.	That guy that respects those doctors praise some newspaper article.
distractor_agreement_relative_clause	morphology	subject_verb_agreement	The waiter who isn't disturbing many boys writes.	The waiter who isn't disturbing many boys write.
distractor_agreement_relative_clause	morphology	subject_verb_agreement	Some lady that sells some hospitals encourages Vanessa to move.	Some lady that sells some hospitals encourage Vanessa to move.
distractor_agreement_relative_clause	morphology	subject_verb_agreement	These guys who annoys a committee were interacting.	These guys who annoys a committee was interacting.
distractor_agreement_relative_clause	morphology	subject_verb_agreement	Many universities that weren't praising Carla don't talk about a driver.	Many universities that weren't praising Carla doesn't talk about a driver.
distractor_agreement_relative_clause	morphology	subject_verb_agreement	Some adults that are fleeing from Curtis weren't waving.	Some adults that are fleeing from Curtis isn't waving.
distractor_agreement_relative_clause	morphology	subject_verb_agreement	This cashier that should disturb those girls has spun around.	This cashier that should disturb those girls have spun around.
distractor_agreement_relative_clause	morphology	subject_verb_agreement	Every association that didn't praise a lot of men badgers Beth to hate Kristin.	Every association that didn't praise a lot of men badger Beth to hate Kristin.
distractor_agreement_relative_clause	morphology	subject_verb_agreement	Some patients who dislike Kendra negotiate.	Some patients who dislike Kendra negotiates.
distractor_agreement_relative_clause	morphology	subject_verb_agreement	A senator who saw the Lutherans doesn't observe Dennis.	A senator who saw the Lutherans don't observe Dennis.
distractor_agreement_relative_clause	morphology	subject_verb_agreement	Every committee that didn't appreciate those men wasn't surrendering.	Every committee that didn't appreciate those men weren't surrendering.
distractor_agreement_relative_clause	morphology	subject_verb_agreement	Some dancer that liked all girls cries.	Some dancer that liked all girls cry.
distractor_agreement_relative_clause	morphology	subject_verb_agreement	All adults who hire Bruce ascend some slope.	All adults who hire Bruce ascends some slope.
distractor_agreement_relative_clause	morphology	subject_verb_agreement	This actress who fired adults is touring the bank.	This actress who fired adults were touring the bank.
drop_argument	syntax	argument_structure	Travis is touring.	Travis is revealing.
drop_argument	syntax	argument_structure	Noah approached.	Noah works with.
drop_argument	syntax	argument_structure	The Lutherans couldn't skate around.	The Lutherans couldn't disagree with.
drop_argument	syntax	argument_structure	A lot of teenagers haven't left.	A lot of teenagers haven't arrived at.
drop_argument	syntax	argument_structure	Rhonda's employees hadn't run around.	Rhonda's employees hadn't boasted about.
drop_argument	syntax	argument_structure	Renee could descend.	Renee could flee from.
drop_argument	syntax	argument_structure	This student's supervisors descended.	This student's supervisors admired.
drop_argument	syntax	argument_structure	Karen's dentists buy.	Karen's dentists found.
drop_argument	syntax	argument_structure	A lot of mothers of Steve observe.	A lot of mothers of Steve talk to.
drop_argument	syntax	argument_structure	Bill's wife saw.	Bill's wife returns to.
drop_argument	syntax	argument_structure	Tara's doctors have watched.	Tara's doctors have examined.
drop_argument	syntax	argument_structure	William wasn't helping.	William wasn't boasting about.
drop_argument	syntax	argument_structure	Christopher climbed up.	Christopher walks through.
drop_argument	syntax	argument_structure	That guy remembers.	That guy looked like.
drop_argument	syntax	argument_structure	Nancy sold.	Nancy argued about.
drop_argument	syntax	argument_structure	Jodi has run around.	Jodi has biked to.
drop_argument	syntax	argument_structure	Anne hasn't climbed down.	Anne hasn't found.
drop_argument	syntax	argument_structure	Kathleen helped.	Kathleen resembles.
drop_argument	syntax	argument_structure	Marie isn't climbing down.	Marie isn't lifting.
drop_argument	syntax	argument_structure	The brothers of April ascend.	The brothers of April look like.
drop_argument	syntax	argument_structure	Kathleen wouldn't approach.	Kathleen wouldn't drop by.
drop_argument	syntax	argument_structure	Holly's plumbers sold.	Holly's plumbers admired.
drop_argument	syntax	argument_structure	Some boy watches.	Some boy fired.
drop_argument	syntax	argument_structure	Diana hadn't watched.	Diana hadn't talked to.
drop_argument	syntax	argument_structure	The children see.	The children admire.
drop_argument	syntax	argument_structure	Liam should pass.	Liam should go to.
drop_argument	syntax	argument_structure	Kendra isn't attacking.	Kendra isn't revealing.
drop_argument	syntax	argument_structure	Florence's doctors have loved.	Florence's doctors have disliked.
drop_argument	syntax	argument_structure	Heather ascends.	Heather concealed.
drop_argument	syntax	argument_structure	Roger has exited.	Roger has worked with.
ellipsis_n_bar_1	syntax	ellipsis	Dawn's ex-husband wasn't going to one rough grocery store and Becca wasn't going to many.	Dawn's ex-husband wasn't going to one grocery store and Becca wasn't going to many rough.
ellipsis_n_bar_1	syntax	ellipsis	Most men irritates two happy students and a snake irritates three.	Most men irritates two students and a snake irritates three happy.
ellipsis_n_bar_1	syntax	ellipsis	A pedestrian's brothers had loved one smart dancer and Phillip's mother had loved few.	A pedestrian's brothers had loved one dancer and Phillip's mother had loved few smart.
ellipsis_n_bar_1	syntax	ellipsis	Brad passed one big museum and Eva passed several.	Brad passed one museum and Eva passed several big.
ellipsis_n_bar_1	syntax	ellipsis	The daughters of Michelle weren't hurting one displeased ex-wife and Stephanie's classmates weren't hurting three.	The daughters of Michelle weren't hurting one ex-wife and Stephanie's classmates weren't hurting three displeased.
ellipsis_n_bar_1	syntax	ellipsis	Most ladies can appreciate one good essay and Matt's dermatologist can appreciate two.	Most ladies can appreciate one essay and Matt's dermatologist can appreciate two good.
ellipsis_n_bar_1	syntax	ellipsis	Those actresses' guests discovered three hard socks and Jason's ex-boyfriends discovered more.	Those actresses' guests discovered three socks and Jason's ex-boyfriends discovered more hard.
ellipsis_n_bar_1	syntax	ellipsis	That lady has resembled one hidden print and Guy's colleague has resembled four.	That lady has resembled one print and Guy's colleague has resembled four hidden.
ellipsis_n_bar_1	syntax	ellipsis	Every actress's piano teachers skate around five messy college campuses and Carolyn's dentists skate around four.	Every actress's piano teachers skate around five college campuses and Carolyn's dentists skate around four messy.
ellipsis_n_bar_1	syntax	ellipsis	This print scares a lot of busy senators and Benjamin scares a few.	This print scares a lot of senators and Benjamin scares a few busy.
ellipsis_n_bar_1	syntax	ellipsis	Florence's handymen think about no happy best friends and Ellen's best friends think about some.	Florence's handymen think about no best friends and Ellen's best friends think about some happy.
ellipsis_n_bar_1	syntax	ellipsis	The customers don't walk through one orange public park and Ellen might walk through few.	The customers don't walk through one public park and Ellen might walk through few orange.
ellipsis_n_bar_1	syntax	ellipsis	Amy's lawyers examine one upset grandson and a lot of cashiers examine few.	Amy's lawyers examine one grandson and a lot of cashiers examine few upset.
ellipsis_n_bar_1	syntax	ellipsis	Jerry was cleaning few gray public parks and some grandson of Ann was cleaning many.	Jerry was cleaning few public parks and some grandson of Ann was cleaning many gray.
ellipsis_n_bar_1	syntax	ellipsis	Jerry fired a few hopeful employees and Daniel's sons fired several.	Jerry fired a few employees and Daniel's sons fired several hopeful.
ellipsis_n_bar_1	syntax	ellipsis	A slope isn't shocking few lost colleagues and horses aren't shocking many.	A slope isn't shocking few colleagues and horses aren't shocking many lost.
ellipsis_n_bar_1	syntax	ellipsis	Claire could sound like one good college campus and Daniel could sound like some.	Claire could sound like one college campus and Daniel could sound like some good.
ellipsis_n_bar_1	syntax	ellipsis	Donald criticizes three important customers and Carrie criticizes more.	Donald criticizes three customers and Carrie criticizes more important.
ellipsis_n_bar_1	syntax	ellipsis	Connie's fathers find one determined spouse and all teenagers find four.	Connie's fathers find one spouse and all teenagers find four determined.
ellipsis_n_bar_1	syntax	ellipsis	The son of Danielle will bore several confident cousins and these grandfathers of Carrie will bore a few.	The son of Danielle will bore several cousins and these grandfathers of Carrie will bore a few confident.
ellipsis_n_bar_1	syntax	ellipsis	These grandmothers of Martin hadn't resembled two yellow photographs of and some reports about music hadn't resembled three.	These grandmothers of Martin hadn't resembled two photographs of and some reports about music hadn't resembled three yellow.
ellipsis_n_bar_1	syntax	ellipsis	Many bikes embarrassed no excited French teachers and the organizations embarrassed some.	Many bikes embarrassed no French teachers and the organizations embarrassed some excited.
ellipsis_n_bar_1	syntax	ellipsis	Suzanne's grandfathers talk to five unconvinced grandsons and many schools talk to four.	Suzanne's grandfathers talk to five grandsons and many schools talk to four unconvinced.
ellipsis_n_bar_1	syntax	ellipsis	Kenneth's brother revealed one purple restaurant and Karen revealed more.	Kenneth's brother revealed one restaurant and Karen revealed more purple.
ellipsis_n_bar_1	syntax	ellipsis	Kristin's piano teachers see one rough school and Florence's electricians see two.	Kristin's piano teachers see one school and Florence's electricians see two rough.
ellipsis_n_bar_1	syntax	ellipsis	A lot of governments describe a few unsure senators and Meredith's lawyers describe several.	A lot of governments describe a few senators and Meredith's lawyers describe several unsure.
ellipsis_n_bar_1	syntax	ellipsis	Charles's associates had taken one gray skirt and Sheila's podiatrist had taken a lot.	Charles's associates had taken one skirt and Sheila's podiatrist had taken a lot gray.
ellipsis_n_bar_1	syntax	ellipsis	Laurie cares for four ill sisters and every cashier cares for five.	Laurie cares for four sisters and every cashier cares for five ill.
ellipsis_n_bar_1	syntax	ellipsis	Tiffany was stunning a few displeased nieces of and bananas are stunning several.	Tiffany was stunning a few nieces of and bananas are stunning several displeased.
ellipsis_n_bar_1	syntax	ellipsis	These sisters of Bradley shocks four big mothers and these girls' dermatologists shocks five.	These sisters of Bradley shocks four mothers and these girls' dermatologists shocks five big.
ellipsis_n_bar_2	syntax	ellipsis	A friend of Pamela hasn't attacked one person and Ann hasn't attacked more unsure person.	A friend of Pamela hasn't attacked one unemployed person and Ann hasn't attacked more unsure.
ellipsis_n_bar_2	syntax	ellipsis	Larry talked to five dermatologists and Rose talked to four displeased dermatologists.	Larry talked to five small dermatologists and Rose talked to four displeased.
ellipsis_n_bar_2	syntax	ellipsis	That legislature has three peppers and Charles has at least as many small peppers.	That legislature has three hidden peppers and Charles has at least as many small.
ellipsis_n_bar_2	syntax	ellipsis	A picture does look like four shawls and the photographs of Douglas couldn't look like five red shawls.	A picture does look like four blue shawls and the photographs of Douglas couldn't look like five red.
ellipsis_n_bar_2	syntax	ellipsis	Bill's associate fires a lot of adults and Galileo fires a few old adults.	Bill's associate fires a lot of popular adults and Galileo fires a few old.
ellipsis_n_bar_2	syntax	ellipsis	Melissa's granddaughter complained about four friends of and some people complained about five big friends of.	Melissa's granddaughter complained about four unemployed friends of and some people complained about five big.
ellipsis_n_bar_2	syntax	ellipsis	Roger isn't exploring one college campus and some friend of Dan isn't exploring a lot red college campus.	Roger isn't exploring one smooth college campus and some friend of Dan isn't exploring a lot red.
ellipsis_n_bar_2	syntax	ellipsis	Curtis's boss discussed four sons and Andrew discussed five sick sons.	Curtis's boss discussed four happy sons and Andrew discussed five sick.
ellipsis_n_bar_2	syntax	ellipsis	Robert's best friend helped one dentist and some universities helped more displeased dentist.	Robert's best friend helped one hopeful dentist and some universities helped more displeased.
ellipsis_n_bar_2	syntax	ellipsis	A waitress's mentee isn't climbing down three mountains and Charles isn't climbing down at least as many exposed mountains.	A waitress's mentee isn't climbing down three important mountains and Charles isn't climbing down at least as many exposed.
ellipsis_n_bar_2	syntax	ellipsis	Renee helps one girlfriend and Roger helps a few ill girlfriend.	Renee helps one unlucky girlfriend and Roger helps a few ill.
ellipsis_n_bar_2	syntax	ellipsis	That newspaper article about Winston Churchill astounded one waitress and Donald astounded several unemployed waitress.	That newspaper article about Winston Churchill astounded one confident waitress and Donald astounded several unemployed.
ellipsis_n_bar_2	syntax	ellipsis	Jodi's plumbers climb down no mountains and the snakes climb down some rough mountains.	Jodi's plumbers climb down no small mountains and the snakes climb down some rough.
ellipsis_n_bar_2	syntax	ellipsis	A lady fixes a lot of bicycles and Bethany's spouse fixes a few concealed bicycles.	A lady fixes a lot of purple bicycles and Bethany's spouse fixes a few concealed.
ellipsis_n_bar_2	syntax	ellipsis	A lot of patients' girlfriend sells one popsicle and Steve sells few concealed popsicle.	A lot of patients' girlfriend sells one red popsicle and Steve sells few concealed.
ellipsis_n_bar_2	syntax	ellipsis	Every guy's nephews research three closets and teenagers' mentees research fewer blue closets.	Every guy's nephews research three new closets and teenagers' mentees research fewer blue.
ellipsis_n_bar_2	syntax	ellipsis	Allison's doctor didn't astound one associate and Vincent's mothers didn't astound a few concealed associate.	Allison's doctor didn't astound one small associate and Vincent's mothers didn't astound a few concealed.
ellipsis_n_bar_2	syntax	ellipsis	A patient's hairdressers wouldn't forget no brothers of and a lot of women's grandson wouldn't forget some serious brothers of.	A patient's hairdressers wouldn't forget no unemployed brothers of and a lot of women's grandson wouldn't forget some serious.
ellipsis_n_bar_2	syntax	ellipsis	The Borgias disgusts a few grandfathers of and some committee disgusts a lot determined grandfathers of.	The Borgias disgusts a few uncertain grandfathers of and some committee disgusts a lot determined.
ellipsis_n_bar_2	syntax	ellipsis	Stephen's French teacher hasn't worried one teenager and Roger hasn't worried a lot old teenager.	Stephen's French teacher hasn't worried one important teenager and Roger hasn't worried a lot old.
ellipsis_n_bar_2	syntax	ellipsis	A senator escapes from no plumbers and Sonia escapes from some confident plumbers.	A senator escapes from no concealed plumbers and Sonia escapes from some confident.
ellipsis_n_bar_2	syntax	ellipsis	Suzanne had climbed down one slope and Martha had climbed down three lost slope.	Suzanne had climbed down one smooth slope and Martha had climbed down three lost.
ellipsis_n_bar_2	syntax	ellipsis	Most pedestrians' ex-wife doesn't arrive at one high school and these waiters' son doesn't arrive at two new high school.	Most pedestrians' ex-wife doesn't arrive at one hard high school and these waiters' son doesn't arrive at two new.
ellipsis_n_bar_2	syntax	ellipsis	Dennis wasn't boycotting one college campus and Laurie wasn't boycotting some blue college campus.	Dennis wasn't boycotting one orange college campus and Laurie wasn't boycotting some blue.
ellipsis_n_bar_2	syntax	ellipsis	Holly disgusted one employee and mirrors disgusted some lucky employee.	Holly disgusted one clever employee and mirrors disgusted some lucky.
ellipsis_n_bar_2	syntax	ellipsis	Tonya isn't attacking three brothers and Frank isn't attacking fewer bad brothers.	Tonya isn't attacking three employed brothers and Frank isn't attacking fewer bad.
ellipsis_n_bar_2	syntax	ellipsis	Ellen's partners work with five cashiers and most boys work with four uncertain cashiers.	Ellen's partners work with five big cashiers and most boys work with four uncertain.
ellipsis_n_bar_2	syntax	ellipsis	Homer would confuse four teachers and a mother of Melissa would confuse five clever teachers.	Homer would confuse four hopeful teachers and a mother of Melissa would confuse five clever.
ellipsis_n_bar_2	syntax	ellipsis	Samantha's doctors reference several fathers of and Tara's partners reference a few unconvinced fathers of.	Samantha's doctors reference several ill fathers of and Tara's partners reference a few unconvinced.
ellipsis_n_bar_2	syntax	ellipsis	Brad isn't listening to several grandmothers and Colleen isn't listening to a few upset grandmothers.	Brad isn't listening to several employed grandmothers and Colleen isn't listening to a few upset.
existential_there_object_raising	syntax_semantics	control_raising	William has declared there to be no guests getting fired.	William has obliged there to be no guests getting fired.
existential_there_object_raising	syntax_semantics	control_raising	Richard believed there to be many boxes stunning Ellen.	Richard sways there to be many boxes stunning Ellen.
existential_there_object_raising	syntax_semantics	control_raising	Teresa finds there to be many bananas stunning Claire.	Teresa swayed there to be many bananas stunning Claire.
existential_there_object_raising	syntax_semantics	control_raising	Mary can declare there to be some ladders falling.	Mary can entreat there to be some ladders falling.
existential_there_object_raising	syntax_semantics	control_raising	An actress wouldn't declare there to be a print looking like that ice.	An actress wouldn't command there to be a print looking like that ice.
existential_there_object_raising	syntax_semantics	control_raising	Christina anticipates there to be many coats tightening.	Christina urged there to be many coats tightening.
existential_there_object_raising	syntax_semantics	control_raising	Gregory is declaring there to be a movie irritating Douglas.	Gregory is pushing there to be a movie irritating Douglas.
existential_there_object_raising	syntax_semantics	control_raising	Dana hasn't declared there to be a unicycle dropping.	Dana hasn't ordered there to be a unicycle dropping.
existential_there_object_raising	syntax_semantics	control_raising	Frank judged there to be a photograph of Michael looking like Sherry.	Frank compelled there to be a photograph of Michael looking like Sherry.
existential_there_object_raising	syntax_semantics	control_raising	Sarah was judging there to be a cashier exiting that mountain.	Sarah was enticing there to be a cashier exiting that mountain.
existential_there_object_raising	syntax_semantics	control_raising	Cynthia believed there to be a lot of apples boring Kevin.	Cynthia advised there to be a lot of apples boring Kevin.
existential_there_object_raising	syntax_semantics	control_raising	Many organizations have believed there to be no stories distracting some company.	Many organizations have induced there to be no stories distracting some company.
existential_there_object_raising	syntax_semantics	control_raising	Ann hadn't believed there to be no birds disappearing.	Ann hadn't urged there to be no birds disappearing.
existential_there_object_raising	syntax_semantics	control_raising	Anna's best friend believes there to be more than three cashiers helping Bruce.	Anna's best friend prompted there to be more than three cashiers helping Bruce.
existential_there_object_raising	syntax_semantics	control_raising	Steven's tutors wouldn't expect there to be a father of some women pressing that waitress to study.	Steven's tutors wouldn't advise there to be a father of some women pressing that waitress to study.
existential_there_object_raising	syntax_semantics	control_raising	Ella couldn't ascertain there to be many drivers daring Carlos to stun Charles.	Ella couldn't obligate there to be many drivers daring Carlos to stun Charles.
existential_there_object_raising	syntax_semantics	control_raising	Some dancer judged there to be a light scaring Scott.	Some dancer advises there to be a light scaring Scott.
existential_there_object_raising	syntax_semantics	control_raising	Some cousins of Debra haven't ascertained there to be fewer than three governments inducing Kendra to argue.	Some cousins of Debra haven't spurred there to be fewer than three governments inducing Kendra to argue.
existential_there_object_raising	syntax_semantics	control_raising	Victoria declares there to be commentaries confusing a lot of customers.	Victoria advised there to be commentaries confusing a lot of customers.
existential_there_object_raising	syntax_semantics	control_raising	Every association had needed there to be many grocery stores stunning Colleen.	Every association had pushed there to be many grocery stores stunning Colleen.
existential_there_object_raising	syntax_semantics	control_raising	Janice predicts there to be many lamps disturbing Ella.	Janice prods there to be many lamps disturbing Ella.
existential_there_object_raising	syntax_semantics	control_raising	Kathleen hadn't found there to be a committee describing Kristen.	Kathleen hadn't advised there to be a committee describing Kristen.
existential_there_object_raising	syntax_semantics	control_raising	Irene's granddaughters prefer there to be more than three plates falling.	Irene's granddaughters required there to be more than three plates falling.
existential_there_object_raising	syntax_semantics	control_raising	Becca will ascertain there to be museums reuniting.	Becca will sway there to be museums reuniting.
existential_there_object_raising	syntax_semantics	control_raising	The library didn't discover there to be an art gallery disappearing.	The library didn't prompt there to be an art gallery disappearing.
existential_there_object_raising	syntax_semantics	control_raising	Most banks believed there to be a lot of waiters discussing Phillip.	Most banks encourage there to be a lot of waiters discussing Phillip.
existential_there_object_raising	syntax_semantics	control_raising	Dawn can declare there to be few waitresses working hard.	Dawn can command there to be few waitresses working hard.
existential_there_object_raising	syntax_semantics	control_raising	David had judged there to be a lot of mouths irritating some girls.	David had spurred there to be a lot of mouths irritating some girls.
existential_there_object_raising	syntax_semantics	control_raising	The museums judge there to be an icicle condensing.	The museums persuade there to be an icicle condensing.
existential_there_object_raising	syntax_semantics	control_raising	The customers needed there to be an art gallery irritating Stacy.	The customers convince there to be an art gallery irritating Stacy.
existential_there_quantifiers_1	semantics	quantifiers	There was a documentary about music irritating Allison.	There was each documentary about music irritating Allison.
existential_there_quantifiers_1	semantics	quantifiers	There were no legislatures working hard.	There were most legislatures working hard.
existential_there_quantifiers_1	semantics	quantifiers	There was a sweater shocking David.	There was each sweater shocking David.
existential_there_quantifiers_1	semantics	quantifiers	There are some brothers of Rachel arriving at a library.	There are all brothers of Rachel arriving at a library.
existential_there_quantifiers_1	semantics	quantifiers	There aren't many lights darkening.	There aren't all lights darkening.
existential_there_quantifiers_1	semantics	quantifiers	There are many rugs embarrassing Galileo.	There are most rugs embarrassing Galileo.
existential_there_quantifiers_1	semantics	quantifiers	There is a mother of Theodore imagining those adults responded.	There is each mother of Theodore imagining those adults responded.
existential_there_quantifiers_1	semantics	quantifiers	There wasn't a window chipping.	There wasn't each window chipping.
existential_there_quantifiers_1	semantics	quantifiers	There isn't a dancer slumping over.	There isn't every dancer slumping over.
existential_there_quantifiers_1	semantics	quantifiers	There is a committee coping.	There is every committee coping.
existential_there_quantifiers_1	semantics	quantifiers	There are some sisters of Ann climbing up all ladders.	There are all sisters of Ann climbing up all ladders.
existential_there_quantifiers_1	semantics	quantifiers	There is an essay about Winston Churchill irritating Alexander.	There is each essay about Winston Churchill irritating Alexander.
existential_there_quantifiers_1	semantics	quantifiers	There was a rug disappearing.	There was every rug disappearing.
existential_there_quantifiers_1	semantics	quantifiers	There aren't few documentaries disturbing some actors.	There aren't all documentaries disturbing some actors.
existential_there_quantifiers_1	semantics	quantifiers	There are no peppers upsetting all governments.	There are all peppers upsetting all governments.
existential_there_quantifiers_1	semantics	quantifiers	There was a cat annoying Alice.	There was each cat annoying Alice.
existential_there_quantifiers_1	semantics	quantifiers	There is a coat soaking.	There is every coat soaking.
existential_there_quantifiers_1	semantics	quantifiers	There isn't a student winning.	There isn't each student winning.
existential_there_quantifiers_1	semantics	quantifiers	There were few bicycles shattering.	There were most bicycles shattering.
existential_there_quantifiers_1	semantics	quantifiers	There weren't many eggplants existing.	There weren't all eggplants existing.
existential_there_quantifiers_1	semantics	quantifiers	There aren't many malls existing.	There aren't most malls existing.
existential_there_quantifiers_1	semantics	quantifiers	There weren't many waitresses sitting down.	There weren't all waitresses sitting down.
existential_there_quantifiers_1	semantics	quantifiers	There were many sketches bothering Ruth.	There were all sketches bothering Ruth.
existential_there_quantifiers_1	semantics	quantifiers	There wasn't a commentary worrying some pedestrians.	There wasn't every commentary worrying some pedestrians.
existential_there_quantifiers_1	semantics	quantifiers	There weren't few grandfathers of Beverly returning to the man.	There weren't most grandfathers of Beverly returning to the man.
existential_there_quantifiers_1	semantics	quantifiers	There is a drawing of schools irritating the Clintons.	There is every drawing of schools irritating the Clintons.
existential_there_quantifiers_1	semantics	quantifiers	There is an organization hurting Tammy.	There is every organization hurting Tammy.
existential_there_quantifiers_1	semantics	quantifiers	There were few daughters of Nancy badgering Alicia to see Renee.	There were all daughters of Nancy badgering Alicia to see Renee.
existential_there_quantifiers_1	semantics	quantifiers	There is a boy spinning around.	There is each boy spinning around.
existential_there_quantifiers_1	semantics	quantifiers	There are no mushrooms alarming Winston Churchill.	There are all mushrooms alarming Winston Churchill.
existential_there_quantifiers_2	semantics	quantifiers	All convertibles weren't there existing.	There weren't all convertibles existing.
existential_there_quantifiers_2	semantics	quantifiers	Every fish was there astounding Sally.	There was every fish astounding Sally.
existential_there_quantifiers_2	semantics	quantifiers	All sisters of Roger weren't there going to this school.	There weren't all sisters of Roger going to this school.
existential_there_quantifiers_2	semantics	quantifiers	Every documentary is there annoying Anna.	There is every documentary annoying Anna.
existential_there_quantifiers_2	semantics	quantifiers	Each government was there hurting Rhonda.	There was each government hurting Rhonda.
existential_there_quantifiers_2	semantics	quantifiers	Every newspaper article wasn't there wasting away.	There wasn't every newspaper article wasting away.
existential_there_quantifiers_2	semantics	quantifiers	Every student wasn't there leaving Andrew.	There wasn't every student leaving Andrew.
existential_there_quantifiers_2	semantics	quantifiers	Each screen is there alarming Tara.	There is each screen alarming Tara.
existential_there_quantifiers_2	semantics	quantifiers	Most universities weren't there hurting this child.	There weren't most universities hurting this child.
existential_there_quantifiers_2	semantics	quantifiers	Each book is there disturbing Margaret.	There is each book disturbing Margaret.
existential_there_quantifiers_2	semantics	quantifiers	Each art gallery was there irritating a lot of committees.	There was each art gallery irritating a lot of committees.
existential_there_quantifiers_2	semantics	quantifiers	All students weren't there noticing some box.	There weren't all students noticing some box.
existential_there_quantifiers_2	semantics	quantifiers	Each mother of a teenager isn't there asking Mark to scratch.	There isn't each mother of a teenager asking Mark to scratch.
existential_there_quantifiers_2	semantics	quantifiers	Most shows about the Great Lakes are there distracting Lisa.	There are most shows about the Great Lakes distracting Lisa.
existential_there_quantifiers_2	semantics	quantifiers	Most nephews of Irene were there telephoning.	There were most nephews of Irene telephoning.
existential_there_quantifiers_2	semantics	quantifiers	Each horse is there upsetting a lot of teachers.	There is each horse upsetting a lot of teachers.
existential_there_quantifiers_2	semantics	quantifiers	Every story was there hurting Judy.	There was every story hurting Judy.
existential_there_quantifiers_2	semantics	quantifiers	Every plate is there embarrassing Richard.	There is every plate embarrassing Richard.
existential_there_quantifiers_2	semantics	quantifiers	Most computers weren't there alarming Sabrina.	There weren't most computers alarming Sabrina.
existential_there_quantifiers_2	semantics	quantifiers	Every computer wasn't there shocking that actress.	There wasn't every computer shocking that actress.
existential_there_quantifiers_2	semantics	quantifiers	Most reports aren't there disappearing.	There aren't most reports disappearing.
existential_there_quantifiers_2	semantics	quantifiers	Each university was there worrying.	There was each university worrying.
existential_there_quantifiers_2	semantics	quantifiers	Every popsicle isn't there wasting away.	There isn't every popsicle wasting away.
existential_there_quantifiers_2	semantics	quantifiers	All granddaughters of Donald weren't there confusing this doctor.	There weren't all granddaughters of Donald confusing this doctor.
existential_there_quantifiers_2	semantics	quantifiers	Most cars weren't there scaring Kendra.	There weren't most cars scaring Kendra.
existential_there_quantifiers_2	semantics	quantifiers	Every coat wasn't there twirling.	There wasn't every coat twirling.
existential_there_quantifiers_2	semantics	quantifiers	All bikes are there embarrassing Brian.	There are all bikes embarrassing Brian.
existential_there_quantifiers_2	semantics	quantifiers	Each essay isn't there embarrassing Kenneth.	There isn't each essay embarrassing Kenneth.
existential_there_quantifiers_2	semantics	quantifiers	Most organizations are there compelling Claire to stretch.	There are most organizations compelling Claire to stretch.
existential_there_quantifiers_2	semantics	quantifiers	Every fork wasn't there appearing.	There wasn't every fork appearing.
existential_there_subject_raising	syntax_semantics	control_raising	There is soon to be a cat existing.	There is willing to be a cat existing.
existential_there_subject_raising	syntax_semantics	control_raising	There was bound to be a fish escaping.	There was unable to be a fish escaping.
existential_there_subject_raising	syntax_semantics	control_raising	There weren't about to be few prints of this eggplant scaring Paula.	There weren't unwilling to be few prints of this eggplant scaring Paula.
existential_there_subject_raising	syntax_semantics	control_raising	There were looking to be a lot of children assembling.	There were hoping to be a lot of children assembling.
existential_there_subject_raising	syntax_semantics	control_raising	There were likely to be some books about the Borgias disturbing this senator.	There were ready to be some books about the Borgias disturbing this senator.
existential_there_subject_raising	syntax_semantics	control_raising	There can't threaten to be hair confusing Travis.	There can't want to be hair confusing Travis.
existential_there_subject_raising	syntax_semantics	control_raising	There wasn't about to be a light fading.	There wasn't willing to be a light fading.
existential_there_subject_raising	syntax_semantics	control_raising	There are appearing to be many pedestrians falling asleep.	There are neglecting to be many pedestrians falling asleep.
existential_there_subject_raising	syntax_semantics	control_raising	There looked to be plates chipping.	There proposed to be plates chipping.
existential_there_subject_raising	syntax_semantics	control_raising	There is sure to be chicken falling.	There is eager to be chicken falling.
existential_there_subject_raising	syntax_semantics	control_raising	There aren't appearing to be screens disgusting that guy.	There aren't wishing to be screens disgusting that guy.
existential_there_subject_raising	syntax_semantics	control_raising	There turned out to be more than three college campuses falling.	There try to be more than three college campuses falling.
existential_there_subject_raising	syntax_semantics	control_raising	There appear to be few bananas blackening.	There proposed to be few bananas blackening.
existential_there_subject_raising	syntax_semantics	control_raising	There didn't prove to be more than three commentaries confusing Frank.	There didn't bother to be more than three commentaries confusing Frank.
existential_there_subject_raising	syntax_semantics	control_raising	There might look to be few associations answering.	There might try to be few associations answering.
existential_there_subject_raising	syntax_semantics	control_raising	There were soon to be documentaries astounding Dana.	There were overjoyed to be documentaries astounding Dana.
existential_there_subject_raising	syntax_semantics	control_raising	There looked to be no cars distracting Samuel.	There attempt to be no cars distracting Samuel.
existential_there_subject_raising	syntax_semantics	control_raising	There weren't unlikely to be a lot of peppers bothering most women.	There weren't unable to be a lot of peppers bothering most women.
existential_there_subject_raising	syntax_semantics	control_raising	There is sure to be a screen dropping.	There is unwilling to be a screen dropping.
existential_there_subject_raising	syntax_semantics	control_raising	There threaten to be few nephews of Donald waking up.	There wished to be few nephews of Donald waking up.
existential_there_subject_raising	syntax_semantics	control_raising	There looked to be a college campus irritating Jennifer.	There attempted to be a college campus irritating Jennifer.
existential_there_subject_raising	syntax_semantics	control_raising	There happens to be a pedestrian curing Stephanie.	There continues to be a pedestrian curing Stephanie.
existential_there_subject_raising	syntax_semantics	control_raising	There can fail to be a committee forfeiting.	There can like to be a committee forfeiting.
existential_there_subject_raising	syntax_semantics	control_raising	There was unlikely to be a committee convincing Caroline to slump over.	There was able to be a committee convincing Caroline to slump over.
existential_there_subject_raising	syntax_semantics	control_raising	There were certain to be more than three pictures hurting Sonia.	There were overjoyed to be more than three pictures hurting Sonia.
existential_there_subject_raising	syntax_semantics	control_raising	There is turning out to be a doctor yawning.	There is neglecting to be a doctor yawning.
existential_there_subject_raising	syntax_semantics	control_raising	There had appeared to be a girl upsetting Rachel.	There had needed to be a girl upsetting Rachel.
existential_there_subject_raising	syntax_semantics	control_raising	There weren't likely to be many coats looking like most drawings.	There weren't pleased to be many coats looking like most drawings.
existential_there_subject_raising	syntax_semantics	control_raising	There hadn't proven to be a shirt embarrassing Winston Churchill.	There hadn't intended to be a shirt embarrassing Winston Churchill.
existential_there_subject_raising	syntax_semantics	control_raising	There aren't sure to be few bicycles boring Homer.	There aren't unwilling to be few bicycles boring Homer.
expletive_it_object_raising	syntax_semantics	control_raising	Tara would ascertain it to be noteworthy that Kenneth didn't wash.	Tara wouldn't entice it to be noteworthy that Kenneth didn't wash.
expletive_it_object_raising	syntax_semantics	control_raising	Carla could declare it to be not so important that these doctors observe Rhonda.	Carla can convince it to be not so important that these doctors observe Rhonda.
expletive_it_object_raising	syntax_semantics	control_raising	Nina anticipated it to be nice that Jacqueline exists.	Nina obligated it to be nice that Jacqueline exists.
expletive_it_object_raising	syntax_semantics	control_raising	Some granddaughter of Bruce did find it to be expected that a lot of legislatures try to conceal Colleen.	Some granddaughter of Bruce would force it to be expected that a lot of legislatures try to conceal Colleen.
expletive_it_object_raising	syntax_semantics	control_raising	Charles's brothers hadn't considered it to be not so amusing that every man exercised.	Charles's brothers motivate it to be not so amusing that every man exercised.
expletive_it_object_raising	syntax_semantics	control_raising	Maria discovers it to be not so good that Karla couldn't need Carlos to question Candice.	Maria shouldn't ask it to be not so good that Karla couldn't need Carlos to question Candice.
expletive_it_object_raising	syntax_semantics	control_raising	Walter considers it to be lucky that Angela walks through many museums.	Walter hadn't pressed it to be lucky that Angela walks through many museums.
expletive_it_object_raising	syntax_semantics	control_raising	Noah can't predict it to be not so funny that some pasta blackens.	Noah is pressuring it to be not so funny that some pasta blackens.
expletive_it_object_raising	syntax_semantics	control_raising	Aaron was predicting it to be amusing that Bradley motivates Jennifer to yawn.	Aaron asked it to be amusing that Bradley motivates Jennifer to yawn.
expletive_it_object_raising	syntax_semantics	control_raising	Ronald does need it to be not so pleasant that those actors hide away.	Ronald asked it to be not so pleasant that those actors hide away.
expletive_it_object_raising	syntax_semantics	control_raising	Michelle's mentors anticipate it to be bad that the Impressionists were hugging.	Michelle's mentors do tempt it to be bad that the Impressionists were hugging.
expletive_it_object_raising	syntax_semantics	control_raising	Winston Churchill found it to be not so obvious that Jill isn't wearing that hat.	Winston Churchill commissioned it to be not so obvious that Jill isn't wearing that hat.
expletive_it_object_raising	syntax_semantics	control_raising	Jane believed it to be not so amusing that Heidi wouldn't blink.	Jane hadn't enticed it to be not so amusing that Heidi wouldn't blink.
expletive_it_object_raising	syntax_semantics	control_raising	Jacqueline ascertains it to be nice that Adam was disturbing Guy.	Jacqueline would spur it to be nice that Adam was disturbing Guy.
expletive_it_object_raising	syntax_semantics	control_raising	Tanya is needing it to be expected that Sharon couldn't forget about who talks to Kenneth.	Tanya had ordered it to be expected that Sharon couldn't forget about who talks to Kenneth.
expletive_it_object_raising	syntax_semantics	control_raising	Girls hadn't needed it to be not so surprising that many actresses observe Gary.	Girls prod it to be not so surprising that many actresses observe Gary.
expletive_it_object_raising	syntax_semantics	control_raising	Some committee had discovered it to be strange that Denise should entreat Peter to win.	Some committee couldn't entreat it to be strange that Denise should entreat Peter to win.
expletive_it_object_raising	syntax_semantics	control_raising	The teenagers' hairdressers discover it to be not so clear that an eye flung open.	The teenagers' hairdressers haven't implored it to be not so clear that an eye flung open.
expletive_it_object_raising	syntax_semantics	control_raising	A lot of teenagers' ex-wives anticipate it to be not so important that Jeffrey drinks.	A lot of teenagers' ex-wives did push it to be not so important that Jeffrey drinks.
expletive_it_object_raising	syntax_semantics	control_raising	Some nephews of Tammy predict it to be okay that all ladies weren't imploring Charles to scare Steve.	Some nephews of Tammy hadn't compelled it to be okay that all ladies weren't imploring Charles to scare Steve.
expletive_it_object_raising	syntax_semantics	control_raising	The guys didn't consider it to be clear that Janet tempted some waiter to confuse David.	The guys persuaded it to be clear that Janet tempted some waiter to confuse David.
expletive_it_object_raising	syntax_semantics	control_raising	Kristen hasn't discovered it to be sad that teachers were responding.	Kristen isn't prodding it to be sad that teachers were responding.
expletive_it_object_raising	syntax_semantics	control_raising	Maria's cousins want it to be weird that Jennifer wishes to admire Susan.	Maria's cousins aren't badgering it to be weird that Jennifer wishes to admire Susan.
expletive_it_object_raising	syntax_semantics	control_raising	Tracy ascertains it to be noteworthy that Emily didn't order this teenager's tutors to know Florence.	Tracy pressed it to be noteworthy that Emily didn't order this teenager's tutors to know Florence.
expletive_it_object_raising	syntax_semantics	control_raising	Catherine's doctor couldn't anticipate it to be too bad that Steven forfeits.	Catherine's doctor couldn't prod it to be too bad that Steven forfeits.
expletive_it_object_raising	syntax_semantics	control_raising	Irene judges it to be interesting that Samantha had hoped to argue.	Irene has prodded it to be interesting that Samantha had hoped to argue.
expletive_it_object_raising	syntax_semantics	control_raising	Cynthia's granddaughter has expected it to be sad that Beth smiled.	Cynthia's granddaughter compels it to be sad that Beth smiled.
expletive_it_object_raising	syntax_semantics	control_raising	The Clintons' granddaughters anticipate it to be obvious that Maria was shouting.	The Clintons' granddaughters have advised it to be obvious that Maria was shouting.
expletive_it_object_raising	syntax_semantics	control_raising	Marla's ex-boyfriend hasn't judged it to be not so funny that Gerald wasn't appearing to complain.	Marla's ex-boyfriend commissions it to be not so funny that Gerald wasn't appearing to complain.
expletive_it_object_raising	syntax_semantics	control_raising	This cashier's grandfathers predict it to be unexpected that the chair hadn't slipped.	This cashier's grandfathers shouldn't entreat it to be unexpected that the chair hadn't slipped.
inchoative	syntax	argument_structure	Patricia had changed.	Patricia had forgotten.
inchoative	syntax	argument_structure	A lot of closets could fling open.	A lot of closets could buy.
inchoative	syntax	argument_structure	All pants loosen.	All pants brought.
inchoative	syntax	argument_structure	Many glasses aren't warping.	Many glasses aren't messing up.
inchoative	syntax	argument_structure	A screen was fading.	A screen was cleaning.
inchoative	syntax	argument_structure	Every mountain sells.	Every mountain climbs down.
inchoative	syntax	argument_structure	All rivers can't melt.	All rivers can't reveal.
inchoative	syntax	argument_structure	That skirt isn't unfolding.	That skirt isn't cleaning.
inchoative	syntax	argument_structure	That shawl shrank.	That shawl reveals.
inchoative	syntax	argument_structure	Those bananas are ripening.	Those bananas are cleaning.
inchoative	syntax	argument_structure	A lot of chairs shattered.	A lot of chairs found.
inchoative	syntax	argument_structure	These carriages have maneuvered.	These carriages have looked like.
inchoative	syntax	argument_structure	Clyde's oncologists weren't reuniting.	Clyde's oncologists weren't boring.
inchoative	syntax	argument_structure	Benjamin's tutors spin around.	Benjamin's tutors respect.
inchoative	syntax	argument_structure	The sock isn't flattening.	The sock isn't wearing.
inchoative	syntax	argument_structure	This candle did dim.	This candle did look like.
inchoative	syntax	argument_structure	Rivers vaporized.	Rivers pass.
inchoative	syntax	argument_structure	Boys weren't assembling.	Boys weren't leaving.
inchoative	syntax	argument_structure	Planes accelerate.	Planes had.
inchoative	syntax	argument_structure	Many carriages slow.	Many carriages admire.
inchoative	syntax	argument_structure	Diane's granddaughters weren't worrying.	Diane's granddaughters weren't looking like.
inchoative	syntax	argument_structure	Some feet chip.	Some feet have.
inchoative	syntax	argument_structure	A lot of bananas baked.	A lot of bananas brought.
inchoative	syntax	argument_structure	Dennis didn't sit down.	Dennis didn't kiss.
inchoative	syntax	argument_structure	Most glaciers freeze.	Most glaciers look like.
inchoative	syntax	argument_structure	The bicycle wasn't slowing.	The bicycle wasn't revealing.
inchoative	syntax	argument_structure	Most children move.	Most children looked like.
inchoative	syntax	argument_structure	Ella's grandfathers hurt.	Ella's grandfathers reference.
inchoative	syntax	argument_structure	That sweater twirls.	That sweater took.
inchoative	syntax	argument_structure	A hat folds.	A hat saw.
intransitive	syntax	argument_structure	Todd can't yawn.	Todd can't walk through.
intransitive	syntax	argument_structure	Some guests hadn't left.	Some guests hadn't boasted about.
intransitive	syntax	argument_structure	This niece of Elizabeth protests.	This niece of Elizabeth walks through.
intransitive	syntax	argument_structure	Regina is shouting.	Regina is boasting about.
intransitive	syntax	argument_structure	This guest's plumber complains.	This guest's plumber wore.
intransitive	syntax	argument_structure	Anna's grandmothers aren't benefiting.	Anna's grandmothers aren't arguing about.
intransitive	syntax	argument_structure	Some glaciers are vaporizing.	Some glaciers are scaring.
intransitive	syntax	argument_structure	Stephanie succeeds.	Stephanie boasts about.
intransitive	syntax	argument_structure	Tara's contractors scream.	Tara's contractors drive to.
intransitive	syntax	argument_structure	All gloves weren't crumpling.	All gloves weren't looking like.
intransitive	syntax	argument_structure	Patricia's hairdressers hadn't cooked.	Patricia's hairdressers hadn't gone to.
intransitive	syntax	argument_structure	The spotlights faded.	The spotlights scared.
intransitive	syntax	argument_structure	The muffins were scorching.	The muffins were scaring.
intransitive	syntax	argument_structure	Those friends of Sally were painting.	Those friends of Sally were walking through.
intransitive	syntax	argument_structure	This screen does brighten.	This screen does resemble.
intransitive	syntax	argument_structure	Danielle's podiatrists were succeeding.	Danielle's podiatrists were scaring.
intransitive	syntax	argument_structure	A lot of cashiers should collaborate.	A lot of cashiers should go to.
intransitive	syntax	argument_structure	The pepper blackened.	The pepper resembles.
intransitive	syntax	argument_structure	Some skirts haven't unfolded.	Some skirts haven't scared.
intransitive	syntax	argument_structure	Guy's French teachers die.	Guy's French teachers arrived at.
intransitive	syntax	argument_structure	This shirt crumples.	This shirt scares.
intransitive	syntax	argument_structure	Some cup falls apart.	Some cup resembles.
intransitive	syntax	argument_structure	All grandmothers of Bill hadn't clashed.	All grandmothers of Bill hadn't arrived at.
intransitive	syntax	argument_structure	Some convertible is chipping.	Some convertible is scaring.
intransitive	syntax	argument_structure	Rachelle's partner chuckled.	Rachelle's partner dislikes.
intransitive	syntax	argument_structure	These grandfathers of Ella cooperated.	These grandfathers of Ella boast about.
intransitive	syntax	argument_structure	Most spotlights had dimmed.	Most spotlights had looked like.
intransitive	syntax	argument_structure	Keith learns.	Keith disliked.
intransitive	syntax	argument_structure	Andrea has donated.	Andrea has concealed.
intransitive	syntax	argument_structure	Some sisters of Laurie weren't hunting.	Some sisters of Laurie weren't examining.
irregular_past_participle_adjectives	morphology	irregular_forms	The hidden offspring aren't confident.	The hid offspring aren't confident.
irregular_past_participle_adjectives	morphology	irregular_forms	The hidden bicycles weren't exposed.	The hid bicycles weren't exposed.
irregular_past_participle_adjectives	morphology	irregular_forms	The hidden glass was big.	The hid glass was big.
irregular_past_participle_adjectives	morphology	irregular_forms	The worn skirts aren't important.	The wore skirts aren't important.
irregular_past_participle_adjectives	morphology	irregular_forms	The worn hats aren't big.	The wore hats aren't big.
irregular_past_participle_adjectives	morphology	irregular_forms	The broken mirrors were blue.	The broke mirrors were blue.
irregular_past_participle_adjectives	morphology	irregular_forms	The worn pants weren't big.	The wore pants weren't big.
irregular_past_participle_adjectives	morphology	irregular_forms	The known children were nice.	The knew children were nice.
irregular_past_participle_adjectives	morphology	irregular_forms	The forgotten newspaper article was bad.	The forgot newspaper article was bad.
irregular_past_participle_adjectives	morphology	irregular_forms	The known adult was exposed.	The knew adult was exposed.
irregular_past_participle_adjectives	morphology	irregular_forms	The hidden patients weren't busy.	The hid patients weren't busy.
irregular_past_participle_adjectives	morphology	irregular_forms	The worn scarf was popular.	The wore scarf was popular.
irregular_past_participle_adjectives	morphology	irregular_forms	The taken rabbit wasn't popular.	The took rabbit wasn't popular.
irregular_past_participle_adjectives	morphology	irregular_forms	The known girl is important.	The knew girl is important.
irregular_past_participle_adjectives	morphology	irregular_forms	The broken dishes weren't red.	The broke dishes weren't red.
irregular_past_participle_adjectives	morphology	irregular_forms	The worn sweaters weren't smooth.	The wore sweaters weren't smooth.
irregular_past_participle_adjectives	morphology	irregular_forms	The forgotten children weren't hidden.	The forgot children weren't hidden.
irregular_past_participle_adjectives	morphology	irregular_forms	The hidden plates aren't white.	The hid plates aren't white.
irregular_past_participle_adjectives	morphology	irregular_forms	The forgotten doctors are young.	The forgot doctors are young.
irregular_past_participle_adjectives	morphology	irregular_forms	The worn skirt was important.	The wore skirt was important.
irregular_past_participle_adjectives	morphology	irregular_forms	The taken cilantro wasn't yellow.	The took cilantro wasn't yellow.
irregular_past_participle_adjectives	morphology	irregular_forms	The worn shawls aren't concealed.	The wore shawls aren't concealed.
irregular_past_participle_adjectives	morphology	irregular_forms	The hidden fish wasn't important.	The hid fish wasn't important.
irregular_past_participle_adjectives	morphology	irregular_forms	The known people aren't hidden.	The knew people aren't hidden.
irregular_past_participle_adjectives	morphology	irregular_forms	The worn glove is red.	The wore glove is red.
irregular_past_participle_adjectives	morphology	irregular_forms	The known senators aren't serious.	The knew senators aren't serious.
irregular_past_participle_adjectives	morphology	irregular_forms	The broken couch isn't small.	The broke couch isn't small.
irregular_past_participle_adjectives	morphology	irregular_forms	The hidden lady isn't popular.	The hid lady isn't popular.
irregular_past_participle_adjectives	morphology	irregular_forms	The worn scarf wasn't lost.	The wore scarf wasn't lost.
irregular_past_participle_adjectives	morphology	irregular_forms	The broken tooth wasn't whole.	The broke tooth wasn't whole.
irregular_past_participle_verbs	morphology	irregular_forms	The Borgias wore a lot of scarves.	The Borgias worn a lot of scarves.
irregular_past_participle_verbs	morphology	irregular_forms	Teresa hid every senator.	Teresa hidden every senator.
irregular_past_participle_verbs	morphology	irregular_forms	The mushroom went bad.	The mushroom gone bad.
irregular_past_participle_verbs	morphology	irregular_forms	Cheryl came here.	Cheryl come here.
irregular_past_participle_verbs	morphology	irregular_forms	Christopher hid a spotlight.	Christopher hidden a spotlight.
irregular_past_participle_verbs	morphology	irregular_forms	Edward hid the cats.	Edward hidden the cats.
irregular_past_participle_verbs	morphology	irregular_forms	Erin went to some schools.	Erin gone to some schools.
irregular_past_participle_verbs	morphology	irregular_forms	Joel came here.	Joel come here.
irregular_past_participle_verbs	morphology	irregular_forms	Paula broke some plates.	Paula broken some plates.
irregular_past_participle_verbs	morphology	irregular_forms	Raymond woke up.	Raymond woken up.
irregular_past_participle_verbs	morphology	irregular_forms	Randolf drove to a mall.	Randolf driven to a mall.
irregular_past_participle_verbs	morphology	irregular_forms	Laura broke this cart.	Laura broken this cart.
irregular_past_participle_verbs	morphology	irregular_forms	Victoria wore that hat.	Victoria worn that hat.
irregular_past_participle_verbs	morphology	irregular_forms	Carrie took most bikes.	Carrie taken most bikes.
irregular_past_participle_verbs	morphology	irregular_forms	Nancy sang.	Nancy sung.
irregular_past_participle_verbs	morphology	irregular_forms	The guy sang.	The guy sung.
irregular_past_participle_verbs	morphology	irregular_forms	The women broke a lot of convertibles.	The women broken a lot of convertibles.
irregular_past_participle_verbs	morphology	irregular_forms	Lucille went to some cafe.	Lucille gone to some cafe.
irregular_past_participle_verbs	morphology	irregular_forms	Sandra knew Becca.	Sandra known Becca.
irregular_past_participle_verbs	morphology	irregular_forms	Susan knew Florence.	Susan known Florence.
irregular_past_participle_verbs	morphology	irregular_forms	Many girls took that banana.	Many girls taken that banana.
irregular_past_participle_verbs	morphology	irregular_forms	Melissa ate.	Melissa eaten.
irregular_past_participle_verbs	morphology	irregular_forms	Andrew wrote.	Andrew written.
irregular_past_participle_verbs	morphology	irregular_forms	Kendra knew Florence.	Kendra known Florence.
irregular_past_participle_verbs	morphology	irregular_forms	Guests woke up.	Guests woken up.
irregular_past_participle_verbs	morphology	irregular_forms	Suzanne sang.	Suzanne sung.
irregular_past_participle_verbs	morphology	irregular_forms	Catherine knew Amanda.	Catherine known Amanda.
irregular_past_participle_verbs	morphology	irregular_forms	Frank hid away.	Frank hidden away.
irregular_past_participle_verbs	morphology	irregular_forms	Libraries forgot Douglas.	Libraries forgotten Douglas.
irregular_past_participle_verbs	morphology	irregular_forms	Every waiter hid Julia.	Every waiter hidden Julia.
irregular_plural_subject_verb_agreement_1	morphology	subject_verb_agreement	Those radii have scared that teenager.	Those radii has scared that teenager.
irregular_plural_subject_verb_agreement_1	morphology	subject_verb_agreement	This goose isn't bothering Edward.	This goose weren't bothering Edward.
irregular_plural_subject_verb_agreement_1	morphology	subject_verb_agreement	The axes haven't stunned that teenager.	The axes hasn't stunned that teenager.
irregular_plural_subject_verb_agreement_1	morphology	subject_verb_agreement	The radius is boring Carla.	The radius were boring Carla.
irregular_plural_subject_verb_agreement_1	morphology	subject_verb_agreement	All hypotheses have hurt Beth.	All hypotheses has hurt Beth.
irregular_plural_subject_verb_agreement_1	morphology	subject_verb_agreement	That woman isn't irritating Dennis.	That woman weren't irritating Dennis.
irregular_plural_subject_verb_agreement_1	morphology	subject_verb_agreement	An alumnus doubts every sweater flattens.	An alumnus doubt every sweater flattens.
irregular_plural_subject_verb_agreement_1	morphology	subject_verb_agreement	The people weren't boycotting those mountains.	The people isn't boycotting those mountains.
irregular_plural_subject_verb_agreement_1	morphology	subject_verb_agreement	These hypotheses embarrass Dennis.	These hypotheses embarrasses Dennis.
irregular_plural_subject_verb_agreement_1	morphology	subject_verb_agreement	Men have compromised.	Men has compromised.
irregular_plural_subject_verb_agreement_1	morphology	subject_verb_agreement	All radii weren't upsetting every bank.	All radii wasn't upsetting every bank.
irregular_plural_subject_verb_agreement_1	morphology	subject_verb_agreement	Some parentheses scare these adults.	Some parentheses scares these adults.
irregular_plural_subject_verb_agreement_1	morphology	subject_verb_agreement	Some analyses weren't astounding this actress.	Some analyses wasn't astounding this actress.
irregular_plural_subject_verb_agreement_1	morphology	subject_verb_agreement	Many people have hidden away.	Many people has hidden away.
irregular_plural_subject_verb_agreement_1	morphology	subject_verb_agreement	Mice are hurting a waiter.	Mice was hurting a waiter.
irregular_plural_subject_verb_agreement_1	morphology	subject_verb_agreement	Hypotheses haven't astounded this hospital.	Hypotheses hasn't astounded this hospital.
irregular_plural_subject_verb_agreement_1	morphology	subject_verb_agreement	A lot of men have laughed.	A lot of men has laughed.
irregular_plural_subject_verb_agreement_1	morphology	subject_verb_agreement	A diagnosis isn't worrying Frank.	A diagnosis aren't worrying Frank.
irregular_plural_subject_verb_agreement_1	morphology	subject_verb_agreement	Many hypotheses astound Elizabeth.	Many hypotheses astounds Elizabeth.
irregular_plural_subject_verb_agreement_1	morphology	subject_verb_agreement	An ox isn't climbing up those steps.	An ox aren't climbing up those steps.
irregular_plural_subject_verb_agreement_1	morphology	subject_verb_agreement	Most women are hiding the shirts.	Most women is hiding the shirts.
irregular_plural_subject_verb_agreement_1	morphology	subject_verb_agreement	This woman hasn't dropped by the glacier.	This woman haven't dropped by the glacier.
irregular_plural_subject_verb_agreement_1	morphology	subject_verb_agreement	This diagnosis alarms a lot of governments.	This diagnosis alarm a lot of governments.
irregular_plural_subject_verb_agreement_1	morphology	subject_verb_agreement	The alumni aren't finding many bikes.	The alumni isn't finding many bikes.
irregular_plural_subject_verb_agreement_1	morphology	subject_verb_agreement	These media haven't embarrassed William.	These media hasn't embarrassed William.
irregular_plural_subject_verb_agreement_1	morphology	subject_verb_agreement	Some crises aren't astounding Michelle.	Some crises isn't astounding Michelle.
irregular_plural_subject_verb_agreement_1	morphology	subject_verb_agreement	Those mice haven't vanished.	Those mice hasn't vanished.
irregular_plural_subject_verb_agreement_1	morphology	subject_verb_agreement	Those crises annoy Holly.	Those crises annoys Holly.
irregular_plural_subject_verb_agreement_1	morphology	subject_verb_agreement	The octopi have distracted Barbara.	The octopi has distracted Barbara.
irregular_plural_subject_verb_agreement_1	morphology	subject_verb_agreement	All children haven't insulted Suzanne.	All children hasn't insulted Suzanne.
irregular_plural_subject_verb_agreement_2	morphology	subject_verb_agreement	The women meet.	The woman meet.
irregular_plural_subject_verb_agreement_2	morphology	subject_verb_agreement	The child isn't attacking Becky.	The children isn't attacking Becky.
irregular_plural_subject_verb_agreement_2	morphology	subject_verb_agreement	The woman cleans every public park.	The women cleans every public park.
irregular_plural_subject_verb_agreement_2	morphology	subject_verb_agreement	The man works with some pedestrian.	The men works with some pedestrian.
irregular_plural_subject_verb_agreement_2	morphology	subject_verb_agreement	The men have revealed Christina.	The man have revealed Christina.
irregular_plural_subject_verb_agreement_2	morphology	subject_verb_agreement	The men weren't benefiting.	The man weren't benefiting.
irregular_plural_subject_verb_agreement_2	morphology	subject_verb_agreement	The children haven't loved Julie.	The child haven't loved Julie.
irregular_plural_subject_verb_agreement_2	morphology	subject_verb_agreement	The woman is skated around every art gallery.	The women is skated around every art gallery.
irregular_plural_subject_verb_agreement_2	morphology	subject_verb_agreement	The child is breaking most plates.	The children is breaking most plates.
irregular_plural_subject_verb_agreement_2	morphology	subject_verb_agreement	The person was leaving.	The people was leaving.
irregular_plural_subject_verb_agreement_2	morphology	subject_verb_agreement	The teeth tip over.	The tooth tip over.
irregular_plural_subject_verb_agreement_2	morphology	subject_verb_agreement	The men have admired Ronald.	The man have admired Ronald.
irregular_plural_subject_verb_agreement_2	morphology	subject_verb_agreement	The person was firing James.	The people was firing James.
irregular_plural_subject_verb_agreement_2	morphology	subject_verb_agreement	The people conspire.	The person conspire.
irregular_plural_subject_verb_agreement_2	morphology	subject_verb_agreement	The people debate.	The person debate.
irregular_plural_subject_verb_agreement_2	morphology	subject_verb_agreement	The person is firing William.	The people is firing William.
irregular_plural_subject_verb_agreement_2	morphology	subject_verb_agreement	The alumnus has screamed.	The alumni has screamed.
irregular_plural_subject_verb_agreement_2	morphology	subject_verb_agreement	The person runs around some cafe.	The people runs around some cafe.
irregular_plural_subject_verb_agreement_2	morphology	subject_verb_agreement	The man is complaining.	The men is complaining.
irregular_plural_subject_verb_agreement_2	morphology	subject_verb_agreement	The analyses were disgusting Tammy.	The analysis were disgusting Tammy.
irregular_plural_subject_verb_agreement_2	morphology	subject_verb_agreement	The men hide Marcus.	The man hide Marcus.
irregular_plural_subject_verb_agreement_2	morphology	subject_verb_agreement	The people find Kristen.	The person find Kristen.
irregular_plural_subject_verb_agreement_2	morphology	subject_verb_agreement	The person wasn't kissing Mark.	The people wasn't kissing Mark.
irregular_plural_subject_verb_agreement_2	morphology	subject_verb_agreement	The man was learning.	The men was learning.
irregular_plural_subject_verb_agreement_2	morphology	subject_verb_agreement	The men leave.	The man leave.
irregular_plural_subject_verb_agreement_2	morphology	subject_verb_agreement	The man wasn't bringing most sketches.	The men wasn't bringing most sketches.
irregular_plural_subject_verb_agreement_2	morphology	subject_verb_agreement	The children have researched the Great Lakes.	The child have researched the Great Lakes.
irregular_plural_subject_verb_agreement_2	morphology	subject_verb_agreement	The women are negotiating.	The woman are negotiating.
irregular_plural_subject_verb_agreement_2	morphology	subject_verb_agreement	The people have seen.	The person have seen.
irregular_plural_subject_verb_agreement_2	morphology	subject_verb_agreement	The child wasn't saluting.	The children wasn't saluting.
left_branch_island_echo_question	syntax	island_effects	Irene had messed up whose rug?	Whose had Irene messed up rug?
left_branch_island_echo_question	syntax	island_effects	Edward has returned to which customers?	Which has Edward returned to customers?
left_branch_island_echo_question	syntax	island_effects	Holly is taking which blouse?	Which is Holly taking blouse?
left_branch_island_echo_question	syntax	island_effects	All women had known what teachers?	What had all women known teachers?
left_branch_island_echo_question	syntax	island_effects	That truck will hurt which senator?	Which will that truck hurt senator?
left_branch_island_echo_question	syntax	island_effects	Helen did drive to whose glacier?	Whose did Helen drive to glacier?
left_branch_island_echo_question	syntax	island_effects	Some documentary has disagreed with what commentaries?	What has some documentary disagreed with commentaries?
left_branch_island_echo_question	syntax	island_effects	Cheryl is selling what malls?	What is Cheryl selling malls?
left_branch_island_echo_question	syntax	island_effects	David would cure what snake?	What would David cure snake?
left_branch_island_echo_question	syntax	island_effects	Theresa did scare which men?	Which did Theresa scare men?
left_branch_island_echo_question	syntax	island_effects	Some chairs should embarrass what guys?	What should some chairs embarrass guys?
left_branch_island_echo_question	syntax	island_effects	This committee can shock which student?	Which can this committee shock student?
left_branch_island_echo_question	syntax	island_effects	Jane can discover whose dogs?	Whose can Jane discover dogs?
left_branch_island_echo_question	syntax	island_effects	Julia is boycotting what mountain?	What is Julia boycotting mountain?
left_branch_island_echo_question	syntax	island_effects	Carla had argued about what series?	What had Carla argued about series?
left_branch_island_echo_question	syntax	island_effects	Amanda was investigating whose hospitals?	Whose was Amanda investigating hospitals?
left_branch_island_echo_question	syntax	island_effects	All actresses are exploring which college campus?	Which are all actresses exploring college campus?
left_branch_island_echo_question	syntax	island_effects	Most schools have looked like what drawings?	What have most schools looked like drawings?
left_branch_island_echo_question	syntax	island_effects	April is talking about which movies?	Which is April talking about movies?
left_branch_island_echo_question	syntax	island_effects	Tara will fix whose skateboards?	Whose will Tara fix skateboards?
left_branch_island_echo_question	syntax	island_effects	Carla was lifting which pamphlet?	Which was Carla lifting pamphlet?
left_branch_island_echo_question	syntax	island_effects	A lot of hats do confuse whose committees?	Whose do a lot of hats confuse committees?
left_branch_island_echo_question	syntax	island_effects	Tina might boast about whose bases?	Whose might Tina boast about bases?
left_branch_island_echo_question	syntax	island_effects	A woman had concealed whose skateboards?	Whose had a woman concealed skateboards?
left_branch_island_echo_question	syntax	island_effects	Caroline has worried what people?	What has Caroline worried people?
left_branch_island_echo_question	syntax	island_effects	Galileo will sound like which woman?	Which will Galileo sound like woman?
left_branch_island_echo_question	syntax	island_effects	Those actresses will love which movies?	Which will those actresses love movies?
left_branch_island_echo_question	syntax	island_effects	Peter did run around whose museum?	Whose did Peter run around museum?
left_branch_island_echo_question	syntax	island_effects	Lucille was wearing which scarf?	Which was Lucille wearing scarf?
left_branch_island_echo_question	syntax	island_effects	Monet has aggravated what waitresses?	What has Monet aggravated waitresses?
left_branch_island_simple_question	syntax	island_effects	Whose museums had Dana alarmed?	Whose had Dana alarmed museums?
left_branch_island_simple_question	syntax	island_effects	Whose hat should Tonya wear?	Whose should Tonya wear hat?
left_branch_island_simple_question	syntax	island_effects	What movies is Renee concealing?	What is Renee concealing movies?
left_branch_island_simple_question	syntax	island_effects	What bicycle was Rebecca noticing?	What was Rebecca noticing bicycle?
left_branch_island_simple_question	syntax	island_effects	Which senator should Jesus visit?	Which should Jesus visit senator?
left_branch_island_simple_question	syntax	island_effects	What fish is a person healing?	What is a person healing fish?
left_branch_island_simple_question	syntax	island_effects	What dancers should Kristen respect?	What should Kristen respect dancers?
left_branch_island_simple_question	syntax	island_effects	What waiter has James hurt?	What has James hurt waiter?
left_branch_island_simple_question	syntax	island_effects	Which adult was Larry distracting?	Which was Larry distracting adult?
left_branch_island_simple_question	syntax	island_effects	What waitresses has Monica approached?	What has Monica approached waitresses?
left_branch_island_simple_question	syntax	island_effects	Which waiters has Thomas disliked?	Which has Thomas disliked waiters?
left_branch_island_simple_question	syntax	island_effects	What senator is a truck hurting?	What is a truck hurting senator?
left_branch_island_simple_question	syntax	island_effects	Which carriages might Alice break?	Which might Alice break carriages?
left_branch_island_simple_question	syntax	island_effects	Which newspaper articles can the student dislike?	Which can the student dislike newspaper articles?
left_branch_island_simple_question	syntax	island_effects	Which oasis has Diane dropped by?	Which has Diane dropped by oasis?
left_branch_island_simple_question	syntax	island_effects	Which senators has Deborah observed?	Which has Deborah observed senators?
left_branch_island_simple_question	syntax	island_effects	What doctors will Chad kiss?	What will Chad kiss doctors?
left_branch_island_simple_question	syntax	island_effects	Whose thesis was Donna appreciating?	Whose was Donna appreciating thesis?
left_branch_island_simple_question	syntax	island_effects	What unicycles would Galileo take?	What would Galileo take unicycles?
left_branch_island_simple_question	syntax	island_effects	What paralysis will Amy discover?	What will Amy discover paralysis?
left_branch_island_simple_question	syntax	island_effects	Which woman could Jesus heal?	Which could Jesus heal woman?
left_branch_island_simple_question	syntax	island_effects	What patient can this guest reference?	What can this guest reference patient?
left_branch_island_simple_question	syntax	island_effects	Which waiter could Amelia talk about?	Which could Amelia talk about waiter?
left_branch_island_simple_question	syntax	island_effects	Which library is Kristen thinking about?	Which is Kristen thinking about library?
left_branch_island_simple_question	syntax	island_effects	Which book could John bring?	Which could John bring book?
left_branch_island_simple_question	syntax	island_effects	What actress could Adam argue about?	What could Adam argue about actress?
left_branch_island_simple_question	syntax	island_effects	Which pedestrians had a lot of teachers forgotten?	Which had a lot of teachers forgotten pedestrians?
left_branch_island_simple_question	syntax	island_effects	Which horses does Marcus hide?	Which does Marcus hide horses?
left_branch_island_simple_question	syntax	island_effects	What adults do many drawings embarrass?	What do many drawings embarrass adults?
left_branch_island_simple_question	syntax	island_effects	Which guys has Colleen cared for?	Which has Colleen cared for guys?
matrix_question_npi_licensor_present	semantics	npi_licensing	Had Bruce ever played?	Bruce had ever played.
matrix_question_npi_licensor_present	semantics	npi_licensing	Had Patrick ever answered?	Patrick had ever answered.
matrix_question_npi_licensor_present	semantics	npi_licensing	Do some carts ever accelerate?	Some carts do ever accelerate.
matrix_question_npi_licensor_present	semantics	npi_licensing	Will Dawn ever know Jeffrey?	Dawn will ever know Jeffrey.
matrix_question_npi_licensor_present	semantics	npi_licensing	Should Monica ever grin?	Monica should ever grin.
matrix_question_npi_licensor_present	semantics	npi_licensing	Has Cindy ever anticipated most dancers to study?	Cindy has ever anticipated most dancers to study.
matrix_question_npi_licensor_present	semantics	npi_licensing	Had Denise ever doubted Galileo can't bother to train?	Denise had ever doubted Galileo can't bother to train.
matrix_question_npi_licensor_present	semantics	npi_licensing	Has Jane ever worried Tonya?	Jane has ever worried Tonya.
matrix_question_npi_licensor_present	semantics	npi_licensing	Would many customers ever bake?	Many customers would ever bake.
matrix_question_npi_licensor_present	semantics	npi_licensing	Should Mitchell ever know Eva?	Mitchell should ever know Eva.
matrix_question_npi_licensor_present	semantics	npi_licensing	Could many doctors ever clash?	Many doctors could ever clash.
matrix_question_npi_licensor_present	semantics	npi_licensing	Has Sandra ever planned to get a job?	Sandra has ever planned to get a job.
matrix_question_npi_licensor_present	semantics	npi_licensing	Will the horse ever come here?	The horse will ever come here.
matrix_question_npi_licensor_present	semantics	npi_licensing	Did children ever cope?	Children did ever cope.
matrix_question_npi_licensor_present	semantics	npi_licensing	Did Carolyn ever argue?	Carolyn did ever argue.
matrix_question_npi_licensor_present	semantics	npi_licensing	Did most dresses ever shrink?	Most dresses did ever shrink.
matrix_question_npi_licensor_present	semantics	npi_licensing	Might Sarah ever forget many teachers?	Sarah might ever forget many teachers.
matrix_question_npi_licensor_present	semantics	npi_licensing	Might Frank ever boast about Melanie?	Frank might ever boast about Melanie.
matrix_question_npi_licensor_present	semantics	npi_licensing	Had Dennis ever begged Joel to stretch?	Dennis had ever begged Joel to stretch.
matrix_question_npi_licensor_present	semantics	npi_licensing	Does Eric ever prompt Dawn to write?	Eric does ever prompt Dawn to write.
matrix_question_npi_licensor_present	semantics	npi_licensing	Would Ann ever drink?	Ann would ever drink.
matrix_question_npi_licensor_present	semantics	npi_licensing	Did Sharon ever waste away?	Sharon did ever waste away.
matrix_question_npi_licensor_present	semantics	npi_licensing	Would some screen ever disappear?	Some screen would ever disappear.
matrix_question_npi_licensor_present	semantics	npi_licensing	Does Gary ever believe Dennis to alarm Stephanie?	Gary does ever believe Dennis to alarm Stephanie.
matrix_question_npi_licensor_present	semantics	npi_licensing	Will that coat ever warp?	That coat will ever warp.
matrix_question_npi_licensor_present	semantics	npi_licensing	Had Suzanne ever sat down?	Suzanne had ever sat down.
matrix_question_npi_licensor_present	semantics	npi_licensing	Has Nina ever descended that mountain?	Nina has ever descended that mountain.
matrix_question_npi_licensor_present	semantics	npi_licensing	Did Jill ever die?	Jill did ever die.
matrix_question_npi_licensor_present	semantics	npi_licensing	Will Bradley ever mutter?	Bradley will ever mutter.
matrix_question_npi_licensor_present	semantics	npi_licensing	Have many children ever surrendered?	Many children have ever surrendered.
npi_present_1	semantics	npi_licensing	Even Suzanne has really joked around.	Even Suzanne has ever joked around.
npi_present_1	semantics	npi_licensing	Even many teenagers clearly boycott those legislatures.	Even many teenagers ever boycott those legislatures.
npi_present_1	semantics	npi_licensing	Even every cashier had clearly found out who hasn't sung.	Even every cashier had ever found out who hasn't sung.
npi_present_1	semantics	npi_licensing	Even Mark might often irritate the pedestrians.	Even Mark might ever irritate the pedestrians.
npi_present_1	semantics	npi_licensing	Even Tara had really baked.	Even Tara had ever baked.
npi_present_1	semantics	npi_licensing	Even these trucks have often slowed.	Even these trucks have ever slowed.
npi_present_1	semantics	npi_licensing	Even Deanna did also require Rodney to disappear.	Even Deanna did ever require Rodney to disappear.
npi_present_1	semantics	npi_licensing	Even Galileo really climbs down these hills.	Even Galileo ever climbs down these hills.
npi_present_1	semantics	npi_licensing	Even a lot of lamps often brighten.	Even a lot of lamps ever brighten.
npi_present_1	semantics	npi_licensing	Even Brad often convinces John's doctors to debate.	Even Brad ever convinces John's doctors to debate.
npi_present_1	semantics	npi_licensing	Even this carriage also maneuvers.	Even this carriage ever maneuvers.
npi_present_1	semantics	npi_licensing	Even a muffin can certainly blacken.	Even a muffin can ever blacken.
npi_present_1	semantics	npi_licensing	Even Wayne had also answered.	Even Wayne had ever answered.
npi_present_1	semantics	npi_licensing	Even that shawl often frays.	Even that shawl ever frays.
npi_present_1	semantics	npi_licensing	Even Susan could also clean this screen.	Even Susan could ever clean this screen.
npi_present_1	semantics	npi_licensing	Even many birds can really bore Kimberley.	Even many birds can ever bore Kimberley.
npi_present_1	semantics	npi_licensing	Even some universities had really communicated.	Even some universities had ever communicated.
npi_present_1	semantics	npi_licensing	Even Alexander should often blink.	Even Alexander should ever blink.
npi_present_1	semantics	npi_licensing	Even these legislatures certainly assembled.	Even these legislatures ever assembled.
npi_present_1	semantics	npi_licensing	Even these drivers do also assemble.	Even these drivers do ever assemble.
npi_present_1	semantics	npi_licensing	Even Patrick also flees from Sherry.	Even Patrick ever flees from Sherry.
npi_present_1	semantics	npi_licensing	Even a boy has also researched all restaurants.	Even a boy has ever researched all restaurants.
npi_present_1	semantics	npi_licensing	Even a hat certainly twisted.	Even a hat ever twisted.
npi_present_1	semantics	npi_licensing	Even Raymond certainly revealed who didn't doubt all teenagers complain.	Even Raymond ever revealed who didn't doubt all teenagers complain.
npi_present_1	semantics	npi_licensing	Even George would clearly wash.	Even George would ever wash.
npi_present_1	semantics	npi_licensing	Even Cynthia had often examined essays.	Even Cynthia had ever examined essays.
npi_present_1	semantics	npi_licensing	Even the Borgias really remember Marla.	Even the Borgias ever remember Marla.
npi_present_1	semantics	npi_licensing	Even the guys often embrace.	Even the guys ever embrace.
npi_present_1	semantics	npi_licensing	Even Danielle also leaves.	Even Danielle ever leaves.
npi_present_1	semantics	npi_licensing	Even a shirt certainly tightens.	Even a shirt ever tightens.
npi_present_2	semantics	npi_licensing	Tamara really exited those mountains.	Tamara ever exited those mountains.
npi_present_2	semantics	npi_licensing	Karen could certainly boycott this association.	Karen could ever boycott this association.
npi_present_2	semantics	npi_licensing	Every committee could often sell a river.	Every committee could ever sell a river.
npi_present_2	semantics	npi_licensing	Charles had often arrived at those restaurants.	Charles had ever arrived at those restaurants.
npi_present_2	semantics	npi_licensing	Many skateboards also roll.	Many skateboards ever roll.
npi_present_2	semantics	npi_licensing	Some river really vaporizes.	Some river ever vaporizes.
npi_present_2	semantics	npi_licensing	Guy has really listened to all customers.	Guy has ever listened to all customers.
npi_present_2	semantics	npi_licensing	Mark certainly struggles.	Mark ever struggles.
npi_present_2	semantics	npi_licensing	Ladies also answer.	Ladies ever answer.
npi_present_2	semantics	npi_licensing	A driver has clearly taken many snakes.	A driver has ever taken many snakes.
npi_present_2	semantics	npi_licensing	Homer certainly spins around.	Homer ever spins around.
npi_present_2	semantics	npi_licensing	That pepper might certainly go bad.	That pepper might ever go bad.
npi_present_2	semantics	npi_licensing	Some waiter clearly praised every documentary.	Some waiter ever praised every documentary.
npi_present_2	semantics	npi_licensing	Janice really broke the chairs.	Janice ever broke the chairs.
npi_present_2	semantics	npi_licensing	Andrew had certainly hugged Sonia.	Andrew had ever hugged Sonia.
npi_present_2	semantics	npi_licensing	This pedestrian also expects many screens to chip.	This pedestrian ever expects many screens to chip.
npi_present_2	semantics	npi_licensing	The people really escape from Carlos.	The people ever escape from Carlos.
npi_present_2	semantics	npi_licensing	The Borgias often write.	The Borgias ever write.
npi_present_2	semantics	npi_licensing	The lakes would certainly confuse the Lutherans.	The lakes would ever confuse the Lutherans.
npi_present_2	semantics	npi_licensing	Valerie has certainly vanished.	Valerie has ever vanished.
npi_present_2	semantics	npi_licensing	Some association also urged Richard to yell.	Some association ever urged Richard to yell.
npi_present_2	semantics	npi_licensing	Jane did certainly require the senator to heal Brad.	Jane did ever require the senator to heal Brad.
npi_present_2	semantics	npi_licensing	Noah has certainly forfeited.	Noah has ever forfeited.
npi_present_2	semantics	npi_licensing	These teenagers often eat.	These teenagers ever eat.
npi_present_2	semantics	npi_licensing	All horses had really confused most children.	All horses had ever confused most children.
npi_present_2	semantics	npi_licensing	A spotlight had clearly faded.	A spotlight had ever faded.
npi_present_2	semantics	npi_licensing	Most bananas should certainly grow.	Most bananas should ever grow.
npi_present_2	semantics	npi_licensing	Douglas could clearly conceal many lakes.	Douglas could ever conceal many lakes.
npi_present_2	semantics	npi_licensing	Julie has clearly discovered Tammy to fall asleep.	Julie has ever discovered Tammy to fall asleep.
npi_present_2	semantics	npi_licensing	Some senators clearly read.	Some senators ever read.
only_npi_licensor_present	semantics	npi_licensing	Only Bill would ever complain.	Even Bill would ever complain.
only_npi_licensor_present	semantics	npi_licensing	Only Lori had ever healed Carl.	Even Lori had ever healed Carl.
only_npi_licensor_present	semantics	npi_licensing	Only these pedestrians ever obligate Carl to aggravate Brad.	Even these pedestrians ever obligate Carl to aggravate Brad.
only_npi_licensor_present	semantics	npi_licensing	Only Alexander ever looked like this drawing.	Even Alexander ever looked like this drawing.
only_npi_licensor_present	semantics	npi_licensing	Only libraries ever sway Sally to salute.	Even libraries ever sway Sally to salute.
only_npi_licensor_present	semantics	npi_licensing	Only Meredith should ever wear the shawl.	Even Meredith should ever wear the shawl.
only_npi_licensor_present	semantics	npi_licensing	Only Grace ever reveals Janice.	Even Grace ever reveals Janice.
only_npi_licensor_present	semantics	npi_licensing	Only Aaron ever messes up some couches.	Even Aaron ever messes up some couches.
only_npi_licensor_present	semantics	npi_licensing	Only Elizabeth ever doubted Patricia has arrived at the hospital.	Even Elizabeth ever doubted Patricia has arrived at the hospital.
only_npi_licensor_present	semantics	npi_licensing	Only Chad ever preferred Robert to waste away.	Even Chad ever preferred Robert to waste away.
only_npi_licensor_present	semantics	npi_licensing	Only the boys ever managed to watch most teenagers.	Even the boys ever managed to watch most teenagers.
only_npi_licensor_present	semantics	npi_licensing	Only the sweaters ever twirl.	Even the sweaters ever twirl.
only_npi_licensor_present	semantics	npi_licensing	Only Susan ever tries to exercise.	Even Susan ever tries to exercise.
only_npi_licensor_present	semantics	npi_licensing	Only Melanie ever investigates who reunite.	Even Melanie ever investigates who reunite.
only_npi_licensor_present	semantics	npi_licensing	Only waiters ever cope.	Even waiters ever cope.
only_npi_licensor_present	semantics	npi_licensing	Only Kendra could ever protest.	Even Kendra could ever protest.
only_npi_licensor_present	semantics	npi_licensing	Only the Clintons ever disagreed.	Even the Clintons ever disagreed.
only_npi_licensor_present	semantics	npi_licensing	Only some dancers ever cure Debra.	Even some dancers ever cure Debra.
only_npi_licensor_present	semantics	npi_licensing	Only these actresses ever assembled.	Even these actresses ever assembled.
only_npi_licensor_present	semantics	npi_licensing	Only that unicycle ever crashed.	Even that unicycle ever crashed.
only_npi_licensor_present	semantics	npi_licensing	Only Connie does ever learn who isn't imagining those mushrooms were growing.	Even Connie does ever learn who isn't imagining those mushrooms were growing.
only_npi_licensor_present	semantics	npi_licensing	Only some cashiers had ever replied.	Even some cashiers had ever replied.
only_npi_licensor_present	semantics	npi_licensing	Only some children ever marry.	Even some children ever marry.
only_npi_licensor_present	semantics	npi_licensing	Only Kayla has ever pressed Kenneth to hate Rachel.	Even Kayla has ever pressed Kenneth to hate Rachel.
only_npi_licensor_present	semantics	npi_licensing	Only Wayne could ever talk.	Even Wayne could ever talk.
only_npi_licensor_present	semantics	npi_licensing	Only Rebecca would ever observe John.	Even Rebecca would ever observe John.
only_npi_licensor_present	semantics	npi_licensing	Only Emily ever found Liam.	Even Emily ever found Liam.
only_npi_licensor_present	semantics	npi_licensing	Only that pedestrian will ever fail to attack Mitchell.	Even that pedestrian will ever fail to attack Mitchell.
only_npi_licensor_present	semantics	npi_licensing	Only the Clintons ever work with every teenager.	Even the Clintons ever work with every teenager.
only_npi_licensor_present	semantics	npi_licensing	Only Patricia had ever painted.	Even Patricia had ever painted.
only_npi_scope	syntax_semantics	npi_licensing	Only the grandsons of the Impressionists who Colleen is appreciating ever encourage Phillip to stretch.	The grandsons of the Impressionists who only Colleen is appreciating ever encourage Phillip to stretch.
only_npi_scope	syntax_semantics	npi_licensing	Only that story about Monet that Mark would research does ever worry Richard.	That story about Monet that only Mark would research does ever worry Richard.
only_npi_scope	syntax_semantics	npi_licensing	Only a popsicle that Danielle admires ever freezes.	A popsicle that only Danielle admires ever freezes.
only_npi_scope	syntax_semantics	npi_licensing	Only Naomi's sisters that Martin had questioned ever seem to look like a light.	Naomi's sisters that only Martin had questioned ever seem to look like a light.
only_npi_scope	syntax_semantics	npi_licensing	Only those companies that these associations stun had ever enticed Benjamin's ex-husband to write.	Those companies that only these associations stun had ever enticed Benjamin's ex-husband to write.
only_npi_scope	syntax_semantics	npi_licensing	Only many people who George likes ever clashed.	Many people who only George likes ever clashed.
only_npi_scope	syntax_semantics	npi_licensing	Only Tammy's plumber who a pedestrian has respected ever knows some actors.	Tammy's plumber who only a pedestrian has respected ever knows some actors.
only_npi_scope	syntax_semantics	npi_licensing	Only Douglas's ex-husbands who all photographs looked like ever hurts Peter.	Douglas's ex-husbands who only all photographs looked like ever hurts Peter.
only_npi_scope	syntax_semantics	npi_licensing	Only those doctors who Karla respects ever conceal many snakes.	Those doctors who only Karla respects ever conceal many snakes.
only_npi_scope	syntax_semantics	npi_licensing	Only a cousin of Lucille that a lot of rivers have hurt ever learned who have married.	A cousin of Lucille that only a lot of rivers have hurt ever learned who have married.
only_npi_scope	syntax_semantics	npi_licensing	Only Katherine's podiatrist who Sheila discusses ever conceals Mary.	Katherine's podiatrist who only Sheila discusses ever conceals Mary.
only_npi_scope	syntax_semantics	npi_licensing	Only every government that Lawrence confused has ever respected Dana.	Every government that only Lawrence confused has ever respected Dana.
only_npi_scope	syntax_semantics	npi_licensing	Only cashiers' piano teachers that Judy does attack ever disturbed patients.	Cashiers' piano teachers that only Judy does attack ever disturbed patients.
only_npi_scope	syntax_semantics	npi_licensing	Only these shirts that paintings have looked like could ever soak.	These shirts that only paintings have looked like could ever soak.
only_npi_scope	syntax_semantics	npi_licensing	Only cashiers that broccoli was distracting had ever thought about a face.	Cashiers that only broccoli was distracting had ever thought about a face.
only_npi_scope	syntax_semantics	npi_licensing	Only many bicycles that the Impressionists break ever worried the patients.	Many bicycles that only the Impressionists break ever worried the patients.
only_npi_scope	syntax_semantics	npi_licensing	Only Kayla's contractors that these universities have listened to ever die.	Kayla's contractors that only these universities have listened to ever die.
only_npi_scope	syntax_semantics	npi_licensing	Only most grandsons of Wendy who many books disagree with did ever train.	Most grandsons of Wendy who only many books disagree with did ever train.
only_npi_scope	syntax_semantics	npi_licensing	Only every grandson of Adam who many paintings should look like ever climbed up hills.	Every grandson of Adam who only many paintings should look like ever climbed up hills.
only_npi_scope	syntax_semantics	npi_licensing	Only many plays that Craig had discovered ever bothered Monet.	Many plays that only Craig had discovered ever bothered Monet.
only_npi_scope	syntax_semantics	npi_licensing	Only John's teacher that Natalie examines might ever hide away.	John's teacher that only Natalie examines might ever hide away.
only_npi_scope	syntax_semantics	npi_licensing	Only these scarves that Brad has have ever loosened.	These scarves that only Brad has have ever loosened.
only_npi_scope	syntax_semantics	npi_licensing	Only this hat that those pictures looked like ever unfolds.	This hat that only those pictures looked like ever unfolds.
only_npi_scope	syntax_semantics	npi_licensing	Only Martha's student that the boy questioned ever descends most hills.	Martha's student that only the boy questioned ever descends most hills.
only_npi_scope	syntax_semantics	npi_licensing	Only some mirrors that Galileo discovers ever chip.	Some mirrors that only Galileo discovers ever chip.
only_npi_scope	syntax_semantics	npi_licensing	Only some waiters who every guy has approached ever tried to wake up.	Some waiters who only every guy has approached ever tried to wake up.
only_npi_scope	syntax_semantics	npi_licensing	Only most ladies' supervisor who Amy has kissed ever studies.	Most ladies' supervisor who only Amy has kissed ever studies.
only_npi_scope	syntax_semantics	npi_licensing	Only Kendra's French teacher who Brenda fired might ever admire Valerie.	Kendra's French teacher who only Brenda fired might ever admire Valerie.
only_npi_scope	syntax_semantics	npi_licensing	Only steak that Irene notices ever scorched.	Steak that only Irene notices ever scorched.
only_npi_scope	syntax_semantics	npi_licensing	Only this grandson of Sarah who all waitresses are investigating had ever discovered Walter to remember a lot of guys.	This grandson of Sarah who only all waitresses are investigating had ever discovered Walter to remember a lot of guys.
passive_1	syntax	argument_structure	Lucille's sisters are confused by Amy.	Lucille's sisters are communicated by Amy.
passive_1	syntax	argument_structure	A lot of hospitals were astounded by some actress.	A lot of hospitals were cooperated by some actress.
passive_1	syntax	argument_structure	Larry's oncologists aren't helped by Spain.	Larry's oncologists aren't struggled by Spain.
passive_1	syntax	argument_structure	Jeffrey's sons are insulted by Tina's supervisor.	Jeffrey's sons are smiled by Tina's supervisor.
passive_1	syntax	argument_structure	Tracy isn't fired by Jodi's daughter.	Tracy isn't muttered by Jodi's daughter.
passive_1	syntax	argument_structure	Eva's bosses weren't cared for by drivers.	Eva's bosses weren't interacted by drivers.
passive_1	syntax	argument_structure	Some guys are disgusted by Angela.	Some guys are corresponded by Angela.
passive_1	syntax	argument_structure	That guest's supervisor wasn't disliked by Wayne's partners.	That guest's supervisor wasn't screamed by Wayne's partners.
passive_1	syntax	argument_structure	Curtis was distracted by these high schools.	Curtis was argued by these high schools.
passive_1	syntax	argument_structure	David wasn't disgusted by these hospitals.	David wasn't shouted by these hospitals.
passive_1	syntax	argument_structure	The students weren't approached by Amy.	The students weren't shouted by Amy.
passive_1	syntax	argument_structure	The teenagers are irritated by that coat.	The teenagers are flirted by that coat.
passive_1	syntax	argument_structure	Girls' students were alarmed by Brenda.	Girls' students were chatted by Brenda.
passive_1	syntax	argument_structure	Thomas's oncologist isn't talked about by a student.	Thomas's oncologist isn't laughed by a student.
passive_1	syntax	argument_structure	Karen isn't remembered by Homer.	Karen isn't joked around by Homer.
passive_1	syntax	argument_structure	The Impressionists aren't concealed by all banks.	The Impressionists aren't competed by all banks.
passive_1	syntax	argument_structure	Nicole's daughters were scanned by Vincent's mother.	Nicole's daughters were communicated by Vincent's mother.
passive_1	syntax	argument_structure	Deanna isn't respected by Ellen's doctors.	Deanna isn't boasted by Ellen's doctors.
passive_1	syntax	argument_structure	Those customers' teachers are fired by Danielle.	Those customers' teachers are suffered by Danielle.
passive_1	syntax	argument_structure	That girl's wife isn't visited by some waiters.	That girl's wife isn't left by some waiters.
passive_1	syntax	argument_structure	These customers aren't referenced by Emily's colleagues.	These customers aren't chatted by Emily's colleagues.
passive_1	syntax	argument_structure	Kenneth wasn't discussed by Grace.	Kenneth wasn't answered by Grace.
passive_1	syntax	argument_structure	Richard is investigated by the cashiers.	Richard is laughed by the cashiers.
passive_1	syntax	argument_structure	Most students weren't appreciated by Jesus.	Most students weren't negotiated by Jesus.
passive_1	syntax	argument_structure	Janice is approached by Samantha.	Janice is left by Samantha.
passive_1	syntax	argument_structure	Homer's partners weren't seen by Jesus.	Homer's partners weren't corresponded by Jesus.
passive_1	syntax	argument_structure	All pedestrians' ex-husbands weren't respected by Patricia's father.	All pedestrians' ex-husbands weren't competed by Patricia's father.
passive_1	syntax	argument_structure	Ruth's daughter is cared for by Cheryl.	Ruth's daughter is blinked by Cheryl.
passive_1	syntax	argument_structure	These patients aren't visited by David.	These patients aren't profited by David.
passive_1	syntax	argument_structure	These cashiers aren't disgusted by Melissa's grandsons.	These cashiers aren't coped by Melissa's grandsons.
passive_2	syntax	argument_structure	A lot of nieces of some actor aren't scared.	A lot of nieces of some actor aren't wept.
passive_2	syntax	argument_structure	Mitchell's grandfathers are forgotten.	Mitchell's grandfathers are concurred.
passive_2	syntax	argument_structure	The Clintons were attacked.	The Clintons were replied.
passive_2	syntax	argument_structure	Most cashiers are disliked.	Most cashiers are flirted.
passive_2	syntax	argument_structure	A lot of libraries were distracted.	A lot of libraries were communicated.
passive_2	syntax	argument_structure	Kristen wasn't visited.	Kristen wasn't muttered.
passive_2	syntax	argument_structure	Stephen was disliked.	Stephen was laughed.
passive_2	syntax	argument_structure	Steve isn't disliked.	Steve isn't lied.
passive_2	syntax	argument_structure	The actresses weren't bored.	The actresses weren't retaliated.
passive_2	syntax	argument_structure	Mary wasn't known.	Mary wasn't cried.
passive_2	syntax	argument_structure	Many teachers aren't visited.	Many teachers aren't conspired.
passive_2	syntax	argument_structure	Leslie's piano teachers were hired.	Leslie's piano teachers were flirted.
passive_2	syntax	argument_structure	Most actors are described.	Most actors are corresponded.
passive_2	syntax	argument_structure	Some guy's granddaughter was investigated.	Some guy's granddaughter was screamed.
passive_2	syntax	argument_structure	Edward was hurt.	Edward was spoken up.
passive_2	syntax	argument_structure	All companies are bothered.	All companies are argued.
passive_2	syntax	argument_structure	Winston Churchill's French teachers aren't loved.	Winston Churchill's French teachers aren't clashed.
passive_2	syntax	argument_structure	Vincent's partners aren't astounded.	Vincent's partners aren't waved.
passive_2	syntax	argument_structure	Bill was disturbed.	Bill was left.
passive_2	syntax	argument_structure	Cindy was insulted.	Cindy was lied.
passive_2	syntax	argument_structure	Jodi's lawyers were praised.	Jodi's lawyers were struggled.
passive_2	syntax	argument_structure	Most adults' mentees aren't admired.	Most adults' mentees aren't gone fishing.
passive_2	syntax	argument_structure	Paul was kissed.	Paul was screamed.
passive_2	syntax	argument_structure	Many patients were impressed.	Many patients were chatted.
passive_2	syntax	argument_structure	Carl's daughter is fired.	Carl's daughter is shouted.
passive_2	syntax	argument_structure	The mother of Steve is annoyed.	The mother of Steve is sighed.
passive_2	syntax	argument_structure	Kristin's brothers are astounded.	Kristin's brothers are corresponded.
passive_2	syntax	argument_structure	Eric isn't described.	Eric isn't concurred.
passive_2	syntax	argument_structure	Many dancers weren't disagreed with.	Many dancers weren't worked hard.
passive_2	syntax	argument_structure	Homer's teachers weren't scanned.	Homer's teachers weren't clashed.
principle_A_c_command	syntax_semantics	binding	A lot of patients who can sell some couch didn't investigate themselves.	A lot of patients who can sell some couch didn't investigate itself.
principle_A_c_command	syntax_semantics	binding	A lot of actresses that thought about Alice healed themselves.	A lot of actresses that thought about Alice healed herself.
principle_A_c_command	syntax_semantics	binding	A guy that has seen the wheelbarrow notices himself.	A guy that has seen the wheelbarrow notices itself.
principle_A_c_command	syntax_semantics	binding	The children that were complaining about Gregory hated themselves.	The children that were complaining about Gregory hated himself.
principle_A_c_command	syntax_semantics	binding	Every boy that isn't selling the grocery stores isn't healing himself.	Every boy that isn't selling the grocery stores isn't healing themselves.
principle_A_c_command	syntax_semantics	binding	The hospitals that talk to Ann talked to themselves.	The hospitals that talk to Ann talked to herself.
principle_A_c_command	syntax_semantics	binding	Many skirts that stun some waitress are boring themselves.	Many skirts that stun some waitress are boring herself.
principle_A_c_command	syntax_semantics	binding	All men that might fire Tiffany have worked with themselves.	All men that might fire Tiffany have worked with herself.
principle_A_c_command	syntax_semantics	binding	That actress who admired the cup praises herself.	That actress who admired the cup praises itself.
principle_A_c_command	syntax_semantics	binding	This lady who is healing Charles wasn't hiding herself.	This lady who is healing Charles wasn't hiding himself.
principle_A_c_command	syntax_semantics	binding	Every woman that was hiring the Borgias argued about herself.	Every woman that was hiring the Borgias argued about themselves.
principle_A_c_command	syntax_semantics	binding	Every lady who does walk through a lot of movie theaters hadn't hugged herself.	Every lady who does walk through a lot of movie theaters hadn't hugged themselves.
principle_A_c_command	syntax_semantics	binding	These doctors who do leave Melissa fled from themselves.	These doctors who do leave Melissa fled from herself.
principle_A_c_command	syntax_semantics	binding	These ladies that hadn't forgotten Victoria fled from themselves.	These ladies that hadn't forgotten Victoria fled from herself.
principle_A_c_command	syntax_semantics	binding	The customers who embarrass Kevin are discussing themselves.	The customers who embarrass Kevin are discussing himself.
principle_A_c_command	syntax_semantics	binding	Some steak that scares Stacy doesn't shock itself.	Some steak that scares Stacy doesn't shock herself.
principle_A_c_command	syntax_semantics	binding	All ladies who were bothering Dan observed themselves.	All ladies who were bothering Dan observed himself.
principle_A_c_command	syntax_semantics	binding	The woman who hadn't taken a screen should respect herself.	The woman who hadn't taken a screen should respect itself.
principle_A_c_command	syntax_semantics	binding	Most women who were arriving at every hospital fired themselves.	Most women who were arriving at every hospital fired itself.
principle_A_c_command	syntax_semantics	binding	Some hill that could distract Barbara is alarming itself.	Some hill that could distract Barbara is alarming herself.
principle_A_c_command	syntax_semantics	binding	A lot of senators who climbed down the hill hired themselves.	A lot of senators who climbed down the hill hired itself.
principle_A_c_command	syntax_semantics	binding	The dancers who haven't shocked Candice aren't appreciating themselves.	The dancers who haven't shocked Candice aren't appreciating herself.
principle_A_c_command	syntax_semantics	binding	A legislature that wouldn't criticize Patrick hasn't helped itself.	A legislature that wouldn't criticize Patrick hasn't helped himself.
principle_A_c_command	syntax_semantics	binding	Most guests who were revealing Colleen weren't complaining about themselves.	Most guests who were revealing Colleen weren't complaining about herself.
principle_A_c_command	syntax_semantics	binding	A guy who hasn't annoyed Laura argued about himself.	A guy who hasn't annoyed Laura argued about herself.
principle_A_c_command	syntax_semantics	binding	That company that had known Sandra annoyed itself.	That company that had known Sandra annoyed herself.
principle_A_c_command	syntax_semantics	binding	Those senators who had a slope have cared for themselves.	Those senators who had a slope have cared for itself.
principle_A_c_command	syntax_semantics	binding	A cat that hasn't impressed Joseph couldn't distract itself.	A cat that hasn't impressed Joseph couldn't distract himself.
principle_A_c_command	syntax_semantics	binding	Some association that had forgotten Claire insults itself.	Some association that had forgotten Claire insults herself.
principle_A_c_command	syntax_semantics	binding	That plane that was scaring Wendy has disgusted itself.	That plane that was scaring Wendy has disgusted herself.
principle_A_case_1	syntax_semantics	binding	The teenagers explain that they aren't breaking all glasses.	The teenagers explain that themselves aren't breaking all glasses.
principle_A_case_1	syntax_semantics	binding	Carl can't imagine that he complained about Lisa.	Carl can't imagine that himself complained about Lisa.
principle_A_case_1	syntax_semantics	binding	Angela wasn't thinking that she likes Susan.	Angela wasn't thinking that herself likes Susan.
principle_A_case_1	syntax_semantics	binding	Tara thinks that she sounded like Wayne.	Tara thinks that herself sounded like Wayne.
principle_A_case_1	syntax_semantics	binding	Those waiters explain that they did climb down mountains.	Those waiters explain that themselves did climb down mountains.
principle_A_case_1	syntax_semantics	binding	Tina wasn't saying that she descends most ladders.	Tina wasn't saying that herself descends most ladders.
principle_A_case_1	syntax_semantics	binding	Cindy explained that she has concealed all cashiers.	Cindy explained that herself has concealed all cashiers.
principle_A_case_1	syntax_semantics	binding	Bethany has imagined that she has fired Margaret.	Bethany has imagined that herself has fired Margaret.
principle_A_case_1	syntax_semantics	binding	Pamela thinks that she isn't returning to Stephanie.	Pamela thinks that herself isn't returning to Stephanie.
principle_A_case_1	syntax_semantics	binding	A lot of doctors say that they had skated around that college campus.	A lot of doctors say that themselves had skated around that college campus.
principle_A_case_1	syntax_semantics	binding	Many women explain that they fix the cart.	Many women explain that themselves fix the cart.
principle_A_case_1	syntax_semantics	binding	Donna has imagined that she is breaking the bicycle.	Donna has imagined that herself is breaking the bicycle.
principle_A_case_1	syntax_semantics	binding	Alan was explaining that he criticizes Holly.	Alan was explaining that himself criticizes Holly.
principle_A_case_1	syntax_semantics	binding	Michelle thinks that she was discussing Natalie.	Michelle thinks that herself was discussing Natalie.
principle_A_case_1	syntax_semantics	binding	Janet explains that she will hurt Leslie.	Janet explains that herself will hurt Leslie.
principle_A_case_1	syntax_semantics	binding	Some patients say that they distracted Caroline.	Some patients say that themselves distracted Caroline.
principle_A_case_1	syntax_semantics	binding	Many ladies think that they aren't astounding Todd.	Many ladies think that themselves aren't astounding Todd.
principle_A_case_1	syntax_semantics	binding	The Impressionists say that they were criticizing Heidi.	The Impressionists say that themselves were criticizing Heidi.
principle_A_case_1	syntax_semantics	binding	Larry thinks that he is researching some universities.	Larry thinks that himself is researching some universities.
principle_A_case_1	syntax_semantics	binding	Cynthia had thought that she can't bother Kendra.	Cynthia had thought that herself can't bother Kendra.
principle_A_case_1	syntax_semantics	binding	Homer imagined that he is disgusting Rachel.	Homer imagined that himself is disgusting Rachel.
principle_A_case_1	syntax_semantics	binding	Clyde explains that he cleans a lot of cups.	Clyde explains that himself cleans a lot of cups.
principle_A_case_1	syntax_semantics	binding	Peter said that he was bothering every actor.	Peter said that himself was bothering every actor.
principle_A_case_1	syntax_semantics	binding	Sally couldn't imagine that she wasn't criticizing Robert.	Sally couldn't imagine that herself wasn't criticizing Robert.
principle_A_case_1	syntax_semantics	binding	Sheila isn't saying that she isn't noticing Caroline.	Sheila isn't saying that herself isn't noticing Caroline.
principle_A_case_1	syntax_semantics	binding	Every guy imagined that he annoyed Ruth.	Every guy imagined that himself annoyed Ruth.
principle_A_case_1	syntax_semantics	binding	Barbara thinks that she isn't boring every adult.	Barbara thinks that herself isn't boring every adult.
principle_A_case_1	syntax_semantics	binding	Gerald thinks that he scans an essay.	Gerald thinks that himself scans an essay.
principle_A_case_1	syntax_semantics	binding	Some boys have explained that they respected Rachel.	Some boys have explained that themselves respected Rachel.
principle_A_case_1	syntax_semantics	binding	A woman wasn't explaining that she did complain about Alexander.	A woman wasn't explaining that herself did complain about Alexander.
principle_A_case_2	syntax/semantics	binding	Eric imagines himself taking every rug.	Eric imagines himself took every rug.
principle_A_case_2	syntax/semantics	binding	Stacy imagines herself praising this actress.	Stacy imagines herself praises this actress.
principle_A_case_2	syntax/semantics	binding	All pedestrians think about themselves exploring museums.	All pedestrians think about themselves explored museums.
principle_A_case_2	syntax/semantics	binding	Cheryl is forgetting about herself thinking about Beverly.	Cheryl is forgetting about herself thought about Beverly.
principle_A_case_2	syntax/semantics	binding	Some guests imagine themselves exploring a library.	Some guests imagine themselves explored a library.
principle_A_case_2	syntax/semantics	binding	Tonya is thinking about herself listening to Andrew.	Tonya is thinking about herself listened to Andrew.
principle_A_case_2	syntax/semantics	binding	Christina hasn't thought about herself noticing Sheila.	Christina hasn't thought about herself notices Sheila.
principle_A_case_2	syntax/semantics	binding	Ann wouldn't forget about herself passing banks.	Ann wouldn't forget about herself passed banks.
principle_A_case_2	syntax/semantics	binding	These patients think about themselves concealing that girl.	These patients think about themselves concealed that girl.
principle_A_case_2	syntax/semantics	binding	That association is forgetting about itself impressing Renee.	That association is forgetting about itself impresses Renee.
principle_A_case_2	syntax/semantics	binding	Some teachers imagine themselves bringing many carriages.	Some teachers imagine themselves brought many carriages.
principle_A_case_2	syntax/semantics	binding	Stacy won't imagine herself biking to all malls.	Stacy won't imagine herself biked to all malls.
principle_A_case_2	syntax/semantics	binding	Most men forget about themselves climbing down the ladder.	Most men forget about themselves climb down the ladder.
principle_A_case_2	syntax/semantics	binding	Paula hasn't forgotten about herself complaining about Deborah.	Paula hasn't forgotten about herself complained about Deborah.
principle_A_case_2	syntax/semantics	binding	Steven doesn't think about himself listening to Theresa.	Steven doesn't think about himself listened to Theresa.
principle_A_case_2	syntax/semantics	binding	The schools think about themselves irritating Paula.	The schools think about themselves irritated Paula.
principle_A_case_2	syntax/semantics	binding	Gregory had forgotten about himself talking to Elaine.	Gregory had forgotten about himself talked to Elaine.
principle_A_case_2	syntax/semantics	binding	Kevin wasn't forgetting about himself breaking a lot of unicycles.	Kevin wasn't forgetting about himself breaks a lot of unicycles.
principle_A_case_2	syntax/semantics	binding	Scott would imagine himself dropping by some schools.	Scott would imagine himself dropped by some schools.
principle_A_case_2	syntax/semantics	binding	Guests think about themselves praising Todd.	Guests think about themselves praise Todd.
principle_A_case_2	syntax/semantics	binding	Jane imagines herself exiting a school.	Jane imagines herself exits a school.
principle_A_case_2	syntax/semantics	binding	Brett had imagined himself listening to Jeffrey.	Brett had imagined himself listened to Jeffrey.
principle_A_case_2	syntax/semantics	binding	Organizations think about themselves talking to Nancy.	Organizations think about themselves talked to Nancy.
principle_A_case_2	syntax/semantics	binding	Theodore wasn't imagining himself observing the customers.	Theodore wasn't imagining himself observes the customers.
principle_A_case_2	syntax/semantics	binding	Dawn will think about herself curing George.	Dawn will think about herself cured George.
principle_A_case_2	syntax/semantics	binding	Bethany was forgetting about herself questioning Rachelle.	Bethany was forgetting about herself questioned Rachelle.
principle_A_case_2	syntax/semantics	binding	Dancers hadn't forgotten about themselves appreciating a public park.	Dancers hadn't forgotten about themselves appreciated a public park.
principle_A_case_2	syntax/semantics	binding	The men forget about themselves taking all hats.	The men forget about themselves took all hats.
principle_A_case_2	syntax/semantics	binding	Steven thinks about himself thinking about this college campus.	Steven thinks about himself thought about this college campus.
principle_A_case_2	syntax/semantics	binding	Becca is forgetting about herself biking to that high school.	Becca is forgetting about herself biked to that high school.
principle_A_domain_1	syntax_semantics	binding	Carla had explained that Samuel has discussed her.	Carla had explained that Samuel has discussed herself.
principle_A_domain_1	syntax_semantics	binding	Alice hadn't said that some people weren't escaping from her.	Alice hadn't said that some people weren't escaping from herself.
principle_A_domain_1	syntax_semantics	binding	Carl imagines that Maria does leave him.	Carl imagines that Maria does leave himself.
principle_A_domain_1	syntax_semantics	binding	Those waiters think that Robert flees from them.	Those waiters think that Robert flees from themselves.
principle_A_domain_1	syntax_semantics	binding	Florence did think that Walter stunned her.	Florence did think that Walter stunned herself.
principle_A_domain_1	syntax_semantics	binding	Carlos said that Lori helped him.	Carlos said that Lori helped himself.
principle_A_domain_1	syntax_semantics	binding	All people think that Tamara investigated them.	All people think that Tamara investigated themselves.
principle_A_domain_1	syntax_semantics	binding	A lot of people imagined that Sabrina had aggravated them.	A lot of people imagined that Sabrina had aggravated themselves.
principle_A_domain_1	syntax_semantics	binding	Emily is thinking that Samuel will love her.	Emily is thinking that Samuel will love herself.
principle_A_domain_1	syntax_semantics	binding	A lot of children say that Allison hadn't approached them.	A lot of children say that Allison hadn't approached themselves.
principle_A_domain_1	syntax_semantics	binding	Paul wasn't thinking that Marie had distracted him.	Paul wasn't thinking that Marie had distracted himself.
principle_A_domain_1	syntax_semantics	binding	A lot of actors imagined that Kenneth loves them.	A lot of actors imagined that Kenneth loves themselves.
principle_A_domain_1	syntax_semantics	binding	A waitress hasn't thought that many drivers talked about her.	A waitress hasn't thought that many drivers talked about herself.
principle_A_domain_1	syntax_semantics	binding	Joseph isn't imagining that Veronica could remember him.	Joseph isn't imagining that Veronica could remember himself.
principle_A_domain_1	syntax_semantics	binding	Kathleen thinks that Carlos was irritating her.	Kathleen thinks that Carlos was irritating herself.
principle_A_domain_1	syntax_semantics	binding	Brian thought that Rebecca was criticizing him.	Brian thought that Rebecca was criticizing himself.
principle_A_domain_1	syntax_semantics	binding	Anne hadn't explained that most girls haven't hugged her.	Anne hadn't explained that most girls haven't hugged herself.
principle_A_domain_1	syntax_semantics	binding	Gerald said that Jane was thinking about him.	Gerald said that Jane was thinking about himself.
principle_A_domain_1	syntax_semantics	binding	Many actresses explain that Anne isn't hurting them.	Many actresses explain that Anne isn't hurting themselves.
principle_A_domain_1	syntax_semantics	binding	Lori hadn't thought that some girls have known her.	Lori hadn't thought that some girls have known herself.
principle_A_domain_1	syntax_semantics	binding	Ronald was saying that those waitresses argued about him.	Ronald was saying that those waitresses argued about himself.
principle_A_domain_1	syntax_semantics	binding	A lot of pedestrians say that David criticizes them.	A lot of pedestrians say that David criticizes themselves.
principle_A_domain_1	syntax_semantics	binding	Candice explains that Brad had concealed her.	Candice explains that Brad had concealed herself.
principle_A_domain_1	syntax_semantics	binding	Edward had said that Carolyn respected him.	Edward had said that Carolyn respected himself.
principle_A_domain_1	syntax_semantics	binding	A lot of guys shouldn't imagine that the pie won't stun them.	A lot of guys shouldn't imagine that the pie won't stun themselves.
principle_A_domain_1	syntax_semantics	binding	Sonia does think that many waiters should approach her.	Sonia does think that many waiters should approach herself.
principle_A_domain_1	syntax_semantics	binding	Kimberley was explaining that most girls hated her.	Kimberley was explaining that most girls hated herself.
principle_A_domain_1	syntax_semantics	binding	Michael said that Sarah has complained about him.	Michael said that Sarah has complained about himself.
principle_A_domain_1	syntax_semantics	binding	Carrie hasn't explained that Samuel disliked her.	Carrie hasn't explained that Samuel disliked herself.
principle_A_domain_1	syntax_semantics	binding	Patrick did think that Rachelle embarrassed him.	Patrick did think that Rachelle embarrassed himself.
principle_A_domain_2	syntax_semantics	binding	Donald can imagine those college campuses are boring themselves.	Donald can imagine those college campuses are boring himself.
principle_A_domain_2	syntax_semantics	binding	Gerald was explaining Patricia was revealing herself.	Gerald was explaining Patricia was revealing himself.
principle_A_domain_2	syntax_semantics	binding	Mark imagines Erin might admire herself.	Mark imagines Erin might admire himself.
principle_A_domain_2	syntax_semantics	binding	Gary imagined most reports upset themselves.	Gary imagined most reports upset himself.
principle_A_domain_2	syntax_semantics	binding	A lot of doctors hadn't imagined Denise notices herself.	A lot of doctors hadn't imagined Denise notices themselves.
principle_A_domain_2	syntax_semantics	binding	Edward didn't think some teachers weren't discussing themselves.	Edward didn't think some teachers weren't discussing himself.
principle_A_domain_2	syntax_semantics	binding	The Borgias explain Scott had talked to himself.	The Borgias explain Scott had talked to themselves.
principle_A_domain_2	syntax_semantics	binding	Valerie doesn't think Russell sounds like himself.	Valerie doesn't think Russell sounds like herself.
principle_A_domain_2	syntax_semantics	binding	Craig hasn't thought Jessica praised herself.	Craig hasn't thought Jessica praised himself.
principle_A_domain_2	syntax_semantics	binding	Holly would say some slope didn't irritate itself.	Holly would say some slope didn't irritate herself.
principle_A_domain_2	syntax_semantics	binding	Sally wouldn't explain Rodney confused himself.	Sally wouldn't explain Rodney confused herself.
principle_A_domain_2	syntax_semantics	binding	The dancer said Jeffrey doesn't find himself.	The dancer said Jeffrey doesn't find herself.
principle_A_domain_2	syntax_semantics	binding	Beverly had said Homer was concealing himself.	Beverly had said Homer was concealing herself.
principle_A_domain_2	syntax_semantics	binding	The Impressionists think that window distracted itself.	The Impressionists think that window distracted themselves.
principle_A_domain_2	syntax_semantics	binding	Those waitresses say Curtis hadn't alarmed himself.	Those waitresses say Curtis hadn't alarmed themselves.
principle_A_domain_2	syntax_semantics	binding	Guy does explain Judy argued about herself.	Guy does explain Judy argued about himself.
principle_A_domain_2	syntax_semantics	binding	James says Kayla helped herself.	James says Kayla helped himself.
principle_A_domain_2	syntax_semantics	binding	Joel can't explain some girl can't visit herself.	Joel can't explain some girl can't visit himself.
principle_A_domain_2	syntax_semantics	binding	Victoria thinks Harvard University isn't firing itself.	Victoria thinks Harvard University isn't firing herself.
principle_A_domain_2	syntax_semantics	binding	Alice has said Craig did upset himself.	Alice has said Craig did upset herself.
principle_A_domain_2	syntax_semantics	binding	Allison has imagined Christopher had concealed himself.	Allison has imagined Christopher had concealed herself.
principle_A_domain_2	syntax_semantics	binding	Jerry said the rabbit had annoyed itself.	Jerry said the rabbit had annoyed himself.
principle_A_domain_2	syntax_semantics	binding	Rodney is saying Renee hadn't fled from herself.	Rodney is saying Renee hadn't fled from himself.
principle_A_domain_2	syntax_semantics	binding	Many patients aren't saying Roger kisses himself.	Many patients aren't saying Roger kisses themselves.
principle_A_domain_2	syntax_semantics	binding	Rachel explains Matt thinks about himself.	Rachel explains Matt thinks about herself.
principle_A_domain_2	syntax_semantics	binding	The children weren't imagining Anna knows herself.	The children weren't imagining Anna knows themselves.
principle_A_domain_2	syntax_semantics	binding	Vincent would say many patients can research themselves.	Vincent would say many patients can research himself.
principle_A_domain_2	syntax_semantics	binding	Karla was saying the Impressionists were leaving themselves.	Karla was saying the Impressionists were leaving herself.
principle_A_domain_2	syntax_semantics	binding	Diana wasn't explaining Lawrence wasn't curing himself.	Diana wasn't explaining Lawrence wasn't curing herself.
principle_A_domain_2	syntax_semantics	binding	Beth isn't imagining Dennis won't listen to himself.	Beth isn't imagining Dennis won't listen to herself.
principle_A_domain_3	syntax_semantics	binding	Steven explains Kayla won't hurt herself.	Kayla explains Steven won't hurt herself.
principle_A_domain_3	syntax_semantics	binding	Gina explains Alan fires himself.	Alan explains Gina fires himself.
principle_A_domain_3	syntax_semantics	binding	Paul did think Alice hugs herself.	Alice did think Paul hugs herself.
principle_A_domain_3	syntax_semantics	binding	Beverly imagines Carla's ex-boyfriend hates himself.	Carla's ex-boyfriend imagines Beverly hates himself.
principle_A_domain_3	syntax_semantics	binding	Randolf imagines Kayla sounds like herself.	Kayla imagines Randolf sounds like herself.
principle_A_domain_3	syntax_semantics	binding	Tonya explains Kevin would boast about himself.	Kevin explains Tonya would boast about himself.
principle_A_domain_3	syntax_semantics	binding	Adam can explain Katherine will describe herself.	Katherine can explain Adam will describe herself.
principle_A_domain_3	syntax_semantics	binding	Nancy could say every guy hides himself.	Every guy could say Nancy hides himself.
principle_A_domain_3	syntax_semantics	binding	Claire says Lawrence attacks himself.	Lawrence says Claire attacks himself.
principle_A_domain_3	syntax_semantics	binding	Donna explains Gerald could boast about himself.	Gerald explains Donna could boast about himself.
principle_A_domain_3	syntax_semantics	binding	Rachel did explain Steve couldn't praise himself.	Steve did explain Rachel couldn't praise himself.
principle_A_domain_3	syntax_semantics	binding	Jeffrey would imagine Caroline watches herself.	Caroline would imagine Jeffrey watches herself.
principle_A_domain_3	syntax_semantics	binding	Martha should think Wayne conceals himself.	Wayne should think Martha conceals himself.
principle_A_domain_3	syntax_semantics	binding	Maria imagines Bill praises himself.	Bill imagines Maria praises himself.
principle_A_domain_3	syntax_semantics	binding	Jill could explain Ronald will hide himself.	Ronald could explain Jill will hide himself.
principle_A_domain_3	syntax_semantics	binding	Teresa imagines Liam didn't distract himself.	Liam imagines Teresa didn't distract himself.
principle_A_domain_3	syntax_semantics	binding	Andrew's father couldn't imagine Melanie could conceal herself.	Melanie couldn't imagine Andrew's father could conceal herself.
principle_A_domain_3	syntax_semantics	binding	Carl explains Carmen might approach herself.	Carmen explains Carl might approach herself.
principle_A_domain_3	syntax_semantics	binding	Amelia should explain George kisses himself.	George should explain Amelia kisses himself.
principle_A_domain_3	syntax_semantics	binding	Susan says Eric helps himself.	Eric says Susan helps himself.
principle_A_domain_3	syntax_semantics	binding	Diane explains Laurie's boyfriend should remember himself.	Laurie's boyfriend explains Diane should remember himself.
principle_A_domain_3	syntax_semantics	binding	Tanya thinks Sandra's boyfriend talks about himself.	Sandra's boyfriend thinks Tanya talks about himself.
principle_A_domain_3	syntax_semantics	binding	Stacey doesn't explain that man doesn't help himself.	That man doesn't explain Stacey doesn't help himself.
principle_A_domain_3	syntax_semantics	binding	Tammy imagines Randolf doesn't alarm himself.	Randolf imagines Tammy doesn't alarm himself.
principle_A_domain_3	syntax_semantics	binding	Kayla couldn't say Winston Churchill's son loves himself.	Winston Churchill's son couldn't say Kayla loves himself.
principle_A_domain_3	syntax_semantics	binding	Brenda can't imagine Adam did leave himself.	Adam can't imagine Brenda did leave himself.
principle_A_domain_3	syntax_semantics	binding	Elaine thinks Aaron cares for himself.	Aaron thinks Elaine cares for himself.
principle_A_domain_3	syntax_semantics	binding	Guy thinks Tanya wouldn't sound like herself.	Tanya thinks Guy wouldn't sound like herself.
principle_A_domain_3	syntax_semantics	binding	Laurie imagines Andrew can't conceal himself.	Andrew imagines Laurie can't conceal himself.
principle_A_domain_3	syntax_semantics	binding	Bradley could say Dana will like herself.	Dana could say Bradley will like herself.
principle_A_reconstruction	syntax_semantics	binding	It's himself that this cashier attacked.	It's himself that attacked this cashier.
principle_A_reconstruction	syntax_semantics	binding	It's herself that Andrea attacked.	It's herself that attacked Andrea.
principle_A_reconstruction	syntax_semantics	binding	It's herself that Sharon talked about.	It's herself that talked about Sharon.
principle_A_reconstruction	syntax_semantics	binding	It's himself that Todd described.	It's himself that described Todd.
principle_A_reconstruction	syntax_semantics	binding	It's themselves that some spotlights astounded.	It's themselves that astounded some spotlights.
principle_A_reconstruction	syntax_semantics	binding	It's herself who Karen criticized.	It's herself who criticized Karen.
principle_A_reconstruction	syntax_semantics	binding	It's itself that some ice isn't stunning.	It's itself that isn't stunning some ice.
principle_A_reconstruction	syntax_semantics	binding	It's himself who Robert discusses.	It's himself who discusses Robert.
principle_A_reconstruction	syntax_semantics	binding	It's herself who Judy wasn't firing.	It's herself who wasn't firing Judy.
principle_A_reconstruction	syntax_semantics	binding	It's herself that Carmen won't stun.	It's herself that won't stun Carmen.
principle_A_reconstruction	syntax_semantics	binding	It's herself who Gina did work with.	It's herself who did work with Gina.
principle_A_reconstruction	syntax_semantics	binding	It's itself that that pork would stun.	It's itself that would stun that pork.
principle_A_reconstruction	syntax_semantics	binding	It's itself that this committee has referenced.	It's itself that has referenced this committee.
principle_A_reconstruction	syntax_semantics	binding	It's herself that Allison couldn't insult.	It's herself that couldn't insult Allison.
principle_A_reconstruction	syntax_semantics	binding	It's themselves that many college campuses haven't disgusted.	It's themselves that haven't disgusted many college campuses.
principle_A_reconstruction	syntax_semantics	binding	It's himself that Guy likes.	It's himself that likes Guy.
principle_A_reconstruction	syntax_semantics	binding	It's himself who Bill astounded.	It's himself who astounded Bill.
principle_A_reconstruction	syntax_semantics	binding	It's herself that Rose had talked to.	It's herself that had talked to Rose.
principle_A_reconstruction	syntax_semantics	binding	It's himself who Robert attacked.	It's himself who attacked Robert.
principle_A_reconstruction	syntax_semantics	binding	It's herself who Jodi stunned.	It's herself who stunned Jodi.
principle_A_reconstruction	syntax_semantics	binding	It's themselves that all dishes weren't distracting.	It's themselves that weren't distracting all dishes.
principle_A_reconstruction	syntax_semantics	binding	It's themselves that some legislatures can't astound.	It's themselves that can't astound some legislatures.
principle_A_reconstruction	syntax_semantics	binding	It's itself that the cake isn't alarming.	It's itself that isn't alarming the cake.
principle_A_reconstruction	syntax_semantics	binding	It's herself who Tamara can talk about.	It's herself who can talk about Tamara.
principle_A_reconstruction	syntax_semantics	binding	It's herself who Andrea had argued about.	It's herself who had argued about Andrea.
principle_A_reconstruction	syntax_semantics	binding	It's herself that Linda wasn't describing.	It's herself that wasn't describing Linda.
principle_A_reconstruction	syntax_semantics	binding	It's himself who Russell didn't hide.	It's himself who didn't hide Russell.
principle_A_reconstruction	syntax_semantics	binding	It's themselves who the Lutherans hadn't disagreed with.	It's themselves who hadn't disagreed with the Lutherans.
principle_A_reconstruction	syntax_semantics	binding	It's himself who Gerald isn't hurting.	It's himself who isn't hurting Gerald.
principle_A_reconstruction	syntax_semantics	binding	It's himself who Steve visits.	It's himself who visits Steve.
regular_plural_subject_verb_agreement_1	morphology	subject_verb_agreement	Paula references Robert.	Paula reference Robert.
regular_plural_subject_verb_agreement_1	morphology	subject_verb_agreement	Most legislatures haven't disliked children.	Most legislatures hasn't disliked children.
regular_plural_subject_verb_agreement_1	morphology	subject_verb_agreement	Some organizations aren't disturbing Vanessa.	Some organizations isn't disturbing Vanessa.
regular_plural_subject_verb_agreement_1	morphology	subject_verb_agreement	The cups alarm Angela.	The cups alarms Angela.
regular_plural_subject_verb_agreement_1	morphology	subject_verb_agreement	Tina isn't ascending that mountain.	Tina weren't ascending that mountain.
regular_plural_subject_verb_agreement_1	morphology	subject_verb_agreement	The Borgias see Veronica.	The Borgias sees Veronica.
regular_plural_subject_verb_agreement_1	morphology	subject_verb_agreement	Jeffrey hasn't criticized Donald.	Jeffrey haven't criticized Donald.
regular_plural_subject_verb_agreement_1	morphology	subject_verb_agreement	Michelle is impressing Deanna.	Michelle were impressing Deanna.
regular_plural_subject_verb_agreement_1	morphology	subject_verb_agreement	Meredith researches this mountain.	Meredith research this mountain.
regular_plural_subject_verb_agreement_1	morphology	subject_verb_agreement	Walter was bringing the bank.	Walter were bringing the bank.
regular_plural_subject_verb_agreement_1	morphology	subject_verb_agreement	Randolf hasn't fled from Kayla.	Randolf haven't fled from Kayla.
regular_plural_subject_verb_agreement_1	morphology	subject_verb_agreement	Winston Churchill wasn't embarrassing Keith.	Winston Churchill weren't embarrassing Keith.
regular_plural_subject_verb_agreement_1	morphology	subject_verb_agreement	All mirrors disgust Suzanne.	All mirrors disgusts Suzanne.
regular_plural_subject_verb_agreement_1	morphology	subject_verb_agreement	A spotlight worries Jason.	A spotlight worry Jason.
regular_plural_subject_verb_agreement_1	morphology	subject_verb_agreement	Carl hasn't irritated Brett.	Carl haven't irritated Brett.
regular_plural_subject_verb_agreement_1	morphology	subject_verb_agreement	Bethany wasn't escaping from those men.	Bethany aren't escaping from those men.
regular_plural_subject_verb_agreement_1	morphology	subject_verb_agreement	Walter tours some closets.	Walter tour some closets.
regular_plural_subject_verb_agreement_1	morphology	subject_verb_agreement	Some eggplant has impressed those guys.	Some eggplant have impressed those guys.
regular_plural_subject_verb_agreement_1	morphology	subject_verb_agreement	Katherine has helped some teachers.	Katherine have helped some teachers.
regular_plural_subject_verb_agreement_1	morphology	subject_verb_agreement	These dancers break every bicycle.	These dancers breaks every bicycle.
regular_plural_subject_verb_agreement_1	morphology	subject_verb_agreement	Those rugs aggravate every woman.	Those rugs aggravates every woman.
regular_plural_subject_verb_agreement_1	morphology	subject_verb_agreement	Most glasses scare Martin.	Most glasses scares Martin.
regular_plural_subject_verb_agreement_1	morphology	subject_verb_agreement	A lot of dancers research a hospital.	A lot of dancers researches a hospital.
regular_plural_subject_verb_agreement_1	morphology	subject_verb_agreement	Margaret returns to Margaret.	Margaret return to Margaret.
regular_plural_subject_verb_agreement_1	morphology	subject_verb_agreement	These casseroles disgust Kayla.	These casseroles disgusts Kayla.
regular_plural_subject_verb_agreement_1	morphology	subject_verb_agreement	Some legislature forgets Janice.	Some legislature forget Janice.
regular_plural_subject_verb_agreement_1	morphology	subject_verb_agreement	A lot of computers impress Bradley.	A lot of computers impresses Bradley.
regular_plural_subject_verb_agreement_1	morphology	subject_verb_agreement	Those dogs resemble some sketches.	Those dogs resembles some sketches.
regular_plural_subject_verb_agreement_1	morphology	subject_verb_agreement	Lissa has explored these closets.	Lissa have explored these closets.
regular_plural_subject_verb_agreement_1	morphology	subject_verb_agreement	Erin hasn't taken some hill.	Erin haven't taken some hill.
regular_plural_subject_verb_agreement_2	morphology	subject_verb_agreement	The students perform.	The student perform.
regular_plural_subject_verb_agreement_2	morphology	subject_verb_agreement	The associations talk about Stacey.	The association talk about Stacey.
regular_plural_subject_verb_agreement_2	morphology	subject_verb_agreement	The glove tightens.	The gloves tightens.
regular_plural_subject_verb_agreement_2	morphology	subject_verb_agreement	The actresses compromise.	The actress compromise.
regular_plural_subject_verb_agreement_2	morphology	subject_verb_agreement	The customer is suffering.	The customers is suffering.
regular_plural_subject_verb_agreement_2	morphology	subject_verb_agreement	The cashiers marry.	The cashier marry.
regular_plural_subject_verb_agreement_2	morphology	subject_verb_agreement	The hospital appreciates Claire.	The hospitals appreciates Claire.
regular_plural_subject_verb_agreement_2	morphology	subject_verb_agreement	The dress crumples.	The dresses crumples.
regular_plural_subject_verb_agreement_2	morphology	subject_verb_agreement	The customers haven't whispered.	The customer haven't whispered.
regular_plural_subject_verb_agreement_2	morphology	subject_verb_agreement	The adult talks.	The adults talks.
regular_plural_subject_verb_agreement_2	morphology	subject_verb_agreement	The universities aren't working hard.	The university aren't working hard.
regular_plural_subject_verb_agreement_2	morphology	subject_verb_agreement	The adult has concealed all stories.	The adults has concealed all stories.
regular_plural_subject_verb_agreement_2	morphology	subject_verb_agreement	The universities appreciate all teenagers.	The university appreciate all teenagers.
regular_plural_subject_verb_agreement_2	morphology	subject_verb_agreement	The teachers weren't murmuring.	The teacher weren't murmuring.
regular_plural_subject_verb_agreement_2	morphology	subject_verb_agreement	The couch has tipped over.	The couchs has tipped over.
regular_plural_subject_verb_agreement_2	morphology	subject_verb_agreement	The boy conceals every cup.	The boys conceals every cup.
regular_plural_subject_verb_agreement_2	morphology	subject_verb_agreement	The organization wasn't corresponding.	The organizations wasn't corresponding.
regular_plural_subject_verb_agreement_2	morphology	subject_verb_agreement	The libraries weren't hurting Ellen.	The library weren't hurting Ellen.
regular_plural_subject_verb_agreement_2	morphology	subject_verb_agreement	The organizations know Larry.	The organization know Larry.
regular_plural_subject_verb_agreement_2	morphology	subject_verb_agreement	The pedestrian heals the dogs.	The pedestrians heals the dogs.
regular_plural_subject_verb_agreement_2	morphology	subject_verb_agreement	The actress responds.	The actresses responds.
regular_plural_subject_verb_agreement_2	morphology	subject_verb_agreement	The skirt is disturbing Debra.	The skirts is disturbing Debra.
regular_plural_subject_verb_agreement_2	morphology	subject_verb_agreement	The cashiers haven't testified.	The cashier haven't testified.
regular_plural_subject_verb_agreement_2	morphology	subject_verb_agreement	The legislature has loved a lot of stories.	The legislatures has loved a lot of stories.
regular_plural_subject_verb_agreement_2	morphology	subject_verb_agreement	The chair has embarrassed most drivers.	The chairs has embarrassed most drivers.
regular_plural_subject_verb_agreement_2	morphology	subject_verb_agreement	The patients haven't debated.	The patient haven't debated.
regular_plural_subject_verb_agreement_2	morphology	subject_verb_agreement	The adults have talked to Angela.	The adult have talked to Angela.
regular_plural_subject_verb_agreement_2	morphology	subject_verb_agreement	The pedestrians haven't ascended that mountain.	The pedestrian haven't ascended that mountain.
regular_plural_subject_verb_agreement_2	morphology	subject_verb_agreement	The senator knows Elaine.	The senators knows Elaine.
regular_plural_subject_verb_agreement_2	morphology	subject_verb_agreement	The children smile.	The child smile.
sentential_negation_npi_licensor_present	semantics	npi_licensing	Teresa had not ever sold a movie theater.	Teresa had probably ever sold a movie theater.
sentential_negation_npi_licensor_present	semantics	npi_licensing	Allison has not ever taken that ice cream.	Allison has fortunately ever taken that ice cream.
sentential_negation_npi_licensor_present	semantics	npi_licensing	Teresa would not ever ascertain Carmen to remember Jessica.	Teresa would fortunately ever ascertain Carmen to remember Jessica.
sentential_negation_npi_licensor_present	semantics	npi_licensing	Sharon might not ever argue.	Sharon might probably ever argue.
sentential_negation_npi_licensor_present	semantics	npi_licensing	Those banks had not ever lied.	Those banks had really ever lied.
sentential_negation_npi_licensor_present	semantics	npi_licensing	All children do not ever struggle.	All children do really ever struggle.
sentential_negation_npi_licensor_present	semantics	npi_licensing	Theresa can not ever shock the Impressionists.	Theresa can fortunately ever shock the Impressionists.
sentential_negation_npi_licensor_present	semantics	npi_licensing	Theodore can not ever beg Sandra to stretch.	Theodore can really ever beg Sandra to stretch.
sentential_negation_npi_licensor_present	semantics	npi_licensing	Valerie does not ever manage to like some coats.	Valerie does probably ever manage to like some coats.
sentential_negation_npi_licensor_present	semantics	npi_licensing	Barbara has not ever boycotted that river.	Barbara has really ever boycotted that river.
sentential_negation_npi_licensor_present	semantics	npi_licensing	Sherry had not ever remembered who wasn't arriving at some closets.	Sherry had really ever remembered who wasn't arriving at some closets.
sentential_negation_npi_licensor_present	semantics	npi_licensing	Those children can not ever exercise.	Those children can fortunately ever exercise.
sentential_negation_npi_licensor_present	semantics	npi_licensing	Angela did not ever heal Becca.	Angela did probably ever heal Becca.
sentential_negation_npi_licensor_present	semantics	npi_licensing	Julia had not ever forced Kirsten to get a job.	Julia had really ever forced Kirsten to get a job.
sentential_negation_npi_licensor_present	semantics	npi_licensing	Anna does not ever hunt.	Anna does fortunately ever hunt.
sentential_negation_npi_licensor_present	semantics	npi_licensing	Maria might not ever reference Sara.	Maria might fortunately ever reference Sara.
sentential_negation_npi_licensor_present	semantics	npi_licensing	Ice has not ever vaporized.	Ice has probably ever vaporized.
sentential_negation_npi_licensor_present	semantics	npi_licensing	Theresa will not ever concur.	Theresa will really ever concur.
sentential_negation_npi_licensor_present	semantics	npi_licensing	Donna had not ever tempted Sheila's boss to explore those schools.	Donna had probably ever tempted Sheila's boss to explore those schools.
sentential_negation_npi_licensor_present	semantics	npi_licensing	Edward did not ever attempt to appear.	Edward did probably ever attempt to appear.
sentential_negation_npi_licensor_present	semantics	npi_licensing	Jerry has not ever cleaned this report.	Jerry has really ever cleaned this report.
sentential_negation_npi_licensor_present	semantics	npi_licensing	The senator has not ever discovered who sounded like Eva.	The senator has fortunately ever discovered who sounded like Eva.
sentential_negation_npi_licensor_present	semantics	npi_licensing	Anna had not ever escaped from Laurie.	Anna had probably ever escaped from Laurie.
sentential_negation_npi_licensor_present	semantics	npi_licensing	Some customers had not ever talked.	Some customers had really ever talked.
sentential_negation_npi_licensor_present	semantics	npi_licensing	Robert has not ever threatened to appear.	Robert has really ever threatened to appear.
sentential_negation_npi_licensor_present	semantics	npi_licensing	Paul has not ever bothered to descend most mountains.	Paul has really ever bothered to descend most mountains.
sentential_negation_npi_licensor_present	semantics	npi_licensing	Some driver can not ever discover what was dimming.	Some driver can fortunately ever discover what was dimming.
sentential_negation_npi_licensor_present	semantics	npi_licensing	The Lutherans did not ever weep.	The Lutherans did fortunately ever weep.
sentential_negation_npi_licensor_present	semantics	npi_licensing	Homer has not ever disturbed those doctors.	Homer has really ever disturbed those doctors.
sentential_negation_npi_licensor_present	semantics	npi_licensing	Nicole will not ever flee from that library.	Nicole will really ever flee from that library.
sentential_negation_npi_scope	syntax_semantics	npi_licensing	The associations that had worried Cynthia have not ever planned to shock every actress.	The associations that had not worried Cynthia have ever planned to shock every actress.
sentential_negation_npi_scope	syntax_semantics	npi_licensing	Every son of Jerry who has insulted Jerry can not ever die.	Every son of Jerry who has not insulted Jerry can ever die.
sentential_negation_npi_scope	syntax_semantics	npi_licensing	Most pedestrians' tutors that have hired Alice can not ever kiss.	Most pedestrians' tutors that have not hired Alice can ever kiss.
sentential_negation_npi_scope	syntax_semantics	npi_licensing	The doctor that has referenced Diane might not ever move.	The doctor that has not referenced Diane might ever move.
sentential_negation_npi_scope	syntax_semantics	npi_licensing	Some glasses that did disturb Craig could not ever flatten.	Some glasses that did not disturb Craig could ever flatten.
sentential_negation_npi_scope	syntax_semantics	npi_licensing	Every skirt that has disgusted Beverly had not ever unfolded.	Every skirt that has not disgusted Beverly had ever unfolded.
sentential_negation_npi_scope	syntax_semantics	npi_licensing	Every plane that was aggravating this waiter could not ever accelerate.	Every plane that was not aggravating this waiter could ever accelerate.
sentential_negation_npi_scope	syntax_semantics	npi_licensing	Those turtles that are boring April could not ever break those couches.	Those turtles that are not boring April could ever break those couches.
sentential_negation_npi_scope	syntax_semantics	npi_licensing	Every coat that did scare Nina has not ever wrinkled.	Every coat that did not scare Nina has ever wrinkled.
sentential_negation_npi_scope	syntax_semantics	npi_licensing	A lot of men who should hate Sharon can not ever struggle.	A lot of men who should not hate Sharon can ever struggle.
sentential_negation_npi_scope	syntax_semantics	npi_licensing	Renee's piano teachers that had referenced Cindy could not ever refuse to perform.	Renee's piano teachers that had not referenced Cindy could ever refuse to perform.
sentential_negation_npi_scope	syntax_semantics	npi_licensing	Tonya's sons who were observing Stephanie can not ever talk about Carla.	Tonya's sons who were not observing Stephanie can ever talk about Carla.
sentential_negation_npi_scope	syntax_semantics	npi_licensing	Many candles that might astound Naomi did not ever fade.	Many candles that might not astound Naomi did ever fade.
sentential_negation_npi_scope	syntax_semantics	npi_licensing	Jeffrey's son that has climbed down the mountain has not ever argued.	Jeffrey's son that has not climbed down the mountain has ever argued.
sentential_negation_npi_scope	syntax_semantics	npi_licensing	William's senators that should complain about Jodi might not ever stretch.	William's senators that should not complain about Jodi might ever stretch.
sentential_negation_npi_scope	syntax_semantics	npi_licensing	These pedestrians that are dropping by all glaciers had not ever coughed.	These pedestrians that are not dropping by all glaciers had ever coughed.
sentential_negation_npi_scope	syntax_semantics	npi_licensing	Tammy's bosses who have alarmed these people had not ever spun around.	Tammy's bosses who have not alarmed these people had ever spun around.
sentential_negation_npi_scope	syntax_semantics	npi_licensing	That daughter of Sarah that was annoying Dana has not ever needed to walk through Harvard University.	That daughter of Sarah that was not annoying Dana has ever needed to walk through Harvard University.
sentential_negation_npi_scope	syntax_semantics	npi_licensing	The brothers of Gary that had helped Ella could not ever declare every scarf to wrinkle.	The brothers of Gary that had not helped Ella could ever declare every scarf to wrinkle.
sentential_negation_npi_scope	syntax_semantics	npi_licensing	Beth's cousins who have cared for Scott do not ever turn out to reference Katherine.	Beth's cousins who have not cared for Scott do ever turn out to reference Katherine.
sentential_negation_npi_scope	syntax_semantics	npi_licensing	Many grandfathers of Heather that had remembered Jessica have not ever neglected to disagree with Stacy.	Many grandfathers of Heather that had not remembered Jessica have ever neglected to disagree with Stacy.
sentential_negation_npi_scope	syntax_semantics	npi_licensing	Holly's dentists that are bringing some shoes could not ever find out who discovers what is crumpling.	Holly's dentists that are not bringing some shoes could ever find out who discovers what is crumpling.
sentential_negation_npi_scope	syntax_semantics	npi_licensing	Bethany's handymen who have resembled every photograph should not ever prompt Rachelle to break many skateboards.	Bethany's handymen who have not resembled every photograph should ever prompt Rachelle to break many skateboards.
sentential_negation_npi_scope	syntax_semantics	npi_licensing	A lot of brothers of Anne that have loved Alan had not ever thought many organizations have discovered Heather to come here.	A lot of brothers of Anne that have not loved Alan had ever thought many organizations have discovered Heather to come here.
sentential_negation_npi_scope	syntax_semantics	npi_licensing	Keith's husband that has fired a lot of customers had not ever listened to Derek.	Keith's husband that has not fired a lot of customers had ever listened to Derek.
sentential_negation_npi_scope	syntax_semantics	npi_licensing	Sons of Anna who are messing up a college campus might not ever laugh.	Sons of Anna who are not messing up a college campus might ever laugh.
sentential_negation_npi_scope	syntax_semantics	npi_licensing	Most people that were driving to most high schools will not ever think about who messed up some mall.	Most people that were not driving to most high schools will ever think about who messed up some mall.
sentential_negation_npi_scope	syntax_semantics	npi_licensing	Kirsten's bosses who can shock Amanda did not ever investigate who isn't telephoning.	Kirsten's bosses who can not shock Amanda did ever investigate who isn't telephoning.
sentential_negation_npi_scope	syntax_semantics	npi_licensing	Dan's best friend that had disagreed with Sally has not ever gotten fired.	Dan's best friend that had not disagreed with Sally has ever gotten fired.
sentential_negation_npi_scope	syntax_semantics	npi_licensing	Some grandmothers of Danielle who did love Chad do not ever communicate.	Some grandmothers of Danielle who did not love Chad do ever communicate.
sentential_subject_island	syntax	island_effects	Who had the patients' cleaning those banks upset.	Who had the patients' cleaning upset those banks.
sentential_subject_island	syntax	island_effects	Who has the waitress's observing Christine bothered.	Who has the waitress's observing bothered Christine.
sentential_subject_island	syntax	island_effects	Who have a lot of adults' scanning this play disagreed with.	Who have a lot of adults' scanning disagreed with this play.
sentential_subject_island	syntax	island_effects	Who have many women's touring Spain embarrassed.	Who have many women's touring embarrassed Spain.
sentential_subject_island	syntax	island_effects	Who should pedestrians' curing Deanna scare.	Who should pedestrians' curing scare Deanna.
sentential_subject_island	syntax	island_effects	Who are a lot of guys' kissing Heather aggravating.	Who are a lot of guys' kissing aggravating Heather.
sentential_subject_island	syntax	island_effects	Who should a woman's selling the bank distract.	Who should a woman's selling distract the bank.
sentential_subject_island	syntax	island_effects	Who will a lot of waiters' attacking Claire irritate.	Who will a lot of waiters' attacking irritate Claire.
sentential_subject_island	syntax	island_effects	Who have these girls' complaining about Phillip aggravated.	Who have these girls' complaining about aggravated Phillip.
sentential_subject_island	syntax	island_effects	Who had most girls' kissing a lady annoyed.	Who had most girls' kissing annoyed a lady.
sentential_subject_island	syntax	island_effects	Who would those carriages' shocking Sara worry.	Who would those carriages' shocking worry Sara.
sentential_subject_island	syntax	island_effects	Who should all shoes' boring Judy impress.	Who should all shoes' boring impress Judy.
sentential_subject_island	syntax	island_effects	Who have all senators' admiring William distracted.	Who have all senators' admiring distracted William.
sentential_subject_island	syntax	island_effects	Who should many guests' thinking about Leslie scare.	Who should many guests' thinking about scare Leslie.
sentential_subject_island	syntax	island_effects	Who had every museum's boasting about Dana impressed.	Who had every museum's boasting about impressed Dana.
sentential_subject_island	syntax	island_effects	Who have governments' selling the hospital confused.	Who have governments' selling confused the hospital.
sentential_subject_island	syntax	island_effects	Who were a lot of students' embarrassing Becky disgusting.	Who were a lot of students' embarrassing disgusting Becky.
sentential_subject_island	syntax	island_effects	Who will all ladders' irritating most boys embarrass.	Who will all ladders' irritating embarrass most boys.
sentential_subject_island	syntax	island_effects	Who had all ladies' running around Harvard University astounded.	Who had all ladies' running around astounded Harvard University.
sentential_subject_island	syntax	island_effects	Who are many mushrooms' distracting those girls alarming.	Who are many mushrooms' distracting alarming those girls.
sentential_subject_island	syntax	island_effects	Who have the people's walking through Harvard University embarrassed.	Who have the people's walking through embarrassed Harvard University.
sentential_subject_island	syntax	island_effects	Who were these guests' escaping from Tanya shocking.	Who were these guests' escaping from shocking Tanya.
sentential_subject_island	syntax	island_effects	Who had all rabbits' finding Carrie annoyed.	Who had all rabbits' finding annoyed Carrie.
sentential_subject_island	syntax	island_effects	Who have children' investigating Joel alarmed.	Who have children' investigating alarmed Joel.
sentential_subject_island	syntax	island_effects	Who did the man's healing Melinda hurt.	Who did the man's healing hurt Melinda.
sentential_subject_island	syntax	island_effects	Who did students' leaving Jennifer astound.	Who did students' leaving astound Jennifer.
sentential_subject_island	syntax	island_effects	Who would the waiters' questioning Joel upset.	Who would the waiters' questioning upset Joel.
sentential_subject_island	syntax	island_effects	Who is some waitress's researching some universities disturbing.	Who is some waitress's researching disturbing some universities.
sentential_subject_island	syntax	island_effects	Who has a girl's lifting that report sounded like.	Who has a girl's lifting sounded like that report.
sentential_subject_island	syntax	island_effects	Who had some lady's passing this school worried.	Who had some lady's passing worried this school.
superlative_quantifiers_1	semantics	quantifiers	No girl attacked fewer than two waiters.	No girl attacked at most two waiters.
superlative_quantifiers_1	semantics	quantifiers	No person would bring fewer than three gates.	No person would bring at most three gates.
superlative_quantifiers_1	semantics	quantifiers	No actor had driven to fewer than four malls.	No actor had driven to at most four malls.
superlative_quantifiers_1	semantics	quantifiers	No pedestrian is observing more than seven waiters.	No pedestrian is observing at least seven waiters.
superlative_quantifiers_1	semantics	quantifiers	No boy could reference fewer than nine drivers.	No boy could reference at most nine drivers.
superlative_quantifiers_1	semantics	quantifiers	No actor has sounded like more than nine mountains.	No actor has sounded like at least nine mountains.
superlative_quantifiers_1	semantics	quantifiers	No sock annoyed more than seven companies.	No sock annoyed at least seven companies.
superlative_quantifiers_1	semantics	quantifiers	No man has revealed more than five forks.	No man has revealed at least five forks.
superlative_quantifiers_1	semantics	quantifiers	No customer would resemble more than eight pictures.	No customer would resemble at least eight pictures.
superlative_quantifiers_1	semantics	quantifiers	No waiter had referenced more than ten teenagers.	No waiter had referenced at least ten teenagers.
superlative_quantifiers_1	semantics	quantifiers	No adult skated around more than seven lakes.	No adult skated around at least seven lakes.
superlative_quantifiers_1	semantics	quantifiers	No woman exited fewer than five public parks.	No woman exited at most five public parks.
superlative_quantifiers_1	semantics	quantifiers	No hamster had climbed down more than five hills.	No hamster had climbed down at least five hills.
superlative_quantifiers_1	semantics	quantifiers	No university might confuse fewer than four men.	No university might confuse at most four men.
superlative_quantifiers_1	semantics	quantifiers	No lady brought more than two high schools.	No lady brought at least two high schools.
superlative_quantifiers_1	semantics	quantifiers	No apple distracted fewer than five hospitals.	No apple distracted at most five hospitals.
superlative_quantifiers_1	semantics	quantifiers	No actor complained about more than two actresses.	No actor complained about at least two actresses.
superlative_quantifiers_1	semantics	quantifiers	No college campus astounded more than five libraries.	No college campus astounded at least five libraries.
superlative_quantifiers_1	semantics	quantifiers	No cafe is disgusting more than seven associations.	No cafe is disgusting at least seven associations.
superlative_quantifiers_1	semantics	quantifiers	No guest was touring fewer than nine schools.	No guest was touring at most nine schools.
superlative_quantifiers_1	semantics	quantifiers	No actor remembers fewer than seven documentaries.	No actor remembers at most seven documentaries.
superlative_quantifiers_1	semantics	quantifiers	No wheelbarrow does hurt more than nine dancers.	No wheelbarrow does hurt at least nine dancers.
superlative_quantifiers_1	semantics	quantifiers	No driver was researching more than three associations.	No driver was researching at least three associations.
superlative_quantifiers_1	semantics	quantifiers	No adult is passing fewer than five schools.	No adult is passing at most five schools.
superlative_quantifiers_1	semantics	quantifiers	No actor could approach fewer than ten waiters.	No actor could approach at most ten waiters.
superlative_quantifiers_1	semantics	quantifiers	No actress was skated around fewer than seven rivers.	No actress was skated around at most seven rivers.
superlative_quantifiers_1	semantics	quantifiers	No guest visits more than nine cashiers.	No guest visits at least nine cashiers.
superlative_quantifiers_1	semantics	quantifiers	No eggplant has worried fewer than seven boys.	No eggplant has worried at most seven boys.
superlative_quantifiers_1	semantics	quantifiers	No man had discussed fewer than nine high schools.	No man had discussed at most nine high schools.
superlative_quantifiers_1	semantics	quantifiers	No cart has aggravated fewer than two actresses.	No cart has aggravated at most two actresses.
superlative_quantifiers_2	semantics	quantifiers	The teenager does tour at most nine restaurants.	No teenager does tour at most nine restaurants.
superlative_quantifiers_2	semantics	quantifiers	That car looks like at least seven prints.	No car looks like at least seven prints.
superlative_quantifiers_2	semantics	quantifiers	The doctor brought at most eight gates.	No doctor brought at most eight gates.
superlative_quantifiers_2	semantics	quantifiers	An actor arrived at at most six lakes.	No actor arrived at at most six lakes.
superlative_quantifiers_2	semantics	quantifiers	Every senator notices at most four windows.	No senator notices at most four windows.
superlative_quantifiers_2	semantics	quantifiers	The hospital had fired at most four people.	No hospital had fired at most four people.
superlative_quantifiers_2	semantics	quantifiers	Each customer has watched at least six teenagers.	No customer has watched at least six teenagers.
superlative_quantifiers_2	semantics	quantifiers	Every girl climbed up at most ten hills.	No girl climbed up at most ten hills.
superlative_quantifiers_2	semantics	quantifiers	Each actor has revealed at most four shawls.	No actor has revealed at most four shawls.
superlative_quantifiers_2	semantics	quantifiers	A banana has disgusted at least ten women.	No banana has disgusted at least ten women.
superlative_quantifiers_2	semantics	quantifiers	Each dancer would return to at least seven schools.	No dancer would return to at least seven schools.
superlative_quantifiers_2	semantics	quantifiers	The waiter noticed at most six mountains.	No waiter noticed at most six mountains.
superlative_quantifiers_2	semantics	quantifiers	This man is talking to at most three pedestrians.	No man is talking to at most three pedestrians.
superlative_quantifiers_2	semantics	quantifiers	That person can lift at most nine turtles.	No person can lift at most nine turtles.
superlative_quantifiers_2	semantics	quantifiers	The customer could kiss at most three girls.	No customer could kiss at most three girls.
superlative_quantifiers_2	semantics	quantifiers	Every university bought at most ten scarves.	No university bought at most ten scarves.
superlative_quantifiers_2	semantics	quantifiers	Every person has exited at most four libraries.	No person has exited at most four libraries.
superlative_quantifiers_2	semantics	quantifiers	Some car had resembled at least seven pictures.	No car had resembled at least seven pictures.
superlative_quantifiers_2	semantics	quantifiers	This actress was driving to at least nine malls.	No actress was driving to at least nine malls.
superlative_quantifiers_2	semantics	quantifiers	Every man walked through at least nine hospitals.	No man walked through at least nine hospitals.
superlative_quantifiers_2	semantics	quantifiers	Every driver can fire at least eight dancers.	No driver can fire at least eight dancers.
superlative_quantifiers_2	semantics	quantifiers	Every patient had embarrassed at least two ladies.	No patient had embarrassed at least two ladies.
superlative_quantifiers_2	semantics	quantifiers	Each guest is looking like at least seven drawings.	No guest is looking like at least seven drawings.
superlative_quantifiers_2	semantics	quantifiers	An adult could sound like at most seven waitresses.	No adult could sound like at most seven waitresses.
superlative_quantifiers_2	semantics	quantifiers	Some patient will break at least five cups.	No patient will break at least five cups.
superlative_quantifiers_2	semantics	quantifiers	That guest passes at most five high schools.	No guest passes at most five high schools.
superlative_quantifiers_2	semantics	quantifiers	That rabbit should irritate at most four actresses.	No rabbit should irritate at most four actresses.
superlative_quantifiers_2	semantics	quantifiers	A painting might astound at least five waiters.	No painting might astound at least five waiters.
superlative_quantifiers_2	semantics	quantifiers	Each horse finds at least four men.	No horse finds at least four men.
superlative_quantifiers_2	semantics	quantifiers	Every driver has helped at least two teachers.	No driver has helped at least two teachers.
tough_vs_raising_1	syntax_semantics	control_raising	James is pleasant to flee from.	James is apt to flee from.
tough_vs_raising_1	syntax_semantics	control_raising	Samuel's lawyer was easy to reference.	Samuel's lawyer was certain to reference.
tough_vs_raising_1	syntax_semantics	control_raising	Benjamin's tutor was easy to boast about.	Benjamin's tutor was certain to boast about.
tough_vs_raising_1	syntax_semantics	control_raising	Laura isn't interesting to cure.	Laura isn't soon to cure.
tough_vs_raising_1	syntax_semantics	control_raising	Some jacket wasn't ready to wear.	Some jacket wasn't bound to wear.
tough_vs_raising_1	syntax_semantics	control_raising	Many drivers aren't difficult to reference.	Many drivers aren't likely to reference.
tough_vs_raising_1	syntax_semantics	control_raising	Julia wasn't fun to talk to.	Julia wasn't unlikely to talk to.
tough_vs_raising_1	syntax_semantics	control_raising	Valerie's colleagues aren't pleasant to respect.	Valerie's colleagues aren't likely to respect.
tough_vs_raising_1	syntax_semantics	control_raising	Veronica isn't boring to conceal.	Veronica isn't unlikely to conceal.
tough_vs_raising_1	syntax_semantics	control_raising	Stacey wasn't interesting to listen to.	Stacey wasn't soon to listen to.
tough_vs_raising_1	syntax_semantics	control_raising	Those glasses aren't hard work to wear.	Those glasses aren't soon to wear.
tough_vs_raising_1	syntax_semantics	control_raising	Linda was interesting to reference.	Linda was soon to reference.
tough_vs_raising_1	syntax_semantics	control_raising	This waitress is exciting to conceal.	This waitress is unlikely to conceal.
tough_vs_raising_1	syntax_semantics	control_raising	Some drivers are tough to listen to.	Some drivers are apt to listen to.
tough_vs_raising_1	syntax_semantics	control_raising	Omar wasn't interesting to reference.	Omar wasn't soon to reference.
tough_vs_raising_1	syntax_semantics	control_raising	Every dress isn't unpleasant to wear.	Every dress isn't likely to wear.
tough_vs_raising_1	syntax_semantics	control_raising	Raymond wasn't hard to argue about.	Raymond wasn't soon to argue about.
tough_vs_raising_1	syntax_semantics	control_raising	Robert wasn't pleasant to respect.	Robert wasn't soon to respect.
tough_vs_raising_1	syntax_semantics	control_raising	Clyde's partners are annoying to respect.	Clyde's partners are apt to respect.
tough_vs_raising_1	syntax_semantics	control_raising	These bikes aren't unpleasant to conceal.	These bikes aren't apt to conceal.
tough_vs_raising_1	syntax_semantics	control_raising	Colleen's girlfriend is irritating to cure.	Colleen's girlfriend is about to cure.
tough_vs_raising_1	syntax_semantics	control_raising	Kayla wasn't pleasant to cure.	Kayla wasn't bound to cure.
tough_vs_raising_1	syntax_semantics	control_raising	The restaurant was easy to drive to.	The restaurant was about to drive to.
tough_vs_raising_1	syntax_semantics	control_raising	A school was ready to go to.	A school was apt to go to.
tough_vs_raising_1	syntax_semantics	control_raising	Leslie was tough to escape from.	Leslie was unlikely to escape from.
tough_vs_raising_1	syntax_semantics	control_raising	Some glaciers are unpleasant to return to.	Some glaciers are likely to return to.
tough_vs_raising_1	syntax_semantics	control_raising	Sonia isn't exciting to care for.	Sonia isn't bound to care for.
tough_vs_raising_1	syntax_semantics	control_raising	Kevin isn't irritating to work with.	Kevin isn't bound to work with.
tough_vs_raising_1	syntax_semantics	control_raising	A restaurant was enjoyable to arrive at.	A restaurant was unlikely to arrive at.
tough_vs_raising_1	syntax_semantics	control_raising	Some blouse wasn't irritating to wear.	Some blouse wasn't about to wear.
tough_vs_raising_2	syntax_semantics	control_raising	Every hospital isn't about to tempt Tiffany to reference Matt.	Every hospital isn't fun to tempt Tiffany to reference Matt.
tough_vs_raising_2	syntax_semantics	control_raising	Rachel was apt to talk to Alicia.	Rachel was exciting to talk to Alicia.
tough_vs_raising_2	syntax_semantics	control_raising	This doctor's cousins aren't soon to question Kirsten.	This doctor's cousins aren't interesting to question Kirsten.
tough_vs_raising_2	syntax_semantics	control_raising	Sheila is certain to find Stephen to describe this customer.	Sheila is difficult to find Stephen to describe this customer.
tough_vs_raising_2	syntax_semantics	control_raising	Liam's French teachers were sure to want to aggravate many people.	Liam's French teachers were irritating to want to aggravate many people.
tough_vs_raising_2	syntax_semantics	control_raising	Thomas isn't sure to hug Margaret.	Thomas isn't annoying to hug Margaret.
tough_vs_raising_2	syntax_semantics	control_raising	Carrie is bound to explore some public park.	Carrie is pleasant to explore some public park.
tough_vs_raising_2	syntax_semantics	control_raising	Timothy is about to respect most guys.	Timothy is annoying to respect most guys.
tough_vs_raising_2	syntax_semantics	control_raising	Derek's guest is likely to like to forfeit.	Derek's guest is difficult to like to forfeit.
tough_vs_raising_2	syntax_semantics	control_raising	Melinda's guests aren't about to yearn to sit down.	Melinda's guests aren't unpleasant to yearn to sit down.
tough_vs_raising_2	syntax_semantics	control_raising	Mark wasn't certain to climb down the ladder.	Mark wasn't fun to climb down the ladder.
tough_vs_raising_2	syntax_semantics	control_raising	Jesus's tutor wasn't soon to remember Dawn.	Jesus's tutor wasn't tough to remember Dawn.
tough_vs_raising_2	syntax_semantics	control_raising	Those organizations were certain to respond.	Those organizations were tough to respond.
tough_vs_raising_2	syntax_semantics	control_raising	Bradley isn't soon to encourage Stephanie to scream.	Bradley isn't hard work to encourage Stephanie to scream.
tough_vs_raising_2	syntax_semantics	control_raising	Tina wasn't sure to conceal what are profiting.	Tina wasn't exciting to conceal what are profiting.
tough_vs_raising_2	syntax_semantics	control_raising	The legislature wasn't unlikely to continue to hug a lot of boys.	The legislature wasn't hard to continue to hug a lot of boys.
tough_vs_raising_2	syntax_semantics	control_raising	Bruce was sure to remember Gerald.	Bruce was annoying to remember Gerald.
tough_vs_raising_2	syntax_semantics	control_raising	Brad's employees aren't likely to retaliate.	Brad's employees aren't irritating to retaliate.
tough_vs_raising_2	syntax_semantics	control_raising	Jennifer isn't apt to walk through a cafe.	Jennifer isn't difficult to walk through a cafe.
tough_vs_raising_2	syntax_semantics	control_raising	Andrea was soon to ascertain Winston Churchill to explore a lot of movie theaters.	Andrea was interesting to ascertain Winston Churchill to explore a lot of movie theaters.
tough_vs_raising_2	syntax_semantics	control_raising	Cheryl's daughter isn't sure to find out who work hard.	Cheryl's daughter isn't irritating to find out who work hard.
tough_vs_raising_2	syntax_semantics	control_raising	Douglas's cousin isn't sure to entreat Danielle to stand up.	Douglas's cousin isn't irritating to entreat Danielle to stand up.
tough_vs_raising_2	syntax_semantics	control_raising	Margaret's nieces aren't unlikely to describe Diana.	Margaret's nieces aren't pleasant to describe Diana.
tough_vs_raising_2	syntax_semantics	control_raising	Brian is about to walk through that high school.	Brian is pleasant to walk through that high school.
tough_vs_raising_2	syntax_semantics	control_raising	Heidi wasn't certain to like to hate Joseph.	Heidi wasn't easy to like to hate Joseph.
tough_vs_raising_2	syntax_semantics	control_raising	Many adults' boss was certain to hide a lot of spotlights.	Many adults' boss was interesting to hide a lot of spotlights.
tough_vs_raising_2	syntax_semantics	control_raising	Bradley was apt to clean that hat.	Bradley was tough to clean that hat.
tough_vs_raising_2	syntax_semantics	control_raising	Every granddaughter of Renee isn't certain to entice Anne to bike to high schools.	Every granddaughter of Renee isn't irritating to entice Anne to bike to high schools.
tough_vs_raising_2	syntax_semantics	control_raising	These plates were certain to scare Andrew.	These plates were exciting to scare Andrew.
tough_vs_raising_2	syntax_semantics	control_raising	Andrew wasn't sure to oblige Vanessa's guests to work hard.	Andrew wasn't exciting to oblige Vanessa's guests to work hard.
transitive	syntax	argument_structure	Some turtles alarm Kimberley.	Some turtles come here Kimberley.
transitive	syntax	argument_structure	Diane watched Alan.	Diane screamed Alan.
transitive	syntax	argument_structure	This cousin of Theodore buys some mushroom.	This cousin of Theodore wept some mushroom.
transitive	syntax	argument_structure	Rhonda was arguing about this nephew of Dana.	Rhonda was going fishing this nephew of Dana.
transitive	syntax	argument_structure	A lot of actresses' nieces have toured that art gallery.	A lot of actresses' nieces have coped that art gallery.
transitive	syntax	argument_structure	Debra wears many skirts.	Debra slumps over many skirts.
transitive	syntax	argument_structure	Chad's daughters embarrasses Erin's girlfriend.	Chad's daughters screamed Erin's girlfriend.
transitive	syntax	argument_structure	Elaine criticized Jill.	Elaine shrugs Jill.
transitive	syntax	argument_structure	The pedestrians question some people.	The pedestrians wave some people.
transitive	syntax	argument_structure	Vanessa has gone to a lot of college campuses.	Vanessa has smiled a lot of college campuses.
transitive	syntax	argument_structure	Those committees listened to Kristen.	Those committees react Kristen.
transitive	syntax	argument_structure	Most pedestrians' father might climb up the slope.	Most pedestrians' father might murmur the slope.
transitive	syntax	argument_structure	Theresa shouldn't scan this essay.	Theresa shouldn't murmur this essay.
transitive	syntax	argument_structure	Andrea's ex-husbands toured this art gallery.	Andrea's ex-husbands cry this art gallery.
transitive	syntax	argument_structure	A lot of girls' son hadn't insulted Jerry.	A lot of girls' son hadn't sighed Jerry.
transitive	syntax	argument_structure	Denise has escaped from Marie's grandsons.	Denise has fallen Marie's grandsons.
transitive	syntax	argument_structure	Grace is investigating a lot of girls' ex-wife.	Grace is going fishing a lot of girls' ex-wife.
transitive	syntax	argument_structure	Donna talked about Anna's friends.	Donna replies Anna's friends.
transitive	syntax	argument_structure	Many sisters of some guest forget Eva.	Many sisters of some guest murmured Eva.
transitive	syntax	argument_structure	The truck hadn't astounded a bank.	The truck hadn't fallen a bank.
transitive	syntax	argument_structure	April's mentees weren't kissing Matt's nephews.	April's mentees weren't chuckling Matt's nephews.
transitive	syntax	argument_structure	Phillip isn't observing Winston Churchill.	Phillip isn't grinning Winston Churchill.
transitive	syntax	argument_structure	Bill explores the bank.	Bill wept the bank.
transitive	syntax	argument_structure	These grandmothers of Rebecca remembered Angela.	These grandmothers of Rebecca flirted Angela.
transitive	syntax	argument_structure	Many universities describe Samantha.	Many universities reacted Samantha.
transitive	syntax	argument_structure	A lot of grandmothers of Melanie go to the mall.	A lot of grandmothers of Melanie murmured the mall.
transitive	syntax	argument_structure	Stacy's cousins haven't scanned many drivers' oncologists.	Stacy's cousins haven't concurred many drivers' oncologists.
transitive	syntax	argument_structure	Ella's tutor can't fire every adult.	Ella's tutor can't talk every adult.
transitive	syntax	argument_structure	Christopher researched most public parks.	Christopher suffered most public parks.
transitive	syntax	argument_structure	Melinda explores those closets.	Melinda slumped over those closets.
wh_island	syntax	island_effects	Who have those men revealed they helped?	Who have those men revealed who helped?
wh_island	syntax	island_effects	Who isn't Craig realizing he kisses?	Who isn't Craig realizing who kisses?
wh_island	syntax	island_effects	Who are those associations discovering they saw?	Who are those associations discovering who saw?
wh_island	syntax	island_effects	What wasn't Nicole discovering she climbed down?	What wasn't Nicole discovering who climbed down?
wh_island	syntax	island_effects	What could Alan discover he has run around?	What could Alan discover who has run around?
wh_island	syntax	island_effects	Who shouldn't Andrew find out he was embarrassing?	Who shouldn't Andrew find out what was embarrassing?
wh_island	syntax	island_effects	What was this woman revealing she would examine?	What was this woman revealing who would examine?
wh_island	syntax	island_effects	What didn't Edward conceal he hasn't noticed?	What didn't Edward conceal who hasn't noticed?
wh_island	syntax	island_effects	Who hadn't Tanya known she hadn't visited?	Who hadn't Tanya known who hadn't visited?
wh_island	syntax	island_effects	Who wasn't Teresa forgetting she sees?	Who wasn't Teresa forgetting who sees?
wh_island	syntax	island_effects	Who can't Douglas realize he had investigated?	Who can't Douglas realize who had investigated?
wh_island	syntax	island_effects	What had the museums learned they weren't skated around?	What had the museums learned who weren't skated around?
wh_island	syntax	island_effects	Who haven't these associations discovered they could annoy?	Who haven't these associations discovered what could annoy?
wh_island	syntax	island_effects	Who can't some universities forget they aggravated?	Who can't some universities forget what aggravated?
wh_island	syntax	island_effects	What shouldn't these guys remember they are climbing down?	What shouldn't these guys remember what are climbing down?
wh_island	syntax	island_effects	Who shouldn't Janet know she doesn't reveal?	Who shouldn't Janet know who doesn't reveal?
wh_island	syntax	island_effects	What is Connie remembering she can't see?	What is Connie remembering who can't see?
wh_island	syntax	island_effects	What was this actor figuring out she is scanning?	What was this actor figuring out who is scanning?
wh_island	syntax	island_effects	What isn't Dawn revealing she couldn't complain about?	What isn't Dawn revealing who couldn't complain about?
wh_island	syntax	island_effects	Who couldn't Helen conceal she shouldn't leave?	Who couldn't Helen conceal who shouldn't leave?
wh_island	syntax	island_effects	What hadn't Pamela investigated she admired?	What hadn't Pamela investigated who admired?
wh_island	syntax	island_effects	Who wasn't Margaret figuring out she questioned?	Who wasn't Margaret figuring out who questioned?
wh_island	syntax	island_effects	Who would that senator realize she was listening to?	Who would that senator realize who was listening to?
wh_island	syntax	island_effects	Who should Rhonda find out she hugs?	Who should Rhonda find out who hugs?
wh_island	syntax	island_effects	What isn't Keith remembering he hasn't cleaned?	What isn't Keith remembering who hasn't cleaned?
wh_island	syntax	island_effects	Who hasn't Ann known she works with?	Who hasn't Ann known who works with?
wh_island	syntax	island_effects	What was Candice finding out she will mess up?	What was Candice finding out who will mess up?
wh_island	syntax	island_effects	What was Linda concealing she hadn't fixed?	What was Linda concealing who hadn't fixed?
wh_island	syntax	island_effects	Who were the boys revealing they wouldn't impress?	Who were the boys revealing who wouldn't impress?
wh_island	syntax	island_effects	Who hasn't Emily known she won't forget?	Who hasn't Emily known who won't forget?
wh_questions_object_gap	syntax	filler_gap_dependency	Joel discovered the vase that Patricia might take.	Joel discovered what Patricia might take the vase.
wh_questions_object_gap	syntax	filler_gap_dependency	Rodney thought about many paintings that Wendy had thought about.	Rodney thought about what Wendy had thought about many paintings.
wh_questions_object_gap	syntax	filler_gap_dependency	Susan wasn't thinking about the rivers that Kenneth wasn't bringing.	Susan wasn't thinking about what Kenneth wasn't bringing the rivers.
wh_questions_object_gap	syntax	filler_gap_dependency	A driver has thought about those deer that many pictures look like.	A driver has thought about what many pictures look like those deer.
wh_questions_object_gap	syntax	filler_gap_dependency	Amy has seen every skateboard that all guests see.	Amy has seen what all guests see every skateboard.
wh_questions_object_gap	syntax	filler_gap_dependency	Michelle can see this banana that Maria did sell.	Michelle can see what Maria did sell this banana.
wh_questions_object_gap	syntax	filler_gap_dependency	Rachelle thought about a screen that Galileo hides.	Rachelle thought about what Galileo hides a screen.
wh_questions_object_gap	syntax	filler_gap_dependency	These waitresses see some mirrors that Phillip found.	These waitresses see what Phillip found some mirrors.
wh_questions_object_gap	syntax	filler_gap_dependency	Pamela thought about most students that a lot of libraries haven't praised.	Pamela thought about who a lot of libraries haven't praised most students.
wh_questions_object_gap	syntax	filler_gap_dependency	Mark discovers most analyses that Randolf remembered.	Mark discovers what Randolf remembered most analyses.
wh_questions_object_gap	syntax	filler_gap_dependency	Caroline forgets most customers that Michelle has admired.	Caroline forgets who Michelle has admired most customers.
wh_questions_object_gap	syntax	filler_gap_dependency	Bill wasn't noticing the pedestrian that Joseph wasn't talking to.	Bill wasn't noticing who Joseph wasn't talking to the pedestrian.
wh_questions_object_gap	syntax	filler_gap_dependency	Teresa knew that man that April remembered.	Teresa knew who April remembered that man.
wh_questions_object_gap	syntax	filler_gap_dependency	This boy knew a lot of pedestrians that the Clintons watch.	This boy knew who the Clintons watch a lot of pedestrians.
wh_questions_object_gap	syntax	filler_gap_dependency	Most patients investigate most patients that Sonia was insulting.	Most patients investigate who Sonia was insulting most patients.
wh_questions_object_gap	syntax	filler_gap_dependency	Carlos noticed a lot of eggplants that these doctors find.	Carlos noticed what these doctors find a lot of eggplants.
wh_questions_object_gap	syntax	filler_gap_dependency	Lisa hasn't thought about that ox that that print looked like.	Lisa hasn't thought about what that print looked like that ox.
wh_questions_object_gap	syntax	filler_gap_dependency	Omar hasn't forgotten every woman that Tara is attacking.	Omar hasn't forgotten who Tara is attacking every woman.
wh_questions_object_gap	syntax	filler_gap_dependency	Mitchell won't notice the fork that Eva admires.	Mitchell won't notice what Eva admires the fork.
wh_questions_object_gap	syntax	filler_gap_dependency	Holly researched a lot of hypotheses that Emily couldn't discover.	Holly researched what Emily couldn't discover a lot of hypotheses.
wh_questions_object_gap	syntax	filler_gap_dependency	Guy doesn't see the goose that Jane wasn't selling.	Guy doesn't see what Jane wasn't selling the goose.
wh_questions_object_gap	syntax	filler_gap_dependency	Galileo hadn't seen these alumni that Derek bothered.	Galileo hadn't seen who Derek bothered these alumni.
wh_questions_object_gap	syntax	filler_gap_dependency	A lot of cashiers question this waitress that Ella had disliked.	A lot of cashiers question who Ella had disliked this waitress.
wh_questions_object_gap	syntax	filler_gap_dependency	Some teenagers remembered those doctors that a lot of boys distracts.	Some teenagers remembered who a lot of boys distracts those doctors.
wh_questions_object_gap	syntax	filler_gap_dependency	Linda did notice that couch that Naomi hides.	Linda did notice what Naomi hides that couch.
wh_questions_object_gap	syntax	filler_gap_dependency	Regina isn't researching some stories that Florence criticizes.	Regina isn't researching what Florence criticizes some stories.
wh_questions_object_gap	syntax	filler_gap_dependency	Kirsten questions banks that this guest wouldn't explore.	Kirsten questions what this guest wouldn't explore banks.
wh_questions_object_gap	syntax	filler_gap_dependency	Barbara remembered the closets that that woman shouldn't dislike.	Barbara remembered what that woman shouldn't dislike the closets.
wh_questions_object_gap	syntax	filler_gap_dependency	Maria hasn't noticed the ladies that that dress isn't worrying.	Maria hasn't noticed who that dress isn't worrying the ladies.
wh_questions_object_gap	syntax	filler_gap_dependency	These senators see some rice that every adult can't lift.	These senators see what every adult can't lift some rice.
wh_questions_subject_gap	syntax	filler_gap_dependency	Brian had questioned an association that can astound Diana.	Brian had questioned who an association can astound Diana.
wh_questions_subject_gap	syntax	filler_gap_dependency	Leslie remembered some guest that has bothered women.	Leslie remembered who some guest has bothered women.
wh_questions_subject_gap	syntax	filler_gap_dependency	Deanna discovers all essays that hadn't bored Elaine.	Deanna discovers who all essays hadn't bored Elaine.
wh_questions_subject_gap	syntax	filler_gap_dependency	The woman hadn't thought about those screens that aren't worrying Andrew.	The woman hadn't thought about who those screens aren't worrying Andrew.
wh_questions_subject_gap	syntax	filler_gap_dependency	Phillip sees some teeth that are upsetting Kendra.	Phillip sees who some teeth are upsetting Kendra.
wh_questions_subject_gap	syntax	filler_gap_dependency	Cheryl thought about some dog that upset Sandra.	Cheryl thought about who some dog upset Sandra.
wh_questions_subject_gap	syntax	filler_gap_dependency	Christine remembered those pamphlets that can't irritate men.	Christine remembered who those pamphlets can't irritate men.
wh_questions_subject_gap	syntax	filler_gap_dependency	Rebecca knew all alumni that have helped a boy.	Rebecca knew who all alumni have helped a boy.
wh_questions_subject_gap	syntax	filler_gap_dependency	Tammy notices a coat that hurt Tiffany.	Tammy notices who a coat hurt Tiffany.
wh_questions_subject_gap	syntax	filler_gap_dependency	Leslie thinks about the phenomenon that annoys a lot of dancers.	Leslie thinks about who the phenomenon annoys a lot of dancers.
wh_questions_subject_gap	syntax	filler_gap_dependency	Omar forgets most commentaries that haven't embarrassed Wendy.	Omar forgets who most commentaries haven't embarrassed Wendy.
wh_questions_subject_gap	syntax	filler_gap_dependency	Bethany remembers this waiter that is approaching Amanda.	Bethany remembers who this waiter is approaching Amanda.
wh_questions_subject_gap	syntax	filler_gap_dependency	Sabrina is researching a story that confused Mark.	Sabrina is researching who a story confused Mark.
wh_questions_subject_gap	syntax	filler_gap_dependency	Vanessa forgot a boy that hasn't investigated Carl.	Vanessa forgot who a boy hasn't investigated Carl.
wh_questions_subject_gap	syntax	filler_gap_dependency	Elaine questions most adults that didn't observe Lisa.	Elaine questions who most adults didn't observe Lisa.
wh_questions_subject_gap	syntax	filler_gap_dependency	Samuel sees those cups that scared many patients.	Samuel sees who those cups scared many patients.
wh_questions_subject_gap	syntax	filler_gap_dependency	Steve shouldn't investigate these universities that shouldn't irritate that teacher.	Steve shouldn't investigate who these universities shouldn't irritate that teacher.
wh_questions_subject_gap	syntax	filler_gap_dependency	Tammy shouldn't think about a blouse that resembled drawings.	Tammy shouldn't think about what a blouse resembled drawings.
wh_questions_subject_gap	syntax	filler_gap_dependency	Connie has remembered the report that can't disgust Sheila.	Connie has remembered who the report can't disgust Sheila.
wh_questions_subject_gap	syntax	filler_gap_dependency	Alicia has researched this means that will upset Bruce.	Alicia has researched who this means will upset Bruce.
wh_questions_subject_gap	syntax	filler_gap_dependency	Monica thinks about a picture that won't shock Scott.	Monica thinks about who a picture won't shock Scott.
wh_questions_subject_gap	syntax	filler_gap_dependency	Girls are questioning this child that had researched those restaurants.	Girls are questioning what this child had researched those restaurants.
wh_questions_subject_gap	syntax	filler_gap_dependency	Omar had thought about that fork that hurts Clyde.	Omar had thought about who that fork hurts Clyde.
wh_questions_subject_gap	syntax	filler_gap_dependency	Frank does discover a carriage that is distracting Sherry.	Frank does discover who a carriage is distracting Sherry.
wh_questions_subject_gap	syntax	filler_gap_dependency	Paula is researching most associations that aren't irritating Kimberley.	Paula is researching who most associations aren't irritating Kimberley.
wh_questions_subject_gap	syntax	filler_gap_dependency	Mark isn't investigating a lot of teachers that talked to Ronald.	Mark isn't investigating who a lot of teachers talked to Ronald.
wh_questions_subject_gap	syntax	filler_gap_dependency	Veronica saw a lot of mirrors that haven't scared Claire.	Veronica saw who a lot of mirrors haven't scared Claire.
wh_questions_subject_gap	syntax	filler_gap_dependency	The waiter should think about some gates that were boring Gregory.	The waiter should think about who some gates were boring Gregory.
wh_questions_subject_gap	syntax	filler_gap_dependency	Sabrina had researched many oases that aren't looking like that sketch.	Sabrina had researched what many oases aren't looking like that sketch.
wh_questions_subject_gap	syntax	filler_gap_dependency	Many universities forget the women that hadn't described Deborah.	Many universities forget who the women hadn't described Deborah.
wh_questions_subject_gap_long_distance	syntax	filler_gap_dependency	Dennis has seen this tooth that Kristin wasn't concealing that is astounding men.	Dennis has seen who this tooth that Kristin wasn't concealing is astounding men.
wh_questions_subject_gap_long_distance	syntax	filler_gap_dependency	Renee investigates these offspring that some drivers boast about that would heal some dog.	Renee investigates what these offspring that some drivers boast about would heal some dog.
wh_questions_subject_gap_long_distance	syntax	filler_gap_dependency	The cashiers should notice a lot of cafes that Roger will drop by that resemble all prints.	The cashiers should notice what a lot of cafes that Roger will drop by resemble all prints.
wh_questions_subject_gap_long_distance	syntax	filler_gap_dependency	All pedestrians research those ellipses that Ellen has appreciated that disgusted this actress.	All pedestrians research who those ellipses that Ellen has appreciated disgusted this actress.
wh_questions_subject_gap_long_distance	syntax	filler_gap_dependency	Heidi shouldn't think about many pedestrians that every movie could disagree with that messed up this rug.	Heidi shouldn't think about what many pedestrians that every movie could disagree with messed up this rug.
wh_questions_subject_gap_long_distance	syntax	filler_gap_dependency	The Lutherans know the man that the casserole confuses that impressed the waitresses.	The Lutherans know who the man that the casserole confuses impressed the waitresses.
wh_questions_subject_gap_long_distance	syntax	filler_gap_dependency	That teenager hasn't seen this tomato that that girl had bought that had stunned some actors.	That teenager hasn't seen who this tomato that that girl had bought had stunned some actors.
wh_questions_subject_gap_long_distance	syntax	filler_gap_dependency	Holly investigates every cashier that Carol cares for that hasn't argued about all movies.	Holly investigates what every cashier that Carol cares for hasn't argued about all movies.
wh_questions_subject_gap_long_distance	syntax	filler_gap_dependency	Susan won't discover a car that Jane admired that is aggravating a lot of cashiers.	Susan won't discover who a car that Jane admired is aggravating a lot of cashiers.
wh_questions_subject_gap_long_distance	syntax	filler_gap_dependency	Most customers notice a lot of mushrooms that this cashier hides that won't aggravate the children.	Most customers notice who a lot of mushrooms that this cashier hides won't aggravate the children.
wh_questions_subject_gap_long_distance	syntax	filler_gap_dependency	Victoria isn't thinking about all media that Tiffany hadn't appreciated that confused those guys.	Victoria isn't thinking about who all media that Tiffany hadn't appreciated confused those guys.
wh_questions_subject_gap_long_distance	syntax	filler_gap_dependency	Most teachers question some actresses that Melissa boasted about that walk through a closet.	Most teachers question what some actresses that Melissa boasted about walk through a closet.
wh_questions_subject_gap_long_distance	syntax	filler_gap_dependency	Many guys notice those teeth that Tina can't have that will scare a library.	Many guys notice what those teeth that Tina can't have will scare a library.
wh_questions_subject_gap_long_distance	syntax	filler_gap_dependency	These senators think about some student that Candice is hurting that can't descend a hill.	These senators think about what some student that Candice is hurting can't descend a hill.
wh_questions_subject_gap_long_distance	syntax	filler_gap_dependency	The actors haven't remembered some public parks that Janet likes that couldn't astound many cashiers.	The actors haven't remembered who some public parks that Janet likes couldn't astound many cashiers.
wh_questions_subject_gap_long_distance	syntax	filler_gap_dependency	April had noticed these snakes that Patricia has that could bore most guys.	April had noticed who these snakes that Patricia has could bore most guys.
wh_questions_subject_gap_long_distance	syntax	filler_gap_dependency	Stacy forgot this cashier that Gina listened to that explores some movie theaters.	Stacy forgot what this cashier that Gina listened to explores some movie theaters.
wh_questions_subject_gap_long_distance	syntax	filler_gap_dependency	Aaron should research the phenomena that Carmen should think about that don't disgust a teenager.	Aaron should research who the phenomena that Carmen should think about don't disgust a teenager.
wh_questions_subject_gap_long_distance	syntax	filler_gap_dependency	Carlos is questioning dancers that Omar hadn't approached that will distract the committee.	Carlos is questioning what dancers that Omar hadn't approached will distract the committee.
wh_questions_subject_gap_long_distance	syntax	filler_gap_dependency	That teenager shouldn't question libraries that that dog is disgusting that didn't fire a pedestrian.	That teenager shouldn't question who libraries that that dog is disgusting didn't fire a pedestrian.
wh_questions_subject_gap_long_distance	syntax	filler_gap_dependency	Danielle researches the legislature that Tonya had boycotted that did hate these reports.	Danielle researches what the legislature that Tonya had boycotted did hate these reports.
wh_questions_subject_gap_long_distance	syntax	filler_gap_dependency	Melanie saw those doors that the doctors reveal that can scare this offspring.	Melanie saw who those doors that the doctors reveal can scare this offspring.
wh_questions_subject_gap_long_distance	syntax	filler_gap_dependency	Sherry investigated all organizations that all public parks embarrass that haven't disgusted that adult.	Sherry investigated who all organizations that all public parks embarrass haven't disgusted that adult.
wh_questions_subject_gap_long_distance	syntax	filler_gap_dependency	Douglas thinks about those waitresses that many museums work with that helped a woman.	Douglas thinks about who those waitresses that many museums work with helped a woman.
wh_questions_subject_gap_long_distance	syntax	filler_gap_dependency	Tina wasn't noticing some apple that Rachel admires that impressed all ladies.	Tina wasn't noticing who some apple that Rachel admires impressed all ladies.
wh_questions_subject_gap_long_distance	syntax	filler_gap_dependency	Frank researches every association that Alexander had scared that knew every actress.	Frank researches who every association that Alexander had scared knew every actress.
wh_questions_subject_gap_long_distance	syntax	filler_gap_dependency	A lot of actors think about men that Sharon isn't listening to that should lift the carriage.	A lot of actors think about what men that Sharon isn't listening to should lift the carriage.
wh_questions_subject_gap_long_distance	syntax	filler_gap_dependency	Carlos questioned these organizations that those books aren't embarrassing that worried some offspring.	Carlos questioned who these organizations that those books aren't embarrassing worried some offspring.
wh_questions_subject_gap_long_distance	syntax	filler_gap_dependency	Regina sees that candle that Steve lifts that might impress every doctor.	Regina sees who that candle that Steve lifts might impress every doctor.
wh_questions_subject_gap_long_distance	syntax	filler_gap_dependency	Judy hadn't seen most brochures that Christopher will discuss that have aggravated alumni.	Judy hadn't seen who most brochures that Christopher will discuss have aggravated alumni.
wh_vs_that_no_gap	syntax	filler_gap_dependency	Mark figured out that most governments appreciate Steve.	Mark figured out who most governments appreciate Steve.
wh_vs_that_no_gap	syntax	filler_gap_dependency	Danielle finds out that many organizations have alarmed Chad.	Danielle finds out who many organizations have alarmed Chad.
wh_vs_that_no_gap	syntax	filler_gap_dependency	Veronica investigated that students might remember Julie.	Veronica investigated who students might remember Julie.
wh_vs_that_no_gap	syntax	filler_gap_dependency	The Impressionists learn that some stories can't sound like Carl.	The Impressionists learn who some stories can't sound like Carl.
wh_vs_that_no_gap	syntax	filler_gap_dependency	The waiters learn that most guests wouldn't have every hospital.	The waiters learn what most guests wouldn't have every hospital.
wh_vs_that_no_gap	syntax	filler_gap_dependency	Some girls revealed that all waitresses hadn't cleaned the cup.	Some girls revealed what all waitresses hadn't cleaned the cup.
wh_vs_that_no_gap	syntax	filler_gap_dependency	Sandra was figuring out that these guys saw Douglas.	Sandra was figuring out who these guys saw Douglas.
wh_vs_that_no_gap	syntax	filler_gap_dependency	The Lutherans know that some fungi were alarming that association.	The Lutherans know what some fungi were alarming that association.
wh_vs_that_no_gap	syntax	filler_gap_dependency	Carmen finds out that the customers have run around many cafes.	Carmen finds out what the customers have run around many cafes.
wh_vs_that_no_gap	syntax	filler_gap_dependency	Carrie should find out that some cart disturbs Nancy.	Carrie should find out who some cart disturbs Nancy.
wh_vs_that_no_gap	syntax	filler_gap_dependency	Deborah has forgotten that the offspring ran around the mountains.	Deborah has forgotten what the offspring ran around the mountains.
wh_vs_that_no_gap	syntax	filler_gap_dependency	Katherine found out that that cashier didn't sell some ice cream.	Katherine found out what that cashier didn't sell some ice cream.
wh_vs_that_no_gap	syntax	filler_gap_dependency	Connie forgot that the woman doesn't describe some stories.	Connie forgot what the woman doesn't describe some stories.
wh_vs_that_no_gap	syntax	filler_gap_dependency	Randolf has found out that a lot of adults aren't working with these teenagers.	Randolf has found out who a lot of adults aren't working with these teenagers.
wh_vs_that_no_gap	syntax	filler_gap_dependency	Rebecca has forgotten that a pepper upset Ronald.	Rebecca has forgotten who a pepper upset Ronald.
wh_vs_that_no_gap	syntax	filler_gap_dependency	Margaret knows that all octopi have descended some slopes.	Margaret knows what all octopi have descended some slopes.
wh_vs_that_no_gap	syntax	filler_gap_dependency	Denise does realize that every car isn't shocking Susan.	Denise does realize who every car isn't shocking Susan.
wh_vs_that_no_gap	syntax	filler_gap_dependency	These museums might realize that many senators drove to art galleries.	These museums might realize what many senators drove to art galleries.
wh_vs_that_no_gap	syntax	filler_gap_dependency	Katherine figured out that this bird confused Helen.	Katherine figured out who this bird confused Helen.
wh_vs_that_no_gap	syntax	filler_gap_dependency	Paula figured out that all men resemble this print.	Paula figured out what all men resemble this print.
wh_vs_that_no_gap	syntax	filler_gap_dependency	Alicia hadn't known that that customer is going to that bank.	Alicia hadn't known what that customer is going to that bank.
wh_vs_that_no_gap	syntax	filler_gap_dependency	Students reveal that the spinach had alarmed William.	Students reveal who the spinach had alarmed William.
wh_vs_that_no_gap	syntax	filler_gap_dependency	Natalie investigated that a teenager has aggravated Diane.	Natalie investigated who a teenager has aggravated Diane.
wh_vs_that_no_gap	syntax	filler_gap_dependency	Cheryl was investigating that every guest hadn't exited some banks.	Cheryl was investigating what every guest hadn't exited some banks.
wh_vs_that_no_gap	syntax	filler_gap_dependency	Many senators figure out that those waiters argue about Steve.	Many senators figure out who those waiters argue about Steve.
wh_vs_that_no_gap	syntax	filler_gap_dependency	Many libraries weren't concealing that the dancers arrive at the public park.	Many libraries weren't concealing what the dancers arrive at the public park.
wh_vs_that_no_gap	syntax	filler_gap_dependency	Sandra remembers that a lot of men will find most lakes.	Sandra remembers what a lot of men will find most lakes.
wh_vs_that_no_gap	syntax	filler_gap_dependency	Candice hadn't discovered that a pedestrian bored Martha.	Candice hadn't discovered who a pedestrian bored Martha.
wh_vs_that_no_gap	syntax	filler_gap_dependency	Anna has known that this adult had dropped by a cafe.	Anna has known what this adult had dropped by a cafe.
wh_vs_that_no_gap	syntax	filler_gap_dependency	Larry didn't find out that many eyes distract Alicia.	Larry didn't find out who many eyes distract Alicia.
wh_vs_that_no_gap_long_distance	syntax	filler_gap_dependency	Every association figured out that most drivers that forfeit investigated Irene.	Every association figured out who most drivers that forfeit investigated Irene.
wh_vs_that_no_gap_long_distance	syntax	filler_gap_dependency	Kathleen was revealing that this actress that can sit down was skated around this museum.	Kathleen was revealing what this actress that can sit down was skated around this museum.
wh_vs_that_no_gap_long_distance	syntax	filler_gap_dependency	Jodi was learning that a library that hadn't communicated was working with Randolf.	Jodi was learning who a library that hadn't communicated was working with Randolf.
wh_vs_that_no_gap_long_distance	syntax	filler_gap_dependency	Drivers remembered that those hospitals that should waste away are listening to Angela.	Drivers remembered who those hospitals that should waste away are listening to Angela.
wh_vs_that_no_gap_long_distance	syntax	filler_gap_dependency	Every cashier wouldn't investigate that some birds that weren't distracting Steve broke some unicycles.	Every cashier wouldn't investigate what some birds that weren't distracting Steve broke some unicycles.
wh_vs_that_no_gap_long_distance	syntax	filler_gap_dependency	Tamara had figured out that most governments that had fired these guests won't have a window.	Tamara had figured out what most governments that had fired these guests won't have a window.
wh_vs_that_no_gap_long_distance	syntax	filler_gap_dependency	Adam isn't forgetting that many actors that did buy a snake should pass the high school.	Adam isn't forgetting what many actors that did buy a snake should pass the high school.
wh_vs_that_no_gap_long_distance	syntax	filler_gap_dependency	Melinda investigated that this girl that looked like those drawings might attack Cindy.	Melinda investigated who this girl that looked like those drawings might attack Cindy.
wh_vs_that_no_gap_long_distance	syntax	filler_gap_dependency	Most cashiers conceal that most guys that can run around a cafe had skated around those banks.	Most cashiers conceal what most guys that can run around a cafe had skated around those banks.
wh_vs_that_no_gap_long_distance	syntax	filler_gap_dependency	Martin had remembered that this man that sold most eyes hides the coat.	Martin had remembered what this man that sold most eyes hides the coat.
wh_vs_that_no_gap_long_distance	syntax	filler_gap_dependency	Mark concealed that a lot of drawings that weren't irritating Beverly stunned Derek.	Mark concealed who a lot of drawings that weren't irritating Beverly stunned Derek.
wh_vs_that_no_gap_long_distance	syntax	filler_gap_dependency	Martin is revealing that the pictures that hadn't stunned Nina shock Curtis.	Martin is revealing who the pictures that hadn't stunned Nina shock Curtis.
wh_vs_that_no_gap_long_distance	syntax	filler_gap_dependency	Those students aren't learning that that library that cooperates hasn't looked like a print.	Those students aren't learning what that library that cooperates hasn't looked like a print.
wh_vs_that_no_gap_long_distance	syntax	filler_gap_dependency	Joseph discovered that a woman that couldn't discuss Sabrina approached the dancer.	Joseph discovered who a woman that couldn't discuss Sabrina approached the dancer.
wh_vs_that_no_gap_long_distance	syntax	filler_gap_dependency	Eva discovered that all pedestrians that have performed upset Candice.	Eva discovered who all pedestrians that have performed upset Candice.
wh_vs_that_no_gap_long_distance	syntax	filler_gap_dependency	Wayne remembered that every child that talks about Tina escapes from Alan.	Wayne remembered who every child that talks about Tina escapes from Alan.
wh_vs_that_no_gap_long_distance	syntax	filler_gap_dependency	Nicole reveals that this fish that has fallen asleep finds these adults.	Nicole reveals who this fish that has fallen asleep finds these adults.
wh_vs_that_no_gap_long_distance	syntax	filler_gap_dependency	Stephen reveals that all children that haven't spun around might astound Jesus.	Stephen reveals who all children that haven't spun around might astound Jesus.
wh_vs_that_no_gap_long_distance	syntax	filler_gap_dependency	All doctors were forgetting that some guest that questions Monet explores lakes.	All doctors were forgetting what some guest that questions Monet explores lakes.
wh_vs_that_no_gap_long_distance	syntax	filler_gap_dependency	A child didn't realize that a lot of waiters that should confer were referencing Rodney.	A child didn't realize who a lot of waiters that should confer were referencing Rodney.
wh_vs_that_no_gap_long_distance	syntax	filler_gap_dependency	Anne wouldn't forget that this doctor that had thought about the cilantro disagrees with Beth.	Anne wouldn't forget who this doctor that had thought about the cilantro disagrees with Beth.
wh_vs_that_no_gap_long_distance	syntax	filler_gap_dependency	Some teenager hasn't learned that some socks that are falling were hurting Becca.	Some teenager hasn't learned who some socks that are falling were hurting Becca.
wh_vs_that_no_gap_long_distance	syntax	filler_gap_dependency	Ann does remember that those skirts that annoyed Kayla stun Dan.	Ann does remember who those skirts that annoyed Kayla stun Dan.
wh_vs_that_no_gap_long_distance	syntax	filler_gap_dependency	William discovered that many actresses that annoy Donald skated around the rivers.	William discovered what many actresses that annoy Donald skated around the rivers.
wh_vs_that_no_gap_long_distance	syntax	filler_gap_dependency	Steven is realizing that the waitresses that had departed might sell every photograph.	Steven is realizing what the waitresses that had departed might sell every photograph.
wh_vs_that_no_gap_long_distance	syntax	filler_gap_dependency	Linda wasn't forgetting that a woman that was getting fired likes every sketch.	Linda wasn't forgetting what a woman that was getting fired likes every sketch.
wh_vs_that_no_gap_long_distance	syntax	filler_gap_dependency	Many banks had revealed that every woman that sits down fired Benjamin.	Many banks had revealed who every woman that sits down fired Benjamin.
wh_vs_that_no_gap_long_distance	syntax	filler_gap_dependency	David had learned that all actresses that escaped conceal George.	David had learned who all actresses that escaped conceal George.
wh_vs_that_no_gap_long_distance	syntax	filler_gap_dependency	Many hospitals figure out that some doctor that describes the guy flees from Kirsten.	Many hospitals figure out who some doctor that describes the guy flees from Kirsten.
wh_vs_that_no_gap_long_distance	syntax	filler_gap_dependency	Many men reveal that some driver that painted hadn't arrived at some river.	Many men reveal what some driver that painted hadn't arrived at some river.
wh_vs_that_with_gap	syntax	filler_gap_dependency	A lady has remembered who the actors conceal.	A lady has remembered that the actors conceal.
wh_vs_that_with_gap	syntax	filler_gap_dependency	Teenagers know what all ladies haven't examined.	Teenagers know that all ladies haven't examined.
wh_vs_that_with_gap	syntax	filler_gap_dependency	Dancers hadn't figured out who the actress didn't reveal.	Dancers hadn't figured out that the actress didn't reveal.
wh_vs_that_with_gap	syntax	filler_gap_dependency	All guys find out who some patient was scaring.	All guys find out that some patient was scaring.
wh_vs_that_with_gap	syntax	filler_gap_dependency	Nina has learned who most men sound like.	Nina has learned that most men sound like.
wh_vs_that_with_gap	syntax	filler_gap_dependency	Kirsten doesn't conceal what that man wasn't driving to.	Kirsten doesn't conceal that that man wasn't driving to.
wh_vs_that_with_gap	syntax	filler_gap_dependency	The boy was figuring out who some women shouldn't listen to.	The boy was figuring out that some women shouldn't listen to.
wh_vs_that_with_gap	syntax	filler_gap_dependency	Sarah discovers what some pedestrian had examined.	Sarah discovers that some pedestrian had examined.
wh_vs_that_with_gap	syntax	filler_gap_dependency	Sarah should forget who some waiter dislikes.	Sarah should forget that some waiter dislikes.
wh_vs_that_with_gap	syntax	filler_gap_dependency	Janice hasn't learned what this offspring didn't examine.	Janice hasn't learned that this offspring didn't examine.
wh_vs_that_with_gap	syntax	filler_gap_dependency	Wayne has revealed who most hospitals admired.	Wayne has revealed that most hospitals admired.
wh_vs_that_with_gap	syntax	filler_gap_dependency	Those teenagers realize who all guests flee from.	Those teenagers realize that all guests flee from.
wh_vs_that_with_gap	syntax	filler_gap_dependency	George forgets what some car has looked like.	George forgets that some car has looked like.
wh_vs_that_with_gap	syntax	filler_gap_dependency	Some child would conceal who most guys are listening to.	Some child would conceal that most guys are listening to.
wh_vs_that_with_gap	syntax	filler_gap_dependency	The cashier wouldn't figure out what a person hasn't arrived at.	The cashier wouldn't figure out that a person hasn't arrived at.
wh_vs_that_with_gap	syntax	filler_gap_dependency	Valerie discovers what most dancers referenced.	Valerie discovers that most dancers referenced.
wh_vs_that_with_gap	syntax	filler_gap_dependency	Some dancers discover who that guy works with.	Some dancers discover that that guy works with.
wh_vs_that_with_gap	syntax	filler_gap_dependency	Some children did figure out what these dogs resemble.	Some children did figure out that these dogs resemble.
wh_vs_that_with_gap	syntax	filler_gap_dependency	Becca figures out what the waiter has dropped by.	Becca figures out that the waiter has dropped by.
wh_vs_that_with_gap	syntax	filler_gap_dependency	That doctor had remembered who the actors revealed.	That doctor had remembered that the actors revealed.
wh_vs_that_with_gap	syntax	filler_gap_dependency	A lot of women remember what all adults drop by.	A lot of women remember that all adults drop by.
wh_vs_that_with_gap	syntax	filler_gap_dependency	Amanda remembered who that driver returned to.	Amanda remembered that that driver returned to.
wh_vs_that_with_gap	syntax	filler_gap_dependency	Steve wasn't concealing what some popsicle resembled.	Steve wasn't concealing that some popsicle resembled.
wh_vs_that_with_gap	syntax	filler_gap_dependency	The Clintons discovered what a girl can wear.	The Clintons discovered that a girl can wear.
wh_vs_that_with_gap	syntax	filler_gap_dependency	Connie hadn't investigated what a lot of women examine.	Connie hadn't investigated that a lot of women examine.
wh_vs_that_with_gap	syntax	filler_gap_dependency	That government remembers who a man wouldn't complain about.	That government remembers that a man wouldn't complain about.
wh_vs_that_with_gap	syntax	filler_gap_dependency	Most people forgot who most teenagers wouldn't complain about.	Most people forgot that most teenagers wouldn't complain about.
wh_vs_that_with_gap	syntax	filler_gap_dependency	Marcus had remembered who some lady disliked.	Marcus had remembered that some lady disliked.
wh_vs_that_with_gap	syntax	filler_gap_dependency	Alexander discovers who this organization can conceal.	Alexander discovers that this organization can conceal.
wh_vs_that_with_gap	syntax	filler_gap_dependency	A library is concealing who these teenagers sound like.	A library is concealing that these teenagers sound like.
wh_vs_that_with_gap_long_distance	syntax	filler_gap_dependency	Kayla concealed who a lot of guests that were scaring many people complain about.	Kayla concealed that a lot of guests that were scaring many people complain about.
wh_vs_that_with_gap_long_distance	syntax	filler_gap_dependency	Martin did find out what every cashier that shouldn't drink wore.	Martin did find out that every cashier that shouldn't drink wore.
wh_vs_that_with_gap_long_distance	syntax	filler_gap_dependency	The Borgias haven't figured out what blouses that have disgusted Kenneth look like.	The Borgias haven't figured out that blouses that have disgusted Kenneth look like.
wh_vs_that_with_gap_long_distance	syntax	filler_gap_dependency	Colleen has revealed what every print that isn't existing looked like.	Colleen has revealed that every print that isn't existing looked like.
wh_vs_that_with_gap_long_distance	syntax	filler_gap_dependency	All banks forget what many steps that couldn't irritate Carrie resemble.	All banks forget that many steps that couldn't irritate Carrie resemble.
wh_vs_that_with_gap_long_distance	syntax	filler_gap_dependency	Some pedestrians haven't realized who those ladies that alarms Samantha had boasted about.	Some pedestrians haven't realized that those ladies that alarms Samantha had boasted about.
wh_vs_that_with_gap_long_distance	syntax	filler_gap_dependency	A waiter has realized who all hospitals that protested listened to.	A waiter has realized that all hospitals that protested listened to.
wh_vs_that_with_gap_long_distance	syntax	filler_gap_dependency	That actor had found out what all men that had ascended every hill dislike.	That actor had found out that all men that had ascended every hill dislike.
wh_vs_that_with_gap_long_distance	syntax	filler_gap_dependency	The school forgets who every legislature that astounded Heather references.	The school forgets that every legislature that astounded Heather references.
wh_vs_that_with_gap_long_distance	syntax	filler_gap_dependency	All universities discover what some actress that isn't speaking up had gone to.	All universities discover that some actress that isn't speaking up had gone to.
wh_vs_that_with_gap_long_distance	syntax	filler_gap_dependency	Carmen discovered who many cashiers that have sold every report returned to.	Carmen discovered that many cashiers that have sold every report returned to.
wh_vs_that_with_gap_long_distance	syntax	filler_gap_dependency	Stacy wasn't remembering who the banks that have vanished can't boast about.	Stacy wasn't remembering that the banks that have vanished can't boast about.
wh_vs_that_with_gap_long_distance	syntax	filler_gap_dependency	Phillip forgot what some senator that was escaping from Stacy goes to.	Phillip forgot that some senator that was escaping from Stacy goes to.
wh_vs_that_with_gap_long_distance	syntax	filler_gap_dependency	Tara had figured out who the teenagers that marry won't boast about.	Tara had figured out that the teenagers that marry won't boast about.
wh_vs_that_with_gap_long_distance	syntax	filler_gap_dependency	Many teenagers realized who these teenagers that shouldn't surrender wouldn't listen to.	Many teenagers realized that these teenagers that shouldn't surrender wouldn't listen to.
wh_vs_that_with_gap_long_distance	syntax	filler_gap_dependency	Steve doesn't discover what the university that doesn't fight argued about.	Steve doesn't discover that the university that doesn't fight argued about.
wh_vs_that_with_gap_long_distance	syntax	filler_gap_dependency	Some lady is finding out who some photographs that can't aggravate Sheila haven't looked like.	Some lady is finding out that some photographs that can't aggravate Sheila haven't looked like.
wh_vs_that_with_gap_long_distance	syntax	filler_gap_dependency	Joseph found out who many doctors that had littered revealed.	Joseph found out that many doctors that had littered revealed.
wh_vs_that_with_gap_long_distance	syntax	filler_gap_dependency	Leslie concealed what patients that are changing weren't lifting.	Leslie concealed that patients that are changing weren't lifting.
wh_vs_that_with_gap_long_distance	syntax	filler_gap_dependency	Tara could learn what the waitress that lifts many hospitals biked to.	Tara could learn that the waitress that lifts many hospitals biked to.
wh_vs_that_with_gap_long_distance	syntax	filler_gap_dependency	All people figure out what that guy that has existed wore.	All people figure out that that guy that has existed wore.
wh_vs_that_with_gap_long_distance	syntax	filler_gap_dependency	Rachel hasn't learned who every museum that isn't replying was listening to.	Rachel hasn't learned that every museum that isn't replying was listening to.
wh_vs_that_with_gap_long_distance	syntax	filler_gap_dependency	This waitress hasn't figured out who a hospital that can't sell a lot of bicycles shouldn't listen to.	This waitress hasn't figured out that a hospital that can't sell a lot of bicycles shouldn't listen to.
wh_vs_that_with_gap_long_distance	syntax	filler_gap_dependency	Most patients have remembered who a lot of committees that shouldn't interact do dislike.	Most patients have remembered that a lot of committees that shouldn't interact do dislike.
wh_vs_that_with_gap_long_distance	syntax	filler_gap_dependency	Steve does discover who a lot of schools that couldn't lie have talked to.	Steve does discover that a lot of schools that couldn't lie have talked to.
wh_vs_that_with_gap_long_distance	syntax	filler_gap_dependency	Angela finds out what most universities that hadn't changed hadn't disliked.	Angela finds out that most universities that hadn't changed hadn't disliked.
wh_vs_that_with_gap_long_distance	syntax	filler_gap_dependency	Cindy figures out who these teenagers that scratch found.	Cindy figures out that these teenagers that scratch found.
wh_vs_that_with_gap_long_distance	syntax	filler_gap_dependency	All organizations discover what the adult that had fallen asleep was wearing.	All organizations discover that the adult that had fallen asleep was wearing.
wh_vs_that_with_gap_long_distance	syntax	filler_gap_dependency	Kenneth investigated who the cashiers that perform cared for.	Kenneth investigated that the cashiers that perform cared for.
wh_vs_that_with_gap_long_distance	syntax	filler_gap_dependency	Dana wasn't discovering what some oxen that fall find.	Dana wasn't discovering that some oxen that fall find.
