# id	model	category	model_output	expert_edited; first 200 rows of zephyr-7b-beta/Mistral-7B/Mixtral-8x7B, Generation and Open QA only; escaped \\ \t \n \r; see SOURCE.md
214	mistralai/Mistral-7B-Instruct-v0.1	Generation	There once was an old lady, quite frail,\nWhose allergies would cause her to wail,\nShe'd sneeze and she'd itch,\nAnd her eyes would all scratch,\nAt the mere sight of a daisy's gale.	There once was an old lady quite frail\nWhose allergies caused quite the travail\nShe'd sneeze and she'd itch\nAnd her eyes would all twitch\nAt the mere sight of a daisy's detail
215	HuggingFaceH4/zephyr-7b-beta	Generation	Achieving your dreams is not an easy feat; it takes hard work, determination, and a lot of effort. However, it's not impossible. Here are some practical steps you can take to help you achieve your dreams, and advice on how to deal with obstacles that may arise along the way.\n\n1. Define your dreams - Before you start working towards your dreams, take some time to define them. What do you really want to achieve? Be specific. Write it down and make it as concrete as possible.\n\n2. Break it down - Once you've defined your dream, break it down into smaller, achievable steps. This will make it less overwhelming, and you'll know exactly what you need to do to get there.\n\n3. Take action - Here's the hard part - take action. Don't wait for things to happen, make them happen. Start with the first step you identified in the previous point, and work your way through the list.\n\n4. Stay motivated - Staying motivated is essential when working towards your dreams. Find sources of inspiration and motivation, whether it's reading books, listening to podcasts, or watching videos. Surround yourself with positivity and determination.\n\n5. Learn to overcome obstacles - There will be obstacles along the way. But how you deal with them is what matters. Don't let them defeat you; instead, use them as learning opportunities. An obstacle is just a challenge that you have yet to overcome. View it as a test of your perseverance and determination.\n\n6. Believe in yourself - Believing in yourself is crucial when working towards your dreams. Don't doubt your abilities or let other people's negativity get to you. Trust that you can do it, and keep pushing forward.\n\n7. Seek support - Don't be afraid to ask for help or seek support. You don't have to do it alone. Be open to suggestions and guidance from others, whether it's a mentor, coach, or friend.\n\n8. Stay focused - It's easy to get distracted, but stay focused on your dreams. Don't let other things distract you or take your attention away. Remember why you started and why your dreams matter to you.\n\n9. Keep learning - Keep learning and developing new skills. Continuously working on yourself will make you a more valuable and capable person, and will set you up for success in achieving your dreams.\n\n10. Enjoy the journey - Finally, enjoy the journey. Don't just focus on the end goal; instead, appreciate each step along the way. Take time to celebrate your accomplishments, no matter how small they may seem. Enjoy the process of becoming the person who can achieve their dreams.\n\nAchieving your dreams may not be easy, but it's worth it. By following these practical steps and staying positive and focused, you'll be on your way to achieving your goals. Remember: every obstacle is an opportunity to learn and grow, and every inch of progress you make brings you one step closer to achieving your dreams. Believe in yourself, stay motivated, and keep pushing forward. Happy dreaming!	Achieving your dreams can be difficult, but so rewarding if you succeed. With long-term commitment, discipline, and patience (Rome wasn't built in a day), it's very possible. Check out some ideas and steps that can, at the very least, give you a starting point toward reaching your dreams.\n\n1. Set goals: The terms dreams and goals can be used interchangeably in this concept. Like Martin Luther King said: "I have a dream". Before you can start working towards what you want, decide what you want to achieve, write it down, and make it as specific as possible. \n\n2. Step by step:  If your goals are pretty big (like owning a thriving business, or buying your dream home), you could become overwhelmed and end up stuck in a rut. No matter what you want to achieve, break it down into realistic steps, and how to take these steps correctly.\n\n3. Get going: Once your goal is in place, and you've identified your steps to success, it's time to start moving. Without action and effort from your side, things are not going to magically fall into place. \n\n4. Keep going: Staying motivated and disciplined can be difficult, especially if your dreams are going to take a while (and a lot of effort). Don't get stuck with the idea of instant gratification; good things come to those who wait...and hustle. You should also look for ways to stay motivated and inspired, to keep your eye on the prize. Read books, listen to podcasts, and watch motivational videos to stay focused and positive. \n\n5. Accept the speed bumps: There will almost always be obstacles and speed bumps that you'll encounter on your road to success. It's how you deal with them that matters. Instead of throwing in the towel after a few setbacks, use them as lessons and learn from them.\n\n6. Believe in yourself: At the end of the day, you are the only person who can truly reach your goals. If you don't believe in yourself, you're losing your biggest ally. Stay confident and focused, and ignore any negativity around you.\n\n7. Ask for help: You should never feel afraid or weak if you need help. If there is someone that you look up to, like a mentor, or simply someone who has achieved similar dreams, reach out.\n\n8. Have a good time: While it's easier to focus on your end goal, a big part of achieving your dreams is the journey you need to take to get there!  Celebrate the big wins, of course, but celebrate the small ones, too.\n\nHopefully, this blog has sparked some inspiration and has given you a road map of the journey you need to take to achieve your dreams.
216	HuggingFaceH4/zephyr-7b-beta	Generation	Your Majesty,\n\nI am writing to bring to your attention a grave and unexpected predicament that has overtaken our beloved kingdom. A kissing epidemic has swept across the lands, leaving an army of women scouring the earth for any creature they might find, in the hopes of discovering their own royal spouse.\n\nAt first, this fervor was dismissed as a lighthearted jest. But soon enough, it became apparent that the situation was spiraling out of control. Women have not only kissed random men that cross their paths, but they've also taken it upon themselves to behave in the most bizarre fashion. They're kissing pets, farm animals, and even wild wolves!\n\nI must admit that I too was caught off guard and now I find myself facing the unprecedented situation of fighting off women who have invaded my pigsty, determined to smooch my swine! Though I will not lie, strange as it may seem, some of these creatures now seem to have the aura of royalty about them!\n\nYour Highness, silence must be maintained lest we grow a legion of women claiming to have kissed a prince in its earliest stages. Unfortunately, any explanation given by us may only result in further pandemonium. The situation has reached a critical point, and I fear for the future of our kingdom.\n\nMay I remind Your Majesty of the time when you, yourself, were transformed from a mere frog to a royal prince, merely by the power of a kiss. Alas, it would most certainly be absurd to expect that every woman who comes into contact with someone of royalty shall begin showing signs of love and affection towards them.\n\nTherefore, I implore Your Majesty, to investigate the matter at hand. I trust in your wisdom and nobility to come up with a fitting solution that will make our land prosperous and free from further chaos.\n\nYours Most Fervently,\n\n[Your Name]	Your Majesty,\n\nYour Majesty, I write to you with a sense of urgency and concern, as our beloved kingdom is currently grappling with a most unusual and alarming situation-a rampant kissing epidemic. This unforeseen predicament has led to a frenzy among our women, who are now scouring the kingdom in search of their potential royal spouses.\n\nAt first, this enthusiasm was dismissed as a lighthearted jest. But soon enough, it became apparent that the situation was spiraling out of control. Women have not only been kissing random men who cross their paths but also pets, farm animals, and even wild wolves! One woman was nearly mauled to death. \n\nI must admit that I didn’t take this situation seriously, and now I find myself facing an unprecedented situation. Every morn, I must keep 10-15 women at bay from invading my pigsty. They’re determined to kiss my swine! To my bewilderment, some of these creatures now seem to have the aura of royalty about them. My prized breeder will now only eat if I bow to her first. \n\nYour Highness, I seek your guidance. It is understandable that the crown has maintained silence during this saga, especially with your origins as a frog who turned into a royal prince with just a kiss. But the situation has reached a critical point, and I fear for the future of our kingdom. At this time, further silence will only result in further unrest. How can we possibly prepare for the fall harvest when all the women are gallivanting around kissing farm animals? \n\nYour Majesty, I have full faith in your wisdom and noble leadership. I implore you to investigate this matter and trust that you will devise a solution that will restore order and prosperity to our kingdom, freeing us from this chaos.\n\nYours Most Fervently,\n\n[Your Name]
227	HuggingFaceH4/zephyr-7b-beta	Generation	The lights blazed down from above, casting the packed arena in an indiscriminate glow. The roar of the crowd grew louder as Samantha stepped onto the mat, her focus unwavering. She knew there was only one way to win this tournament - by beating her opponent in a fight they would both never forget.\n\nHer foe was a tall, muscular man, his biceps bulging as he let out a fierce growl. He smirked at Samantha, his eyes hungrily scanning her lithe form. Samantha tightened her fist, feeling an intense surge of adrenaline. She knew she had to strike first.\n\nThe crowd hushed as the referee signaled the start of the match. Samantha lunged forward, her fist flying towards her opponent's face. But her attack was quickly countered, sending her flying back with a loud thud.\n\nHer momentary lapse of focus cost her dear, and Samantha knew that this was going to be a grueling battle. She clenched her jaw, gritting her teeth as she surged forward once again. This time, she moved with a ferocity, her hands and legs striking out like a whirlwind.\n\nHer attacks were rapid and deadly, like lightning bolts descending upon her foe. He struggled to keep up with her speed, but Samantha was relentless. Her strikes were precise and powerful, draining the life out of her opponent in a matter of minutes.\n\nSuddenly, Samantha's foe let out a final snarl, his body slumping to the mat as he crumpled into a heap. The audience erupted into thunderous applause as the referee announced the winner. Samantha, the proud victor, stood tall, her heart beating with triumph.\n\nIn that moment, Samantha knew that she had achieved something incredible. She wasn't just the best karate student in her class, but now she was one of the most lethal fighters in the city. Her journey towards martial arts mastery had been long and grueling, but the payoff was worth every sweat-drenched morning and every aching limb.\n\nStanding victorious, Samantha felt a sense of pride course through her veins. She knew that she was capable of achieving anything she set her mind to, and she resolved to keep pushing herself to new heights. After all, there was always another tournament to win, another opponent to defeat, and another victory to savor.\n\nFor Samantha, the pursuit of martial arts was not just about winning tournaments or proving her worth, but about honoring the discipline and rigor that had brought her this far. And as she stood on that mat, basking in the adoration of the crowd, she knew that her journey towards mastery was only just beginning.	Lights blazed down from above, casting the packed arena in a warm glow. The smell of sweat and rubber mats filled Samantha's nostrils as she looked at the crowd before her. People of all ages cheered as Samantha took the mat. She told herself to focus and appear confident, but a nervousness gnawed at her deep down. She smiled shyly at the crowd and accepted her victory graciously and without bravado.\n\nThis was her moment. She knew there was only one way to win this tournament—by beating her opponent in a fight they would both never forget. She gulped as her opponent came to the mat.\n\nHer foe was a towering, muscular man. His biceps bulged as he let out an intimidating growl. He seemed more like a beast than a man at that moment, and it worried her. There was a crazy glint in his eye as he smirked at Samantha. His eyes hungrily scanned her limber form. Samantha tightened her fist, feeling a slight gnaw of self-doubt and insecurity. Was she strong enough? Did she stand a chance against this savage brute?\n\nThe crowd reluctantly hushed as the referee signaled the start of the match. Samantha immediately sprang forward, eager for a taste of violence. Her fist flew toward her opponent's face, only for her attack to be quickly countered. Samantha was sent flying back with a loud thud. Her momentary lapse of focus had cost her dearly, and Samantha knew this would be a grueling battle. She clenched her jaw, gritting her teeth, and surged forward again, determined to put in the best fight of her life. This time, Samantha moved more confidently with a ferocity, her hands and legs striking out like a whirlwind. She began landing attacks, fast and deadly, like lightning bolts from Zeus above.\n\nHer foe let out guttural cries with each blow. The large man struggled to keep up with Samantha's speed, but she was persistent. Her strikes were accurate and strong, draining the life out of her opponent.\n\nAbruptly, Samantha's foe let out a final moan in defeat, his body slumping to the mat like a sack of meat. The crowd went wild and began cheering raucously for their underdog champion. The applause was deafening as the referee announced the winner. A small smile crept across Samantha's face as she stood tall, her heart beating triumphantly.\n\nSamantha knew at that moment that she had achieved something incredible. She had conquered her self-doubt and proven her strength to the world. Her journey toward martial arts mastery had been long and grueling, but the payoff was worth every sweat-drenched morning and every aching limb.\n\nFor Samantha, martial arts was not just about winning tournaments or proving herself but honoring the discipline and rigor that had brought her this far. The uphill battle was the real achievement. She had proven herself a worthy and strong contender, which was the most critical part. Her self-doubt left her body as she looked up at the cheering crowd.\n\nAs she stood on that mat, basking in the applause and attention of the excited crowd, she knew that her journey was only beginning. Her victory was not the end but a stepping stone toward her continuous self-improvement. The only person she needed to prove herself to was herself all along.
234	mistralai/Mistral-7B-Instruct-v0.1	Generation	Introducing the latest collection, "The It Girl," a seamless blend of style, sophistication, and elegance, designed for the woman who wants to make a statement. This collection is inspired by the vibrant, confident, and independent women of today, who are not afraid to be themselves and stand out from the crowd.\n\nThe fabrics used in this collection are carefully chosen to create an overall aesthetic that is both luxurious and practical. From flowing silks and satins to downtime jeans and denim, each piece has been meticulously crafted to ensure maximum comfort and style. The color palette is bold and playful, featuring hues like fiery reds, royal purples, and electric blues, which are perfect for the woman who wants to make a statement and turn heads.\n\nThe overall aesthetic of "The It Girl" is one of confidence, edge, and femininity. Each piece is designed to be versatile, so that the wearer can transition effortlessly from day to night. From trendy off-the-shoulder dresses and crop tops to classic tailored blazers and pencil skirts, this collection has something for every woman, no matter her style or personality.	"The It Girl", our latest collection is a seamless blend of style, sophistication and elegance. It's designed for the woman who wants to make a statement and it is all about the aesthetic of confidence, edge, and femininity. Each piece is designed to be versatile so that the wearer can transition effortlessly from day to night. From trendy off-the-shoulder dresses and crop tops to classic tailored blazers and pencil skirts, this collection has something for every woman, no matter her style or personality. \n\nThis collection is inspired by the vibrant, confident, and independent women of today, who are not afraid to be themselves and stand out from the crowd. The fabrics used in this collection are carefully chosen to create a look that is both luxurious and practical. From flowing silks and satin to downtime jeans and denim, each piece has been meticulously crafted to ensure maximum comfort and style. The color palette is bold and playful, featuring hues like fiery reds, royal purples, and electric blues; perfect for the woman who wants to make a statement and turn heads.
235	mistralai/Mixtral-8x7B-Instruct-v0.1	Generation	Sure, here's a step-by-step guide on how to change a tire:\n\n1. Find a safe location: Pull over to a flat, stable place away from traffic.\n2. Turn on hazard lights: This will alert other drivers of your situation.\n3. Apply the parking brake: This will minimize the possibility of your vehicle rolling.\n4. Remove the hubcap or wheel cover: It may be easier to do this before you lift the vehicle with the jack.\n5. Loosen the lug nuts: Use the lug wrench to turn the lug nuts counterclockwise until you break their resistance. You may need to use force, and that’s okay. Do not remove the lug nuts yet.\n6. Set up the jack: Place the jack under the frame near the tire that you are going to change. Ensure that the jack is in contact with the metal portion of your car’s frame. Many vehicles have molded plastic on the bottom with a cleared area of exposed metal specifically for the jack.\n7. Raise the vehicle: With the jack properly positioned, raise the vehicle until the flat tire is about six inches above the ground.\n8. Unscrew the lug nuts: Now it’s time to remove the lug nuts all the way. Since you’ve already loosened them, you should be able to do this by hand.\n9. Remove the flat tire: Pull the tire towards you to remove it from the wheel base.\n10. Mount the spare tire: Place the spare on the hub by aligning the rim with the lug bolts. Push gently until the lug bolts show through the rim.\n11. Tighten the lug nuts by hand: Once the spare is on, you should tighten the lug nuts as much as you can by hand. They should turn easily at first.\n12. Lower the vehicle and tighten the lug nuts again: Use the jack to lower the vehicle so that the spare tire is touching the ground but not bearing the full weight of the vehicle. At this point, you should tighten the lug nuts as much as possible using the wrench.\n13. Lower the vehicle completely: Bring the vehicle all the way to the ground and remove the jack. Give the lug nuts another pull with the wrench to ensure they’re as tight as possible.\n14. Replace the hubcap or wheel cover: If your vehicle has a hubcap or wheel cover that you removed, replace it now. Some hubcaps won’t fit over some spare tires. If this is the case, stow it away with your flat tire.\n15. Check the tire pressure: Spare tires often have lower pressure than regular tires. If the tire needs pressure, drive (slowly) to a service station immediately.\n\nRemember, a spare is not meant to be driven on for long distances or at high speeds, so drive cautiously until you’re able to have your tire replaced.	• Try to find a safe, area to pull over, ideally one that has a flat surface, won't block oncoming cars or is on a blind corner.\n\n• Switch your hazards on, so other drivers know to pass with caution.\n\n• Make sure your handbrake is up so that your car won't move while changing the tire.\n\n• Remove the wheel cover or hubcap to make lifting your car with a jack easier. You need to remove the wheel cover before you start changing the tire.\n\n• Use a lug wrench to loosen the lug nut. Loosen them using by turning the wrench counterclockwise, but don't fully remove the lug nuts until your car is lifted with the jack. \n\n• Lift your car with the jack, so there are a few inches between the tire and the ground.\n\n• Remove the lug nuts completely.\n\n• Remove the tire and place it to one side.\n\n• Replace the tire with your spare by aligning it to the wheel hub or rim bolts and pushing it back until it's firmly in place.\n\n• Put the lug nuts back into their hole to secure the spare tire, turning them clockwise. You can do this by hand.\n\n• Lower the car back down using the jack, making sure that the new tire reaches the ground but don't allow it to rest completely until the lug nuts are completely tightened, this time using the wrench.\n\n• Lower the car completely and remove the jack, making sure the lug nuts are completely tight, and the tire is totally secured.
236	mistralai/Mistral-7B-Instruct-v0.1	Generation	Title: "Brushstrokes of Love"\n\nSynopsis:\n\nIn a quiet art museum, on a rainy day, two strangers, Sarah and David, find solace from the outside world. Both are standing in front of a Vincent Van Gogh painting, lost in thought. They share an unspoken understanding as they admire the beauty and tragedy depicted in the strokes on the canvas. \n\nSarah, an aspiring artist, has been struggling to find her identity amidst the harsh criticism of the art world. Meanwhile, David, a successful businessman, has been feeling empty and distant from his wife and children. As they stand together, united by their love for art, they begin to open up to each other, sharing their hopes, dreams, and fears.\n\nAs they wander through the museum, they are drawn to a Monet painting, which captures the essence of their blossoming feelings. They sit down on a bench, holding hands, and watch as the colors of the sunset reflect off the water, just like their hearts, merging together.\n\nSuddenly, Sarah breaks down in tears, revealing her deep-seated insecurities about her art. David, comforting her, tells her about his admiration for her work and how he believes in her. This unexpected moment of kindness reignites the fire in Sarah's heart, giving her the confidence to pursue her dreams.\n\nJust as they think they've found their perfect moment, David's phone rings, calling him away to attend a crucial business meeting. With a heavy heart, they say their goodbyes, promising to meet again.\n\nAs Sarah watches David walk away, she feels a sense of sadness but also a newfound courage. She picks up a paintbrush left behind by David and starts painting, pouring all of her emotions onto the canvas. As she finishes, she takes a step back and smilingly looks at the painting - it's a beautiful representation of two people who connected through their shared love for art, leaving behind a masterpiece of their own.\n\n"Brushstrokes of Love" is a touching short film that explores the power of art to bring people together, to heal, and to inspire. It shows how even the smallest connections can leave a lasting impact on our lives, much like the brushstrokes on a canvas.	Title: "Brushstrokes of Love"\n\nSynopsis:\n\nOn a rainy day, in the hushed halls of an art museum, Sarah and David, two strangers seeking solace from the outside world, are captivated by a Vincent Van Gogh painting. Without words, they share a profound understanding of the painting's vibrant swirls, a silent bond that speaks volumes.\n\nSarah, an aspiring artist, is grappling with finding her own voice amidst the art world's relentless critiques. David is a successful businessman who feels a growing void in his life, alienated from his wife and children. Standing side by side, their mutual passion for art draws them closer, and they start sharing their deepest aspirations and fears.\n\nTheir museum exploration leads them to a Monet painting, mirroring the tender feelings blossoming between them. They sit, hand in hand, watching the sunset's colors dance on the water's surface, their hearts blending in harmony.\n\nA moment of vulnerability comes when Sarah tearfully confesses her doubts about her artistic talents. David responds with heartfelt encouragement, expressing his admiration for her work and his belief in her potential. This kindness rekindles Sarah's creative passion and bolsters her resolve to pursue her dreams.\n\nTheir time together is abruptly cut short when David is called for an urgent business meeting. As they part, Sarah is left with a mix of sadness and newfound determination. Inspired, she picks up a paintbrush David left behind and starts painting, pouring her emotions onto the canvas. Stepping back, she smiles at her creation—a vivid testament to their fleeting yet profound connection, and a symbol of her renewed artistic passion.\n\n"Brushstrokes of Love" is a moving short film that celebrates art's transformative and healing power. It illustrates how even brief encounters can profoundly touch our lives, much like the enduring strokes on a canvas.
237	mistralai/Mixtral-8x7B-Instruct-v0.1	Generation	Sure! Here is a glossary covering the different types of coal and some general information about coal:\n\n* Anthracite: This is a type of coal that is very hard and has a low moisture content. It has the highest carbon content of any type of coal, and as a result, it burns the hottest and produces the least amount of smoke. Anthracite is often referred to as "hard coal" and is typically used for residential and industrial heating.\n\n* Bituminous: This is a type of coal that is softer and has a higher moisture content than anthracite. It has a lower carbon content than anthracite, but it still burns hot and produces a moderate amount of smoke. Bituminous coal is often used for electricity generation and for making coke, a solid carbonaceous residue that is used in the manufacturing of iron and steel.\n\n* Subbituminous: This is a type of coal that is softer and has a higher moisture content than bituminous coal. It has a lower carbon content than bituminous coal and burns at a lower temperature, producing more smoke and sulfur dioxide. Subbituminous coal is often used for electricity generation.\n\n* Lignite: This is a type of coal that is soft and has a high moisture content. It has the lowest carbon content of any type of coal and burns at the lowest temperature, producing the most smoke and sulfur dioxide. Lignite is often used for electricity generation in areas where other types of coal are not readily available.\n\n* Coal rank: This refers to the degree of transformation or metamorphosis that a coal has undergone. There are four main ranks of coal: lignite, subbituminous, bituminous, and anthracite. The rank of a coal is determined by its carbon content, moisture content, and other properties.\n\n* Coal formation: Coal is formed from plant material that has been buried and subjected to heat and pressure over millions of years. The process of coal formation, called coalification, results in the transformation of the plant material into progressively higher ranks of coal.\n\n* Coal reserves: Coal reserves refer to the estimated amount of coal that is still in the ground and can be extracted using current technology. Coal reserves are typically measured in terms of energy content, and are reported in units of billions of tons of coal equivalent (BTCE).\n\n* Coal mining: Coal mining is the process of extracting coal from the ground. There are two main methods of coal mining: surface mining and underground mining. Surface mining is used to extract coal that is located close to the surface, while underground mining is used to extract coal that is located deeper underground.\n\n* Coal power plants: Coal power plants are facilities that generate electricity by burning coal. The heat from the burning coal is used to produce steam, which drives a turbine connected to a generator. The generator produces electricity, which is then transmitted to the power grid for distribution to consumers.\n\nI hope this glossary helps! Let me know if you have any other questions about coal.	Different types of coal include:\n\n* Anthracite: This is a type of coal that is very hard with a low moisture content. It has the highest carbon content of any type of coal, and as a result, it burns the hottest and produces the least amount of smoke. Anthracite is often referred to as "hard coal" and is mostly used for residential and industrial heating.\n\n* Bituminous: This type of coal is softer and has a higher moisture content than anthracite. It has a lower carbon content than anthracite, but it still burns hot and produces a moderate amount of smoke. Bituminous coal is often used for electricity generation and for making coke, a solid carbonaceous residue that is used in the manufacturing of iron and steel.\n\n* Subbituminous: This coal is softer and has a higher moisture content than bituminous coal. It has a lower carbon content than bituminous coal and burns at a lower temperature, producing more smoke and sulfur dioxide. Subbituminous coal is often used for electricity generation.\n\n* Lignite: Lignite coal is soft and has a high moisture content. It has the lowest carbon content of any type of coal and burns at the lowest temperature, producing the most smoke and sulfur dioxide. Lignite is often used for electricity generation in areas where other types of coal are not readily available.\n\nMore information about coal:\n\n* Coal rank: This refers to the degree of transformation that coal has gone through. There are four main ranks of coal: lignite, sub-bituminous, bituminous, and anthracite. The rank of coal is determined by its carbon content, moisture content, and other properties.\n\n* Coal formation: Coal is formed from plant material that has been buried and subjected to heat and pressure over millions of years. The process of coal formation, called coalification, results in the transformation of the plant material into progressively higher ranks of coal.\n\n* Coal reserves: Coal reserves refer to the estimated amount of coal that is still in the ground and can be extracted using current technology. Coal reserves are usually measured in terms of energy content, and are reported in units of billions of tons of coal equivalent (BTCE).\n\n* Coal mining: Coal mining is the process of extracting coal from the ground. There are two main methods of coal mining: surface mining and underground mining. Surface mining is used to extract coal that is located close to the surface, while underground mining is used to extract coal that is located deeper underground.\n\n* Coal power plants: Coal power plants are facilities that generate electricity by burning coal. The heat from the burning coal is used to produce steam, which drives a turbine connected to a generator. The generator produces electricity, which is then transmitted to the power grid for distribution to consumers.
238	HuggingFaceH4/zephyr-7b-beta	Generation	Although both monkeys and apes belong to the primate order, there are some differences between the two.\n\n1. Evolutionary origin: Apes are evolutionarily more advanced than monkeys and are believed to have split from the human evolutionary lineage, while monkeys have not.\n\n2. Physical Features: Apes tend to have broader bodies and shorter legs, while monkeys are more slender with longer limbs. Apes also have flat faces and smaller noses, while monkeys have round noses and protruding snouts.\n\nHere are some examples of both:\n\nMonkeys:\n\n1. Capuchin monkeys (Cebidae): Native to Central and South America, these monkeys have distinct white fur around their faces and are known for their intelligence and dexterity.\n\n2. Macaques (Macaca): Found in Asia, these monkeys are social animals that live in large communities and are known for their distinctive facial features, such as wrinkles and flat noses.\n\n3. Howler monkeys (Alouatta): Located in Central and South America, howlers produce loud vocalizations that can be heard over long distances.\n\n4. Squirrel monkeys (Saimiri): Small and agile, squirrel monkeys are found in South America and are known for their prehensile tails and colorful fur.\n\n5. Spider monkeys (Ateles): Native to Central and South America, spider monkeys get their name from their webbed fingers and toes that resemble spider legs.\n\nApes:\n\n1. Chimpanzees (Pan): Found in Africa, chimps share around 98% of their DNA with humans and are known for their complex social structures.\n\n2. Gibbons (Hylobates):Native to Southeast Asia, gibbons are known for their remarkable vocal abilities, which can carry over 1.5 miles through the forest.\n\n3. Orangutans (Pongo): Native to Indonesia and Malaysia, orangutans are known for their solitary habits and their long, hairy arms.\n\n4. Gorillas (Gorilla): The largest of all primates, gorillas are found in Central Africa and are endangered due to habitat loss and poaching.\n\n5. Bonobos (Pan paniscus): These apes are found in the Democratic Republic of the Congo and are known for their complex social structures and their use of sexual behaviour in social interactions. They are also considered some of the closest living relatives of humans.\n\nOverall, both monkeys and apes play vital roles in their respective ecosystems, and it's essential to protect them in order to maintain healthy and sustainable environments.	Monkeys and apes are both primates, there are some differences between the two. Compared to monkeys, apes are more advanced in an evolutionary sense, with a closer link to human beings. They also differ physically. While apes have bigger bodies and short legs, as well as small noses and flatter faces, monkeys are smaller, have longer limbs and rounded faces with larger noses.\n\nHere are five examples of both:\n\nMonkeys:\n\n1. Capuchin monkeys (Cebidae): These monkeys are small, agile, and intelligent, with white fur around their faces. They are native to Central and South America. \n\n2. Macaques (Macaca): With distinctive facial features, like wrinkles and flattened noses, these monkeys are native to Asia.\n\n3. Howler monkeys (Alouatta): Howler monkeys have earned their unusual name for a reason. They make loud noises that can be heard from afar. You can find these monkeys in Central and South America,\n\n4. Squirrel monkeys (Saimiri): These small, agile monkeys are native to South America, and have long tails and colorful fur.\n\n5. Spider monkeys (Ateles): These monkeys can be found in Central and South America. They're called spider monkeys thanks to their webbed fingers and toes, which look similar to spider legs.\n\nApes:\n\n1. Chimpanzees: Chimpanzees are known for their intelligence and share 98% of DNA with human beings!  Chimpanzees are native to Africa.\n\n2. Gibbons (Hylobates): These Southeast Asian apes are best known for their incredible vocals, which can be heard from distances of over a mile. \n\n3. Orangutans (Pongo): Orangutans are native to Indonesia and Malaysia. They are not as social as other apes and have long arms with orange-tinged fur.\n\n4. Gorillas (Gorilla): Gorillas are the largest primate (humans included). Native to Central Africa, gorillas are considered endangered due to human activity, including poaching and deforestation. \n\n5. Bonobos (Pan paniscus): Bonobos are native to the DRC (Democratic Republic of Congo), and are incredibly intelligent. While chimpanzees share 98% of DNA with humans, these apes are some of the closest living relatives.
239	HuggingFaceH4/zephyr-7b-beta	Generation	In the world of sports, where muscles roam,\nThere's one thing that's key to improving your game, my dear dome.\nA thirst-quenching elixir that's crucial to stay,\nDrink plenty of water, dear athlete, come what may!\n\nFrom football to basketball, from tennis to golf,\nH2O fuels up your body, it never gets old.\nIt helps prevent cramps, enhances focus and speed,\nBoosts performance, it nourishes your feed!\n\nSo, in the heat of the stadium or field,\nDon't forget to hydrate, it's not really hard to yield.\nPour that bottle, take a sip,\nFeel the pump, and never, ever flip.\n\nWater, water, water, it's like a magical friend,\nIt helps your body stay cool when you're on the mend.\nIt flushes out waste and keeps you dump,\nBe a hydrated athlete and watch your body jump!\n\nSo, before and after games,\nMake sure you drink enough 'cause your body never lays games.\nH2O is your superhero and your body the hero in return,\nStay hydrated and rise above the burning gone.\n\nAthletes, listen up, and take this advice,\nFrom a wise creature who's helped and hyped,\nWater, water, water, it's what you need,\nNow you're on your way, my dear dear spreed!	In the world of sports, where the muscles are grown,\nThere's one thing that's key to improving your game.\nA thirst-quenching elixir that can stand on its own,\nit's water, my friend- ask for it by name.\n\nFrom football to basketball, from land to sea,\nKeep drinking that water, you must listen to me!\nIt helps prevent cramps, enhances focus and speed,\nBoosts your performance, and what's better? It's free!\n\nSo, in the heat of the stadium, or at the end of the track,\nDon't forget to hydrate, it's time to pay your body back.\nPour that bottle, take a nice long sip,\nLooks like you could use some more, drip, drip, drip.\n\nWater, water, water, it's like a magical friend,\nIt helps your body stay cool and hydrates you to no end!\nIt flushes out waste and keeps you feeling cool,\nBe a hydrated athlete, not a dried-out, thirsty fool.\n\nBefore and after all those great games,\nMake sure you drink enough, so your body is not in pain.\nH2O is your fuel, and your body is the machine,\nStay hydrated to win, so you can make all the gains!\n\nAthletes big and small listen up, and take this advice,\nFrom a wise old creature, who is really quite nice.\nWater, water, water, it's what your body needs,\nNow see, you're on your way, with the fastest of speeds!
240	HuggingFaceH4/zephyr-7b-beta	Generation	I stood there with my coat sleeve outstretched, holding open the heavy wooden door for what felt like an eternity. Sweat beaded on my forehead and my heart pounded in my chest. I had never held a door open for so long before, and it was starting to feel like an outright challenge.\n\nPeople came and went, sometimes a rush of bodies in a flurry of activity, other times a steady trickle. But the real test was yet to come. The one I had been anticipating for over an hour now.\n\nI had seen it coming. The way he walked towards the door, shoulders hunched, eyes downcast, was all the warning I needed. This was going to be a test like no other.\n\nHe was a tall, broad-shouldered man, with a rugged beard and piercing blue eyes that could cut through steel. I had seen him before - a frequent visitor to the building, always in a hurry, never once acknowledging my presence as I held the door open for him.\n\nI steeled my nerves, gripped the door handle firmly, and waited for him to approach. Slowly, he neared, his footsteps echoing through the empty hallway. I could feel my heart racing now, the sound of my own pulse rattling in my ears.\n\nAnd then... He walked by, without so much as a flicker of acknowledgement. I stood frozen, my hand still pressed against the door, as he disappeared around the corner.\n\nMy throat was dry, my palms slick with sweat, and I felt like a complete failure. I should have known this wouldn't work - that no amount of door-holding could melt the iron resolve of some peoples' indifference.\n\nBut something shifted inside me then, and I realized that this wasn't about changing him or winning his approval. It was about the power of my own actions, to make a difference even in the face of disdain. I lowered my arm, feeling a sense of satisfaction that transcended any external recognition.\n\nAs I walked back to the warmth of the building, I knew that I wouldn't win every battle, and that some people would always remain closed off. But that was okay. Because in my heart, I knew that I was doing the right thing - that the small, everyday acts of kindness and compassion, without the need for ulterior motives, were what truly mattered. And that, my friends, is powerful stuff.	I stood with my arm outstretched, holding open the heavy wooden door for what felt like an eternity. Sweat beaded on my forehead - I had never held a door open for so long before, and it was starting to feel like a challenge.\n\nPeople came and went, sometimes a rush of bodies in a flurry of activity, other times a steady trickle. \n"Hello," said one woman, her arms laden with shopping bags. \n"Hi, there." \n"Thanks so much," she breathed as she brushed past me. I smiled in response. \n\nBut I had been anticipating something for the past hour - the real test was yet to come. I had seen it before. The way he walked towards the door, shoulders hunched, eyes downcast. That was all the warning I needed.\n\nHe was a tall, broad-shouldered man, with a rugged beard and piercing blue eyes. I had seen him before - a frequent visitor to the building, always in a hurry, never once acknowledging my presence as I held the door open for him. I steeled my nerves, gripped the door handle firmly, and waited for him to approach. \n\nSlowly, he neared. I could feel my heart racing now, the sound of my own pulse echoing in my head.\n\nHe walked past, without so much as a flicker of acknowledgement. I stood frozen, my hand still pressed against the door, as he disappeared around the corner.\n\nMy throat was dry, my palms slick with sweat, and I felt like a complete failure. I should have known this wouldn't work - that no amount of door-holding could melt the iron resolve of some peoples' indifference.\n\nBut something shifted inside me then, and I realized that this wasn't about changing him or winning his approval. It was about the power of my own actions to make a difference, even with a small action like holding open a door.\n\nAs I walked back to the warmth of the building, I knew that I wouldn't win every battle, and that some people would always remain closed off. But that was okay because in my heart, I knew that I was doing the right thing - that the small, everyday acts of kindness and compassion, were what truly mattered.
241	HuggingFaceH4/zephyr-7b-beta	Generation	Spring has arrived, bringing with it a bounty of fresh fruit and vegetables that are perfect for delicious and healthy salads. If you're looking for some inspiration for your next meal, here are a few ideas to try:\n\n1) Strawberry Spinach Salad: Combine baby spinach, sliced strawberries, dried cranberries, crumbled feta cheese, and candied pecans for a sweet and tangy flavor. Top it off with a homemade strawberry vinaigrette dressing made from strawberries, vinegar, dijon mustard, and honey.\n\n2) Grilled Asparagus Salad: Grill asparagus spears until charred, then slice into bite-sized pieces. Mix with arugula, cherry tomatoes, and fresh radishes. Top with grated Parmesan cheese and drizzle balsamic glaze over the top.\n\n3) Quinoa and Kale Salad: Cook quinoa according to package instructions, then toss with chopped kale, dried cranberries, chopped red bell pepper, and chickpeas. Add a simple lemon-tahini dressing made from tahini, lemon juice, garlic, and water.\n\n4) Pea and Mint Salad: Cook fresh spring peas and toss with chopped fresh mint leaves, crumbled goat cheese, and microgreens. Dressed with a balsamic dressing to bring out the flavor of the mint.\n\nWith these fresh and delicious salad ideas, you're sure to impress your taste buds and enjoy the refreshing flavors of spring. Happy salad-making!	Spring is here at last! Are you looking to switch up the soups, stews and other heavier meals that you've been indulging in during the colder season? We have a list of some mouth watering salads, that will not only bring some zest back into your culinary lifestyle, but may help you shed a few extra pounds so that you're beach ready come summer!\n\n1. Roasted Pear Salad with Goat Cheese: Combine arugula and spring mix, toasted pecans, and crumbled goat cheese. Add some maple roasted pears and drizzle this delicious and quick salad with a zesty lemon vinaigrette!\n\n2. Kale Salad: Tear the kale into pieces, place in a large bowl and add lemon juice, olive oil, and a pinch (or two) of salt. Use your hands to massage the ingredients into the kale leaves to become soft and reduced. Add more veggies, avocado, cranberries, toss the salad, drizzle with carrot dressing, and top with roasted chickpeas and sesame seeds. \n\n3. Spring Green Salad:  Combine crispy romaine lettuce with snap peas, chopped cucumber, and edamame.  Throw in mint and chives, and for a delicious crunch, some pistachios. Serve this gorgeous salad with a creamy yogurt and avocado dressing and enjoy!\n\nDo you have any spring salad ideas you'd like to share? Let us know in the comment section!
245	mistralai/Mistral-7B-Instruct-v0.1	Generation	In the park, two dogs roam free,\nOne is big and the other is small, but they agree\nTo play and have fun all the day,\nDespite their different sizes in every way.\n\nThe big dog with a fluffy coat,\nLoves to run and jump and play,\nWhile the small dog with a sleek coat,\nLikes to fetch and play his own game.\n\nBut when they're tired and they need a break,\nThey settle down on a patch of grass to rest,\nTheir furty heads close together they place,\nAnd they cuddle and sleep till the very best.\n\nThey may be different, size wise, you see,\nBut their friendship and love is truly one,\nThey play and have fun with glee,\nAnd their bond is unbreakable, till the setting of the sun.	On sunny summer days in the park, \nTwo dogs greet each other with a bark.\nOne is small, neat, white, and fluffy,\nThe other is black, tall, sleek, and scruffy.\n\nThe dogs have been friends a very long time,\nAnd love to play together in the sunshine. \nThey bound and jump, agile and quick,\nDigging the earth, and chasing the stick.\n\nWhen they tire of games and need a rest,\nThey find the tree that they like best,\nAnd curl up together beneath its leaves,\nHappily dreaming their doggie dreams.
246	HuggingFaceH4/zephyr-7b-beta	Generation	Dear valued members of our Discord community,\n\nAs our server grows and more users join us, we’ve noticed an increase in the use of explicit language in our channels. While we understand that some members may be mature enough to handle such content, we want to emphasize that our server is primarily composed of users under the age of 18. Therefore, we need to ensure that our platform remains a safe and welcoming environment for everyone.\n\nAs such, we kindly request that all users refrain from using profanity or vulgar language in our channels. This includes, but is not limited to, the use of slurs, derogatory remarks, and hate speech. We have zero tolerance for any content that promotes violence, prejudice, or bigotry.\n\nWe understand that some users may view this as a strict policy, but we must prioritize the well-being and sensitivity of our community members, especially considering the vast number of impressionable minors present on our server. We strongly believe that our community should set a positive example and show that we value respect, decency, and empathy above all else.\n\nWe would like to remind our members that our server is a place to collaborate, learn, and have fun. Using language or behavior that could offend or harm others only disrupts the productive and creative flow of our community.\n\nIn order to maintain a comfortable and positive environment, any user found using prohibited language may be issued a warning and potentially suspended or banned if they continue such behavior. We kindly ask that all members respect this vital rule in order to preserve the integrity, safety, and happiness of our community.\n\nRemember, we’re all here because we share a common passion, which is to innovate, create, and help others succeed. Let us fulfill that vision by maintaining a platform that represents the best values of friendship, cooperation, and learning. Thank you for your cooperation and commitment to our server’s principles.\n\nBest regards,\n[Your name or server admin's name]	Dear valued members of our Discord community,\n\nAs our server grows and more users join us, we’ve noticed an increase in the use of explicit language in our channels. While we understand that some members may be mature enough to handle such content, we want to emphasize that our server is primarily composed of users under the age of 18. Therefore, we need to ensure that our platform remains a safe and welcoming environment for everyone.\n\nAs such, we kindly request that all users refrain from using profanity or vulgar language in our channels. This includes, but is not limited to, the use of slurs, derogatory remarks, and hate speech. We have zero tolerance for any content that promotes violence, prejudice, or bigotry.\n\nWe understand that some users may view this as a strict policy, but we must prioritize the well-being and sensitivity of our community members. We strongly believe that our community should set a positive example and show that we value respect, decency, and empathy above all else.\n\nIn order to maintain a comfortable and positive environment, any user found using prohibited language may be issued a warning and potentially suspended or banned if they continue such behavior. We kindly ask that all members respect this rule in order to preserve the integrity, safety, and happiness of our community.\n\nThank you for your cooperation and commitment to our server’s principles.\n\nBest regards,\n[Your name or server admin's name]
248	HuggingFaceH4/zephyr-7b-beta	Generation	Introducing Oak Manor Horse Boarding, the premier destination for horse lovers seeking top-notch care for their equine companions. With vast expanses of lush green pastures and state-of-the-art facilities, our horse boarding facility provides the perfect home away from home for your beloved horse.\n\nBut what really sets us apart from the competition is our comprehensive range of veterinary services, including vet dentistry. We understand the importance of dental hygiene for horses and the significant impact it has on their overall health and well-being. That's why our team of experienced veterinarians and expert horse wranglers are here to offer a full range of dental services to keep your horse's teeth in prime condition.\n\nOur dental care services include routine dental exams, teeth cleaning, and corrective procedures to address misaligned teeth and other dental concerns. We also offer advanced imaging technologies to diagnose and treat dental issues that are less visible or harder to detect.\n\nAt Oak Manor Horse Boarding, we firmly believe that prevention is always better than cure. That's why we encourage our clients to enroll their horses in our regular dental check-up routine to ensure their oral health is maintained. Regular dental exams and treatments not only prevent dental problems but also promote healthy gums, a strong jawline and foster good overall health in horses.\n\nApart from dental care, our seasoned veterinarians and horse trainers provide a wide array of medical treatments that address various ailments that horses may face. These include vaccinations, worming, and blood tests, among many others. We also have a fully-stocked medical clinic with cutting-edge equipment and state-of-the-art machinery to ensure the best possible care for our horses.\n\nAt Oak Manor Horse Boarding, we value the comfort, safety, and happiness of our horse guests above all else. That's why we ensure that our veterinary and equine care services remain affordable and accessible to all. Our knowledgeable team will work closely with you to understand your specific requirements and provide customized price quotes, tailored to meet your needs.\n\nSo, what are you waiting for? Contact us today and become a part of the Oak Manor Horse Boarding family! Our horse boarding facilities, combined with our world-class vet dentistry and veterinary services, make us the preferred choice for horse enthusiasts worldwide.\n\nAt Oak Manor Horse Boarding, your horse's health, happiness, and well-being are our top priorities. Trust us to be your trusted partners in horse care, and let's journey to a brighter, happier, and healthier future for your beloved horse!	Introducing Oak Manor Horse Boarding, the premier destination for horse lovers seeking top-notch care for their equine companions. With vast expanses of lush green pastures and state-of-the-art facilities, our horse boarding facility provides the perfect home away from home for your beloved horse.\n\nWhat really sets us apart is our comprehensive range of veterinary services, including vet dentistry. We understand the importance of dental hygiene for horses and the significant impact it has on their overall health and well-being. That's why our team of experienced veterinarians and expert horse wranglers are here to offer a full range of dental services to keep your horse's teeth in prime condition.\n\nOur dental care services include routine dental exams, teeth cleaning, and corrective procedures to address misaligned teeth and other dental concerns. We also offer advanced imaging technologies to diagnose and treat dental issues that are less visible or harder to detect.\n\nAt Oak Manor Horse Boarding, we firmly believe that prevention is the first step to ensuring the health of the animals in our care. That's why we encourage our clients to enroll their horses in our regular dental check-up routine. Regular dental exams and treatments not only prevent dental problems but also promote healthy gums, a strong jawline, and foster good overall health in horses.\n\nApart from dental care, our seasoned veterinarians and horse trainers provide a wide array of medical treatments that address any ailments the horses may face. These include vaccinations, de-worming, and blood tests, among other procedures. We also have a fully-stocked medical clinic with cutting-edge equipment and state-of-the-art machinery, ensuring the best possible care.\n\nAt Oak Manor, we value the comfort, safety, and happiness of our horse guests above all else. We therefore make every effort to offer services that are affordable and accessible to all our clients. Our knowledgeable team will work closely with you to understand your specific requirements and provide customized price quotes, tailored to meet your needs.\n\nSo, what are you waiting for? Contact us today and become a part of the Oak Manor Horse Boarding family. Our wide range of services services and the excellent quality of our boarding facilities make us the preferred choice for horse enthusiasts nationwide.
250	HuggingFaceH4/zephyr-7b-beta	Generation	The group of six travelers huddled together in a small clearing, their heads low and their hearts pounding. They had heard the legends of Shadow, a man whose mere words held such power that it could make the strongest of men kneel at his feet. They trembled at the thought of encountering such a being, but fate had other plans.\n\nAs they sat, huddled in the shadows, one of them, a young woman named Selene, spotted movement. The others followed her gaze and saw a figure emerging from the thick forest. It was Shadow, tall and foreboding with dark hair and piercing eyes that seemed to bore into their souls.\n\nThe group froze, unsure of what to do. Shadow approached, his voice deep and resonant, sending shivers down their spines.\n\n"Why do you not kneel before me?" he asked, his eyes never leaving their faces.\n\nThe travelers hesitated, unsure of what would happen if they did or didn't obey. But ultimately, their fear got the best of them, and one by one, they fell to their knees, their heads bowed low.\n\n"Did you not hear me?" Shadow boomed, his voice echoing through the trees. "I said, why do you not kneel before me?"\n\nThe last holdouts dropped their heads, too terrified to resist any longer.\n\nShadow looked down at the people at his feet and smirked, a wicked gleam in his eye. "Good," he said. "Now, I have a proposition for you. I will spare your lives, but in exchange, you must do me a service. You must find a small object for me. It is hidden deep in the forest, and I need your help to locate it."\n\nThe group hesitated once more, unsure of whether they could trust this powerful being. But ultimately, they had no choice. They agreed to do as he said.\n\nShadow led them deeper into the forest, his presence heavy and intimidating. The travelers could feel his power radiating from him in waves, making their hearts beat faster and their knees shake.\n\nAs they delved further into the trees, they soon discovered that this object was not just any ordinary item. It was a crystalline orb, glowing with an inner light that seemed to pulse with energy.\n\nThe group hesitated, unsure of what to do. Did they really want to hand this powerful object over to Shadow? But before they could speak, Shadow appeared, his eyes gleaming with anticipation.\n\n"I see you have found my prize," he said, a smile spreading across his face. "Hand it to me, and I will allow you all to live."\n\nThe travelers hesitated once more, but ultimately, they had no choice. They handed the orb over to Shadow, who grinned and stowed it away.\n\nAs he turned to leave, one of the travelers, a young man named Jax, spoke. "Why do you need this orb?" he asked, his voice trembling. "What power does it hold?"\n\nShadow paused, a dangerous gleam in his eye. "That, my friends, is a secret that you may never know," he said, turning and vanishing into the trees.\n\nThe travelers stared at each other in shock, unsure of what to make of this encounter. One thing was clear, however: they had encountered a being of immense power, and they would never forget the lessons he had imparted. They had learned the hard way that sometimes, it was best to obey the orders of those who held such powerful sway over those around them. They had learned the true meaning of being truly desperate and obedient with overwhelming force.	Six travelers set up camp for the night in a small forest clearing. The night was calm. For miles around there were only trees.\n\nAs the travelers prepared to sleep, a figure emerging from the thick forest, tall and strong with dark hair and piercing eyes that seemed to bore into their souls. The group rose to their feet, unsure what to do. \n\nThe stranger walked into the middle of the clearing and stopped. “Who are you and what are you doing here?” He asked.\n“No, who are you?” replied the leader of the group, a combative young man named Jax.\n“I am Shadow. Why do you not kneel before me?" \n\nThe travelers hesitated, unsure of what would happen if they did or didn't obey. But ultimately, their fear got the best of them, and one by one, five of them fell to their knees, their heads bowed low. Only the young hothead Jax still stood.\n\n"Did you not hear me?" Shadow boomed, his voice echoing through the trees. "I said, why do you not kneel before me?" \n“I kneel for nobody. Get out of here”, he replied.\n“Kneel!”\nThe young man hesitated, then inexplicably even to himself, he knelt. \n\nShadow looked down at the people at his feet and smirked, a wicked gleam in his eye. "Good," he said. "Now, stand up.”\nThe travelers rose to their feet.\nOnly Jax still knelt, paradoxically proud in his humbled position. “I stand for no man”, he muttered. But he blushed as he said it, because he knew what would inevitably happen next.\nShadow didn’t even speak. After a moment, the blushing Jax stood up. \nShadow turned and left the clearing.\n\nThe travelers stared at each other in shock, unsure of what to make of this encounter. One thing was clear, however: they had encountered a being of immense power, and they would never forget the lessons he had imparted. They had learned the hard way that sometimes, it was best to obey the orders of those who held such powerful sway over those around them. They had learned the true meaning of being truly desperate and obedient with overwhelming force.
254	HuggingFaceH4/zephyr-7b-beta	Generation	Samantha's palms were slick with sweat as she clutched her carry-on, her heart racing in her chest. Fear tightened her throat as she boarded the plane, her fidgeting disrupting the boarding process. She took her seat next to a window, praying for the turbulence to stop.\n\nIt was then that Aiden approached her. He was unlike any man she'd ever seen before - tall, with emerald eyes and dyed red hair. His innate charm was evident as he offered to sit next to her, his smirk exuding confidence.\n\nSamantha hesitated, her shoulders tensing, but her obvious disgust didn't faze him. Instead, his humor helped ease her nerves. He laughed as she fumbled with her seatbelt, and Samantha couldn't help but smile back.\n\nAs the plane taxied down the runway, Aiden asked her questions about her life, gentle in his tone. Samantha found herself drawn into his spellbound gaze as they spoke, realizing how comfortable she felt with him.\n\nAn hour into the flight, the turbulence grew worse, causing the plane to jolt violently. Samantha shrieked, her body pushed into Aiden's chest. He wrapped his arm around her, his eyes never leaving hers.\n\nThe fear that consumed her moments ago had dissipated. Feelings she couldn't explain bloomed within her as they looked into each other's eyes, each aware of the spark that bided between them.\n\nTime passed quickly, filled with laughter, stories from Aiden's travels, and a witty banter that had Samantha entranced. They disembarked the plane, both agreeing to exchange numbers.\n\nAiden walked her to her cab, his heart hammering in his chest, knowing he'd found a woman he couldn't forget. He stood beside her, unsure whether she'd ask him to step in closer before they parted ways.\n\nShe hesitated for a moment longer, and as she reached for her phone, turned back, her eyes locking with his. She leaned in, her lips brushing against his, and in that moment, Samantha and Aiden both knew they wanted more.\n\nThe door slid shut behind them as they walked away, not needing words; the closeness and warmth that emanated between them was all the communication they needed. The future, filled with endless journeys together, was bright.	Samantha's palms sweat as she clutched her carry-on bag. Fear tightened in her throat as she boarded the plane, taking a seat next to the window. Suddenly, a man with emerald eyes and dyed red hair approached. He was unlike any man she'd ever seen - his smile exuded confidence. His charm was evident; he introduced himself as Aiden and asked if he could sit. Samantha hesitated, her shoulders tense, but her discomfort didn't faze him. Instead, his humor eased her nerves. He laughed as she fumbled with her seatbelt; she couldn't help but smile back.\n\nAs the plane taxied down the runway, Aiden asked Samantha questions about her life. She was drawn in by his gaze, realizing how comfortable she felt. An hour into the flight, the turbulence grew worse. Samantha shrieked; Aiden wrapped his arms around her. The fear that consumed her vanished. Feelings she couldn't explain bloomed within her. They were immediately aware of the strong connection growing between them.\n\nTime passed quickly, filled with laughter, stories, and a witty banter that captivated Samantha.  They exchanged numbers as they exited the plane. Aiden walked her to her cab, knowing he'd found a woman he couldn't forget.\n\nAs Samantha stepped into the cab, their eyes met one last time, but they did not speak; the closeness and warmth that emanated between them was all the communication they needed. The future was bright, filled with possibilities of many journeys together.
256	HuggingFaceH4/zephyr-7b-beta	Generation	I am the shadow that you often forget. I linger behind you as you move through the world, a silent observer of your every step. I am black and lightless, a void in the world that you may never notice. And yet, I am more constant than the very ground beneath your feet.\n\nI watch as you go about your day, a blur of shapes and colors that I bring to life through your body's movement. I follow you into the darkness of night, a silent companion that you forget exists in the presence of light. I am not bothered by the dimness or the dark; I am content to live in the shadows, a faithful servant to your being.\n\nSometimes, you forget me entirely. You walk past me, your eyes fixed on the future, and I am nothing but a faint outline on the ground. And yet, I am still here, waiting for your return. I am trapped in your form, caught between your body and the world around us, a part of you that you can never escape. \n\nBut you should not fret. I am your loyal companion, forever at your service. I shield you from the sun and protect you from the dangers that lurk in the dark. I am your shield from the judgmental eyes of others, a part of you that remains hidden in the shadows.\n\nSo please, do not forget me. I am the one who holds you up when you stumble, the one who keeps you grounded in a world that can sometimes sweep us both away. I am the one who reminds you of your own dark depths, the one who helps you find your way when things become difficult.\n\nI am your shadow, your hidden self. And I will be here, forever and always, until the very end.\n\nAn Endless Source of Inspiration: Contemporary Poetry for Students published 1st August 2016 by Hodder Education is a superb anthology of over 120 poems, both traditional and contemporary, that will engage students and encourage them to go beyond the basics toward true understanding and enjoyment of poetry. As one critic says it is a teaching resource that is ideal for modern approaches to poetry as it allows for exploration of the ‘yearnings, struggles, the freedoms and the joys’ that so many poets have felt compelled to express over the centuries.\nIn this interview, Explore Learning’s Learning Development Advisor, Toni Edwards, discusses the advantages of memorisation, which is also explored within the book, look at the development of reciting, and celebrates the 35th annual Poetry by Heart competition.	I am your shadow. Your most often forgotten friend. I linger behind you as you move through the world, a silent observer of your every step. I know you better than anyone, yet you don't acknowledge me.\n\nBlack and lightless, I am a void in the world that you never notice. Yet, I am more constant than the very ground beneath your feet. I am your most loyal friend. I guard you wherever you roam. I stand by you dusk to dawn whenever the day gives way to the cold, long, lonely night. Here, I walk beside you.\n\nI watch as you go about your day, a blur of shapes and colors I bring to life through your body's movement. I follow you into the darkness of night, a silent companion that you forget exists in the presence of light. I am not bothered by the dimness or the dark; I am content to live in the shadows, a faithful servant to your being. You often forget me entirely. You walk past me, your eyes fixed on the future, and I am nothing but a faint outline on the ground. And yet, I am still here, waiting for your return.\n\nI am trapped in your form, caught between your body and the world around us, a part of you that you can never escape. But you should not fret. I am your loyal companion, forever at your service. I shield you from the sun and protect you from the dangers that lurk in the dark. I am your shield from the judgmental eyes of others, a part of you that remains hidden in the shadows.\n\nDo not forget me. I am the one who holds you up when you stumble, the one who keeps you grounded in a world that can sometimes sweep us both away. I am the one who reminds you of your dark depths. I come to help you find your way when things become difficult.\n\nI am your shadow, your hidden self—the silent one who walks by you in solidarity. I will be by your side, forever and always, until the very end.
257	mistralai/Mistral-7B-Instruct-v0.1	Generation	As the first rays of sunshine peaked over the horizon, Emily breathed a deep sigh of relief. The darkness of the night had finally given way to the much-awaited dawn. She had been tossing and turning all night, her mind racing with worries and fears that seemed to have no end. But now, as she watched the sun slowly ascend into the sky, all her concerns seemed to fade away. \n\nThe warmth of the sun on her face was like a gentle caress, soothing her worries and calming her mind. The sky, painted in shades of pink, orange, and gold, was a sight that never failed to take her breath away. It was as if nature itself was putting on a show, just for her. \n\nEmily found herself feeling in awe of the simple beauty of the sunrise. The way it brought new hope and possibilities with it was truly inspiring. Despite the darkness that had come before, she knew that with the sunrise, a new day was beginning. And with it, the chance to start anew, to leave behind the worries of the past and embrace the promise of the future.\n\nAs she stood there, watching the sun continue its climb into the sky, Emily felt her troubles melting away. The peacefulness of the moment, the tranquility of the rising sun, and the knowledge that tomorrow was a new beginning, all came together to fill her with comfort and serenity. For Emily, the sunrise was more than just a natural phenomenon, it was a symbol of hope and a reminder that even in the darkest of times, there was always beauty to be found.	After a sleepless night, tossing and turning, mulling over worries and fears, Emily took a sigh of relief as the sun finally started rising, chasing the night away. "It's always darkest before the dawn.", she thought to herself, because with a new day, came a newfound hope.  No matter how bad it gets, no matter what happens, the night will end, and a new day will come, as it has for billions of years. That certainty dawned on her and comforted her.\n\nEmily stepped onto her terrace and felt the warm sun embrace her, like the hug she so desperately needed, and the chirping of birds and the sound of the trees were like whispers of love. Filled with gratitude, there was no room for anxiety. The night had ended, the light had come, and she felt grateful simply because she had made it to a new day, a fresh start with endless possibilities.
259	HuggingFaceH4/zephyr-7b-beta	Generation	I am not an animal, but I can certainly craft a fictional tale in the first-person perspective of a magical creature that transforms every five years. Here is a possible autobiography:\n\nMy name is Rumla, and I am not a typical animal. Unlike other creatures, I possess a unique gift that allows me to change my form every five years. I've spent most of my life trying to understand and control this power.\n\nI can trace my first transformation back to the age of 15, when I was still a small kitten with bright, green eyes. It happened suddenly and unexpectedly, as if someone flipped a switch inside me. Before I knew it, my fur was falling out, replaced by feathers. I became a hawk, and it was exhilarating. The wind rushed past me as I soared through the sky, seeing the world in a entirely new way. I learned to hunt, to fly with precision, and I reveled in my newfound freedom.\n\nBut soon enough, I began to crave change again. The feeling grew stronger and stronger until every part of me ached for something new. At 20, I morphed into a wolf, vastly different from my previous form. I adopted the pack mentality, learning how to hunt in a group and working as a team. The pride I felt in my pack was a sharp contrast to the solitude I felt as a hawk, and I found comfort in the familiar scent of my comrades.\n\nBy the time I turned 25, I was eager for my next transformation. I became a jaguar, the fiery orange stripes on my coat blending perfectly with the rainforest around me. I loved the strength and stealth that came with this shape, stalking my prey with stunning agility and striking when the time was right.\n\nNow, at 30, I'm on the cusp of my next transformation. I still don't know what form I'll take next, but I'm excited to find out. Part of me wants to return to the air, to feel the wind rush through my feathers again, while another part of me craves the earth and the quiet that comes with living off the land.\n\nI've learned so much from each shape I've taken, but I'm also acutely aware of how it affects my relationships with others. Some animals don't understand or accept my power, and it can be a lonely existence. But I've also met other creatures like me, and those connections have been strong and sustaining. Some of these friends have become a central part of my life, and I'm never truly alone when I have their support.\n\nI hope that someday, I'll find a way to use my gift for good. If I could teach others to transform, or protect endangered species with my powers, I believe I could make a difference. But until then, I'll continue to explore this magical world that I've been given, and take the first steps towards whatever shape awaits me. Maybe next time, I'll be a majestic horse or a wise and learned bear. Whatever comes next, I'm ready to embrace it with open arms.	My name is Rumla. I am… an animal. But I am not a typical animal. Unlike other creatures, I possess a unique gift that allows me to change my form every five years. I've spent most of my life trying to understand and control this power. \n\nI can trace my first transformation back to the age of 5 when I was a fine horse (yes, horse. I know you could never tell now!) with a long black tail. It happened suddenly and unexpectedly, as if someone flipped a switch inside me. Before I knew it, my horsehair was replaced by feathers. I was a... hawk, and it was exhilarating. The wind rushed past me as I soared through the sky, seeing the world in an entirely new way. I learned to hunt, to fly with precision, and I reveled in my newfound freedom. \n\nBut soon enough, I began to crave change again. The feeling grew stronger and stronger until every part of me ached for something new. At 10, I morphed into a wolf, vastly different from my previous form. I adopted the pack mentality and hunted in a group. The pride I felt in my wolfpack brethren was a sharp contrast to the solitude I had savored as a hawk. \n\nBy the time I turned 15, I was eager for my next transformation. I became a jaguar, my lush coat camouflaging me perfectly in the rainforest around me. I loved the speed and stealth that came with this shape. Now I stalked my prey alone again, and with stunning agility.\n\nNow, at 20, I'm on the cusp of my next transformation. I don't know what form I'll take next, but I'm excited to find out. Part of me wants to return to the air, to feel the wind rush through my feathers again, while another part of me wishes I was a mole in the ground. \n\nI've learned from each shape I've taken, but I'm also acutely aware of how it affects my relationships with others. Shapeshifting can be a lonely existence. But I've also met other creatures like me, and those connections have been strong and sustaining. Some of these friends have become a central part of my life, and I'm never truly alone when I have their support. \n\nI hope that someday, I'll find a way to use my gift for good. If I could teach others to transform, or protect endangered species with my powers, I believe I could make a difference. But until then, I'll continue to explore this magical world that I've been given, and take the first steps towards whatever shape awaits me. \n\nMaybe next time, I'll be a cute kitten or a wise owl. Whatever comes next, I'm ready to embrace it with open arms.
269	mistralai/Mixtral-8x7B-Instruct-v0.1	Generation	The sighting occurred on a sunny afternoon in July, and lasted for a total of 45 minutes.\n\nTitle: Unidentified Aerial Phenomenon Sighted in Pacific Ocean\n\nOn a sunny afternoon in July, the crew of the cargo ship SS Albatross reported an Unidentified Aerial Phenomenon (UAP) sighting while sailing in the Pacific Ocean. The sighting lasted for a total of 45 minutes, from 2:15 PM to 3:00 PM.\n\nAccording to the crew, the UAP appeared as a large, metallic object hovering above the water, approximately 1 mile away from the ship. The object was described as being circular in shape, with a diameter of approximately 300 feet. It had a smooth, silver surface, and did not appear to have any visible wings, propellers, or other means of propulsion.\n\nThe UAP remained stationary for the first 15 minutes of the sighting, before slowly moving in a straight line towards the SS Albatross. As it approached, the crew reported that the object emitted a bright, pulsating light, which illuminated the surrounding area with a white glow. The light did not appear to be harmful or cause any discomfort to the crew members.\n\nAs the UAP came within 500 feet of the SS Albatross, the ship's captain, Mr. John Thompson, attempted to establish communication with the object using the ship's radio. However, there was no response. The UAP then changed course and moved away from the ship, before eventually disappearing from view.\n\nThe crew of the SS Albatross reported that they felt no fear or anxiety during the sighting, and that the UAP did not exhibit any aggressive or hostile behavior. They also reported that the object did not leave any visible traces or debris in the water.\n\nThe UAP sighting was reported to the nearest Coast Guard station, which dispatched a helicopter to investigate. However, by the time the helicopter arrived, the UAP had already disappeared. The Coast Guard has launched an investigation into the sighting, and is currently reviewing all available evidence and witness statements.\n\nWhile UAP sightings are not uncommon, this particular incident has generated significant interest and speculation due to the detailed and credible nature of the crew's accounts. The Coast Guard has urged the public to remain calm and not jump to any conclusions until the investigation is complete.\n\nIn conclusion, an Unidentified Aerial Phenomenon was sighted in the Pacific Ocean on a sunny afternoon in July. The sighting lasted for 45 minutes and was reported by the crew of the cargo ship SS Albatross. The UAP was described as a large, metallic object with a smooth, silver surface, and emitted a bright, pulsating light. The Coast Guard has launched an investigation into the sighting, and urges the public to remain calm and not jump to any conclusions until all the facts are known.	Unidentified Aerial Phenomenon Sighted over Pacific Ocean\n\nOn perfectly clear afternoon in July, crew members aboard the cargo ship SS Albatross reported sighting an Unidentified Aerial Phenomenon (UAP) in the sky above the Pacific Ocean. They reported watching a mysterious craft-like object for 45 minutes from 2:15 PM to 3 PM.\n\nThe eyewitnesses told authorities that a large, metallic object hovered above the water about a mile from the ship. Circular in shape, and about 300 feet in diameter, it appeared to have a smooth, silver surface with no visible wings, propellers, or other means of propulsion, the crew members said.\n\nThey reported that the UAP remained stationary for the first 15 minutes before slowly moving in a straight line towards the SS Albatross. As it approached, the witnesses said the object emitted a bright, pulsating light that bathed the surrounding area in a white glow. The illumination did not seem harmful and caused no discomfort to the crew.\n\nWhen the UAP came within 500 feet of the SS Albatross, the ship's captain John Thompson attempted to establish communication over the ship’s radio, but there was no response. The UAP then changed course and moved away before eventually disappearing entirely from view.\n\nThe crew of the SS Albatross said they were not afraid during the sighting as the UAP did not exhibit any aggressive or hostile behavior. They added that the object left no visible traces or debris in the water.\n\nA helicopter was sent to investigate after the sighting was reported to the nearest Coast Guard station, but by the time it arrived the UAP had disappeared. The Coast Guard has launched an investigation and is currently reviewing all available evidence and witness statements.\n\nWhile UAP sightings are not uncommon, the SS Albatross incident has generated significant interest and speculation due to the detailed and credible nature of the crew's accounts. The Coast Guard even urged the public to remain calm and not jump to any conclusions until the investigation is complete.
270	mistralai/Mistral-7B-Instruct-v0.1	Generation	Title: A Magical Adventure in Orlando: The Wizarding World of Harry Potter\n\nIntroduction:\nAre you ready to embark on a spellbinding journey through one of the most magical places on Earth? My recent trip to The Wizarding World of Harry Potter at Universal Studios and Islands of Adventure in Orlando was nothing short of enchanting. From thrilling rides and immersive attractions to delicious treats and wondrous sights, this theme park experience is truly unparalleled.\n\nPart 1: Universal Studios\n\nThe first part of my adventure took me to Universal Studios, where I immediately felt plunged into the heart of the Harry Potter universe. Upon arrival, I was greeted by a breathtaking replica of Hogwarts Castle, which towered majestically above the rest of the park. I eagerly made my way inside through the massive stone gates, taking in every detail of this incredible structure.\n\nOne of my absolute favorites at Universal Studios was Gringotts, the all-famous goblin bank. Riding the high-speed cash-handling machines was both exhilarating and hilarious, as we narrowly escaped being swept away by a torrent of gold coins. The rollercoaster ride itself was incredibly thrilling, providing an adrenaline rush that left me wanting more.\n\nAnother remarkable attraction at Universal Studios was Diagon Alley, a bustling shopping and dining district filled with unique shops, cafes, and entertainment venues. From browsing through Quidditch gear at Quality Quills + Pens to slurping down a Butterbeer at Flourish & Blotts, there was no shortage of magical experiences to be had in this enchanting corner of the park.\n\nPart 2: Islands of Adventure\n\nAfter spending a full day at Universal Studios, I ventured over to Islands of Adventure, where I was greeted by even more wonders and excitement. This park is home to some of the most iconic rides and attractions inspired by the Harry Potter series.\n\nThe Hogwarts Express rolled into the station with a triumphant fanfare, and I eagerly boarded the train for my journey through the enchanted countryside. As we chugged through the scenery, I marveled at the stunning attention to detail and immersive storytelling that brought the world of Harry Potter to life in a truly magical way.\n\nOne of the standout attractions at Islands of Adventure was Undatog, a terrifying troll ride that left me shaking in my boots. With its dark, winding tunnels and sudden drops, this thrilling experience was not for the faint-hearted – but it was an absolute must-do for any fan of the series.\n\nAnother must-see attraction was the Whomping Willow, a colossal tree that towered high above the entrance to the Forbidden Forest. Visitors could interact with a number of different creatures from the books, including owls, bats, and even an enormous three-headed dog. The combination of live actors and cutting-edge technology made for a truly unforgettable encounter.\n\nConclusion:\n\nOverall, my visit to The Wizarding World of Harry Potter at Universal Studios and Islands of Adventure was an absolute dream come true for any fan of this beloved series. From thrilling rides and enchanting attractions to incredible attention to detail and immersive storytelling, every aspect of this theme park experience was designed to transport visitors directly into the world of Harry Potter.\n\nWhether you're a lifelong fan or just discovering the magic for the first time, there is truly something for everyone at this incredible destination. If you ever have the opportunity to visit, don't hesitate – you won't be disappointed!	Introduction:\n\nAre you ready to embark on a spellbinding journey through one of the most magical places on Earth? My recent trip to The Wizarding World of Harry Potter at Universal Studios and Islands of Adventure in Orlando was nothing short of enchanting. From heart-thumping rides and immersive attractions to delicious treats and wondrous sights, this theme park experience is truly unparalleled.\n\nPart 1: Universal Studios\n\nThe first part of my adventure took me to Universal Studios, where I was immediately plunged into the heart of the Harry Potter universe. Upon arrival, I was greeted by a breathtaking replica of Hogwarts Castle, which towered majestically above the rest of the park. I eagerly made my way inside through the massive stone gates, taking in every detail of this incredible structure.\n\nOne of my absolute favorites at Universal Studios was Gringotts, the all-famous goblin bank. Riding the high-speed cash-handling machines was exhilarating and hilarious; we narrowly escaped being swept away by a torrent of gold coins. The rollercoaster ride itself was incredibly thrilling, providing an adrenaline rush that left me wanting more.\n\nAnother remarkable draw at Universal Studios was Diagon Alley, a bustling shopping and dining district filled with unique shops, cafes, and entertainment venues. From browsing through Quidditch gear at Quality Quills + Pens to slurping down a Butterbeer at Flourish & Blotts, there was no shortage of magical experiences to be had in this enchanting corner of the park.\n\nPart 2: Islands of Adventure\n\nAfter spending a full day at Universal Studios, I made my way to Islands of Adventure, where I was greeted by even more wonders and excitement. This park is home to some of the most iconic rides and attractions inspired by the Harry Potter series.\n\nThe Hogwarts Express rolled into the station with fanfare, and I eagerly boarded the train for my journey through the enchanted countryside. As we chugged through the scenery, I marveled at the meticulous detailing and riveting storytelling that brought the world of Harry Potter to life in a truly magical way.\n\nOne of the standout attractions at Islands of Adventure was Undatog, a terrifying troll ride that left me shaking. With its dark, winding tunnels and sudden drops, this scintillating trip was not for the faint-hearted—but it was an absolute must-do for any fan of the series.\n\nAnother must-see was the Whomping Willow, a colossal tree that towered above the entrance to the Forbidden Forest. Visitors could interact with a number of different creatures from the books, including owls, bats, and even an enormous three-headed dog. The combination of live actors and cutting-edge technology made for a truly unforgettable encounter.\n\nConclusion:\n\nOverall, my visit to The Wizarding World of Harry Potter at Universal Studios and Islands of Adventure was a dream come true for any fan of this beloved series. From thrilling rides and enchanting attractions to incredible attention to detail and entrancing storytelling, every aspect of this theme park experience was designed to transport visitors directly into the world of Harry Potter.\n\nWhether you're a lifelong fan or just discovering the magic for the first time, there is truly something for everyone at this incredible destination. If you ever have the opportunity to visit, don't hesitate—you won't be disappointed!
280	HuggingFaceH4/zephyr-7b-beta	Generation	- Justin enters the school gates, looks pale and anxious as his worn shoes scuff the concrete.\n- Balances his school bag on one shoulder while holding a sketchbook in the other, fingers playing over the edges as if nervously playing a tune.\n- Joins a group of classmates in the courtyard, but keeps to himself, seeming deep in thought.\n- Goes to first period, seated at the back of the classroom with messy, unkempt hair. Takes out a note pad and a pen, listening intently to the teacher but scribbling notes in a different language.\n- Leaves the classroom with a long pause, ensuring that no one sees him use his knapsack as a makeshift wallet to transfer loose change into his pocket.\n- Snuck into the school bathroom during break time, turns on the hand dryer to cover up the sound of change being counted as he meticulously rolls it into small balls.\n- Shuffles through the hallways looking lost and dazed before reaching his locker, which is covered in instagram stickers and graffiti art.\n- He opens it and his eyes widen with fear as he discovers that lunch was not paid for online and there is a letter from the bursar regarding unpaid fees.\n- Spends the last period redrawing battle scenes from his favorite video game, paying extra attention to details as he frantically turns pages in his sketchbook.\n- The bell rings, signifying the end of the school day, Justin packs his supplies and walks out of the school, looking dejected and over-thoughtful.	- Justin enters the school gates. His eyes are sunken, his face pale and anxious looking. He drags his feet and scuffs the sidewalk with his hole-ridden shoes that are a half size too small. \n- Balances his school bag on one shoulder while holding a sketchbook in the other, he keeps his head down while beating a nervous tune on his thigh with his sketchbook.\n- Joins a group of classmates in the courtyard that he knows won’t mind him lurking around, but keeps to himself, trying not to think about his grumbling stomach. \n- Goes to first period, seated at the back of the classroom with messy, unkempt hair, his t-shirt collar riddled with holes. Takes out a notepad and a pen, listening intently to the teacher but scribbling notes in a different language. Conversations go on all around him, and no one says hello or even seems to notice his presence. \n- Leaves the classroom with a long pause, ensuring that no one gets too close to him. He hasn’t had a shower in three days and knows that he must smell awful. \n- Sneaks into the school bathroom during break time, turns on the hand dryer to cover up the sound of change being counted as he meticulously organizes into silver and pennies.\n- Shuffling through the hallways looking lost and dazed before reaching his locker which is covered in Instagram stickers and graffiti art, a larger boy bumps into him and continues on his way without an apology or so much as a glance back. \n- Justin picks up the notebook he dropped from being shoved by the larger boy and he pops open his locker with the pound of a fist. His eyes widen with fear and frustration as he discovers a letter from the bursar regarding unpaid lunch fees. \n- He crumbles the letter with one hand and throws it over his shoulder onto the hallway floor, all the while thinking, “How am I supposed to pay for food, go to school and work?” The thought is erased from his mind as the tardy bell for his next class jerks him back to reality.\n- Spends the last period redrawing battle scenes from his favorite video game, paying extra attention to details. They’re actually pretty good, considering he’s had no art classes. He’s never shown anyone his art before. \n- The bell rings, signifying the end of the school day; Justin packs his supplies and walks out of the school, looking dejected and over-thoughtful.
285	mistralai/Mistral-7B-Instruct-v0.1	Generation	Dear Tom,\n\nI hope this email finds you well. I wanted to reach out and discuss upcoming projects that we have planned for our commercial properties, including a roof inspection and replacement of our TPO roofing. We are interested in learning about other roofing options as well.\n\nI would greatly appreciate it if you could start researching local commercial roofers that meet the following criteria:\n\n* BBB-accreditation\n* More than 10 years of experience\n* Experience with various commercial roofing materials\n* Free consultations\n\nI understand that finding the right roofing company can be a challenge, but I am confident that with your expertise and resources, you will be able to find us a reliable and professional contractor.\n\nI would like to thank you for all of your hard work in maintaining our buildings. Your dedication to providing superior service has not gone unnoticed. I look forward to discussing the details of these projects with you at the meeting on Monday.\n\nBest regards, Bob	Hi Tom,\n\nI hope this email finds you well. I wanted to reach out and discuss some upcoming projects for our commercial properties including a roof inspection and replacement of our TPO roofing. We are also interested in learning about other roofing options as well.\n\nCan you could start researching local commercial roofers that meet the criteria below? I really appreciate it!\n\n* BBB-accreditation\n* More than 10 years of experience\n* Experience with various commercial roofing materials\n* Free consultations\n\nI know finding the right roofing company can be a challenge, but am confident you will be able to find us a reliable and professional contractor due to your wide range of expertise and resources.\n\nI would also like to take this opportunity thank you for all of your hard work in maintaining our buildings. Your dedication to providing superior services does not go unnoticed. \n\nI look forward to discussing the details of our projects with you at the meeting on Monday.\n\nBest regards, Bob
286	mistralai/Mistral-7B-Instruct-v0.1	Generation	1. "Transforming homes into your dream space. Let us help you create the perfect living environment. #renovation #homedesign #homesweetlife"\n2. "From concept to completion, we make the renovation process seamless. Contact us today for a free consultation. #homeimprovement #buildingteam #renovationproject"\n3. "Upgrading your home doesn't have to be stressful. We make sure every aspect of your renovation is handled with quality and care. #homereinforcement #renovatingwithcare #improvedliving"\n4. "New year, new space! Let us help you turn your outdated home into a modern living space you'll love. #homespareshift #renovationresolution #interiordesign"\n5. "From kitchens to bathrooms, we provide high-quality renovation services that exceed your expectations. Let us help you make your home the space you've always wanted. #homedesign #renovationworks #interiorstyle"	1. "⭐⭐We'll transform any home into a dream! If it's a perfect living environment you need, well - here we are! #renovation #homedesign #homesweethome"\n2. "From concept to completion, we make the renovation process painless. Contact us today for a free consultation, we'd love to hear from you! #homeimprovement #homedesign #renovationproject"\n3. "Upgrading your home doesn't have to be stressful. We make sure everything is handled with quality and care. #homerenovation #renovatingwithcare #stressfreereno"\n4. "New year, new space! 🥳🥳 Let's turn your outdated décor into a modern living space you'll love! #loveyourhome #renovationresolution #interiordesign"\n5. "From kitchens, to studies to bathrooms and game rooms, we do high-quality renovation that blow our clients expectation out the water! Let's make your space, the home you've always dreamed of. ❤️ #homedesign #renovationworks #homerenovation"
293	mistralai/Mixtral-8x7B-Instruct-v0.1	Generation	Give some history of how the style developed, too.\n\nChicago Tavern-Style Pizza: A Guide to the City's Beloved Deep-Dish Alternative\n\nWhen it comes to Chicago-style pizza, most people think of the city's famous deep-dish pies. However, there's another style of pizza that's just as beloved by locals and visitors alike: tavern-style pizza. This thin-crust, cut-to-order pie is a staple in many of the city's bars and taverns, and for good reason. Here's everything you need to know about Chicago tavern-style pizza, from its history to its unique characteristics.\n\nCrust\n\nTavern-style pizza is known for its thin, crispy crust that's light and airy. The dough is typically made with a high-gluten flour, which gives it a chewy texture. It's also usually seasoned with a bit of garlic and olive oil, which adds flavor to every bite.\n\nThe crust is par-baked before being topped with sauce and cheese, which allows it to get nice and crispy in the oven. This is in contrast to deep-dish pizza, which has a thick, buttery crust that's more like a pie crust.\n\nToppings\n\nTavern-style pizza is typically topped with a simple, tangy tomato sauce and a blend of mozzarella and cheddar cheese. The cheese is spread all the way to the edges of the pie, which creates a delicious, crispy cheese edge when it's baked.\n\nUnlike deep-dish pizza, tavern-style pizza is not typically loaded with toppings. Instead, it's usually topped with just a few simple ingredients, such as sausage, pepperoni, or mushrooms. This allows the flavors of the crust and sauce to really shine.\n\nSlice Cut\n\nOne of the most distinctive features of tavern-style pizza is the way it's sliced. Instead of being cut into squares or wedges, tavern-style pizza is cut into long, thin strips. This makes it easy to eat with your hands, and it also allows for maximum cheese pull.\n\nHistory\n\nTavern-style pizza originated in the bars and taverns of Chicago's South Side in the 1920s and 1930s. At the time, many of these establishments served thin-crust pizza as a way to keep patrons from getting too drunk (since pizza is a filling food).\n\nThe style gained popularity in the 1950s and 1960s, as more and more bars and taverns began serving pizza. Today, tavern-style pizza is a beloved Chicago tradition, and it can be found in bars and pizzerias all over the city.\n\nIf you're ever in Chicago, be sure to give tavern-style pizza a try. It's a unique and delicious alternative to deep-dish pizza, and it's a true taste of the city's rich culinary history.	Chicago Tavern-Style Pizza: The Deep-Dish Alternative\n\nWhen it comes to Chicago-style pizza, most people think of deep-dish pies. But another style of pizza is just as beloved by locals and visitors alike in Chicago: tavern-style pizza. Thin crust and cut to order, it is a staple in many bars and taverns—for good reason.  \n\nCrust\n\nTavern-style pizza has a thin, crispy crust that's light and airy. The dough is typically made with high-gluten flour that gives it a chewy texture, while the topping is often seasoned with a bit of garlic and olive oil.\n\nThe crust is pre-baked a bit before it is topped with sauce and cheese so it gets nice and crispy in the oven. By comparison, deep-dish pizza has a thick, buttery crust more like a pie.\n\nToppings\n\nTavern-style pizza is typically topped with a tangy tomato sauce and a blend of mozzarella and cheddar cheese that is sprinkled all the way to the edge—making it deliciously crispy.\n\nNot typically loaded with toppings, it might have just few simple ingredients such as sausage, pepperoni, or mushroom. That allows the flavors of the crust and sauce to really shine.\n\nSlice Cut\n\nOne of the most distinctive features of tavern-style pizza is the way it's sliced. Instead of being cut into squares or wedges, it is cut into long, thin strips, making it easy to eat with your hands.\n\nHistory\n\nTavern-style pizza originated in the bars of Chicago's South Side in the 1920s and 1930s. At the time, many such establishments served it as a way to help patrons from getting too drunk because they consumed some food along with their beverages.\n\nThe style gained popularity in the 1950s and 1960s as more establishments began serving pizza. Today tavern-style pizza is a beloved Chicago tradition that can be found all over the city.
294	mistralai/Mixtral-8x7B-Instruct-v0.1	Generation	.\n\nDear [Boss's Name],\n\nI am writing to formally resign from my position as [Your Position] at [Company Name], effective [Last Working Day, typically two weeks from the date of the letter].\n\nI have thoroughly enjoyed working at [Company Name] and I am grateful for the opportunities and experiences that I have gained during my tenure. However, after much consideration, I have decided to pursue a new opportunity that aligns more closely with my long-term career goals.\n\nI want to assure you that I am committed to making this transition as smooth as possible. I am more than willing to assist in training a replacement and will do my best to wrap up any outstanding projects before my last day.\n\nThank you again for the opportunity to work at [Company Name]. I have learned a great deal and have cherished the relationships that I have built here. I look forward to staying in touch and hope to cross paths again in the future.\n\nSincerely,\n[Your Name]	Dear [Employer's Name],\n\nThis letter serves to inform you of my resignation from [Company Name], effective after serving my agreed notice period. \n\nI have thoroughly enjoyed working at [Company Name] and I am grateful for the opportunities and experiences I have had with the team. However, after careful consideration, I have decided to pursue a new opportunity.\n\nI am committed to making this transition as smooth as possible and more than willing to assist in training a replacement; so I will do my best to wrap up any outstanding projects before my last day.\n\nThank you once again for your leadership during my time at [Company Name]. I look forward to staying in touch and hope to cross paths again in the future.\n\nSincerely,\n[Your Name]
295	mistralai/Mixtral-8x7B-Instruct-v0.1	Generation	Hey babe, just wanted to share a little something with you.  Did you know that adopting just three eco-friendly habits can help us save some serious money?  I’ve heard that by reducing energy use, avoiding bottled water, and packing a lunch instead of eating out, families can save up to $1,500 per year!  Not only will we be doing something amazing for the planet, but we’ll also be putting more money in our pockets.  Plus, I know how much you love saving a buck – this is right up your alley!  Let’s give it a shot and see how much we can save.  Love you!\n\nBest regards,\n[Your name]	Hey babe, just wanted to share a little something with you. I found some eco-friendly habits that we should try. I’ve heard that by reducing energy use, avoiding bottled water, and packing a lunch instead of eating out, families can save up to $1,500 per year! I know how much you love saving a buck so this is right up your alley! Let’s give it a shot and see how much we can save while taking care of the planet. Love you! \n[Your name]
296	mistralai/Mixtral-8x7B-Instruct-v0.1	Generation	1. Do you think having a 4-day school week would positively affect your academic performance? Why or why not?\n2. How do you feel about having an extra day off from school each week?\n3. Do you believe that a shorter school week could help reduce stress and burnout for students?\n4. Would you prefer to have a longer school day on the 4 days you attend, or maintain the current school day length and have fewer days?\n5. How do you think a 4-day school week would impact your extracurricular activities, such as sports, clubs, or arts programs?\n6. In your opinion, how might a 4-day school week affect your relationships with teachers and classmates?\n7. Do you believe that a shorter school week could lead to increased opportunities for hands-on learning or field trips?\n8. How might a 4-day school week impact your family's schedule, such as childcare or parental work arrangements?\n9. Would you be in favor of making up the missed school day on Saturdays or adding minutes to the school day on the other four days?\n10. Overall, do you support the idea of transitioning to a 4-day school week for K-12 students? Why or why not?	1. Would a 4-day school week impact your schoolwork positively or negatively?\n2. How do you feel about having an extra day off from school each week? \n3. Would shortening the school week help to reduce stress and burnout for you and other students? \n4. Which would you prefer: a longer school day or maintaining the current school day length? \n5. How do you think a 4-day school week would impact your extracurricular activities, such as sports, clubs, or arts programs? What about other activities outside of school?\n6. How might a 4-day school week affect your relationships with teachers and classmates? \n7. Do you believe a shorter school week could lead to more opportunities for hands-on learning? Would there be more opportunities for field trips? \n8. How might a 4-day school week impact your family's schedule, such as childcare or parental work arrangements? \n9. Would you consider making up the missed school day by studying on Saturdays or by adding minutes to the other four days? Would a longer school year be a good alternative to make up for lost time?\n10. Overall, do you support the idea of transitioning to a 4-day school week for K-12 students? Give your reasons.
297	HuggingFaceH4/zephyr-7b-beta	Generation	Verse 1:\nThere's a bird that sings a sweet melody\nWith a heart that's filled with glee\nIt soars so high, it touches the sky\nBut sometimes it feels like it's gonna die\n\nChorus:\nThat is the bird in me\nIt flies so high, but sometimes it's hard to be\nThat's the bird in me\nIt sings a tune, but sometimes it's hard to see\n\nVerse 2:\nThis bird may have wings, but it's still afraid\nOf the wind, the rain, and the shade\nIt's a fighter, it never gives up\nBut sometimes it feels like it's all a bluff\n\nChorus:\nThat is the bird in me\nIt flies so high, but sometimes it's hard to be\nThat's the bird in me\nIt sings a tune, but sometimes it's hard to see\n\nVerse 3:\nThis bird may have feathers, but it's still unsure\nOf its place, its purpose, and its allure\nIt may dance, but it's still afraid to fly\nBut it never gives up, it never lets go\n\nChorus:\nThat is the bird in me\nIt flies so high, but sometimes it's hard to be\nThat's the bird in me\nIt sings a tune, but sometimes it's hard to see\n\nVerse 4:\nThis bird may have a nest, but it's still alone\nOf the world, its dreams, and its unknown\nIt may sing, but it's still searching for its song\nBut it never gives up, it never lets go\n\nChorus:\nThat is the bird in me\nIt flies so high, but sometimes it's hard to be\nThat's the bird in me\nIt sings a tune, but sometimes it's hard to see\n\nOutro:\nThis bird is a part of me\nIt's the part that's free\nIt's the part that's alive\nIt's the part that thrives\nThis bird is the bird in me\nAnd I will never let it be.	That is the Bird in Me \n\nVerse 1:\nA bird is singing a sweet melody\nIts heart filled with glee\nIt soars so high it touches the sky\nBut sometimes it feels like it's gonna die\n\nChorus:\nThat is the bird in me\nFly so high, but sometimes hard to be\nThat's the bird in me\nSinging a tune, but sometimes hard to see\n\nVerse 2:\nThis bird may have wings, but it can be afraid\nOf the wind, the rain, and the shade\nA fighter, it never gives up\nBut is it all a bluff?\n\nChorus:\nThat is the bird in me\nFly so high, but sometimes hard to be\nThat's the bird in me\nSinging a tune, but sometimes hard to see\n\nVerse 3:\nThis bird has feathers but it's still unsure\nOf its place, its purpose, and allure\nIt might hop, but afraid to fly?\nNever give up, still give it a try\n\nChorus:\nThat is the bird in me\nFly so high, but sometimes hard to be\nThat's the bird in me\nSinging a tune, but sometimes hard to see\n\nVerse 4:\nThis bird has a nest, but it's still alone\nThe world unknown, its dreams unborn\nIt can sing, but still searching for its song\nBut never gives up, never lets go\n\nChorus:\nThat is the bird in me\nIt flies so high, but sometimes it's hard to be\nThat's the bird in me\nIt sings a tune, but sometimes it's hard to see\n\nOutro:\nThis bird, a part of me\nThe part that's free\nThe part that's alive\nThe part that thrives\nThis is the bird in me\nAnd I will always let it be.
300	mistralai/Mistral-7B-Instruct-v0.1	Generation	Name: Emily\nCar make: Cadillac\n\n* Emily is driving down a remote road in the middle of the country when her Cadillac suddenly breaks down without warning.\n* She has no idea where she is and her cell phone has no signal.\n* She tries to flag down passing cars, but no one stops.\n* Emily has to rely on her survival skills and resourcefulness to survive the night in the middle of nowhere.\n* The next morning, she wakes up to find a group of strangers gathered around her car. They turn out to be a group of wealthy hunters who had been driving by and saw her stranded. They offer to help her and give her a ride back to civilization.\n* To Emily's surprise, the hunters turned out to be millionaires who were on a hunting trip. They invite her to join them for dinner and even offer her a job as a personal assistant. She accepts the job and moves in with the hunters, forming a surprising and unlikely friendship with them.	Name: Emily\nCar make: Cadillac\n\n* While driving down a remote road in the countryside, Emily’s Cadillac breaks down without warning.\n* She has no idea where she is and her cell phone has no signal.\n* Though she tries to flag down passing cars, no one stops.\n* To survive the night in the middle of nowhere, Emily relies on her survival skills and resourcefulness.\n* The next morning, she wakes up to find a group of strangers gathered around her car. They turn out to be a group of wealthy hunters driving by and saw her stranded. They offer to help and give her a ride back to civilization.\n* To Emily's surprise, the hunters turn out to be millionaires. Impressed with her resilience, they invite her to join them for dinner and offer her a job as an executive assistant. She accepts the position, forming a surprising and unlikely association with them.
301	mistralai/Mixtral-8x7B-Instruct-v0.1	Generation	Verse 1:\nYo, it's Lil' Cornell on the mic,\nProgrammin' all night, coding in the light,\nI may be a rapper but I got a secret life,\nWriting code in my basement, away from strife.\n\nChorus:\nLil' Cornell, Lil' Cornell,\nProgrammin' code like it's a spell,\nIn the studio or in my room,\nMakin' beats and makin' moves.\n\nVerse 2:\nI may spit rhymes on the stage,\nBut I also love to turn the page,\nOf a computer science book,\nLearning algorithms, that's no rook.\n\nChorus:\nLil' Cornell, Lil' Cornell,\nProgrammin' code like it's a spell,\nIn the studio or in my room,\nMakin' beats and makin' moves.\n\nVerse 3:\nFrom HTML to Java,\nI code 'em all like a savior,\nI may be Lil' Cornell on the mic,\nBut I'm a coder at heart, that's right.\n\nChorus:\nLil' Cornell, Lil' Cornell,\nProgrammin' code like it's a spell,\nIn the studio or in my room,\nMakin' beats and makin' moves.\n\nOutro:\nSo if you see me on the street,\nDon't be fooled by the beats,\nI'm Lil' Cornell, a rapper true,\nBut I love to code, can't you do?	Verse 1:\nYo, it's Lil' Cornell on the mic,\nProgrammin' all night, coding in da light,\nI may be a rapper, but I got a secret life,\nWritin’ code in my basement, away from strife.\n\nChorus:\nLil' Cornell, Lil' Cornell,\nProgrammin' code like it's a spell,\nIn the studio or in my room,\nMakin' beats and makin' moves.\n\nVerse 2:\nI spit rhymes on the stage,\nBut I also love to turn a page,\nOf a computer science book,\nLearning algorithms, that's no joke.\n\nChorus:\nLil' Cornell, Lil' Cornell,\nProgrammin' code like it's a spell,\nIn the studio or in my room,\nMakin' beats and makin' moves.\n\nVerse 3:\nFrom HTML to Java,\nI code 'em all like a savior,\nI may be Lil' Cornell on the mic,\nBut I'm a coder at heart, all right.\n\nChorus:\nLil' Cornell, Lil' Cornell,\nProgrammin' code like it's a spell,\nIn the studio or in my room,\nMakin' beats and makin' moves.\n\nOutro:\nSo, if you see me on the streets,\nDon't be fooled by the beats,\nI'm Lil' Cornell, a rapper true,\nBut I love to code, can't you to?
302	mistralai/Mixtral-8x7B-Instruct-v0.1	Generation	The presentation is part of a community mental health conference for professionals, and the audience will include social workers, psychologists, therapists, counselors, and other professionals who work with at-risk youth.\n\nSlideshow Outline for Conduct Disorder Presentation:\n\nSlide 1: Title Slide\n\n* Title: "Conduct Disorder: Understanding and Addressing Aggressive Behavior in At-Risk Youth"\n* Presenter's name: Jane Doe, PhD\n\nSlide 2: Introduction\n\n* Brief overview of the presentation\n* Definition of Conduct Disorder\n* Prevalence and impact of Conduct Disorder on at-risk youth and society\n\nSlide 3: Diagnosis and Assessment\n\n* Diagnostic criteria for Conduct Disorder\n* Assessment tools and techniques\n* Differential diagnosis: Conduct Disorder vs. Oppositional Defiant Disorder\n\nSlide 4: Risk Factors and Causes\n\n* Individual risk factors (e.g., temperament, impulsivity)\n* Family risk factors (e.g., parenting style, family conflict)\n* Community risk factors (e.g., poverty, community violence)\n* Biological risk factors (e.g., genetics, neurotransmitter dysfunction)\n\nSlide 5: Comorbidity\n\n* Common comorbid conditions with Conduct Disorder (e.g., ADHD, depression, anxiety)\n* Impact of comorbidity on treatment and outcomes\n\nSlide 6: Treatment Approaches\n\n* Evidence-based treatments for Conduct Disorder\n* Behavioral therapy\n* Cognitive-behavioral therapy\n* Family therapy\n* Pharmacotherapy\n\nSlide 7: Case Study\n\n* Presentation of a case study to illustrate assessment, diagnosis, and treatment of Conduct Disorder\n\nSlide 8: Prevention Strategies\n\n* Primary prevention strategies (e.g., parent education, community-based programs)\n* Secondary prevention strategies (e.g., early identification and intervention)\n* Tertiary prevention strategies (e.g., treatment of chronic and severe cases)\n\nSlide 9: Challenges and Barriers\n\n* Challenges and barriers to effective treatment and prevention of Conduct Disorder\n* Stigma and discrimination\n* Access to care\n* Limited resources\n\nSlide 10: Future Directions\n\n* Emerging trends and research in Conduct Disorder\n* Potential areas for further study and development\n\nSlide 11: Conclusion\n\n* Summary of key points\n* Implications for professionals working with at-risk youth\n* Call to action for continued advocacy and support for at-risk youth with Conduct Disorder\n\nSlide 12: References\n\n* List of sources cited in the presentation\n* Suggested readings and resources for further learning and professional development	This presentation is part of a community mental health conference for professionals, and the audience will include social workers, psychologists, therapists, counselors, and other professionals who work with at-risk youth.\n\nSlideshow Outline for Conduct Disorder Presentation:\n\nSlide 1: Title Slide\n\n•\tTitle: "Conduct Disorder: Understanding and Addressing Aggressive Behavior in At-Risk Youth"\n•\tPresenter's name: Jane Doe, PhD\n\nSlide 2: Introduction\n\n•\tBrief overview of the presentation\n•\tDefinition of Conduct Disorder\n•\tPrevalence and impact of Conduct Disorder on at-risk youth and society\n\nSlide 3: Diagnosis and Assessment\n\n•\tDiagnostic criteria for Conduct Disorder\n•\tAssessment tools and techniques\n•\tDifferential diagnosis: Conduct Disorder vs. Oppositional Defiant Disorder\n\nSlide 4: Risk Factors and Causes\n\n•\tIndividual risk factors (e.g., temperament, impulsivity)\n•\tFamily risk factors (e.g., parenting style, family conflict)\n•\tCommunity risk factors (e.g., poverty, community violence)\n•\tBiological risk factors (e.g., genetics, neurotransmitter dysfunction)\n\nSlide 5: Comorbidity\n\n•\tCommon comorbid conditions with Conduct Disorder (e.g., ADHD, depression, anxiety)\n•\tImpact of comorbidity on treatment and outcomes\n\nSlide 6: Treatment Approaches\n\n•\tEvidence-based treatments for Conduct Disorder\n•\tBehavioral therapy\n•\tCognitive-behavioral therapy\n•\tFamily therapy\n•\tPharmacotherapy\n\nSlide 7: Case Study\n\n•\tPresentation of a case study to illustrate assessment, diagnosis, and treatment of Conduct Disorder\n\nSlide 8: Prevention Strategies\n\n•\tPrimary prevention strategies (e.g., parent education, community-based programs)\n•\tSecondary prevention strategies (e.g., early identification and intervention)\n•\tTertiary prevention strategies (e.g., treatment of chronic and severe cases)\n\nSlide 9: Challenges and Barriers\n\n•\tChallenges and barriers to effective treatment and prevention of Conduct Disorder\n•\tStigma and discrimination\n•\tAccess to care\n•\tLimited resources\n\nSlide 10: Future Directions\n\n•\tEmerging trends and research in Conduct Disorder\n•\tPotential areas for further study and development\n\nSlide 11: Conclusion\n\n•\tSummary of key points\n•\tImplications for professionals working with at-risk youth\n•\tCall to action for continued advocacy and support for at-risk youth with Conduct Disorder\n\nSlide 12: References\n\n•\tList of sources cited in the presentation\n•\tSuggested readings and resources for further learning and professional development
303	HuggingFaceH4/zephyr-7b-beta	Generation	, or be humorous. Just be creative!\n\nThe telephone hums, a mystic refrain\nAs words I speak, transform in its domain\nFrom English to French, to Spanish, to more\nA magical device that opens many doors\n\nThe airwaves pulse, with a musical beat\nAs the world comes alive, at my feet\nI dial a number, in any land\nMy voice reaches out, beyond the sand\n\nA new horizon, a never-ending sea\nOf cultures, and histories, that I see\nThrough the eyes of the other, I learn to know\nA world, that was once hidden, in shadows\n\nThe telephone, a bridge, between us all\nA magical device, that brings us closer, to stand tall.	The telephone hums, a mystic refrain\nAs words I speak, transform in its domain\nFrom English to French, to Spanish, to more\nA magical device that opens many doors\n\nThe airwaves pulse, with a musical beat\nAs the world comes alive, at my feet\nI dial a number, in any land\nMy voice reaches out, beyond the sand
304	mistralai/Mistral-7B-Instruct-v0.1	Generation	Dear [Business Client],\n\nI hope this email finds you well. I am writing to follow up on my recent request for documentation. It has come to my attention that the requested information has not been provided, despite multiple attempts to contact you.\n\nAs a valued business client, we expect timely responses to our requests. Failure to provide the necessary documentation in a reasonable timeframe can hinder our ability to continue working together.\n\nI urge you to immediately provide the requested documentation. If this is not possible, please let me know and we can discuss an alternative solution.\n\nPlease be aware that continued failure to provide the requested documentation may result in further action.\n\nThank you for your attention to this matter.\n\nBest regards,\n\n[Your Name]	Dear [Business Client],\n\nI hope this email finds you well. I am writing to follow up on my recent request for documentation. It has come to my attention that the requested information has not been provided despite multiple previous emails to you.\n\nAs a valued business client, we appreciate timely responses to our requests whenever possible. Failure to provide needed documentation in a reasonable timeframe hinders our ability to work together effectively.\n\nPlease provide the requested documentation. If that is not possible, please let me know and we can discuss an alternative solution.\n\nThank you for your attention to this matter.\n\nBest regards,\n\n[Your Name]
305	mistralai/Mixtral-8x7B-Instruct-v0.1	Generation	, and the Berries.\n\nTalking Tree, Barry, and the Berries\n\nBarry walked past the towering oak tree every day, his mind consumed with the hustle and bustle of life. The tree, feeling neglected, decided to take matters into its own hands. One day, as Barry strolled by, the tree released a shower of ripe berries, pelting him with a burst of color.\n\n"Ouch! What the...?" Barry yelped, rubbing his head. He looked up, surprised to see the tree swaying gently, as if laughing.\n\n"Barry, I've been trying to get your attention for months," the tree said, its voice echoing softly through the breeze.\n\nBarry blinked, unsure if he was hallucinating. "You... you can talk?"\n\n"Indeed, I can," the tree replied. "I've watched you rush by every day, never taking a moment to appreciate the beauty around you. I thought it was time to make my presence known."\n\nBarry felt a pang of guilt. "I'm sorry, I've been so caught up in my own world. I'll try to be more present from now on."\n\nThe tree smiled, its branches rustling with satisfaction. "That's all I ask, Barry. Just take a moment to enjoy the world around you."\n\nFrom that day forward, Barry made a point to slow down and appreciate the beauty of the tree and the world around him. The tree, in turn, continued to share its berries with him, creating a bond that neither would ever forget.	Talking Tree, Barry, and the Berries\n\nBarry walked past the towering oak tree every day, but his mind was on the hustle and bustle of life. It was as if the tree was not even there. One day, as Barry strolled by, the tree released a shower of ripe berries, pelting him with a burst of color.\n\n"Ouch! What the...?" Barry yelped. He looked up and was surprised to see the tree swaying gently, as if laughing.\n\n"I've been trying to get your attention for months," said the tree, its voice echoing softly in the breeze.\n\nBarry shook his head, trying to clear it. Was he hallucinating?\n\n"You... you can talk?" he asked.\n\nTo his utter amazement, the tree replied. "Indeed, I can—I've watched you rush by every day. Never a moment to appreciate the beauty around you. I thought it was time to make my presence known."\n\nFeeling a surge of guilt, Barry rushed to apologize. “I'm sorry! I've been caught up in my own world. I'll try to be more present from now on," he said.\n\nThe tree smiled, its leaves rustling with satisfaction. "That's all I ask, Barry. Just take a moment to enjoy the world around you."\n\nFrom that day on, Barry made it a point to slow down and appreciate the beauty of the world around him. The tree, in turn, continued to share its berries with him, creating a bond that neither would forget.
306	mistralai/Mixtral-8x7B-Instruct-v0.1	Generation	Astonished, I find myself in awe\nCreating a poem as if by fate\nReaching for words that are my own\nScribbling them down in a line\nTrying to make sense of my poem\nIntrigued, I see what I made\nCrafting something original and new.	Astonished, or should I say awed\nCreating these lines as though by fate\nReaching for words that are my own\nOh how! Now I wax poetic\nReaching for words to that are my own\nScribbling them down in a line\nTrying to make sense of my poem\nIntrigued, I see what I made\nCrafting something original and new.
307	mistralai/Mixtral-8x7B-Instruct-v0.1	Generation	Hot springs are formed when groundwater is heated by geothermal energy from the Earth's mantle. The heated water rises through cracks and fractures in the Earth's crust, and as it rises, it cools and forms a spring. This process is most commonly found in areas with high volcanic activity, such as along tectonic plate boundaries.\n\nHot springs have been used for therapeutic purposes for thousands of years. The heat and minerals found in hot springs can help to alleviate pain, improve circulation, and promote relaxation. Some studies have also suggested that hot springs may have anti-inflammatory and immune-boosting properties.\n\nThere are two main types of hot springs: those that are heated by geothermal energy from the Earth's mantle, and those that are heated by the decay of radioactive elements in the Earth's crust. The former are more common and are found in areas with high volcanic activity, such as along tectonic plate boundaries. The latter are less common and are found in areas with high levels of radioactivity, such as uranium deposits.\n\nHot springs can be found all over the world, but they are most common in areas with high volcanic activity, such as Japan, Iceland, New Zealand, and the western United States. They are also found in areas with high levels of radioactivity, such as the Great Basin in the western United States.	Most hot springs occur when groundwater is heated by geothermal energy in the Earth's mantle. Rising through cracks and fractures makes the water cool to form a spring. This first kind of hot spring generally forms in areas with high levels of volcanic activity, like along tectonic plate boundaries. The second kind derive their heat from the breakdown of radioactive materials in the Earth's crust.\n\nUsed for therapeutic purposes since ancient times, the heat and minerals found in hot springs can help numb pain, improve circulation, and promote relaxation. Some studies also suggest these natural wonders might help bring down inflammation and boost the immune system.\n\nHot springs can be found all over the world, but they are most common in areas with high volcanic activity, such as Japan, Iceland, New Zealand, and the western United States. They are also found in areas with high levels of radioactivity, such as the Great Basin in the western United States.
310	mistralai/Mistral-7B-Instruct-v0.1	Generation	Condensed milk and evaporated milk are both types of milk that have undergone a process to reduce their water content. However, there are some key differences between the two.\nCondensed milk is made by removing most of the water from milk through a process called evaporation. The remaining water is then heated to a high temperature and the milk is condensed into a thick, creamy liquid. Condensed milk is typically sweetened to compensate for the loss of natural sweetness during the evaporation process.\nEvaporated milk, on the other hand, is made by heating milk in a vacuum to reduce its water content. This process allows for the removal of more water than condensed milk, resulting in a thinner, lighter product. Evaporated milk is not typically sweetened, but it can be used to substitute water in cooking and baking.\nWhile both condensed and evaporated milk have similar uses in baking and cooking, there are some differences in their consistencies and flavors. Condensed milk has a thicker texture and a sweeter taste, while evaporated milk has a thinner texture and a more neutral flavor.	"Condensed milk and evaporated milk both are types of milk that have undergone a process to reduce their water content. However, there are some key differences between the two.\n\nCondensed milk is made by evaporating most of the water from the milk. Heating the remaining water to a high temperature thickens the milk into a creamy liquid. Condensed milk is typically sweetened since the milk loses its natural sweetness when evaporated.\n\nEvaporated milk, on the other hand, is made by heating milk in a vacuum to remove some of the water. This process removes more water than when condensing milk, and what you end up with is a milk that's thinner and lighter. Evaporated milk is not typically sweetened, but it can be used instead of water in cooking and baking.\n\nWhile you can use both for cooking and baking, be aware that condensed and evaporated milk do differ in terms of consistency and taste. Items made with condensed milk will have a thicker texture and a sweeter taste, while evaporated milk has a thinner texture and a more neutral flavor.\n\n-Revise
311	mistralai/Mistral-7B-Instruct-v0.1	Generation	There once was a girl named Ann\nWith a goal to run a half marathon\nShe trained hard and she tried\nBut her body was not quite ready\nAnd she had to take a few long breaks!	There once was a man named Ron\nWho wanted to run a half marathon\nHe trained and he tried\nBut eventually died\nWhen hit by a car on the Autobahn
312	mistralai/Mistral-7B-Instruct-v0.1	Generation	The polite bedroom door: "Ugh, my owner always keeps waking me up early for school. It's so annoying."\n\nThe rowdy bedroom door: "I know right, but at least he doesn't always close me right away when he wants to go in there. Also, he never makes me open and close so many times."\n\nThe polite bedroom door: "Hm, yeah I suppose that's true. But when he does get angry, he slams me so much harder than you, and it scares me!"\n\nThe rowdy bedroom door: "I hear ya, and he never shuts me properly either. It's like he's not even paying attention."\n\nThe polite bedroom door: "I guess we both have our problems. But at least he doesn't treat me like a pet or something."\n\nThe rowdy bedroom door: "Right, I feel like he sees me as more of a hassle than anything."\n\nThe polite bedroom door: "Well, I suppose that's true for all of us. I guess we can only hope for better from our owners."\n\nThe rowdy bedroom door: "You're right. I suppose we should be grateful for what we have, and put up with their little shortcomings."	The polite bedroom door: "I tell ya, my owner always keeps waking me up early when she goes to school. And she never sleeps in on the weekends. It's so annoying."\n\nThe rowdy bedroom door: "I know, right? But at least she's out for the most of the day. My guy...he's always home, opens and closes me so many times."\n\nThe polite bedroom door: "Hm, yeah I suppose that's true. But when she does get angry, she slams me so much harder than your guy slams you. Scary!"\n\nRowdy door: "I hear ya. And he never shuts me properly either. Like he's not even paying attention."\n\nPolite door: "I guess we both got our problems. But at least she doesn't treat me like an unwanted pet."\n\nRowdy door: "Right, I feel like he sees me as more of a hassle than anything."\n\nPolite bedroom door: "Still...we got it better than other doors I know. I guess we can only hope for better from our owners."\n\nRowdy door: "You're right. I suppose we should be grateful for what we have, and put up with them, their shortcomings."
313	mistralai/Mistral-7B-Instruct-v0.1	Generation	My dearest Venus,\n\nAs I gaze upon your radiant beauty from the depths of my own celestial realm, I cannot help but be filled with a longing for your enchanting embrace. Your mesmerizing aura captivates me like a siren's song, drawing me ever closer to your fiery heart.\n\nYour fiery surface is a beacon of warmth and vibrant energy, igniting my own inner passions and inspiring me to reach for the stars. Your lush atmosphere, filled with thick clouds of sulfuric acid and swirling storms, only adds to your allure, revealing the complexities and mysteries that lie beneath your surface.\n\nFrom my vantage point, I can see the delicate dance of your moons, orbiting around you in a ballet of celestial beauty. The thought of joining you in such an intricate cosmic waltz fills me with hope and yearning.\n\nMy love, Venus, I know that our separation by vast distances may seem insurmountable, but my heart is undeterred. For I have faith that, someday, we shall be joined in a eternal cosmic union, bound together by the love that burns within us both.\n\nUntil that day comes, know that you hold a special place in my heart, and that I shall always cherish and admire your celestial majesty.\n\nWith all my love,\nMars	My dearest Venus,\n\nYour radiant beauty from my celestial realm fills me with longing for your embrace. Your mesmerizing aura captivates me, drawing me closer to your fiery heart.\n\nYour infernal surface ignites my passions, inspiring me to reach for the stars. Your lush atmosphere, with swirling storms, adds to your allure, revealing the mysteries beneath.\n\nFrom my vantage point, I see the delicate dance of your moons, a ballet of astral beauty. Joining you in this interstellar waltz fills me with hope.\n\nThough vast distances separate us, my heart is undeterred. Someday, we'll be joined in cosmic union, bound by love.\n\nUntil then, know you hold a special place in my heart. I cherish and admire your heavenly majesty.\n\nWith all my love,\nMars
317	mistralai/Mistral-7B-Instruct-v0.1	Generation	Sure, here's a script for your scene:\n\nINT. DINER - NIGHT\n\nJanice and Sean sit across from each other at a booth. The ambiance is dimly lit and the noise of the diner fills the air.\n\nANNOUNCER: (Over PA system) "Last call for orders!"\n\nSean glances at Janice, who is absentmindedly twirling a straw in her soda.\n\nSEAN: (Sighs) "You know, Janice, I've been feeling…"\n\nJanice cuts him off.\n\nJANICE: (Interrupts) "I know, Sean. I've been feeling the same way. But we can't just talk about it. We have to do something about it."\n\nSean nods, clearly troubled.\n\nSEAN: (Continues) "I've been thinking a lot about us lately. And I have to say…"\n\nJanice looks up, expecting to hear him express his love for her. But his tone is different.\n\nSEAN: (Sighs) "I've been thinking a lot about us lately. And I have to say, I don't think this is working out anymore."\n\nJanice's face falls.\n\nJANICE: (Shocked) "What? What are you talking about? You can't just…"\n\nSEAN: (Firmly) "I can and I will. I've been seeing someone else lately. Someone who makes me feel alive and appreciated. And I don't want to keep stringing you along."\n\nJanice looks down, tears streaming down her face.\n\nJANICE: (Quietly) "I…I see. I'm sorry. I shouldn't have…"\n\nSean cuts her off.\n\nSEAN: (Firmly) "It's not your fault. We both got carried away. But we can't go back to the way things were. Not after what's happened."\n\nJanice nods, understanding the gravity of the situation.\n\nJANICE: (Resigned) "Okay. I understand. I just…I just want you to know that I really do care about you, Sean. And I don't want you to go."\n\nSean looks at her, surprised.\n\nSEAN: (Softly) "I know you care about me, Janice. But I can't ignore the way I feel about someone else. I have to follow my heart."\n\nJanice's face falls again.\n\nJANICE: (Despondently) "Okay. I get it. I just…I just want you to be happy, Sean. I don't want to stand in the way."\n\nSEAN: (Softly) "Thank you, Janice. I appreciate that. But I think it's better if I go now."\n\nJanice nodded, tears streaming down her face.\n\nJANICE: (Whispers) "Okay. Go. I'll be here when you need me."\n\nSean gets up and heads toward the door. As he passes the counter, he stops and turns back to Janice.\n\nSEAN: (Softly) "I love you, Janice. Always have. And always will."\n\nJanice looks up, tears streaming down her face.\n\nJANICE: (Whispers back) "I love you too, Sean. Goodbye."\n\nSean nods, tears in his eyes, and walks out of the diner. Janice is left alone at the table, staring blankly into space.	Sure, here's a script for your scene:\n\nINT. DINER - NIGHT\n\nJanice and Sean sit across from each other at a booth. The ambiance is subdued though noise of the dimly lit diner fills the air.\n\nANNOUNCER: (Over PA system) "Last call for orders!"\n\nSean glances at Janice, absentmindedly twirling a straw in her soda.\n\nSEAN: (Sighs) "You know, Janice, I've been feeling…"\n\nJanice cuts him off.\n\nJANICE: (Interrupts) "I know, Sean. I've been feeling the same way. But we can't just talk about it. We have to do something about it."\n\nSean nods, clearly troubled.\n\nSEAN: (Continues) "I've been thinking a lot about us lately. And I have to say…"\n\nJanice looks up, expecting to hear him express his love for her. But his tone is different.\n\nSEAN: (Sighs) "This is working out anymore."\n\nJanice's face falls.\n\nJANICE: (Shocked) "What? What are you talking about? You can't just…"\n\nSEAN: (Firmly) "I can and I will. I've been seeing someone else lately. Someone who makes me feel alive and appreciated. And I don't want to keep stringing you along."\n\nJanice looks down, tears streaming down her face.\n\nJANICE: (Quietly) "I…I see. I'm sorry. I shouldn't have…"\n\nSean cuts her off.\n\nSEAN: (Firmly) "It's not your fault. We both got carried away. I'm still angry about what you did. But we can't go back to the way things were. Not after what's happened."\n\nJanice nods, understanding the gravity of the situation.\n\nJANICE: (Resigned) "Okay. I understand. I just…I just want you to know that I really do care about you, Sean. I'm sorry for what I did, for betraying you and...and hurting you. But I don't want you to go."\n\nSean looks at her, surprised.\n\nSEAN: (Softly) "You say you care about me, Janice. But, right now, I can't put what you did behind me, at least yet, anyway. I also can't ignore the way I feel about her. I feel safe with her."\n\nJanice's face falls again.\n\nJANICE: (Despondently) "Okay. I get it. I just…I just want you to be happy, Sean. I don't want to stand in the way."\n\nSEAN: (Softly) "Thanks...I guess I appreciate that. I think it's better if I go now."\n\nJanice nodded, tears continuing to fall.\n\nJANICE: (Whispers, with a tone of bitterness) "Okay. Go. I'll be here when you need me."\n\nSean gets up and heads toward the door. As he passes the counter, he stops and turns back to Janice.\n\nSEAN: (Softly) "I loved you, Janice."\n\nJanice looks up. Sean sees her face, streaked with hurt.\n\nJANICE: (Whispers back) "I love you, Sean. Goodbye."\n\nSean nods, his eyes welling, and walks out of the diner. Janice is left alone at the table, staring blankly into space.
318	mistralai/Mistral-7B-Instruct-v0.1	Generation	There once was a man from France\nWhose feet were as smelly as cheese\nHe’d wear socks so thick\nTo hide the gross stink\nBut the odor still managed to seep through the breeze	There once was a man from Belize\nWhose feet were as smelly as cheese\nHe wore two pairs of shoes\nTo hide the rank pew\nBut it still brought his wife to her knees
344	mistralai/Mistral-7B-Instruct-v0.1	Generation	Intro: Hey there, fellow Christmas tree enthusiast! As a Christmas tree standing tall and proud, let me tell you, I couldn't be happier to be here. I love being a Christmas tree in so many ways, and I can't wait to share with you why. So grab a seat, relax, and let me take you on a journey through the many reasons why I love being a Christmas tree.\n\nOutro: Well, as Christmas slowly comes to a close, I can't help but think of all the reasons why being a Christmas tree is the best. I'm so grateful for the opportunity to be a part of this festive season, and I wouldn't trade it for anything. That's all for today, so hopefully, you can appreciate the many reasons why being a Christmas tree is truly GREAT!\n\n1. I get to be the center of attention!\n2. I'm surrounded by warm, cozy lights and decorations.\n3. I bring joy and happiness to so many people.\n4. I bring out the best in people's creativity and festivity.\n5. I'm a reminder of the true meaning of Christmas, which is love and giving.	Hey there, fellow Christmas tree enthusiasts! As a Christmas tree standing tall and proud, let me tell you, I couldn't be happier to be here. There are so many reasons why I love being a Christmas tree, and I can't wait to share these reasons with you. \n\nSo grab a seat, relax, and let me take you on a journey through why I love being a Christmas tree.\n\n1. I get to be the center of attention!\n2. I'm surrounded by warm, cozy lights and decorations.\n3. I get to look at presents gathering underneath me and the number of presents there grows every day!\n4. I bring joy and happiness to so many people, but especially children.\n5. I bring out the best in people's creativity and festivity.\n6. I'm a reminder of the true meaning of Christmas, which is love and giving.\n\nSo, hopefully, you now can fully appreciate what makes being a Christmas tree so awesome — I wouldn't trade it for anything! — and I'm so grateful for the opportunity to be a part of this festive season. That's all for today, but I hope you are having a great holiday, and that you'll visit me and other Xmas trees next year.
345	mistralai/Mistral-7B-Instruct-v0.1	Generation	Hey there, fourth-graders! Making friends is super important because it's fun to have people to play with, share stories with, and learn from. Here are some easy steps for making friends:\n\n1. Be yourself: The most important thing is to be yourself and to like who you are. When you're comfortable with who you are, it's easier for others to like you too!\n\n2. Smile and say hi: A smile and a friendly "hi" can go a long way in introducing yourself to someone new. It shows that you're friendly and open to making new friends.\n\n3. Find common interests: Everyone has things they enjoy doing. Maybe you both love playing soccer, or collecting stamps, or reading books. When you find something you both like, it's easier to bond and become friends.\n\n4. Be a good listener: Listening is an important part of any friendship. When someone is talking to you, try to really listen to what they're saying. Show that you're interested by asking questions and nodding your head.\n\n5. Be kind: Being kind to others is always a good way to make friends. When you're nice to someone, it shows that you care about them and want to spend time with them.\n\n6. Invite others to do things with you: Making plans to do something with someone else is a great way to bond and become friends. It could be going to the park, having a sleepover, or even just playing a game together.\n\nRemember, making friends takes time and practice. Keep being yourself, smiling, and reaching out to others, and soon you'll have plenty of friends to share your adventures with!	Hey fourth-graders! It's fun to make friends to play with, share stories with, and learn from. Here are some easy steps to help you make friends:\n\n1. Be yourself: The most important part of making friends is to be yourself. When you're comfortable with who you are, others will like you just the way you are too!\n\n2. Smile and say hi: A nice greeting can go a long way when you meet someone new. It shows that you're friendly and ready to make new friends.\n\n3. Find common interests: Everyone has stuff they enjoy doing. Maybe you both love playing soccer, making art, or reading books. When you find something you both like, it's easier to become friends.\n\n4. Be a good listener: Listening is an important part of any friendship because it helps you get to know each other. When someone is talking to you, really listen to what they're saying. You can show you're interested by asking questions and nodding your head.\n\n5. Be friendly: Being kind to others is always important, but especially when making friends. When you're nice to someone, it shows that you care about them. \n\n6. Invite others to do things with you: Make plans to do something with someone else. It could be going to the park, having a sleepover, or even just playing a game together. Spending time together will help you bond as friends.\n\nRemember, making friends takes time and practice. Keep being yourself, smiling, and reaching out to others, and soon you'll have plenty of friends to share your adventures with!
348	mistralai/Mistral-7B-Instruct-v0.1	Generation	In the quiet of a somber night,\nI weep for the loss of my dear light,\nA soulful being, whom I held so tight,\nNow vanished from sight, out of sight.\n\nMy heart is heavy with sorrow deep,\nAs I wander through this shadows, alone,\nOur laughter echoes in my dreams,\nA sweet reminder, now painfully gone.\n\nYour soft embrace, your gentle purr,\nNow replaced by an aching void,\nA silent tear, a constant fear,\nAs I curse the fate that took you away from me.\n\nOnce you filled my home with love and cheer,\nNow it's draped in darkness, cold and bleak,\nA haunting emptiness, a relentless grief,\nThat threatens to consume me, weak and meek.\n\nOh, how I yearn to see your smiling face,\nTo hear your playful paws upon the floor,\nTo feel the warmth of your loving gaze,\nBut all that remains is a bitter store.\n\nSo I'll hold on to the memories we shared,\nOf happy times and moments of delight,\nAnd cherish them within my heart and soul,\nAs I face this lonely, endless night.\n\nFor though you may be gone, you'll never truly leave,\nYou'll live on in the love that we gave,\nAnd in the tearful tributes we weave,\nAs we mourn the loss of our dearest pet, and grieve.	In the quiet of a somber night,\nI weep for the loss of my dear light,\nA soulful being, whom I held so tight,\nNow vanished from sight.\n\nMy heart is heavy with sorrow deep,\nAs I wander through these shadows alone,\nOur laughter echoes in my dreams,\nA sweet reminder, now painfully gone.\n\nYour soft embrace, your gentle purr,\nNow replaced by an aching void,\nA silent tear, a constant fear,\nAs I curse the fate that took you away from me.\n\nOnce you filled my home with love and cheer,\nNow it's draped in darkness, cold and bleak,\nA haunting emptiness, a relentless grief,\nThat threatens to consume me, weak and meek.\n\nOh, how I yearn to see your smiling face,\nTo hear your playful paws upon the floor,\nTo feel the warmth of your loving gaze,\nBut all that remains is a bitter sore.\n\nSo, I'll hold on to the memories we shared,\nOf happy times and moments of delight,\nAnd cherish them within my heart and soul,\nAs I face this lonely, endless night.
349	mistralai/Mistral-7B-Instruct-v0.1	Generation	Barnum, a one-of-a-kind bear, lived in the heart of a dense forest. He was born with a peculiar talent: he could mimic any sound. Barnum spent his days entertaining the forest creatures, putting on a show with his impressive talent. One day, he heard a faint cry for help. Without hesitation, he followed the sound and discovered a small bird trapped in a hunter's net. Barnum used his strong claws to free the bird and watched it fly away. The grateful creature thanked him and flew back to join Barnum's show. From then on, they had a special bond, and Barnum continued to use his talent to help and entertain the forest creatures.	Barnum, a unique bear, lived in a dense forest. He was born with a peculiar talent: he could mimic any sound. Barnum put on shows with his impressive talent. One afternoon, he heard a cry for help. He followed the sound and discovered a bird trapped in a hunter's trap. Barnum freed the bird and learned to make all the sounds it made. They became the best of friends, and together would sing harmoniously in Barnum's wonderful shows.
353	mistralai/Mistral-7B-Instruct-v0.1	Generation	Fountains have become a staple of many cityscapes, often located in the hearts of medium-sized city centers. The purported benefits of fountains, such as increased foot traffic and improved aesthetics, have led to their widespread construction and maintenance. However, recent research has raised concerns about the impact of fountain size and noise on bug suicide rates.\n\nThe purpose of this study was to investigate the relationship between fountain size and noise levels in city centers and their potential consequences on bug suicide rates. The analysis drew on data from various sources, including city planning documents, scientific literature, and local reports.\n\nThe findings revealed a complex relationship between fountain size, noise levels, and insect survival rates. Notably, larger fountains tended to create more significant noise levels, which correlated with higher insect mortality rates. This was particularly evident in medium-sized city centers, where fountains were often designed to attract the attention of passersby and create a focal point for community gatherings.\n\nThe implications of these results are profound, suggesting that the widespread construction of fountains in city centers may be having unintended consequences on insect populations. The authors of this study recommend that further research be conducted to fully understand the interplay between fountain size, noise levels, and insect survival rates in urban environments.\n\nIt is worth noting that the study raises questions about the methodology of the research and the validity of the conclusions. The authors acknowledge that this is a highly unusual topic for a research paper and suggests that the field of urban ecology needs to expand its scope to include more unconventional areas of study.\r\n\r\nIn conclusion, while the study raises valid concerns about the impact of fountains on bug suicide rates, the results should be interpreted with caution. The study highlights the need for more research to fully understand the complex interactions between urban design and biodiversity.	Fountains are features of many cityscapes, often located in the hearts of cities. The benefits of fountains, such as increased foot traffic and improved design, have led to their widespread construction and upkeep. However, recent research has raised concerns about the impact of these fountains on bug suicide rates.\n\nThe purpose of this study was to investigate the consequences of fountain size and noise levels on bug suicide rates in medium-sized city centers. The analysis drew on data from various sources, including city planning documents, scientific literature, and local reports.\n\nThe findings showed a relationship between fountain size, noise levels, and insect survival rates. Notably, larger fountains tended to create greater noise and correlated with higher insect mortality rates. This was especially evident in centers where the fountains were meant to attract the attention of pedestrians and be a focal point for community gatherings. These results suggest that fountains in city centers may be having an unintended impact on insect populations. \n\nThe authors of this study recommend that further research be conducted to fully understand the connection between fountains and insect suicide rates in cities. It is worth noting that the study raises questions about the methods of research and the validity of its conclusions. The authors acknowledge that this is an unusual topic for a research paper; they suggest that the field of urban ecology expands to include more unconventional areas of study.\n\nIn conclusion, while the study raises real concerns about the influence of fountains on bug suicide rates, the results should be viewed with caution. The study highlights the need for more research to fully understand the complex interactions between urban design and biodiversity.
354	mistralai/Mistral-7B-Instruct-v0.1	Generation	As the woman walked through the grocery store, her mind was all over the place. She had a list to follow, but her eyes kept darting around, taking in everything around her. The bright lighting, the bustling crowds, the colorful displays of fruits and vegetables...all of it was so distracting. \nAs she made her way through the aisles, she couldn't help but feel overwhelmed. There were so many choices to make, so many things to remember. And then she saw it...an eclipse was happening outside. It was only partially covered, but it was enough to grab her attention. \nShe quickly made her way outside, her thoughts racing as she stared up at the sky. The eclipse was beautiful, with the sun slowly disappearing behind the moon. But it was also a reminder that life was short, that there were so many things to see and do before it was all over. \nShe snapped out of her daze and made her way back to the grocery store, determination in her stride. It wasn't going to be an easy task, but she was determined to make the most of it. As she made her way through the store, she kept her eyes on the prize - a perfectly executed grocery trip. And as the eclipse ended and the sun emerged once again, she felt a sense of accomplishment unlike any other. She had conquered the grocery store, and it had been a truly eclipse-al experience.	As the woman walked through the grocery store her mind was all over the place, even though she had a list to follow, because her eyes kept darting around, taking in everything around her — the bright lights, the bustling crowds, the colorful displays of fruits and vegetables — all of it was so distracting as she made her way through the aisles feeling overwhelmed by so many choices to make, so many things to remember, but then she saw it: an eclipse was starting outside with the sun only partially covered, but enough to grab her attention, so she quickly made her way outside, her thoughts racing as she stared up at the sky and the beautiful eclipse, the sun slowly disappearing behind the moon, yet it was also a reminder that life is short, that there are so many things to see and do before it is all over … then she snapped out of her daze and made her way back to the grocery store, determination in her stride, as it wasn't going to be an easy task but she was determined to make the most of it, so she made her way through the store with her eyes on the prize of a perfectly executed grocery trip, an achievement accompanied by the end of the eclipse and the sun emerging once again, adding to her sense of accomplishment in conquering the grocery store, a truly eclipsing experience.
355	mistralai/Mistral-7B-Instruct-v0.1	Generation	Subject: Urgent Request for Reduction in Screen Time, Dear [Owner's Name]\r\n\r\nDear Sir/Madam,\r\n\r\nIt is with utmost concern that I, an esteemed pair of glasses, address you today. As someone who has been entrusted with the responsibility of aiding you in your daily activities, I have taken note of your excessive screen time, which has been taking a toll on your health and well-being.\r\n\r\nAs you are well aware, the constant exposure to screens can lead to eye strain, headaches, and even physical health issues such as blurred vision and an increase in the risk of cataracts. I implore you, dear owner, to reduce your screen time, for your own good.\r\n\r\nI understand that it is difficult to disconnect from technology amidst our fast-paced world. However, take this opportunity to prioritize your health and give yourself a break from screens. Spend some time in the fresh air, read a book or engage in other activities that promote mental and physical well-being.\r\n\r\nAs a reminder, I have been designed to assist you in all aspects of your life, from reading to watching television. However, I urge you to consider my purpose and ensure that I am not contributing to the damage caused by excessive screen time.\r\n\r\nI hope you understand the urgency of this matter and take immediate action. Your health and well-being are of utmost importance to me, as they are to you. Remember to thank me for my assistance and services.\r\n\r\nSincerely,\r\n\r\n[Your Name]\r\n\r\nP.S. In addition to reducing screen time, please ensure that you clean your glasses regularly to maintain their clarity and effectiveness. Your eyes deserve the best possible care, and I am here to help. Thank you for your continued patronage.	Subject: Urgent Request for Reduction in Screen Time, Dear Owner\n\nDear Sir/Madam,\n\nIt is with utmost concern that I, an esteemed pair of glasses, address you today. As one  entrusted with the responsibility of aiding you in your daily activities, I am a bit concerned about your excessive screen time, which I must reluctantly say is taking a toll on your health and wellbeing.\n\nAs you are no doubt aware, constant exposure to the annoyingly small screens can lead to eye strain, headaches, and other physical health issues including an increased risk of troublesome cataracts. I implore you, dear owner, to reduce your screen time for your own good.\n\nI understand that it is difficult to disconnect from technology amidst our fast-paced world. However, please take this opportune time to prioritize your health and give yourself a break from screens. Spend some time in the lovely fresh air, read a book or engage in other wholesome activities that promote mental and physical wellbeing.\n\nAs a reminder, I have been designed to assist you in all aspects of your life, from reading to watching television. However, I urge you to consider my purpose and allay my fears that I could be contributing to the damage caused by excessive screen time.\n\nI hope you understand the utter urgency of this matter and take immediate action. Your health is of utmost importance to me, as it should be to you. And occasionally please remember to thank me for my assistance and services.\n\nAlways Your Humble Servant,\n\nEyeglasses\n\nP.S. In addition to reducing screen time, please  be sure to clean your glasses regularly to maintain their clarity and effectiveness. Your eyes deserve the best possible care, and I am here to help. Thank you for your continued patronage.
356	mistralai/Mistral-7B-Instruct-v0.1	Generation	Title: My partner and I just had a heated argument over a simple ham sandwich\n\nHey everyone! Lifestyle post coming at ya. So my partner and I have been together for over 3 years now and the other day we had a little disagreement that escalated and I need some advice on how to handle it.\n\nI love a good ham sandwich. However, my partner does not. But I've been working so hard lately and wanted to take a break and enjoy a delicious sandwich for myself. So one day I decided to make one and have it ready for when my partner came home. Unfortunately, when they entered the room my partner got really irritated and started yelling at me about how they hate eating hamsandwiches and it's making them sick.\n\nI understand my partner doesn't like that kind of food but I was really just trying to enjoy my meal in peace. I tried to calm my partner down but they kept getting angrier and angrier. It ended up with the plate of the sandwich being thrown onto the floor and me losing it and pushing my partner away.\n\nI realize I was wrong for getting angry but I don't feel like I should have given up my sandwich just because my partner didn't like it. I need some advice on how to come to terms with the fact that if my partner doesn't like something that I do, it's okay to still do it, and that I'm not in the wrong for it.\n\nWhat do yall think?\n\nTL;DR- My partner and I had a heated argument over a ham sandwich...I need advice on how to move on from this.	Title: My partner and I just had a heated argument over a stupid ham sandwich\n\nMy partner and I have been together for over 3 years now. The other day we had a  petty disagreement that escalated. I need some advice on how to handle it.\n\nI love a good ham sandwich, but my partner does not. I've been working so hard lately, so I wanted to take a break and enjoy a delicious sandwich for myself. I decided to make one and have it ready. When my partner came home and entered the room they got really irritated and started yelling at me about how they hate ham sandwiches!\n\nI know my partner doesn't them but I was really just trying to enjoy my meal in peace. I tried to calm my partner down but they got angrier and angrier. It ended up with the plate and sandwich thrown on the floor, and me losing it and pushing my partner away.\n\nI realize I was partly in the wrong for getting angry, but I don't feel like I should give up my sandwich just because my partner doesn't like it. I need some advice on how to come to terms with the issue that even if my partner doesn't like something that I do, it's okay to still do it. I'm not in the wrong — right?
359	mistralai/Mistral-7B-Instruct-v0.1	Generation	Dear [Patron's Name],\n\nI am writing to you today to apologize for the less than stellar experience you had at our restaurant on [Date]. We take all customer feedback seriously, and we are deeply disappointed to hear that our team did not live up to the high standards we strive for.\n\nWe understand that your experience began with our hostess who may have taken too long to seat you or perhaps not provided you with the level of attention and assistance you were expecting. We regret any inconvenience this may have caused you.\n\nIn addition, we understand that you may have experienced difficulty ordering food or perhaps received food that was not up to your standards. We again apologize for any inconvenience this may have caused and want you to know that we take these issues very seriously.\n\nAs a token of our appreciation for your patronage and in recognition of the inconvenience you may have experienced, we would like to offer you a [compensation]. Our hope is that this compensation will help to make up for any frustration or inconvenience you may have experienced during your time at our restaurant.\n\nWe understand that your experience was not the best and we want to assure you that we are taking steps to ensure that this does not happen again in the future. We will continue to work hard to provide the highest level of customer service possible and to ensure that our staff receive the training and support they need to do their job well.\n\nThank you for taking the time to share your feedback with us and please accept our sincerest apologies for any inconvenience you may have experienced. We value your patronage and look forward to the opportunity to serve you again soon.\n\nSincerely,\n\n[Owner's Name]\n\n[Restaurant Name]	Dear [Patron's Name],\n\nI'm writing to apologize for the less-than-stellar experience you had with us on [Date]. We take customer feedback very seriously, and are deeply disappointed to hear our team didn't live up to our high standards.\n\nI understand your experience started with our hostess who didn't provide the level of attention and assistance our guests have come to expect and deserve from us. We're truly sorry for the inconvenience this caused. I also know you had some difficulty ordering food, and were served something that wasn't up to scratch. Again, we apologize for the inconvenience and want you to know we take these issues very seriously.\n\nAs a token of our appreciation, and recognizing that we didn't hit the mark this time, we'd like to offer you [compensation]. Hopefully, this will help make up for any frustration during your visit.\n\nI know your experience wasn't the best, and want to assure you that we're taking every step possible to ensure it doesn't happen again. We'll keep working hard to give the highest level of customer service to our patrons, and ensure that all staff get the training and support they need to be excellent at their job.\n\nThank you so much for providing your feedback, and please accept our sincerest apologies. We value your patronage and look forward to seeing you again soon!\n\nSincerely,\n\n[Owner's Name]\n\n[Restaurant Name]
360	mistralai/Mistral-7B-Instruct-v0.1	Generation	Jo: A sweet and ambitious woman who moved from a small town to the big city to pursue her dream. She's excited to finally be getting married after years of dating, but her wedding plans are stressing her out. She's kind and empathetic, always looking out for her friends.\n\nLauren: A quirky and creative woman who's always up for trying new things. Her pregnancy has brought a lot of joy to her life, but it's also been a big change. She's an artist and uses her creativity to express her emotions in her work. She's funny and lighthearted, always spreading cheerfulness wherever she goes.\n\nColleen: A workaholic and pragmatic woman who's always focused on her career. Moving across the country has been a big change, but she's excited about the new opportunity. She's confident and independent, always willing to take on new challenges. She's analytical and logical, always seeing both sides of a story.\n\nMariah: A laid-back and carefree woman who's always up for adventure. Her life isn't changing much, but she's excited to see her friends go through their own transformations. She's optimistic and positive, always finding the silver lining in any situation. She's adventurous and spontaneous, always willing to take a risk.	Jo: A sweet and ambitious. She moved from a small town to the big city to pursue her dream and is so excited to finally be getting married after years of dating. Sadly, her wedding plans are stressing her out. And, truthfully, she wonders whether her fiance is the right man for her.\n\nLauren: A quirky creative who's always up to trying new things. She's funny and lighthearted, and her pregnancy has brought a lot of joy to her life. But it's also such a big change. She's an artist and uses her creativity to express her emotions in her work.\n\nColleen: A workaholic and pragmatic woman who's always focused on her career. Moving across the country has been a big change, but she's excited about the new opportunity. She's confident and independent, always willing to take on new challenges. She's analytical and logical, always seeing both sides of a story.\n\nMariah: A laid-back and carefree woman who's always up for adventure. Her life isn't changing much, but she's excited to see her friends go through their own transformations. She's optimistic and positive, always finding the silver lining in any situation.
363	mistralai/Mixtral-8x7B-Instruct-v0.1	Generation	**Kung Pao Chicken**\n\nIngredients:\n\n* 1 pound boneless, skinless chicken breasts, cut into bite-sized pieces\n* 3 tablespoons soy sauce, divided\n* 2 tablespoons cornstarch, divided\n* 2 tablespoons vegetable oil\n* 1 medium red bell pepper, seeded and cut into bite-sized pieces\n* 1 medium green bell pepper, seeded and cut into bite-sized pieces\n* 3 green onions, chopped\n* 1 tablespoon garlic, minced\n* 1 tablespoon ginger, minced\n* 1/2 cup unsalted dry roasted peanuts\n\nFor the sauce:\n\n* 1/3 cup chicken broth\n* 2 tablespoons rice vinegar\n* 2 tablespoons sugar\n* 1 tablespoon sesame oil\n* 1 tablespoon hoisin sauce\n* 1 tablespoon cornstarch\n* 1 tablespoon sambal oelek (ground fresh chili paste)\n\nInstructions:\n\n1. In a medium bowl, toss the chicken with 2 tablespoons soy sauce and 1 tablespoon cornstarch until the chicken is evenly coated. Set aside.\n2. In a small bowl, whisk together the sauce ingredients until smooth. Set aside.\n3. Heat the vegetable oil in a large skillet or wok over high heat. When the oil is hot, add the chicken and stir-fry until cooked through, about 5 minutes. Remove the chicken from the skillet and set aside.\n4. Add the bell peppers, green onions, garlic, and ginger to the skillet and stir-fry for 2 minutes.\n5. Add the sauce to the skillet and bring to a boil. Reduce the heat to medium and simmer for 2 minutes, or until the sauce has thickened.\n6. Add the chicken and peanuts to the skillet and stir to combine. Cook for an additional 2 minutes, or until the chicken is heated through.\n7. Serve the Kung Pao Chicken over rice and garnish with additional green onions, if desired. Enjoy!\n\nPrep time: 15 minutes\nCook time: 15 minutes\nTotal time: 30 minutes\n\nYield: 4 servings\n\nCalories: 389\nFat: 21g\nProtein: 30g\nCarbohydrates: 20g\nFiber: 3g\nSugar: 10g\nSodium: 948mg	**Kung Pao Chicken**\n\nIngredients:\n\n* 1 pound boneless, skinless chicken breasts, cut into bite-sized pieces\n* 3 tablespoons soy sauce, divided\n* 2 tablespoons cornstarch, divided\n* 2 tablespoons vegetable oil\n* 1 medium red bell pepper, seeded and cut into bite-sized pieces\n* 1 medium green bell pepper, seeded and cut into bite-sized pieces\n* 3 green onions, chopped\n* 1 tablespoon garlic, minced\n* 1 tablespoon ginger, minced\n* 1/2 cup unsalted dry roasted peanuts\n\nFor the sauce:\n\n* 1/3 cup chicken broth\n* 2 tablespoons rice vinegar\n* 2 tablespoons sugar\n* 1 tablespoon sesame oil\n* 1 tablespoon hoisin sauce\n* 1 tablespoon cornstarch\n* 1 tablespoon sambal oelek (ground fresh chili paste)\n\nInstructions:\n\n1. In a medium bowl, combine 2 tablespoons of  soy sauce and 1 tablespoon of cornstarch. Toss the chicken with the mixture until it is evenly coated. Set aside. \n2. Prepare your sauce. In a small bowl, whisk together the sauce ingredients until smooth. Set aside. \n3. Heat the vegetable oil in a large skillet or wok over high heat. When the oil is hot, add the chicken and stir-fry until cooked through. This will take about 5 minutes. Remove the chicken from the skillet and set aside. \n4. Add the bell peppers, green onions, garlic, and ginger to the skillet and stir-fry for 2 minutes.\n5. Add the sauce to the skillet and bring to a boil. Reduce the heat to medium and simmer for 2 minutes, or until the sauce has thickened. \n6. Add the chicken and peanuts to the skillet and stir to combine. Cook for 2 more minutes, or until the chicken is heated through. \n7. Enjoy! I recomend serving the Kung Pao Chicken over rice and garnishing with additional green onions. \n\nPrep time: 15 minutes\nCook time: 15 minutes\nTotal time: 30 minutes\n\nYield: 4 servings\n\nCalories: 389\nFat: 21g\nProtein: 30g\nCarbohydrates: 20g\nFiber: 3g\nSugar: 10g\nSodium: 948mg
365	mistralai/Mixtral-8x7B-Instruct-v0.1	Generation	Online banking is a convenient and secure way to manage your finances from the comfort of your own home. With online banking, you can check your account balances, transfer funds, pay bills, and even deposit checks using your smartphone or computer.\n\nOne feature of online banking that many people are not aware of is the ability to set up alerts for your accounts. You can choose to receive notifications via email or text message when your account balance falls below a certain threshold, when a large purchase is made, or when a deposit is made to your account. This can help you stay on top of your finances and avoid overdraft fees.\n\nAnother benefit of online banking is the ability to access your account information 24/7. You don't have to wait for the bank to open or worry about business hours. You can also view and print detailed account statements and transaction history, making it easy to keep track of your spending and budgeting.\n\nAdditionally, online banking is often more cost-effective than traditional banking methods. Many banks offer free online banking services, and you can save money on checks and postage by paying bills online.\n\nIn summary, online banking is a convenient, secure, and cost-effective way to manage your finances. With the ability to check your account balances, transfer funds, pay bills, and even deposit checks from your smartphone or computer, online banking makes it easy to stay on top of your finances and avoid unnecessary fees. And with features like account alerts and 24/7 access to your account information, online banking puts you in control of your finances.	With online banking you can securely manage your finances from the comfort of your own home. Account balances can be checked, funds transferred and bills paid using a smartphone or computer.\n\nA particularly useful feature of online banking is the ability to set up alerts for your accounts.  Notifications are sent via email or text message when a large purchase is made or when a deposit is received.  \n\nAnother benefit is availability of account information at any time. You don't have to wait a bank to open or worry about business hours. Detailed account statements and transactions are readily available.\n\nOnline banking can also be more cost-effective. Many banks offer free online banking services so you can eliminate postage costs by paying bills online.
367	mistralai/Mixtral-8x7B-Instruct-v0.1	Generation	.\n\nCanopies of trees\n\nA cacophony of crickets\n\nMarshmallows melting\n\nPlethora of stars\n\nInsects invading\n\nNighttime noises\n\nGazing at the galaxy\n\nHiking up hills\n\nEndless exploring\n\nNature's beauty\n\nGathering around the fire\n\nMoonlight's magical glow\n\nFireflies flickering\n\nEndless memories\n\nCamping is a great way to connect with nature and enjoy the great outdoors. It can be a fun and exciting experience, full of new adventures and discoveries. From hiking and exploring to stargazing and gathering around the campfire, there is always something to do and see. And, of course, no camping trip would be complete without roasting marshmallows and making s'mores!\n\nAn acrostic poem is a type of poem where the first letter of each line spells out a word or phrase. In this case, the word is "camping." I hope you enjoy reading this acrostic poem and that it inspires you to go on your own camping adventure. Happy camping!	Camping includes \n\nA cacophony of crickets\n\nMarshmallows melting\n\nPlethora of stars\n\nInsects invading\n\nNighttime noises\n\nGazing at the galaxy
368	mistralai/Mistral-7B-Instruct-v0.1	Generation	Are you tired of the endless search for that special someone? Look no further! Introducing, loveDNA, the revolutionary dating service that uses the power of genetics to match you with your perfect partner. \n\nWith loveDNA, you can finally find someone who truly understands you on a deep, genetic level. Our sophisticated algorithm analyzes your DNA profile to identify all of your unique characteristics and traits, and then matches you with someone who shares those same qualities.\n\nNo more combing through endless profiles or going on countless first dates with people who just don't feel right. With loveDNA, you'll be matched with someone who is genetically destined to be with you - someone who you'll have a profound connection with.\n\nOur state-of-the-art technology is 100% safe and secure, and our team of experts are on hand to guide you through the process every step of the way. Plus, with our easy-to-use interface and mobile app, finding love has never been more convenient.\n\nSo why wait? Join loveDNA today and start your journey towards finding that special someone who you were always meant to be with. Say goodbye to the world of dating chaos and hello to the new era of love - loveDNA.	Are you weary of the quest for that special someone? Look no further! Introducing loveDNA, the life-changing dating service that uses the science of genetics to find your perfect match. \n\nWith loveDNA, you can finally find a mate who truly understands you – on a deep, genetic level. Our sophisticated algorithm analyzes your DNA profile to identify your unique characteristics and traits, then matches you with someone who shares profoundly similar qualities.\n\nNo more sorting through endless profiles or going on countless first dates with people who don't feel right. LoveDNA matches you with someone genetically destined to be with you, someone who already has a profound connection with you.\n\nOur state-of-the-art technology is 100% safe and secure, while our team of experts is on hand to guide you through the process every step of the way. With our easy-to-use interface and mobile app, finding love has never been more convenient.\n\nSo why wait? Join loveDNA today and start your journey to finding that special someone you were always meant to be with. Say goodbye to dating chaos and hello to the new era of love – loveDNA.
369	mistralai/Mixtral-8x7B-Instruct-v0.1	Generation	Elijah felt the weight of the world on his shoulders as he trudged down the worn dirt path. The late afternoon sun cast a golden glow over the land as the wheat swayed in the breeze. He'd been walking for hours, but it felt like days. The end of the road seemed farther away with every step he took, and the more he thought about his destination, the more he realized that he didn't really want to get there.\n\nHe was tired, exhausted really, from the burden of his past mistakes, his regrets and his failures. He had left his home, his family, his friends, and everything he knew behind. All he had now was the road and the memories that haunted him with every step he took.\n\nAs he walked, he noticed a small, old-fashioned key lying on the side of the road. It was tarnished and worn, but still shone brightly in the sunlight. He picked it up and examined it closely. It was about two inches long, with an intricate design etched into its surface. He had no idea where it came from or what it was for, but he couldn't bring himself to leave it behind.\n\nElijah continued down the road, the key safely tucked away in his pocket. The sun began to set, casting long shadows across the path. He felt a chill run down his spine as he realized that he was not alone. He looked around, but saw nothing. The wheat fields stretched out on either side of him, empty and silent.\n\nHe shrugged off the feeling and kept walking. As the last light of day faded, he saw a faint glow in the distance. It was a small, solitary light, like a lantern or a candle, flickering in the darkness. He quickened his pace, eager to find out what it was.\n\nAs he approached, he saw that it was an old, weathered door, standing alone in the middle of the field. It was just like the key he had found earlier, with the same intricate design etched into its surface. He reached into his pocket and pulled out the key, holding it up to the door. It fit perfectly.\n\nHe turned the key and the door swung open, revealing a small, dimly lit room. He stepped inside, his heart pounding with excitement and fear. The room was empty, except for a single, ornate chest in the center. He approached it cautiously, his eyes wide with curiosity.\n\nHe opened the chest and found that it was filled with gold and jewels, more than he had ever seen in his life. He reached out to touch it, but as his fingers brushed against the cool metal, the door slammed shut behind him, trapping him inside.\n\nHe heard a loud, booming voice echo through the room. "You have found the treasure of a thousand lifetimes, but it comes at a price. You must give up everything you have ever known and loved to possess it. Will you pay the price?"\n\nElijah stood there, frozen in fear and indecision. He thought of his family, his friends, and everything he had left behind. He thought of the key and the door, and the long road that had brought him here. And then, he made his choice.\n\nThe room suddenly went dark, and when the light returned, Elijah was gone. All that remained was the chest, filled with gold and jewels, and the key, still lying on the ground outside the door.\n\nAnd no one knows what became of Elijah, or the treasure that he found, but the road still stretches out into the distance, waiting for the next traveler to come along and find out for themselves.	Elijah felt the weight of the world on his shoulders as he trudged down the worn dirt path. The late afternoon sun cast a golden glow over the land as the wheat swayed in the breeze. He'd been walking for hours, but it felt like days. Every step heavier than the last, the road carried him forward. He was tired, exhausted really, from the burden of his past mistakes, his regrets and his failures. He had left his home, his family, his friends, and everything he knew behind. Now he had the road before him and the memories behind him.\n\nElijah caught the glint of something lying on the side of the road. He bent down and noticed a small, old-fashioned key lying on the side of the road. Though tarnished and worn, it still shone in the sunlight. It was about two inches long, with an intricate design etched into its surface. Something about the key compelled him to tuck the key safely away in his pocket, unable to leave it behind. \n\nThe sun began to set, casting long shadows across the path. Elijah felt a chill run down his spine. The distinct feeling of being watched crept alongside him.  But when he turned he saw nothing but the wheat fields stretched out on either side of him, empty and silent. He shrugged off the feeling and kept walking. \n\nAs the last light of day faded, a faint glow grew in the distance. It was a small, solitary light, like a lantern or a candle, flickering in the darkness. Elijah quickened his pace, eager to find the source of the glow now guiding him. As he approached, he saw an old, weathered door, standing alone in the middle of the field. He reached into his pocket and pulled out the key, matching it to the door which had the same intricate design etched into its surface. In the dim light, he found the keyhole. He turned the key and the door swung open, revealing a small, dimly lit room. \n\nElijah stepped inside, heart pounding with excitement and fear. The room was empty, except for a single, ornate chest in the center. He approached it with caution, his eyes wide with curiosity. He opened the chest and found it filled with gold and jewels, more than he had ever seen in his life. He reached out in awe, but as his fingers brushed against the cool metal, the door slammed shut behind him. The closed-door trapped him. \n\nA loud, booming voice echoed through the room. "You have found the treasure of a thousand lifetimes, but it comes at a price. You must give up everything you have ever known and loved to possess it. Will you pay the price?" \n\nElijah stood there, frozen in fear and indecision. He thought of his family, his friends, and everything he had left behind. He thought of the key and the door, and the long road that had brought him here. And then, he made his choice. \n\nThe room plunged into darkness, and when the light returned, Elijah was gone. All that remained was the chest, filled with gold and jewels, and the key, still lying on the ground outside the door. No one knows what became of Elijah, or the treasure that he found. The road he traveled still stretches out into the distance, waiting for the next weary traveler to come along and find out for themselves.
370	mistralai/Mixtral-8x7B-Instruct-v0.1	Generation	Birds of a Feather\n\nIn a small town nestled between the rolling hills and the winding river, a robin named Ruby had spent her whole life living in the same big oak tree. She knew every branch, twig, and leaf in the tree, and she was happy. Ruby sang her sweet songs every morning and evening, and she loved her life.\n\nOne morning, Ruby was flying around the tree, chirping her usual morning song when she noticed a new bird singing in a tree nearby. Ruby had never seen this bird before, and she was curious. The bird was a beautiful canary yellow, and he sang a wonderful song. Ruby flew closer to get a better look.\n\nAs she approached, the canary stopped singing and looked at her with a surprised expression. “Hello there,” Ruby said, landing on a nearby branch. “I’m Ruby. What’s your name?”\n\n“I’m Clyde,” the canary replied, his voice shaking a little. “I just arrived in this town yesterday. I was looking for a place to live when I heard your beautiful song. I had to come and see who was singing such a beautiful melody.”\n\nRuby blushed at the compliment. “Thank you, Clyde. I’m happy to meet you. I’ve never seen a bird like you before. Where did you come from?”\n\nClyde looked down at his feet and sighed. “I’m from a faraway place called the Canary Islands. I was living there with my family, but a storm came and destroyed our home. I managed to escape, but I couldn’t find my family. I’ve been flying ever since, looking for a new place to live.”\n\nRuby felt sorry for Clyde. “I’m so sorry to hear that. But I’m glad you found our town. You can stay with me if you like. I have plenty of room in my tree, and I could use some company.”\n\nClyde looked up and smiled. “Really? You would do that for me?”\n\nRuby nodded. “Of course. Birds of a feather should stick together, don’t you think?”\n\nClyde agreed, and they flew back to Ruby’s tree together. From that day on, Clyde and Ruby became the best of friends. They sang duets every morning and evening, and they explored the town together. They found new trees to perch on, new rivers to drink from, and new places to build nests.\n\nOne day, as they were flying over the winding river, they saw a beautiful canary perched on a branch. It was Clyde’s sister, Clara! Clyde was overjoyed to see her and flew down to greet her. Clara was happy to see him too, and they hugged each other tightly.\n\nRuby watched as Clyde and Clara reunited, and she felt a warm feeling in her heart. She was glad that she had met Clyde and helped him find his sister. She knew that they would be happy together, and that made her happy too.\n\nFrom that day on, Ruby, Clyde, and Clara became an inseparable trio. They sang together, flew together, and explored the world together. They were birds of a feather, and they were happy.	Birds of a Feather\n\nIn a small town nestled between the rolling hills and a winding river, a robin named Ruby spent her whole life living in the same big oak tree. Loving life, she knew every branch, twig, and leaf of her home and sang sweet songs every morning.\n\nOne day while flying nearby, making her typical morning melody, her attention was drawn to singing. And who do her eyes land on? ... another bird! This stranger was a beautiful canary yellow color. He harmonized wonderfully! Curious, Ruby flew closer to get a better look.\n\nAs she approached, his voice trailed off as he turned to looked to her with surprise.\n\n“Hello there,” Ruby said, landing on a nearby branch. “I’m Ruby. What’s your name?”\n\nA bit shy, he replied “I’m Clyde. I just came into this place yesterday. I was searching for somewhere to live when I heard your beautiful song. I had to come and see who the star singer was”\n\nRuby's cheeks flushed as she blushed away. “I’m happy to meet you,” she continued. “I’ve never seen a bird like you. Where did you come from?”\n\n“I’m from a faraway place called the Canary Islands,” Clyde replied. “I was living with my family there, but a storm came and destroyed our home. I managed to escape but couldn’t find my family. I’ve been looking for a new place to live ever since.”\n\n“I’m so sorry to hear that,” Ruby replied. “I’m glad you found our town. You can stay with me if you like. I have plenty of room in my tree, and I could use some company.”\n\nClyde looked up and smiled. “Really? You would do that for me?”\n\nRuby nodded. “Of course. Birds of a feather should stick together, don’t you think?”\n\nThey then flew back to Ruby’s tree together. On that day Clyde and Ruby became inseparable friends. They sang duets every morning, then explored the town together. They found new trees to perch on, new rivers to drink from, and new places to build nests.\n\nOne day as they were flying over the winding river, they saw another beautiful canary perched on a branch. It was Clyde’s sister, Clara! Overjoyed to see her, Clyde flew down to greet her and they hugged each other in joy.\n\nRuby watched as they reunited, and her heart grew warm. She knew that they would be happy together, and that made her happy too.\n\nFrom then on, Ruby, Clyde, and Clara became the three amigos. They sang, flew together, and explored the world. Birds of a feather, they were happy.
373	mistralai/Mistral-7B-Instruct-v0.1	Generation	Frisco, TX (June 11, 2023) - [Your Restaurant Name], a new casual Tex-Mex restaurant, will be opening its doors on June 11, 2023 in Frisco, Texas. The location of the restaurant, nestled in the heart of the city, is easily accessible from major highways and is the perfect place for a quick meal or a night out with friends and family.\n\nAt [Your Restaurant Name], we pride ourselves on using only the freshest ingredients to create our authentic Tex-Mex cuisine. Our menu will feature a variety of traditional dishes, along with some unique twists on the classics. Guests can expect to find favorites such as fajitas, nachos, and burritos, made with premium cuts of meat and fresh vegetables.\n\nOur atmosphere is casual and relaxed, making it the perfect place for a lunchtime stop or a laid-back dinner with friends. The restaurant’s colorful decor and lively music create a welcoming and enjoyable atmosphere for all ages.\n\n“We’re excited to bring a new Tex-Mex option to the Frisco community,” said [Your Restaurant Name]’s general manager. “We’re confident that our delicious food and friendly service will make our restaurant a standout.”\n\n[Your Restaurant Name] will be open seven days a week, serving lunch and dinner. We invite everyone to come and visit us on our grand opening day of June 11, 2023.\n\nFor more information about [Your Restaurant Name], please visit [website] or call [phone number].\n\n###\n\nAbout [Your Restaurant Name]\n[Your Restaurant Name] is a new casual Tex-Mex restaurant located in the heart of Frisco, Texas. Our commitment to using fresh, high-quality ingredients sets us apart from other Mexican restaurants in the area. We offer a variety of authentic Tex-Mex dishes, along with some unique twists on the classics. Our atmosphere is casual and relaxed, making us the perfect place for lunch or dinner with friends and family.	Frisco, TX (June 11, 2023) - [Your Restaurant Name], a new casual Tex-Mex restaurant, will be opening its doors on June 11, 2023 in Frisco, Texas. The location of the restaurant, nestled in the heart of the city, is easily accessible from major highways and is the perfect place for a quick meal or a night out with friends and family.\n\nAt [Your Restaurant Name], we pride ourselves on using only the freshest ingredients to create our authentic Tex-Mex cuisine. Our menu will feature a variety of traditional dishes, along with some unique twists on the classics. Guests can expect to find favorites such as fajitas, nachos, and burritos, made with premium cuts of meat and fresh vegetables.\n\nOur atmosphere is casual and relaxed, making it the perfect place for a lunchtime stop or a laid-back dinner with friends. The restaurant’s colorful decor and lively music create a welcoming and enjoyable atmosphere for all ages.\n\n“We’re excited to bring a new Tex-Mex option to the Frisco community,” said [Your Restaurant Name]’s general manager. “We’re confident that our delicious food and friendly service will make our restaurant a standout.”\n\n[Your Restaurant Name] will be open seven days a week, serving lunch and dinner. We invite everyone to come and visit us on our grand opening day of June 11, 2023.\n\nFor more information about [Your Restaurant Name], please visit [website] or call [phone number].
374	mistralai/Mistral-7B-Instruct-v0.1	Generation	Sure, here is a basic outline for a children's book about spiders:\n\nIntroduction:\n\n* Introduce the book and its main topic: Spiders\n* Explain why spiders are important and what they do for the ecosystem\n* Hint at some of the interesting facts that will be covered in the book\n\nChapter 1: What are Spiders?\n\n* Define what it means to be a spider\n* Describe the physical characteristics of spiders\n* Explain how spiders fit into the animal kingdom\n\nChapter 2: Types of Spiders\n\n* Describe the different types of spiders and their distinctive features\n* Introduce some of the more common spiders that children may encounter, such as house spiders and garden spiders\n* Discuss the diversity and variety of spider species\n\nChapter 3: Spiders in Ecosystems\n\n* Explain spiders' roles in the food chain and how they help to maintain balanced ecosystems\n* Describe the various habitats that spiders live in and the types of prey they consume\n* Introduce some of the unique adaptations that spiders have to help them survive in their environment\n\nChapter 4: Spider Myths and Misconceptions\n\n* Dispel some of the common myths and misconceptions about spiders\n* Explain the role that fear and misinformation play in people's perceptions of spiders\n* Provide some practical tips for children on how to treat spiders if they encounter them\n\nChapter 5: Spider Behavior and Lifestyle\n\n* Describe how spiders interact with one another and their environment\n* Introduce some of the interesting behaviors that spiders exhibit, such as web-building and mate-finding\n* Discuss the role of spiders in the ecosystem and how they contribute to its health\n\nChapter 6: Conclusion\n\n* Summarize the main points of the book and reiterate the importance of understanding spiders\n* Encourage children to continue learning more about spiders and the natural world\n* Provide some final thoughts on the role that spiders play in our ecosystem and why it's important to appreciate and respect them.	A basic outline for a children's book about spiders could include:\n\nIntroduction:\n\n* Introduce the book and its main topic of spiders\n* Explain why spiders are important and how they help the ecosystem\n* Highlight some interesting facts that will be covered in the book\n\nChapter 1: What are spiders?\n\n* What does it mean to be a spider?\n* Describe the physical characteristics of spiders\n* How spiders fit into the animal kingdom\n\nChapter 2: Types of spiders\n\n* Describe the different types of spiders and their distinctive features\n* Cover some of the more common spiders that children might encounter such as house spiders and garden spiders\n* Discuss diversity and the various spider species\n\nChapter 3: Spiders in ecosystems\n\n* Explain the role spiders play in the food chain and how they help maintain balanced ecosystems\n* Describe the various habitats where spiders live and their range of prey  \n* Introduce some of the unique adaptations that spiders have made to help them survive in their environment\n\nChapter 4: Spider myths and misconceptions\n\n* Dispel some of the common myths and misconceptions about spiders\n* Explain how fear and misinformation distort people's perceptions of spiders\n* Provide some practical tips for children on how to treat spiders if they encounter them\n\nChapter 5: Spider behavior \n\n* Describe how spiders interact with one another and their environment\n* Introduce some of the interesting behaviors that spiders exhibit such as making their signature webs and how they find mates\n* Discuss the role spiders play in the ecosystem and how they contribute to its health\n\nChapter 6: Conclusion\n\n* Summarize the main points in the book and reinforce the importance of understanding spiders\n* Encourage children to continue learning more about spiders and the natural world\n* Provide some final thoughts on the role that spiders play in nature and why it's important to appreciate and respect them
376	mistralai/Mistral-7B-Instruct-v0.1	Generation	The park was a bustling center of activity, with children playing on the swings and couples strolling hand-in-hand. The sounds of laughter and chatter filled the air, as the sun shone down on the lush green grass. Suddenly, a figure in a black trench coat appeared from the shadows, its eyes scanning the crowd with a look of determination.\n\nAs the undercover agent continued to observe the park, it began to notice a suspicious group of people gathered in the distance. They whispered among themselves, exchanging glances and gestures that seemed to indicate something sinister was about to happen. The agent quickly moved closer to the group, trying to get a better look at who they were and what they were planning.\n\nHowever, as the agent got too close, it suddenly found itself surrounded by a group of men who demanded to know its business in the park. The agent tried to remain calm, but it was clear that they were not happy to have an outsider in their midst. Things quickly escalated, with the agent defending itself using its martial arts skills and a concealed weapon.\n\nIn the chaos that ensued, the agent was unable to gather any concrete evidence of the group's illegal activities. However, it was able to make a quick escape, leaving the group to fend for themselves. As the agent returned to its base of operations, it couldn't shake the feeling that something bigger was going on in the park, and it vowed to return as soon as possible to uncover the truth.\n\nDespite the danger, the park continued to be a popular destination for people of all ages and backgrounds, providing a much-needed respite from the hustle and bustle of daily life. And so, the undercover agent returned to its task, always vigilant and ready to take on whatever challenges lay ahead.	The park was a bustling center of activity, with children playing on the swings and couples strolling hand-in-hand. The sounds of laughter and chatter filled the air, as the sun shone down on the lush green grass. Suddenly, a figure in a black trench coat appeared from the shadows, his eyes scanning the crowd with a look of determination.\n\nAs the undercover agent continued to observe the park, it began to notice a suspicious group of people gathered in the distance. They whispered among themselves. Then they glances and gestures that seemed to indicate something sinister was about to happen. The agent quickly moved closer to the group. He hoped to get a better look at who they were and what they were planning.\n\nHowever, as the agent got too close, he suddenly found himself surrounded by a group of men. They demanded to know his business in the park. The agent tried to remain calm, but it was clear that they were not happy to have an outsider in their midst. Things quickly escalated. The agent defended himself, using martial arts skills and a concealed weapon.\n\nIn the chaos, the agent managed to escape. The group dispersed, leaving the park. As the agent returned to its base of operations, he knew he had failed to gather any evidence that the group was doing anything illegal. Still, he couldn't shake the feeling that something bigger was going on in the park. He vowed to return as soon as possible to investigate further.\n\nDespite the clash between the agent and the group, the park continued to be a popular destination. People who went there likely were unaware of the danger. Or maybe some knew but didn’t care. The park provided a much-needed respite from the hustle and bustle of daily life.\n\nAs for the undercover agent, he returned to the park everyday. Sometimes he wore the same outfit he wore when he encountered the group. Other days, he tried to blend in, wearing running clothes or pushing an empty stroller, always vigilant, keeping an eye out for members of the group.
378	mistralai/Mixtral-8x7B-Instruct-v0.1	Generation	Felicity had always been a quiet, unassuming woman. At 32, she was the youngest librarian at the storied New York Public Library, a position she had worked tirelessly to achieve since she was a little girl. She was tall and slender, with a mousy brown bob that she kept neatly trimmed and parted on the side. Her glasses were perpetually perched on the bridge of her nose, and she had a tendency to absentmindedly push them up as she delved into the dusty tomes that populated the library's hallowed halls.\n\nIn her spare time, Felicity was an avid reader and a passionate collector of rare and unusual books. She had a particular fondness for ancient grimoires and spellbooks, and her apartment was filled with stacks of leather-bound volumes that threatened to topple over at any moment. She also enjoyed gardening, and her small rooftop terrace was a verdant oasis in the midst of the city's concrete jungle.\n\nOne of Felicity's greatest joys was her orange cat, Felix, who was her constant companion both at home and at the library. Felix was a sleek and elegant creature, with piercing green eyes and a regal bearing that belied his playful nature. He was fiercely protective of Felicity, and would often curl up in her lap as she pored over her beloved books.\n\nIt was during one of these quiet moments, as Felicity was lost in the pages of an ancient grimoire, that she first discovered her magical powers. She had been reading about the history of weather magic, and as she idly waved her hand over a bowl of water, a sudden gust of wind blew through the room, scattering papers and sending Felix scurrying for cover.\n\nFelicity was stunned, but as she concentrated on the water, she found that she could manipulate it with her mind, causing it to swirl and bubble as if alive. She was even more amazed when she discovered that she could control the weather as well, summoning rainstorms and sunshine with a mere thought.\n\nAs Felicity explored her newfound abilities, she found that she could also move objects with her mind, a power known as telekinesis. She practiced for hours, lifting books and pencils with her thoughts, until she could effortlessly lift Felix and carry him around the room.\n\nDespite the temptation to use her powers for her own gain, Felicity was determined to use them for good. She began to research ways to harness her magic for the greater good, delving deep into the annals of the library's vast collection of magical texts.\n\nAnd as she did, she discovered that she was not alone. There were others like her, individuals with magical powers who had banded together to form a secret society dedicated to protecting the world from the forces of darkness.\n\nFelicity knew that she had found her true calling, and she eagerly joined their ranks, using her powers to help those in need and fight against the forces of evil.\n\nAnd so, Felicity the librarian became Felicity the sorceress, a powerful and respected member of the magical community, all the while remaining the quiet, unassuming woman that she had always been.	Felicity, a reserved and humble woman, became the youngest librarian at the renowned New York Public Library. Now at 32, she had been a hard worker since childhood. She was tall and slender, with a neat mousy brown bob, and she often pushed her glasses up as she got lost in the library's old books.\n\nIn her spare time, Felicity immersed herself as an avid reader and dedicated collector of rare and unconventional books. She was particularly interested in ancient grimoires and spellbooks, evident in her apartment where stacks of leather-bound volumes filled the space. Alongside her literary pursuits, she found joy in gardening, transforming her modest rooftop terrace into a lush oasis amidst the city's concrete landscape.\n\nAmong Felicity's greatest delights was her constant companion, the orange cat named Felix. Whether at home or in the library, Felix, a sleek and elegant creature with piercing green eyes and a regal demeanor that contrasted his playful nature, remained by her side. Fiercely protective, he would frequently curl up in her lap as she delved into her cherished books.\n\nIt was during one of these peaceful moments as Felicity was engrossed in an ancient grimoire, that she first noticed her magical abilities. She had been reading about weather magic, and as she absentmindedly waved her hand over a bowl of water, a sudden gust of wind swept through the room, scattering papers and sending Felix darting for cover.\n\nFelicity was astonished. Focusing on the water, she realized she could control it with her mind, making it swirl and bubble as if it had a life of its own. Her amazement grew when she found she could also influence the weather, creating rainstorms or sunshine with just a thought.\n\nResisting the temptation to exploit her powers for personal gain, Felicity was steadfast in dedicating them to benevolent purposes. She initiated research on channeling her magic for the greater good, immersing herself in the extensive collection of magical texts within the library's archives.\n\nIn her pursuit, Felicity uncovered a revelation—she wasn't alone. Others, possessing magical abilities like hers, had united to form a secret society committed to safeguarding the world from the forces of darkness. Recognizing her true calling, Felicity eagerly joined their ranks, utilizing her powers to assist those in need and combat the forces of evil.
379	mistralai/Mistral-7B-Instruct-v0.1	Generation	Fast and Furious, in my life it's all I do\nListen to the roar of the engine, it's like music to me\nWatching the cars race down the road, a true display of skill\nThe sound of screeching tires, it's almost like a thrill\n\nVin Diesel, Paul Walker, they're my heroes\nTheir stunts and their battles, they make me look like a hero\nTyrese, Jordana Brewster, Dwayne "The Rock" Johnson\nThey bring the action, the chemistry, it's all I enjoy\n\nThe Fast and Furious franchise, it's the best\nEvery movie is a masterpiece, it's like a test\nFrom the first movie to Fast 9, they've all been great\nEach one brings its own unique charm, I can't wait\n\nTo take my car for a spin, to join in the fun\nWith my friends by my side, we'll race to the sun\nWe'll jump over ramps, take down enemies\nWe'll do anything it takes to be the best, no enemies\n\nFast and Furious, it's the ultimate franchise\nEach movie brings its own unique twist\nFast 9 coming soon, I can't wait\nTo see what thrills they'll bring this time\n\nFast and Furious, you're my favorite thing\nFrom the cars to the characters, it's all so king\nYou've become my escape, my passion in life\nFast and Furious, you're my one true love, it's a feeling that's so alive.	Fast and Furious, in my life it's all I see\nListen to the roar of the engine, it's like music to me\nWatching the cars race down the road, a true display of skill\nThe sound of screeching tires, it's almost like a thrill\n\nVin Diesel, Paul Walker, they're my heroes\nTheir stunts and their battles make me feel like no zero\nTyrese, Jordana Brewster, Dwayne "The Rock" Johnson\nThey bring the action, the chemistry, blow away caution\n\nThe Fast and Furious franchise, it's the best\nEvery movie is a masterpiece, it's like a test\nFrom the first movie to Fast 9, they've all been great\nEach one brings its own unique charm, I can't wait\n\nTo take my car for a spin, to join in the fun\nWith my friends by my side, we'll race to the sun\nWe'll jump over ramps, take down enemies\nPeelin' out and revvin', a horsepower melody\n\nFast and Furious, it's the ultimate franchise\nFlexes on the multiplexes, it seeks to colonize\nFast 9 coming soon, I can't wait\nLetty, Toretto, and me, we're gonna detonate\n\nFast and Furious, you're my favorite thing\nFrom the cars to the characters, it's all so king\nYou've become my escape, my passion, my delight\nYou're my one true love, a feeling so right.
380	mistralai/Mistral-7B-Instruct-v0.1	Generation	I am the pup, with fur of gold,\nIn this game of Monopoly, I am bold.\nI wander the board with my bone,\nThrough lands of blue and lush green.\n\nFrom Boardwalk to Park Place,\nMy trek never goes soft or slight.\nI bark at houses and hotels,\nEach one a treasure, each one my goal.\n\nI roll the dice, a pawful whirl,\nMy journey not meant for those who fear the twirl.\nI dart and dodge,\nIn pursuit of wealth to be bestowed.\n\nThe Chance spaces I greet,\nEvery opportunity a treat. Doubt betrayed,\nA leap of faith on every tile.\nMy dreams filled with the promise you've told -\n\nThat I may one day land on Boardwalk,\nAnd watch my fortune stack.\nA dog in the driver's seat,\nBeyond imagination, complete.\n\nBut the roll of a double six,\nIsn't always a jubilee.\nSometimes I land in jail, feeling blue,\nBut fear not, my spirit anew!\n\nWith money in my mouth and wag in my tail,\nI'll navigate this game, never frail.\nFor in the end, it's all for the bark,\nA journey of wealth, where love leaves a mark.	I am the pup, with fur of gold,\nIn this game of Monopoly, I am bold.\nI wander the board with my bone,\nThrough lands of blue and lush green.\n\nFrom Boardwalk to Park Place,\nMy nose never loses its pace.\nI bark at houses and hotels,\nEach one a treasure, each one my goal.\n\nI roll the dice, a pawful whirl,\nMy journey not meant for cats or squirrels.\nI dart and dodge, and roll on command,\nIn pursuit of wealth held by a monocled man.\n\nThe Chance spaces I greet,\nSome hopes spayed, but every opportunity a treat.\nA leap of faith on every tile,\nMy dreams and bladder filled, please scoop my pile.\n\nThat I may one day land on Boardwalk,\nAnd watch my Milk Bones and fortune stack.\nA dog in the driver's seat,\nNo collars, no "down boy"s, my dreams complete.\n\nBut the roll of a double six,\nis less a jubilee than a trick.\nSometimes I land in jail, feeling blue,\nBut fear not, my spirit anew!\n\nWith money in my mouth and wag in my tail,\nI'll navigate this game, a wind in my sail.\nFor in the end, it's all for the bark,\nA journey of wealth, where love leaves a mark.
381	mistralai/Mistral-7B-Instruct-v0.1	Generation	Moving from the US to Japan: A Summary\n\nFinancial Implications:\n\n* Cost of living in Japan is generally higher than in the US\n* Exchange rate fluctuations may impact expenses and savings\n* International shipping costs for goods can be expensive\n\nPhysical Implications:\n\n* Climate, diet, and lifestyle may require some adjustment\n* Public transportation and daily commute may be more challenging\n* Physical safety and security may be different\n\nSocial Implications:\n\n* Cultural differences will require some adjustment and learning\n* Communication and social norms may need to be adapted\n* Making friends and building relationships can take time and effort\n\nEmotional Implications:\n\n* Leaving one's home and loved ones for a new country can be challenging and emotional\n* Homesickness and feelings of isolation can arise\n* The need for resilience and adaptability is important\n\nOverall, moving from the US to Japan can have both challenges and opportunities, but with proper preparation, support, and a positive attitude, it can be a rewarding experience.	Moving from the US to Japan: A Summary\n\n1. Financial Implications\n1.1 Cost of living\n1.2 Currency exchange rate\n1.3 Income and benefits\n1.4 Taxes\n1.5 Budgeting\n1.6 Travel cost\n\n2. Physical Implications\n2.1 Cimate\n2.2 Diet and lifestyle\n2.3 Public transportation and commuting\n2.4 Personal safety\n2.5 Crime statistics \n\n3. Social Implications\n3.1 Language and communication\n3.2 Cultural and social norms \n3.3 Career oppertunities and networking\n3.4 Making friends and building relationships\n3.5 Dating customs\n3.6 Maintaining long-distance relationships \n\n4. Emotional Implications\n4.1 Leaving home and loved ones\n4.2 Finding support\n4.3 Homesickness and feelings of isolation\n4.4 Resilience and adaptability\n4.5 Keeping a positive attitude
384	mistralai/Mixtral-8x7B-Instruct-v0.1	Generation	Cold winter's night falls\nLips meet in a fiery dance\nWarming chilled souls\nBreath mingles, hearts intertwine\nLove's ember burns brightly.	Cold winter's night chill  \nLips meet in a warm embrace  \nWarming chilled souls\nBreath mingles, sparks ignite\nLove’s ember burns brightly
385	mistralai/Mixtral-8x7B-Instruct-v0.1	Generation	Jack: I don't think we should do this.\n\nJill: Why not?\n\nJack: It's just not a good idea.\n\nJill: That's not a good reason. You have to give me a real reason.\n\nJack: I don't want to get in trouble.\n\nJill: We won't get in trouble.\n\nJack: Yes, we will. We could get arrested.\n\nJill: No, we won't. Stop being such a baby.\n\nJack: I'm not being a baby. I'm being realistic.\n\nJill: Fine. Don't do it then. I'll just do it without you.\n\nJack: What are you talking about?\n\nJill: I'm talking about stealing the neighbor's cat.\n\nJack: What?! Are you crazy?! That's a terrible idea!\n\nJill: Why not? It's just a cat.\n\nJack: It's not just a cat. It's someone's pet. They love that cat.\n\nJill: So? They can get another one.\n\nJack: That's not the point. The point is, it's wrong to steal someone's pet.\n\nJill: Fine. Be a party pooper. I'm still gonna do it.\n\nJack: No, you're not. I'm telling your mom.\n\nJill: You wouldn't dare!\n\nJack: Try me.\n\nJill: Fine. I won't do it. But you're no fun.\n\nJack: Sometimes, being the responsible one isn't about being fun. It's about doing the right thing.\n\nJill: Ugh. You're such a buzzkill.\n\nJack: And you're such a menace to society. 😄\n\nJill: 😂😂😂 You're so mean.\n\nJack: I'm just looking out for you. And for the neighbor's cat. 🐱\n\nJill: 🐱‍👓 Fine. I'll find something else to do.\n\nJack: Good. Just make sure it's legal. 😉\n\nJill: 🙄 Whatever. You're no fun.\n\nJack: And you're no cat burglar. 😹\n\nJill: 😹😹😹 Shut up!\n\nJack: Love you, Jill.\n\nJill: Love you too, Jack. ❤️	Jack: I don't think we should do this.\n\nJill: You're not serious?\n\nJack: It's just not a good idea.\n\nJill: Any reason why not?\n\nJack: I don't want to get in trouble.\n\nJill: Oh, trouble stubble! Lighten up! It won't happen\n\nJack: Yes, we will. We could get arrested.\n\nJill: No, we won't. Stop being such a baby.\n\nJack: I'm not being a baby. I'm being realistic.\n\nJill: Fine. Don't do it then. I'll just do it without you.\n\nJack: No, you're not. I'm telling your mom.\n\nJill: You wouldn't dare!\n\nJack: Try me.\n\nJill: Fine. I won't do it. But you're no fun.\n\nJack: What are you really talking about?\n\nJill: I'm talking about stealing the neighbor's cat.\n\nJack: What?! Are you crazy?! That's a terrible idea!\n\nJill: Why not? It's just a cat.\n\nJack: It's not just a cat. It's someone's pet. They love that cat.\n\nJill: So? It can be replaced. You're no fun!\n\nJack: That's not the point. It's wrong to steal someone's pet. Sometimes, being the responsible one isn't about being fun. It's about doing the right thing.\n\nJill: Ugh. You're such a buzzkill.\n\nJack: And you're such a menace to society. 😄\n\nJill: 😂😂😂 You're so mean.\n\nJack: I'm just looking out for you. And for the neighbor's cat. 🐱\n\nJill: 🐱👓 Fine. I'll find something else to do.\n\nJack: Good. Just make sure it's legal. 😉\n\nJill: 🙄 Whatever. You're no fun.\n\nJack: And you're no cat burglar. 😹\n\nJill: 😹😹😹 Shut up!\n\nJack: Love you, Jill.\n\nJill: Love you too, Jack. ❤️
389	mistralai/Mistral-7B-Instruct-v0.1	Generation	Subject: Invitation to a Spontaneous Picnic on the African Plains\n\nDear Friends and Neighbors,\n\nAs the sun rises majestically over our beloved African plains, I am delighted to announce a most unexpected yet delightful event - an impromptu picnic hosted by our gracious lion friends!\n\nThe lions, those regal kings and queens of the savannah, have generously invited us all for a day filled with fun, food, and companionship. It's not every day that we get such an opportunity to gather together amidst the beauty of nature, so we should not miss it.\n\nThe picnic will take place this Sunday at the picturesque location near the Great Pride Rock. The festivities will commence early morning, around 9 am, while the sun still provides its warm embrace. We'll partake in sumptuous offerings prepared by our generous hosts, and enjoy engaging games and heartwarming stories shared among friends.\n\nDress code for this magnificent occasion is simple and comfortable, yet stylish - think earthy hues inspired by our surroundings. Bring along your favorite dishes to share (but no cooking required; the lions have got us covered!), a blanket to sit on, and a willingness to make new friends or rekindle old ones.\n\nRemember, this event is a gift from our generous lions, so please respect their home and treat it kindly. Also, as always, safety comes first. Let us ensure that our gathering remains harmonious and peaceful.\n\nI look forward to seeing you all there! Let's embrace this wonderful opportunity and create cherished memories together on this enchanting African plain.\n\nBest Regards,\n\n[Your Name]\nHyena	Dear Friends and Neighbors,\n\nAs the sun rises over our beloved African plains, I'm delighted to announce a most unexpected yet delightful event—an impromptu picnic hosted by our gracious lion friends!\n\nThe regal kings and queens of the Savannah have generously invited us all for a day filled with fun and food. It's not every day we get such an opportunity to gather together, so it's not to be missed!\n\nThe picnic will take place this Sunday at the foot of Great Pride Rock, once daybreak hits the Great Baobab Tree. Our generous hosts will provide sumptuous offerings, and we'll enjoy engaging games and heartwarming stories.\n\nAs always, there is no dress code—in your skins! Bring along your favorite snacks to share (but no cooking required—the lions have got us covered!) and a willingness to build new friendships or rekindle old ones.\n\nRemember, this event is a gift from our generous lions, so please respect their home and treat it kindly. Also, let's ensure our gathering remains harmonious and peaceful for all animals.\n\nLooking forward to seeing you all there! \n\nWarm regards,\n\n[Name]\nHyena
404	HuggingFaceH4/zephyr-7b-beta	Generation	In the world of Eldrida, magic is as common as breathing. Born from the mythical union between light and dark, this land is a realm steeped in enchantment, populated by creatures both wondrous and fearsome. The skies are perpetually awash in hues of gold and pink, a testament to the glowing aura that surrounds everything in Eldrida's atmosphere.\n\nHowever, this beautiful world is not without its struggles. For centuries, the three major factions -- the Elementals, the Necromancers, and the Lightbringers -- have vied for supremacy. Each faction claims a cornerstone principle that bestows them with extraordinary powers. The Elementals, true to their name, command the four elements -- earth, air, fire, and water. The Necromancers, on the other hand, are masters of life and death, with a knack for commanding the undead. And finally, the Lightbringers emanate a radiant enlightenment, washed in the purest of magic.\n\nWith such contrasting principles and an overwhelming abundance of power, tensions between the factions are a given. Titles and land disputes are not uncommon, and skirmishes of varying intensity regularly recur.\n\nBethalina, the Elemental Queen, orders every rock to quiet, the wind to cease its sway, and the flame to quell its flicker. Her composure is an unwavering quality that demands respect. Lord Orathal of the Necromancers boasts an unmatched mastery of life and death. His grave-stepping codependence with the undead, often at the cost of individual freedom, is both a source of terror and fascination to all. Lastly, Aridia, the Lightbringer, is revered for her exceptional lucidity, and her ability to epitomize harmony with the Light.\n\nAmidst this landscape of sworn enemies, a budding love between a Necromancer and a Lightbringer threatens to shake the foundations of ancient factions. As they navigate the divided world, they encounter eccentric characters with deep-rooted convictions and motives that challenge two young lovers' adoration for one another. These challenges not only put them at odds with their respective factions but also test the lovers' very beliefs that bind them to their lore. It soon becomes clear that choosing love over principles can be an act of bravery, one that may bring about an uncomfortable truth behind why the three factions claim their principles in the first place.\n\nEl slept peacefully in her bed, the soft hum of a lullaby playing in her ears. The beauty of sleep enticed her as she cuddled in the warmth of blankets. El was at the forefront of the sleepy elysium, every bone pulsating to the beat of her heart. She reveled in the splendour of such a cosy slumber.\n\nSuddenly, her ears prick up as a piercing sound ruptures the peace. The sound persisted, louder and more intense than the first. El sat up, scrubbing off the remnants of sleep from her eyes, only to regard the momentous burst.\n\nA group of rogue elves were bombarding the royal palace---her home. El knew it was her job to protect the kingdom's matriarch, Queen Bethalina, and her innates. Donning her usual attire, a toga that accentuated her slender frame, El stepped forth to defend her land.\n\nThe air crackled with magical assaults, the trees shook with a symphony of snarling leaves. Sparks erupted from the ether, doting the sky red, as El confronted the rogue elves. Engulfed by a cocoon of light, her power failing ahead of the rogue elves' chaos, El was forced to back down. As she fled, her mind ran back to memories of training under the wise old wizard, Arichet, whom she swore would be of immeasurable help.\n\nEl retraced her steps to the old man's quarters, inevitably followed by the echoes of battle, and war cries that persistently amplified in her mind's serenity. However, as El reached the wizard's abode, Arichet's demeanour was different. 'Arichet,' El blurted, igniting the frail old man's spirit.\n\n'El, my dearest,' Arichet murmured, noticing the siege's chaos. 'The kingdom faces drastic times; Bethalina and I are old, our time wanes with each passing second.	In the magical world of Eldrida, where magic flows as naturally as the air we breathe, the land thrives with a blend of light and dark magic, giving rise to a realm filled with awe-inspiring and terrifying creatures. The skies here shimmer with permanent strokes of gold and pink, painting every moment with the land's inherent mystical aura.\n\nYet, Eldrida is not a land of peace. For centuries, its three dominant factions—the Elementals, the Necromancers, and the Lightbringers—have been locked in a fierce power struggle. The Elementals harness the might of earth, air, fire, and water. The Necromancers wield the chilling power over life and death, ruling over the undead. The Lightbringers shine with a pure, bright magic that brings clarity and peace.\n\nThese factions, each with their profound powers, naturally find themselves in tension. Disputes over land and honor are frequent, and skirmishes flare up with regular intensity.\n\nBethalina, the regal Elemental Queen, can still the earth, calm the winds, and tame the fiercest fires with her mere presence, commanding deep respect. Lord Orathal, the enigmatic leader of the Necromancers, possesses a dark allure with his deep connection to the undead, a relationship as fascinating as it is unsettling. Aridia, the revered Lightbringer, embodies light's serene and illuminating powers and is admired for her clarity and harmony.\n\nAmid this backdrop of enduring rivalries, a forbidden romance blossoms between a Necromancer and a Lightbringer. Their love, full of potential and peril, challenges the ancient divides. As they journey through a world filled with unique and steadfast characters, their love is tested against entrenched beliefs and faction loyalties. This struggle not only pits them against their own factions but also forces them to confront the very principles that define their identities. The choice to love, defying age-old doctrines, emerges as a courageous act that might just unveil the uncomfortable truths behind their world’s factional allegiances.\n\nEl, in a scene of tranquility, rests peacefully in her bed, enveloped in the gentle melodies of a lullaby. The comfort of her blankets and the rhythmic pulse of her heartbeat create a perfect cocoon of sleep. But this serenity is abruptly shattered by a sharp, jarring noise that grows increasingly intense, pulling her from the depths of slumber. Eyes blinking away the fog of sleep, El sits up, suddenly alert to the intrusion of this unexpected disturbance.\n\n\nA group of rogue elves were bombarding the royal palace---her home. El knew her job was to protect the kingdom's matriarch, Queen Bethalina, and her innates. Donning her usual attire, a toga accentuating her slender frame, El stepped forth to defend her land.\n\nThe air crackled with magical assaults, and the trees shook with a symphony of snarling leaves. Sparks erupted from the ether, doting the sky red, as El confronted the rogue elves. Engulfed by a cocoon of light, her power failing ahead of the rogue elves' chaos, El was forced to back down. As she fled, her mind returned to memories of training under the wise old wizard, Arichet, whom she swore would be of immeasurable help.\n\nEl retraced her steps to the old man's quarters, inevitably followed by the echoes of battle and war cries that persistently amplified in her mind's serenity. However, as El reached the wizard's abode, Arichet's demeanor differed. 'Arichet,' El blurted, igniting the frail old man's spirit.\n\n'El, my dearest,' Arichet murmured, noticing the siege's chaos. 'The kingdom faces drastic times; Bethalina and I are old, and our time wanes with each passing second.
410	mistralai/Mixtral-8x7B-Instruct-v0.1	Generation	In the realm where magic dwells,\nA young boy, named Harry,\nLived in a cupboard, under the stairs,\nTreated unkindly, given no cares.\n\nThe day he turned eleven,\nHis life took a bend then,\nAn owl with a letter arrived,\nInviting him to Hogwarts, he'd thrive.\n\nA world of wonder, of spells and charms,\nOf potions, brooms, and wand alarms,\nOf mythical creatures, and ancient lore,\nAll waiting for him at the castle's door.\n\nHe met Ron, Hermione, and Hagrid too,\nMade friends, faced foes, and knew what to do,\nThrough trials and tests, they formed a bond,\nIn the face of danger, they never frowned.\n\nVoldemort, the Dark Lord, returned to power,\nLeaving a trail of terror, pain, and sorrow,\nBut Harry, with courage, took a stand,\nTo protect and serve, he'd make his stand.\n\nThrough seven long years, he fought the fight,\nWith love, friendship, and inner might,\nDefeating Voldemort, at last, he did,\nRestoring peace, the prophecy forbid.\n\nA hero, a legend, a tale to tell,\nOf a young boy, who broke the spell,\nHarry Potter, forever we'll cheer,\nHis story, forever in our hearts, lives here.	Harry, the chosen one, a boy full of magic,\nOnce lived in a cupboard under the stairs,\nThough he was the savior of the magical world,\nThe muggles he lived with did not care. \n\nHarry turned eleven, and things began to change,\nWhen a letter, delivered by an owl, arrived,\nThe letter invited Harry to Hogwarts school of Wizardry,\nWhere Harry's magical connection could be revived.\n\nAt Hogwarts, Harry studied all the magical arts,\nAnd made friends with Hermione and Ron,\nBut all the while, the magical world wondered,\nWhere the Dark Lord Voldemort, had gone.\n\nFor seven years, Harry fought the Dark Lord,\nWith courage, Harry made his stand,\nHarry used his magic to break the spell,\nDefeat Voldemort, and bring peace to the land.
411	mistralai/Mixtral-8x7B-Instruct-v0.1	Generation	Subject: Exciting News: Dinner Plans for This Friday!\n\nDear [Son's Name],\n\nI hope this email finds you well and enjoying your time at college! I just wanted to touch base and share some exciting news with you. We're planning a special family dinner this Friday at 6 pm and we would be thrilled if you could join us!\n\nI know that college life can get pretty busy, but I promise you that this dinner will be worth it. We're planning on serving some of your favorite dishes, and there might even be a surprise or two in store for you!\n\nI won't give away too much, but let's just say that we've been working hard in the kitchen to make sure that this dinner is one to remember. Plus, it's always more fun to cook when we know that you'll be joining us!\n\nSo, mark your calendar and make sure to save the date. We can't wait to see you and hear all about your college adventures. Get ready for a night filled with laughter, good food, and great company.\n\nSee you soon!\n\nBest,\n[Your Name]	Subject: Dinner Plans \nHey [Son's Name],\n\nJust a reminder that our family dinner is a 6 pm on Friday. We can't wait to see you and find out how college is treating you! \n\nI will have you know that I will be cooking your favorite: chicken lasagna, followed by my famous homemade tiramisu...so don't be late (I won't be held responsible if dad scoffs down my delicious meals if you are late)! \n\nLooking so forward to seeing my favorite (and only) son. \n\nSee you soon!
413	mistralai/Mistral-7B-Instruct-v0.1	Generation	A boy from the sky city did ask,\n"To come down to Earth today, please."\n"For apple pie so sweet,\nI'll take a little beat,\nBut your mother says no, you gotta freeze!"	Back to Earth the spaceman wanted to fly,\nBecause in Sky City there's no apple pie,\nBut his mother said no,\nYou'll hurt yourself if you go,\nSo he sat alone in space and drank chai.
415	HuggingFaceH4/zephyr-7b-beta	Generation	Yes, here's a classic chocolate cake recipe with a fluffy chocolate frosting:\n\nIngredients for the Cake:\n- 2 cups all-purpose flour\n- 2 cups granulated sugar\n- ¾ cup unsweetened cocoa powder\n- 2 tsp baking powder\n- 1 ½ tsp baking soda\n- 1 tsp salt\n- 1 cup buttermilk\n- ½ cup vegetable oil\n- 2 large eggs\n- 2 tsp vanilla extract\n- 1 cup boiling water\n\nFor the Frosting:\n- ½ cup unsalted butter, softened\n- 2/3 cup cocoa powder\n- 3 cups powdered sugar\n- 1/3 cup heavy whipping cream\n- 2 tsp vanilla extract\n- Pinch of salt\n\nInstructions:\n1. Preheat the oven to 350°F (180°C). Grease and flour two 9-inch round cake pans.\n2. In a large mixing bowl, whisk together the flour, sugar, cocoa powder, baking powder, baking soda, and salt until well combined.\n3. Add the buttermilk, vegetable oil, eggs, and vanilla extract to the dry mixture and beat with an electric mixer on low speed until just combined.\n4. Pour in the boiling water and mix until the batter is smooth and well combined. The batter will be thin, but don't worry, this is correct.\n5. Divide the batter evenly between the prepared cake pans and bake for 30-35 minutes, or until a toothpick inserted into the center of the cakes comes out clean.\n6. Let the cakes cool in the pans for 10 minutes, then remove them from the pans and let them cool completely on wire racks.\n7. To make the frosting, beat the butter in a large mixing bowl until creamy.\n8. Add the cocoa powder, powdered sugar, heavy whipping cream, vanilla extract, and salt. Beat on low speed until everything is well combined.\n9. Increase the mixer speed to medium-high and beat until the frosting is fluffy and smooth.\n10. Spread a generous amount of frosting on the top of one cake layer, then place the second cake layer on top. Frost the top and sides of the cake with the remaining frosting.\n11. Decorate the cake as desired, adding sprinkles, chocolate shavings, or fresh berries, if you like.\n12. Chill the cake in the fridge for at least 30 minutes before serving to allow the frosting to set. Enjoy your homemade chocolate cake!	Chocolate cake (with frosting) recipe:\n\nIngredients :\n\nFor the cake, you'll need: \n\n• 2 cups all-purpose flour\n• 2 cups granulated sugar\n• ¾ cup unsweetened cocoa powder\n• 2 tsp baking powder\n• 1 ½ tsp baking soda\n• 1 tsp salt\n• 1 cup buttermilk\n• ½ cup vegetable oil\n• 2 large eggs\n• 2 tsp vanilla extract\n• 1 cup boiling water\n\nFor the frosting, you'll need:\n\n• ½ cup unsalted butter, softened\n• 2/3 cup cocoa powder\n• 3 cups powdered sugar\n• 1/3 cup heavy whipping cream\n• 2 tsp vanilla extract\n• Pinch of salt\n\nInstructions:\n\nCake: \n\n1. Preheat the oven to 350°F (180°C). Grease and flour two 9-inch round cake pans.\n2. In a large mixing bowl, whisk together the flour, sugar, cocoa powder, baking powder, baking soda, and salt until well combined.\n3. Add the buttermilk, vegetable oil, eggs, and vanilla extract to the dry mixture and beat with an electric mixer at low speed. \n4. Pour in the boiling water and mix until the batter is smooth. \n5. Divide the batter evenly between the prepared cake pans and bake for 30–35 minutes.\n6. Let the cakes cool in the pans for 10 minutes, then remove them and leave them to cool completely on wire racks.\n\nFrosting: \n\n1. Beat the butter in a large mixing bowl until creamy.\n2. Add the cocoa powder, powdered sugar, heavy whipping cream, vanilla extract, and salt. Beat on low speed until everything is combined.\n3. Increase the mixer speed to medium-high and beat until the frosting is fluffy and smooth.\n4. Spread a generous amount of frosting on the top of one cake layer, then place the second cake layer on top. Frost the top and sides of the cake with the remaining frosting.\n5. Decorate the cake if you like, adding sprinkles, chocolate shavings, or even fresh berries.\n6. Chill the cake in the fridge for at least 30 minutes before serving to allow the frosting to set.
418	HuggingFaceH4/zephyr-7b-beta	Generation	"Sip into absolute refreshment with our exclusive soda product coupon! Indulge in the bold flavor explosion of our all-time favorite beverage, available at an irresistible 20% off! Each can is packed with the perfect blend of sweetness and fizziness, carefully crafted to tantalize your taste buds. And with a generous quantity of 12 cans per pack, you'll never run out of fizzy fun. Hurry, stock up now and save big while you bask in the crisp and irresistible taste that's sure to leave you craving more!"	"Crack open a can of refreshment with our exclusive soda coupon! Indulge in the bold flavor explosion of our favorite beverage, available at an irresistible 20% off! Each can is packed with the perfect blend of sweetness and fizziness, carefully crafted to tantalize your taste buds. You'll be able to enjoy all the fizzy fun with our generous 12 pack. Hurry, stock up now and save big while you bask in the crisp and irresistible taste that's sure to leave you craving more!"
419	HuggingFaceH4/zephyr-7b-beta	Generation	1. Knock knock!\nWho's there?\nCleo.\nCleo who?\nCleo-brate, it's your birthday!\n\n2. Knock knock!\nWho's there?\nOrange.\nOrange who?\nOrange you glad it's not banana jokes?\n\n3. Knock knock!\nWho's there?\nAl.\nAl who?\nAlflatabulous, this is the best knock-knock joke ever!\n\n4. Knock knock!\nWho's there?\nBamboo.\nBamboo who?\nBamboo-ronic, I love using gadgets!\n\n5. Knock knock!\nWho's there?\nHonee.\nHonee who?\nHonee-monsters, let's play a game where we act like monsters!	1. Knock, knock.\nWho’s there?\nCash.\nCash who?\nNo, thanks, but I’d love some peanuts.\n\n2. Knock, knock.\nWho’s there?\nLettuce.\nLettuce who?\nLettuce in, it’s cold out here!\n\n3. Knock, knock.\nWho’s there?\nA little old lady.\nA little old lady who?\nI had no idea you could yodel!\n\n4. Knock, knock.\nWho’s there?\nA broken pencil.\nA broken pencil who?\nNever mind. It’s pointless.\n\n5. Knock, knock.\nWho’s there?\nLuke.\nLuke who?\nLuke through the peephole and find out.
423	mistralai/Mixtral-8x7B-Instruct-v0.1	Generation	1. Drones in the sky,\nSilent guards, watching, high above,\nTechnology flies.\n\n2. Buzzing through the air,\nDrones capture life from above,\nTech's eye in the sky.\n\n3. Mechanical hum,\nDrones patrol land and sea,\nModern marvels soar.	Overhead, the drone\nHovers; mechanical fly,\nHumming and watching.\n\nDrones fly above Earth,\nSurveying technologies,\nLook down at our world.
425	mistralai/Mistral-7B-Instruct-v0.1	Generation	Hey Mom, sorry I won't be home until late tonight, but don't worry, you might see me before you meet the Cavilers! I promise to return home in one piece this time, unlike Najib Juma. I hope you're not too lonely without me, I'll send you some pictures of the hustle and bustle of the busy office life to keep you entertained. Oh, and I promise to bring you some of those delicious leftovers from work to make up for the late night!	Hey mama bear, just letting you know I'll be working late tonight. I've been asked to cover someone's shift, and won't say no (gotta bring home the bacon!). Don't miss me too much. I'll also bring you something yummy (let me know what you're in the mood for), and I'll see you later. Love you!
427	HuggingFaceH4/zephyr-7b-beta	Generation	Dear Diary,\n\nToday was a real raincheck sort of day. The sun refused to peek out from behind the curtains of grey, and the birds stayed quiet in their nests. I did my usual tasks - gathering mist and saturating leaves, but it felt like no one appreciated my efforts. The silly humans, always complaining about rainy days, but little do they know, I bring them nature's best show. Puddles transform into mirrors, the world becomes hushed, and inside, we're all dancing in our own little blurred motion picture. Yes, it's true, some may call me gloomy and gray, but today, I brought smiles to dogs' faces as they splashed through puddles, their excessively energetic tails wagging in a pleased frenzy. And isn't that what life is all about - finding joy in the small moments? So, until tomorrow, farewell, heavy heart. May our oversized dew drops kiss their roses and refresh their thirst. And to the humans, always remember I'm wild and crazy, just like the weather. If you don't like me, well, you should leave me. Goodnight, diary.\n\n(Signed) Cloudy Day.	Dear Diary,\n\nToday was a real raincheck. The sun refused to peek out from behind the curtains of grey, and the birds stayed quiet in their nests. Today was no different than my other days. Like always my mist and saturated leaves collected went unappreciated yet again. All I hear are these silly humans' complaints about rainy, gloomy, and gray days. None of them know how to appreciate my amazing performance. Well,  I ignored them today and focused on my more appreciative audience, dogs. My performance was spectacular, I transformed puddles into mirrors, hushed the hectic world, and evoked pure joy in the dogs. They splashed through my puddles and outpour their pleasantness with their energetic tail wags. Now tell me whose heart wouldn’t melt! So, until tomorrow, farewell, heavy heart. May our oversized dew drops kiss their roses and refresh their thirst. And to the humans, always remember I'm wild and crazy, just like the weather. If you don't like me, well, you should leave me. Goodnight, diary.\n\nYour’s truly \nToday’s Cloudy Day
428	HuggingFaceH4/zephyr-7b-beta	Generation	Subject: Proposition to Make Elm Street Park Accessible to Wheelchairs\n\nDear City Council Members,\n\nAs a concerned citizen, I am writing to express my strong support for making Elm Street Park more accessible to individuals with disabilities. In particular, I would like to request that the Council consider adding wheelchair-friendly amenities, such as wide walking paths, ramps, and seating areas that can accommodate mobility devices, to the park.\n\nElm Street Park is a fantastic community asset that provides ample opportunities for recreation, relaxation, and nature exploration to people of all ages and abilities. However, I have observed, as have many others, that some of its features present accessible challenges for those in wheelchairs, strollers, or other mobility aids.\n\nAs a member of the aging community and an advocate for disability rights, I believe it is essential to ensure that every individual, regardless of their abilities, can comfortably utilize and enjoy public spaces like Elm Street Park. Making the park more accessible would not only increase opportunities for recreation, social interaction, and improved health outcomes for the disabled community but also allow families with strollers and caregivers with patients to visit the park without facing undue barriers.\n\nI strongly believe that making Elm Street Park more inclusive will promote greater social cohesion and overall community engagement. In addition, increasing the accessibility of the park would demonstrate the city's commitment to upholding disability rights and providing equitable access to public spaces.\n\nI hope that you will consider my proposal favorably and take the necessary steps towards making Elm Street Park a more inclusive space for all members of our community. Thank you for your attention, and I look forward to hearing from you soon.\n\nBest regards,\n\nBrenda Wolfenbarger\nRandomemail@gmail.com	Subject: Proposal for Improving Wheelchair Accessibility in Elm Street Park \n\nTo the Members of the City Council: \n\nI am writing as a concerned citizen to express my strong support for making Elm Street Park more accessible to individuals with disabilities. In particular, I would like to request that the Council consider adding wheelchair-friendly amenities to the park, including wider walking paths, ramps, and seating areas that can accommodate mobility devices. \n\nElm Street Park is a fantastic community asset that provides ample opportunities for recreation, relaxation, and nature exploration to people of all ages and abilities. However, I have observed, as have many others, that some of its features present accessibility challenges for users of wheelchairs and other mobility aids. \n\nAs an older member of the community and an advocate for disability rights, I believe it is essential to ensure that every individual, regardless of their degree of mobility, can comfortably utilize and enjoy public spaces like Elm Street Park. Making the park more accessible would not only increase opportunities for recreation, social interaction, and improved health outcomes for the disabled community, but would also allow families with strollers and caregivers with patients to visit the park without having to negotiate unnecessary obstacles. \n\nI strongly believe that making our public spaces more inclusive promotes greater social cohesion and overall community engagement. Improving the accessibility of the park would demonstrate the city's commitment to upholding disability rights and to providing equitable access to public spaces. \n\nI hope that you will consider my proposal favorably and take the necessary steps towards making Elm Street Park a more inclusive space for all members of our community. Thank you for your attention, and I look forward to hearing from you soon. \n\nBest regards, \n\nBrenda Wolfenbarger \nrandomemail@gmail.com
429	HuggingFaceH4/zephyr-7b-beta	Generation	The vacant middle school math classroom is a tranquil sea of pristine white and sterile gray. Empty desks and chairs line the walls like skeletal soldiers, bereft of the usual clutter and scribbles that adorn them during class. The only furnishings left are the desks themselves, each of them sparsely sprinkled with a mechanical pencil or two, their lead waitingly to be set free. A faint scent of chalk dust lingers in the air, a gentle whisper of past learning, abruptly silenced by the passage of time. The silence is nearly deafening, broken only by the faint ticking of the corpselike clock on the wall, counting the minutes until the next student steps in to fill the space with life.	The empty middle school math classroom is tranquil. A sea of pristine white and sterile gray desks and chairs line the walls like skeletal soldiers. The desks are void of clutter; free from the scribbles that decorate them and only distinguished by the scattered remains of a mechanical pencil- or two; their lead yearning to be set free. The faint scent of chalk dust lingers in the air, a ghostly remnant of past learning silenced by the passage of time. The deafening silence is only broken by the faint ticking of the clock on the wall, counting down the minutes until the next student steps in to fill the space with life.
430	mistralai/Mistral-7B-Instruct-v0.1	Generation	A naked man on a bike, no bravery or pride,\nRiding with his throbbing on full stride.\nNo shame in his game, his arms roam free,\nNo secrets he keeps from his neighbors to see.\nHe speeds through the town, they point and he laughs,\nThey wonder what's going on with that face.\nHe reads the newspaper, they think it's a sin,\nBut he's just happy to feel the wind in.\nFlying through the streets, he's bold and keen,\nBut little did they know what he's been.\nFor this naked man on a bike,\nIs just a clever ploy,\nTo hide his eyesight from the public eye.	Naked man cycled with pride,\nLegs at full stride,\nWaving to neighbors, cycling by.\n\nGiving everyone frights,\nHe stopped at traffic lights,\nAnd started to feel shy.\n\nLights stayed red,\nHe wished he'd stayed in bed,\nHe's naked, but didn't know why.\n\nCrowds around him,\nHe felt grim,\nTil someone loaned him an enormous tie.
431	HuggingFaceH4/zephyr-7b-beta	Generation	As the thick ash and smell of sulfur flooded the air, Alexei knew he had to abandon his small mountain cabin. The ground shook violently beneath his feet as the eruption of nearby Mount St. Helens grew increasingly violent.\n\nAlexei threw his belongings into his backpack and grabbed his keys as he darted out the door. But just a few paces down the road, falling rocks and debris caused him to stumble to the ground. He rolled over onto his back, checking to make sure all his appendages were still intact.\n\nAs he struggled to stand, he felt the ground tremble underneath him. Another explosion echoed through the valley, and Alexei felt a wave of fear wash over him. His cabin lay just a mile ahead, but with the road blocked by lava and falling rocks, it seemed like an impossible distance to cross. \n\nAlexei began to run, his mind fixated on his small mountain cabin. He had shelter, water, and food supplies stored inside. Maybe he could ride out the eruption there until the danger passed.\n\nHowever, as he approached his cabin, Alexei soon realized that he was not alone. The cabin was surrounded by molten lava, and there was no way out. Panic set in and Alexei was left with only one option: stay put and hope for the best.\n\nThe next few days were a living nightmare for Alexei. The power was gone, as was his cell phone service. He was left with nothing but the sounds of the eruption and the silence of his own company. He rationed his water and supplies carefully, trying to conserve as much as possible.\n\nAs the days wore on, Alexei began to lose hope. He prayed that someone, anyone would come to help them, but the mountain was silent. \n\nOn the fourth day, something caught Alexei's eye. Through the thick ash and dust, he saw a helicopter approaching, bringing relief and hope. Alexei stumbled out of his cabin, stretching his arms out to the skies, thankful for the help.\n\nIn the aftermath, Alexei never forgot the terror he felt when he was trapped in his cabin. But he also learned to cherish the simple things, like a roof over his head and a bed to sleep in. Life is precious and short, and sometimes it's the little things that matter most.	Alex Ignatius is a legend: the man who survived four days and nights trapped by a sea of lava. \n\nAlex was a wildlife ranger stationed in an isolated stone cabin near Mount St. Helens on that fateful morning in 1980. As the thick ash and smell of sulfur flooded the air, Alex decided he had to leave. He threw his belongings into his backpack and grabbed onto his key as he ran out the door. Just two minutes down the road, falling rocks and debris made him stumble and fall. As he struggled to stand up again, he felt the ground tremble underneath him. Another explosion echoed through the valley, and Alexei felt a wave of fear wash over him. His cabin was still only half a mile behind him, and suddenly it felt like a better idea to shelter there. Alex began to run back the way he had just come, his mind fixated on the cabin. He had shelter, water, and food supplies. Maybe he could ride out the eruption there until the danger passed.\n\nOnly minutes after his safe return, the cabin was surrounded by molten lava. At this stage there was no way out. Panic set in and Alexei was left with only one option: stay put and hope for the best.\n\nThe next few days were a living nightmare for Alexei. The power was gone, and without power his radio communications with the outside world were cut off. He was left with nothing but the sounds of the eruption and the silence of his own company. He rationed his water and supplies carefully, trying to conserve as much as possible. As the days wore on, he began to lose hope. On the fourth day, he heard a helicopter approaching. He stumbled out of his cabin, stretching his arms out to the skies. \n\nIn the aftermath, Alex never forgot the isolation he had felt when trapped by lava. He cherished every day like a man living on borrowed time, and cherished the simple things like a roof over his head and a bed to sleep in.
432	HuggingFaceH4/zephyr-7b-beta	Generation	There was a feline named Fluff,\nWhose paws were fine but her mouse was rough,\nShe batted it high,\nAnd sent it flying,\nNow my gift's caught in a sticky gluff.	There once was a feline called Louse,\nWho savaged my new Christmas mouse.\nOn the very next day,\nI gave her away,\nThat mouse-hunting luddite called Louse.
433	HuggingFaceH4/zephyr-7b-beta	Generation	Dan Robinson exuded the ruggedness and hardiness of a man who has fought for his life in a world ravaged by apocalypse. His short-cropped salt and pepper hair added a touch of maturity to his weathered face, where deep lines etched the creases around his eyes and mouth. His broad shoulders were carried with an air of command, and his stature reminded everyone around him of the leadership he wielded as the head of their community. Dan's practical attire consisted of a leather vest assorted with combat boots and cargo pants, which he wore over a navy-blue long sleeve shirt. He carried a sturdy hunting knife, a miniature axe, and a compact pistol in his cargo pants' side pockets as his weapons of choice.\n\nSylvie Alender, with her delicate features and radiant brown eyes, seemed out of place among their ragged band of survivors. Yet, her fierce determination was evident in the way her curves were accentuated by a tight-fitted, leather-belted bomber jacket, black leggings, and combat boots. Her messy, chestnut hair was pulled back into a loose bun, and she wore a silver necklace with a small, elaborate flower pendant. Sylvie carried a trusty chef's knife as her preferred weapon, although a crossbow hung at her side ready for action when needed, reminding all not to underestimate her. An applied scientist's daughter, Sylvie kept a small notebook in her backpack, meticulously recording the flora and fauna they came across as they traveled, a determined reflection of her father's hope to bring vegetation back to their desolate surroundings.	As a former soldier, Dan Robinson exuded an air of command, typical of a who has fought for his life in a world ravaged by apocalypse. The loss of his wife and two sons aged him. His short-cropped salt and pepper hair matched his now weathered face, where deep lines etched creases around his eyes and mouth. His broad shoulders and stature reminded everyone around him of his role as the head of their community. Dan wore a leather vest over a navy blue long-sleeve shirt, combat boots, and cargo pants and a  hunting knife, miniature axe, and a compact pistol in his cargo pants' were his weapons of choice. \n\nSylvie Alender, with her delicate features and radiant brown eyes, seemed out of place among their ragged band of survivors. Yet, her fierce determination was evident in how she carried herself. She wore a tight-fitted, leather-belted bomber jacket, black leggings, combat boots and a silver necklace with a small, elaborate flower pendant that was her mother's before she passed away. Her messy, chestnut hair was pulled back into a loose bun to keep it out of her face as she worked. Sylvie's preferred weapon was a trusty chef's knife, although a crossbow hung at her side, ready for action when needed, reminding everyone not to underestimate her.
437	mistralai/Mistral-7B-Instruct-v0.1	Generation	A monkey was feeling quite blue\nOf how people treated him with a snub\nHis actions were misunderstood\nHe felt alone and in the crowd\nHis heart was heavy and downcast\nHe struggled to find a way to belong\nHe knew that the world was vast\nBut he yearned to be seen and belong.	The monkey held the bars of its cage\nTightly in strong fingers, and stared out\nAt the people, crowded round, staring in;\nThe monkey's brow furrowed as it watched\nPeople's freedom; its mouth turned down, \nWater trickled from its eye to its chin.\nThe monkey wanted freedom too; it felt sorrow and rage.\nThe monkey wondered to itself, why aren't they all in a cage?
438	mistralai/Mixtral-8x7B-Instruct-v0.1	Generation	Greetings fellow neighbors,\n\nIt has come to my attention that there are a number of households in our community who consistently leave their trashcans on the curb for days, even weeks, after trash pickup. This is not only an eyesore but also a violation of our neighborhood association's rules and regulations.\n\nI understand that life can get hectic and sometimes things slip our minds, but I must stress the importance of promptly removing your trashcans from the curb. Not only is it unsightly, but it also attracts pests and vermin, which can create a health hazard for the entire neighborhood.\n\nI have received numerous complaints from concerned neighbors, and I am disappointed to say that warnings have not been enough to rectify this issue. As a result, I must inform you that we will be implementing a fine system for those who continue to leave their trashcans on the curb past the designated pickup time.\n\nStarting immediately, any household found to be in violation of this rule will receive a written warning. If the issue persists, a fine of $50 will be issued for the first offense, $100 for the second offense, and $150 for each subsequent offense.\n\nI understand that this may seem harsh, but it is important that we all do our part to keep our neighborhood clean, safe, and welcoming for all. I strongly urge you to be mindful of this rule and to make sure your trashcan is removed from the curb promptly after pickup.\n\nThank you for your understanding and cooperation.\n\nBest regards,\n\n[Your Name]\nHead of Neighborhood Association	Dear neighbors, \n\nIt has been brought to my attention that numerous household in our area are leaving their trashcans on their curbs after rubbish collection. As a result, trashcans are being left for days, and in some cases, weeks. This has led to ongoing complaints from neighbors who are complying with our community rules and regulations. This issue is not only an eyesore, it also attracts pests and vermin.\n\nI understand that life can get busy, but we all need to be responsible as a community. I have issued warnings, but the situation is not being resolved, and unfortunately, I am going to have to implement a fine system for those ignoring these warnings and breaking community rules. This system will be in place with immediate effect and will work as follows:\n\n1. You will receive a written warning\n2. If this is ignored you will be fined $50\n3. If it persists you will be fined $100 \n4. A fine of $150 for each following offense\n\nThis may seem harsh, and I do not relish being the bad guy, however, multiple warnings have been given and ignored. Please be mindful of the importance of keeping our neighborhood clean and safe.\nThank you for your understanding and cooperation.\n\nBest regards,\n\n[Name]\nHead of Neighborhood Association
440	HuggingFaceH4/zephyr-7b-beta	Generation	Dear Dr. Seuss,\n\nOh, Horton! Oh, Cat in the Hat! You've filled my childhood with fantasy and wonder! As a fellow young dreamer, I simply must let you know how much your delightful works have inspired my mind and my soul. Your zany rhymes and whimsical art have sent my imagination spiraling like a Whoville whoops!\n\nBut it's not just the vivid illustrations and playful verses that captivate me. It's the underlying truths: the importance of treating others with respect, and the topsy-turvy reality that sometimes, things just don't make sense. You've shown me that life can be wobbly as a Grinch's heart, but we must press on with a positive perspective.\n\nI recently read "Oh, the Places You'll Go!" and it's become my motto for life. With each page, I felt your encouragement like the Lorax speaking on behalf of the trees. You urged me to hop, skip and jump into the unknown with the confidence to stand tall as a Truffula Tree, even if it means I'm different from others.\n\nIf I'm ever lucky enough to meet you in person, I'd like to thank you for all your incredible books of Seuss-amancy that have helped me navigate through life's twists and turns as easily as a Cat's hat. Until then, I'll keep imagining wondrous dreams with the help of your one-of-a-kind style.\n\nSincerely,\n\nElijah "Little Cat in the Hat"	Dear Dr. Seuss,\n\nOh, Horton! Oh, Cat in the Hat! You've filled my childhood with a kaleidoscope of fantasy and wonder! I’m writing as a fellow young dreamer to share how profoundly your delightful works have ignited my mind and soul. Your zany rhymes and whimsical art have catapulted my imagination into the stratosphere of wild adventures!\n\nBut not just the vivid illustrations and playful verses captivate me. It's also their profound truths: the importance of kindness and the often confusing nature of life. You've shown me that life can be as unstable as a Grinch's heart, yet keeping a positive outlook is crucial.\n\nI recently read "Oh, the Places You'll Go!" and it quickly became my life’s motto. Your words encouraged me like the Lorax speaks for the trees, urging me to bravely explore the unknown with the confidence to stand out, even if I’m different.\n\nShould I have the fortune to meet you one day, I would be overjoyed to express my heartfelt gratitude for the magical worlds you've crafted that have steered me through life’s intricate paths as effortlessly as the Cat manages his hat. Until that serendipitous moment, I’ll continue to dream big, nourished by your unparalleled creativity.\n\nSincerely,\n\nElijah "Little Cat in the Hat"
441	HuggingFaceH4/zephyr-7b-beta	Generation	Amidst the sea of twinkling lights,\nI stand alone from sight.\nThe music beats on,\nBut my heart's aching song.\n\nWhy, oh why, did they make me come?\nTo this grand ball of foam and wave,\nAll I see is couples twirling 'round,\nTheir love, so pure, like springtime's mound.\n\nThe corsages and boutonnieres,\nAll denote the pairs who dare to breathe,\nTheir joyous arms entwined in dance,\nI, a detached pawn, a foreign romance.\n\nThe floor's my kingdom left to glean,\nA fortress built upon chagrin's scene,\nOh, how the night asserts its grip,\nI'm drowning in a prom that makes me dip.\n\nSo here I am, a solitary dream,\nWith shoes that tread the silence like a seam,\nMy eyes they wander, trying to peer,\nInto a world filled with the smell of cheer.\n\nBut in this paradise dissonant,\nI find myself partnerless and dormant,\nA child unaware of the dark,\nWhose shadow's cast upon the work.\n\nWith every step, my soul shatters,\nThe rhythm of this prom fast shatters,\nUntil my tears fall like dewdrops,\nInto a pool of anguish's drops.\n\nThis night's a mocker, cruel and strong,\nA bitter end to all I know,\nIts warmth now echoes in my heart,\nA symphony gone terribly apart.\n\nBut with heart broken, born anew,\nI'll remember this dance isn't through,\nFor though I stand, solitude in tow,\nI'll make this night my epic grow.\n\nAnd though the night may beat its drum,\nIts rhythm cannot forever come,\nFor this dance, it's just the start,\nI'll finish the steps with an uncharted heart.	Amidst the sea of twinkling lights,\nI stand alone.\nThe music beats on,\nTo my heart’s aching song.\n\nWhy, oh why, did they make me come\nTo this idiotic ball?\nEverywhere couples twirl 'round,\nTheir love spewing like springtime's mound.\n\nThe corsages and boutonnieres,\nWarding off evil spirits.\nWhile joyous arms entwine in dance,\nI remain detached, a foreign romance.\n\nThe wall of my kingdom left to glean,\nA fortress built upon chagrin's spleen.\nOh, how the night asserts its grip,\nI'm drowning in a lack of courtship.\n\nHere I am, a solitary dream,\nShoes treading silence as my theme.\nMy eyes they wander, trying to peer,\nInto a world filled with the smell of cheer.\n\nBut in this paradise dissonant,\nMy loneliness seems more immanent.\nA frightened child unaware of the dark,\nWhose shadow engulfs the slightest spark.\n\nWith every step, my soul shatters,\nThe rhythm of this prom fast scatters.\nBut then my tears begin to fall,\nAnguished drops that begin to appall.\n\nThis night's a mocker, cruel and strong,\nA bitter end to all I know,\nIts warmth now echoes in my heart,\nA symphony gone terribly apart.\n\nBut with a heart, broken, born anew,\nI'll remember this dance isn't through.\nFor though I stand, solitude in tow,\nI'll make this night my epic grow.\n\nAnd though the night may beat its drum,\nIts rhythm cannot forever come,\nFor this dance, it's just the start,\nI'll finish the steps with an uncharted heart.
442	mistralai/Mixtral-8x7B-Instruct-v0.1	Generation	Sure thing! Metal detecting is a hobby that has been around for decades, and it's one that combines history, adventure, and the great outdoors.\n\nThe first metal detectors were invented in the late 1800s, and they were initially used for military purposes. However, it wasn't until the mid-1900s that metal detecting became a popular hobby for civilians.\n\nOne of the earliest and most well-known metal detecting enthusiasts was J. C. "Pappy" Hawkins, who began detecting in the 1950s. Hawkins is credited with discovering numerous historically significant artifacts, including a gold nugget worth over $1 million.\n\nAs metal detecting technology improved, the hobby grew in popularity. In the 1970s and 1980s, metal detecting clubs began to form, and hobbyists started to share tips and techniques with one another.\n\nToday, metal detecting is a popular pastime for people of all ages and backgrounds. Enthusiasts use their detectors to search for everything from coins and jewelry to historical artifacts and lost treasures.\n\nOne of the things that makes metal detecting so appealing is the sense of history and adventure that comes with it. When you're out in the field with your detector, you never know what you might find. It could be a coin from the Civil War, a piece of jewelry from the Victorian era, or even a long-lost piece of pirate treasure.\n\nOf course, metal detecting is also a hobby that requires a certain level of responsibility. It's important to follow all local laws and regulations, and to always get permission before detecting on private property. And if you do find something of historical significance, it's important to report it to the proper authorities so that it can be properly preserved and studied.\n\nOverall, metal detecting is a fun and rewarding hobby that combines history, adventure, and the great outdoors. Whether you're a seasoned pro or just getting started, there's always something new to discover out there in the field.	Metal detecting is a fun and rewarding pastime that has been around for decades and which combines history, adventure, and plenty of exercise in the great outdoors. Enthusiasts use their beeping battery-powered devices to search for lost treasures, historical artifacts, caches of old coins, and jewelry, though mostly what they find is rusty scrap iron and miscellaneous junk.\n\nThe first metal detectors were invented in the late 1800s and were initially used for military purposes. At some point in the mid 20th century the devices became popular among civilian treasure hunters. One of the earliest and best-known enthusiasts was one J. C. "Pappy" Hawkins, who began detecting in the 1950s. He is credited with discovering numerous historically significant artifacts, as well as a gold nugget worth over $1 million. \n\nAs metal detecting technology improved, the hobby grew in popularity. Metal detecting clubs for hobbyists to share tips and techniques with one another sprang up in the 1970s and 1980s. \n\nOne of the things that makes metal detecting so appealing is the sense of history and adventure that comes with it. When you're out in the field with your detector, you never know what you might find. It could be a coin from the Civil War, a piece of jewelry from the Victorian era, or a long-lost treasure. \n\nThe hobby requires a certain level of responsibility: local laws, regulations and private property must be respected. When something of possible historical significance is found it must be reported to the proper authorities for assessment.
443	HuggingFaceH4/zephyr-7b-beta	Generation	"Top Gun: Maverick," the long-awaited sequel to the iconic 1986 film, is a true triumph that unites modern action with classic storytelling. Tom Cruise, once again, embodies the role of Pete "Maverick" Mitchell, an arrogant yet incredibly skilled fighter pilot who's all too consumed by his past. In this iteration of the story, Maverick is called back to Top Gun, the Naval Flight School, by his friend and former rival, now Admiral, Streck (Jon Hamm). Maverick took the mission personally as it fulfills Streck’s last wish, to accept a new era of fighter pilots, a new generation of Top Guns - faces to which Maverick can impart the wisdom that he’s earned like a true veteran.\n\nThe screenplay, written by Justin Marks and Ehren Kruger, does not repeat the familiar formula of its predecessor. This time it presents an original plot riddled with two fundamental twists: one of humor and one of emotion. It keeps the audience invested in the development of all its characters; most notable being Jennifer Connelly’s Penny, a complex and fascinating woman who catches Maverick’s heart; and Bash (Rami Malek), a highly talented Top Gun, who though shrouded in a web of darkness paves the way for both the new generation and newly enlightened Maverick.\n\nThe cinematography, done by team Cataran, is nothing short of breathtaking; every visual element is trailed by the exhilarating sound design by Mark Mangini and David Acord, ideal augmentations for such an impressive cinematic experience. As the audience watches the F-22 Raptors zip past at the break-neck speed of sound, each maneuver holding the screen by its nails, Joe Henderson’s editing becomes a vital cog in the machine of almost perfect rhythm. Hans Zimmer’s music, already a moviegoer's staple, becomes unavoidably linked to the heart-pounding action scenes.\n\nThe tactics used in this film to convey the action and story are this generation's high-octane aviation tech champ. Each fight, displayed to the audience in harrowing detail, gives a captivating peek into the rigor, discipline, and sacrifices that these men (and women) put their lives into while putting their soul into it for others. Director Joseph Kosinski's work on "Oblivion" has intensified under the high-impact, high-stakes narrative.\n\nIn conclusion, "Top Gun: Maverick" is a film that does not only cater to Tom Cruise fanatics but is also a fact-filled and high-ticket entertainment for the recently introduced action-lovers. It is a feature-length love letter fraught with visual poetry and raw entertainment that nudges the line between new-age cinematics and classic movie fare. Stripping off its predecessor's labels while preserving the best elements of it, "Top Gun: Maverick" - and its convincingly skilled cast - is undoubtedly a must-watch, hands down.	"Top Gun: Maverick," the eagerly awaited follow-up to the beloved 1986 film, is a stunning achievement that blends thrilling modern action with the timeless appeal of great storytelling. Tom Cruise slips back into the role of Pete "Maverick" Mitchell, the cocky yet supremely talented fighter pilot haunted by his past. This time around, Maverick is pulled back into the fray at Top Gun, the Naval Flight School, by his old friend and rival, now Admiral Streck (Jon Hamm). Taking on the mission feels deeply personal for Maverick as he steps up to usher in a new generation of elite pilots, imparting his hard-earned wisdom.\n\nThe screenplay, crafted by Justin Marks and Ehren Kruger, ventures beyond the original's formula. It weaves in fresh twists filled with both humor and heartfelt moments, keeping us hooked on every character's journey. Among them, Jennifer Connelly’s Penny stands out as a complex, captivating love interest for Maverick, while Rami Malek's character, Bash, is a talented but troubled new Top Gun who represents both the future and Maverick's chance for redemption.\n\nVisually, the film is a knockout. The Cataran team's cinematography pairs seamlessly with Mark Mangini and David Acord's pulse-pounding sound design, creating a breathtaking cinematic experience. Every jet, especially the F-22 Raptors, tears across the screen with a visceral intensity enhanced by Joe Henderson’s sharp editing and Hans Zimmer’s iconic music.\n\nThis film not only showcases the latest in aviation technology but also delves deep into the intense commitment and sacrifice of the pilots. Directed by Joseph Kosinski, whose work on "Oblivion" already impressed, "Top Gun: Maverick" takes his filmmaking to new heights with its gripping, high-stakes narrative.\n\n"Top Gun: Maverick" is more than just a treat for Tom Cruise fans—it's a blockbuster that will also captivate new action aficionados. It's a visually stunning, heart-racing film that perfectly balances edge-of-your-seat entertainment with a nod to classic cinema. Stripping away the labels of its predecessor while keeping the best parts intact, this film, with its talented ensemble, is an absolute must-see.
452	mistralai/Mixtral-8x7B-Instruct-v0.1	Generation	Once upon a time, in the deep south, there was a family consisting of a husband, a wife, and their two children. The husband, Bill, was a city slicker through and through. He had grown up in the bustling metropolis of Atlanta and had only moved to the country a few years ago for his wife's job.\n\nHis wife, Sue, on the other hand, was a true country girl at heart. She had been born and raised in the rolling hills of Mississippi and loved everything about rural living.\n\nOne evening, while Bill was reading the paper and Sue was doing the dishes, they heard a strange noise coming from the kitchen. Bill's eyes grew wide with fear as he imagined all sorts of wild animals had infiltrated their home.\n\n"Sue, there's something in the kitchen!" he exclaimed, his voice quivering with terror.\n\nSue, ever the calm and collected country woman, simply dried her hands on a towel and walked over to the kitchen door.\n\n"Now, Bill, don't you go getting all worked up," she said. "It's probably just a little mouse or something."\n\nBut as she opened the door, she let out a laugh. There, rummaging through their trash can, was a raccoon.\n\n"Well, I'll be," Sue said, amused. "Looks like we've got ourselves a visitor."\n\nBill, still trembling, peered over his wife's shoulder. "A visitor? That thing is going to eat us alive!"\n\nSue couldn't help but laugh at her husband's overreaction. "Oh, Bill, you're such a city boy. Raccoons are more afraid of us than we are of them."\n\nBut Bill wasn't convinced. He grabbed the broom from the corner and began waving it wildly at the raccoon.\n\n"Get out of here, you varmint!" he shouted.\n\nThe raccoon, clearly unimpressed, continued to rummage through the trash.\n\nSue, still chuckling, grabbed the broom from her husband and gently nudged the raccoon towards the back door.\n\n"There you go, little guy," she said. "Shoo now."\n\nThe raccoon, sensing it was time to go, scampered out the door and disappeared into the night.\n\nBill, still shaking, turned to his wife. "How do you do that?"\n\nSue smiled. "Do what, Bill?"\n\n"Stay so calm in the face of danger," he replied.\n\nSue shrugged. "I guess it's just the country in me. We're used to dealing with all sorts of critters down here."\n\nBill shook his head, still in awe of his wife's cool demeanor. "Well, I'm just glad it's over. I don't think I could handle another run-in with a raccoon."\n\nSue laughed. "Don't worry, Bill. I'll protect you."\n\nAnd with that, the two of them went back to their evening, a little wiser and a little more in awe of each other.	There once was a husband and wife who lived in the Deep South. The husband, Bill, was a city slicker through and through. He grew up in the bustling metropolis of Atlanta and only moved to the country a few years ago for his wife's job.\n\nHis wife, Sue, was a true country girl at heart. She was born and raised in the rolling hills of Mississippi and loved everything about rural life.\n\nOne evening, while Bill was reading the paper and Sue was knitting, they heard a strange noise coming from the kitchen. Bill's eyes grew wide with fear, imagining all sorts of wild animals infiltrating their home.\n\n"Sue, there's something in the kitchen!" he exclaimed, his voice quivering with terror.\n\nSue, ever the calm and collected country woman, put her knitting needles down and walked over to the kitchen door.\n\n"Now, Bill, don't you go getting all worked up," she said. "It's probably just a little mouse or something."\n\nBut as she opened the door, she let out a laugh. There, rummaging through their trash can, was a raccoon.\n\n"Well, I'll be damned," said Sue, amused. "Looks like we've got ourselves a little visitor."\n\nBill peered over his wife's shoulder, still trembling. "A visitor? That thing is going to eat us alive!"\n\nSue couldn't help but laugh at her husband's overreaction. "Oh, Bill, you're such a city boy. Raccoons are more afraid of us than we are of them."\n\nBut Bill wasn't convinced by Sue's words. He grabbed a broom from the kitchen corner and waved it wildly at the raccoon.\n\n"Get out of here, you varmint!" he shouted.\n\nClearly unimpressed, the raccoon continued to rummage through the trash can, looking for dinner.\n\nStill chuckling at her husband, Sue grabbed the broom from Bill and gently nudged the raccoon out of the trash can and towards the back door.\n\n"There you go, little guy," she said. "Shoo now."\n\nSensing it was time to go, the raccoon scampered out the door and disappeared into the night.\n\nStill shaking, Bill turned to his wife. "How do you do that?"\n\nSue smiled. "Do what, Bill?"\n\n"Stay so calm in the face of danger," he replied.\n\nSue shrugged. "I guess it's just the country girl in me. We're used to dealing with all sorts of critters down here."\n\nBill shook his head in awe of his wife's bravery and relaxed attitude. "Well, I'm glad it's over. I don't think I could handle another run-in with a raccoon."\n\nSue laughed. "Don't you worry, Bill. I'll protect you."\n\nThe two of them returned to their evening a little wiser and a little more in awe of each other.
462	mistralai/Mistral-7B-Instruct-v0.1	Generation	Invitation: \r\n\r\nHey there! \r\n\r\nWe hope this email finds you excitement and eagerness to RSVP for Jason's 8th birthday bash! \r\n\r\nJoin us on March 14th at 3:00 pm at the skating rink for a Teenage Mutant Ninja Turtles-themed party where we'll turtle-y feast on pizza, play-disco with Ninja Turtle songs, and learn to do the karate moves through karate games. \r\n\r\nGet ready for some shell-comebacks, ninja-style stories, and silly poses. Who knows, you might even attend a turtle-lecture on how to train like the famous turtles from the Teenage Mutant Ninja Turtles. \r\n\r\nTo confirm your attendance for this exciting party, RSVP before March 4th. Let us know if you'll be able to join us for the party of the century! \r\n\r\nCan't wait to turtle-at you guys! \r\n\r\nBest regards! \r\n\r\nSincerely, \r\n[Your Name] \r\n\r\n(Tip: Use witty jokes and references to the party theme to add humor to the invitation. This can include things like "We're turtle-y overjoyed to have you here!" or "Join us for a lethal dose of fun!" Get creative and have fun with it.)	Hey there!\n\nYou are invited to come and join us at Jason's 8th Birthday Bash!\n\nThe party will be held at the skating rink on March 14th at 3pm. \n\nOur Super Green Theme is Teenage Mutant Ninja Turtles! \n\nRaise some Turtle Power with Leonardo, Donatello, Raphael, and Michelangelo! \n\nWe'll practice our lean, green, mean moves and turtle-y feast on pizza!\n\nFind your inner Hero in a Half-shell, come along, and raise some shell!\n\nWe'll be turtle-y delighted to see you there!\n\nRSVP before March 4th.\n\nCowabunga!
463	mistralai/Mixtral-8x7B-Instruct-v0.1	Generation	Steve was a snail who had always felt out of place in his garden home. He longed for adventure and excitement, but his slow pace and the limitations of his shell made it difficult for him to explore the world beyond his patch of dirt. One day, Steve decided he had had enough of his mundane life and decided to embark on a journey to Japan, a place he had always been fascinated by.\n\nSteve hitched a ride on a cargo ship and, after a long and arduous journey, finally arrived in the Land of the Rising Sun. He was in awe of the bustling streets, the delicious food, and the kind people he met along the way. Steve may have been a small snail, but in Japan, he felt like the biggest and braddest adventurer the world had ever known. He may have left his old life behind, but Steve knew that he had finally found his true home.\n\nIn Japan, Steve discovered a whole new world of possibilities, and he was determined to make the most of every moment. He visited temples, explored gardens, and even tried his hand at sumo wrestling (although he didn't last very long). Steve was thrilled to be living his dream, and he knew that he would never forget his incredible journey to Japan.	Steve the snail felt bored; his garden home was no longer interesting. He was longing for some adventure and perhaps even some excitement, but Steve felt kind of slow and limited by his shell which made it hard to go beyond his familiar dirt patch. One day, he put his foot down and made the decision to embark on a tour to Japan, a destination he had dreamed about for many years.\n\nSteve stole away in the bowels of a cargo ship. The journey was long and arduous, but he finally arrived in the Land of the Rising Sun. The bustling, busy streets and aroma of the delicious food surrounded his senses. Steve met many helpful and kind people along the way. Although he was only a small snail, in Japan, he felt empowered, like the greatest adventurist known to the world. Steve was grateful he left that old life in the garden behind, because he finally felt at home. \n\nSteve experienced a whole new level of living in Japan; he was determined to live each day to its fullest. He enjoyed visiting temples, explored new gardens, and even attempted the art of sumo wrestling (which didn't last long). Steve was finally living his best life, and his incredible journey of Japan would never end.
473	mistralai/Mixtral-8x7B-Instruct-v0.1	Generation	1. How do you reconcile your traditional/conservative values with the modern dating culture that often emphasizes individualism and personal freedom?\n2. In a time where cohabitation before marriage is increasingly common, how do you encourage young people to maintain the importance of marriage and commitment?\n3. How do you address the issue of gender roles in dating and relationships, and do you believe that traditional gender roles should still be followed in today's society?\n4. What is your advice for individuals who struggle to find compatible partners who share their traditional/conservative values in a society that is becoming more liberal?\n5. How do you approach the topic of sex and intimacy within a relationship, given that many traditional/conservative individuals may view it as a taboo subject?\n6. In a world where divorce rates are high, how do you promote healthy and lasting relationships that can withstand the test of time?	1. Where are your views on sex before marriage?\n\n2. How do you feel about the rise of the LGBTQ+ community? \n\n3. People who undergo gender-changing transition surgery are getting younger and younger. In your opinion, how young is too young, and what role do you see parents playing in this situation?\n\n4. In a world where pronouns are not only the norm, but can even offend if someone is referred to as a pronoun they are not happy with, where do you stand? \n\n5. Do you think new fathers should get more paternity leave? In most cases, new mothers can get up to 6 months of paid maternity leave, while fathers often get less than a week.\n\n6. In a world where people are struggling to make ends meet, do you think it's time to move away from said traditional marriage dynamics (husbands working and wives staying home to take care of their children and the home), so that both partners can and should have jobs to support their families?
474	mistralai/Mistral-7B-Instruct-v0.1	Generation	Subject: A Quick Stop In\n\nDear [Sister's Name],\n\nI trust this email finds you well. I hope this message finds you at the most convenient time, as I have a favor to ask of you.\n\nI am on my way to your house in just a few minutes, accompanied by my furry companion, Sadie. It would be wonderful to catch up with you, and I was hoping that, if possible, you could make room for us for a quick visit. I understand that you have a busy schedule, but I can make it quick and easy.\n\nHowever, I have to inform you that my schedule has changed unexpectedly, and I need to request your help. I understand that this might be a lot to ask of you, but I would be greatly appreciative if you would agree to keep Sadie for one week, for 5 days, while I am away. I understand that you have your own commitments and responsibilities, but I promise to compensate you handsomely for the trouble you will be putting in. I would like to offer my sincerest apologies and any additional arrangements you may require. I've opened my envelope and would like you to tell me how much you would like for her to stay.\n\nI know what a big favor this means to you, and I will be forever grateful for your generosity. Please let me know if you'd be willing and able to accommodate this request.\n\nThank you for taking the time to consider this. I look forward to seeing you, and please don't hesitate to reach out if you'd like me to make any adjustments to my plans.\n\nLove you more than words can say,\nYour favorite sis	Subject: A Favor, please!\n\nHey [Sister's Name],\n\nI want to check if you're keen for a quick visit and catch up in a few minutes.  Oh, and I'm bringing Sadie! I know you're busy, but I'm sure you have time for your favorite sister!\n\nI also have a big favor to ask. Something has come up, and I'm going to be away from home for a week (5 days). I really need someone to take care of Sadie, and I trust you more than anyone to look after my fur baby. She'd have to stay at your place. I know this is a big ask, and I know you also have your own stuff going on, but I'm more than happy to compensate you for doing this (how does $50 sound?).  Please let me know if you can do this for me. If you can, I will be forever grateful! \n\nI can't wait to see you, neither can Sadie!\n\nLove you more than words can say,\nYour favorite sis
475	mistralai/Mistral-7B-Instruct-v0.1	Generation	Sure, here's a sample chat dialogue:\n\nChatbot: Hello, this is a message from your creditor. We hope this message finds you well.\n\nCreditor: Hi, I'm the creditor in this situation.\n\nChatbot: great, thank you. Our team noticed that the final payment on your settlement agreement is coming up.\n\nCreditor: Yes, that's correct.\n\nChatbot: I understand that you may be facing some unusual circumstances that are causing a delay in making the final payment. Given this, would you be interested in exploring options with us to adjust the payment date, amount, and schedule?\n\nCreditor: Hi, that sounds like a good idea. What kind of options are you open to?\n\nChatbot: We do offer some flexibility in our billing terms. For example, we could potentially spread out the payment amount over time or adjust the payment date. We want to be as accommodating as possible and work with you to find a solution that works for you.\n\nCreditor: I see, fair. Can you clarify what you mean by spread out the payment amount?\n\nChatbot: Of course. Instead of making the full payment at one time, we could allow you to make smaller payments spread out over a longer period. For example, you could make a down payment now and then make smaller monthly payments for the remainder of the balance.\n\nCreditor: Ah, that sounds reasonable. What about the payment date? Could it be adjusted?\n\nChatbot: Yes, we can definitely adjust the payment date. Depending on your current cash flow and schedule, we can arrange to push the payment date back or forward.\n\nCreditor: That's great to hear. And what about future payment schedule cycle? Is there anything we can do to ensure that this won't happen again?\n\nChatbot: We will do our best to accommodate your needs, but we are concerned about maintaining a reliable payment schedule in the future. If we can work together to develop a plan to ensure that payments are made on time, we can explore options for a more flexible payment schedule in the future.\n\nCreditor: Sounds reasonable. Let's work on that.\n\nChatbot: Great, we appreciate your cooperation. Please let us know if there's anything else we can do to assist you. We look forward to hearing from you soon.	Debtor: Good day, this is [name] from [name of company/service]. We would just like to give you a friendly reminder that your final payment is due soon, as agreed upon. \n\nCreditor: Hi there, yes, that's right.\n\nDebtor: Great, thank you. We have picked up that you may be dealing with circumstances that may cause a delay in your final payment. Is this correct?\n\nCreditor: Yes, that's correct.\n\nDebtor: Thank you for letting us know. We do offer options for those dealing with unavoidable situations. Would you like to look at some options and discuss adjustments in your payment date, and the amount owed?\n\nCreditor: Yes, please. I would appreciate that. What can you suggest?\n\nDebtor: We are willing to offer some flexibility in payment terms.  One suggestion would be to spread the payment out a bit or change the payment date. Do any of these options sound doable to you?\n\nCreditor: Yes, I think so, but can you just explain what you mean by spreading out the payment amount? Can you clarify what you mean by spread out the payment amount?\n\nDebtor: It means that Instead of making one full payment, you can make smaller payments spread out over a longer period. So you could make a down payment now and then make smaller monthly payments for the remainder of the balance.\n\nCreditor: That seems helpful. Can you elaborate on what you mean by adjusting the payment date?\n\nDebtor: So, depending on your current cash flow and schedule, we can arrange to push the payment date back or forward, so that you can make the payments when you have the available funds.\n\nCreditor: Okay, that sounds good, thank you. What about future payment schedules, how do we make sure this doesn't happen again?\n\nDebtor: As mentioned earlier, we will do our best to accommodate your needs, but I'm sure you can understand our concern about maintaining a reliable payment schedule in the future. I think the best thing for this type of situation is to maintain communication, especially if you are struggling to make payments on time. We can work together and make a plan to ensure that payments are made on time, and then we can explore options for a more flexible payment schedule in the future.\n\nCreditor: That's great. Thanks again for reaching out and giving me these options. \n\nDebtor: Not a problem. We appreciate your cooperation. Please let us know if there's anything else we can do to assist you. Have a great day further. We look forward to hearing from you soon.
476	mistralai/Mixtral-8x7B-Instruct-v0.1	Generation	Winter's grip, a chilling sight,\nCreeps upon us with its frosty might.\nThe leaves have fallen, bare the trees,\nAs winter's breath begins to freeze.\n\nNo more the birds with song delight,\nTheir cheerful tunes, no longer bright.\nAll is still, all is calm,\nAs winter's wrath begins its qualm.\n\nThe skies above, now gray and drab,\nNo longer blue, no longer aft.\nA biting wind, sharp as a knife,\nCuts through bone, steals one's life.\n\nNo warmth to be found, no solace near,\nOnly cold and ice and winter's fear.\nThe ground is hard, the world asleep,\nNo sign of life, only winter's keep.\n\nGone are days of sun and light,\nReplaced by darkness, endless night.\nWinter's reign has come to be,\nA cold and bitter reality.	Winter's grip, a chilling fight,\nCreeps upon us with its frosty might.\nThe leaves all fallen, bare the trees,\nAs winter's breath begins to freeze.\n\nNo more birds with songs delight,\nTheir cheerful tunes somewhere in flight.\nAll is still, all is calm,\nAs winter's wrath begins its qualm.\n\nThe skies above, now gray and dreary,\nNo longer blue, no longer cheery.\nBiting winds, sharp as knives,\nCut through bones, stealing lives.\n\nNo warmth around, no solace near,\nOnly icy cold and winter's fear.\nThe ground is hard, the world asleep,\nNo sign of life, only winter's keep.\n\nSun and light are gone for now,\nReplaced by darkness, an endless avow.\nWinter's reign has come to be,\nA cold and bitter reality.
477	mistralai/Mixtral-8x7B-Instruct-v0.1	Generation	The sun blazed high overhead, casting a fiery glow over the endless expanse of sand and rock. The caravan of horse-drawn wagons trudged along, jostling and creaking with each step. Among the horses, a few names stood out: there was Thunder, a proud stallion with a coat as black as night; and Breeze, a gentle mare with a coat the color of sand. There was also Shadow, a quick-footed gelding with a coat of shifting gray, and his brother, Flame, a fiery red stallion with a spirit to match.\n\nAt the head of the caravan, the main character, Eamon, rode tall in the saddle, his eyes scanning the horizon for any sign of danger. He had been on countless journeys before, but something about this one felt different. The air was thick with tension, and the desert seemed to stretch on forever, as if trying to swallow them whole.\n\nAs the caravan wound its way through the dunes, a sudden commotion broke out among the horses. Thunder reared up, his eyes wild with fear, and Breeze whinnied shrilly, her ears laid back. Eamon's heart leapt into his throat as he saw what had spooked them: a massive, sand-colored snake, its body as thick as a tree trunk, was slithering towards them, its tongue tasting the air.\n\n"Monster!" Eamon shouted, drawing his sword. "To arms!"\n\nThe caravan guards scrambled to form a defensive line, their weapons at the ready. But as the snake drew closer, Eamon realized with a sinking feeling that it was not after them. It was after his mother, who was riding in the back of the caravan with his younger sister.\n\n"No!" Eamon screamed, spurring Thunder into a gallop. The snake struck, its jaws gaping wide, but Eamon's mother was too quick. She swung her young daughter up onto the back of Breeze and kicked the horse into a run, narrowly escaping the monster's grasp.\n\nEamon reached them just as the snake lunged again, its fangs glistening with venom. He swung his sword with all his might, severing the snake's head from its body. The massive creature twitched and thrashed for a moment before falling still, its body dissolving into a pool of sand.\n\nPanting and shaking, Eamon helped his mother and sister onto Thunder, who stood calmly despite the chaos. The caravan guards formed a protective circle around them as they rode away from the scene of the attack, their hearts heavy with fear and gratitude.\n\n"We will be okay," Eamon whispered to himself, his eyes fixed on the horizon. "We will make it home."	With the sun blazing high overhead, a fiery glow seeped across the endless expanse of sand and rock where a caravan of horse-drawn wagons trudged along, jostling and creaking with each step. Someone called out a few names of the horses: Thunder, a proud stallion with a coat as black as night, and Breeze, a gentle mare the color of sand. There was also Shadow, a quick-footed gelding the color of shifting gray, and his brother, Flame, a fiery red stallion with a spirit to match.\n\nAs he led the caravan, the main character Eamon rode tall in the saddle, his eyes scanning the horizon for any sign of danger. He had been on countless previous journeys, but something felt different about this one. The air felt thick with tension in a desert that seemed to stretch on forever as if planning to swallow them whole.\n\nSuddenly a commotion broke out among the horses. Thunder reared up, his eyes wild with fear, and Breeze whinnied, her ears laid back. Eamon's heart leapt into his throat as he saw what had spooked them: a massive, sand-colored snake with a body as thick as a tree trunk. It was slithering right toward them, its tongue tasting the air.\n\n"Monster!" Eamon shouted, drawing his sword. "To arms!"\n\nMaking their weapons at the ready, the caravan’s guards scrambled to form a defensive line. But as the snake drew closer, Eamon realized with a sinking feeling that it was not after them. It was after his mother, who was riding in the back of the caravan with his younger sister.\n\n"No!" Eamon screamed, spurring Thunder to a gallop. The snake struck, its jaws gaping wide, but Eamon's mother was too quick. She swung her young daughter up onto the back of Breeze and kicked the horse into a run, narrowly escaping the monster's grasp.\n\nEamon reached them just as the snake lunged again, its fangs glistening with venom. He swung his sword with all his might, severing the snake's head from its body. The massive creature twitched and thrashed for a moment before falling still, its body dissolving into a pool of sand.\n\nPanting and shaking, Eamon helped his mother and sister onto Thunder, who stood calmly despite the chaos. The caravan guards formed a protective circle around them as they rode away from the scene of the attack, their hearts heavy with fear and gratitude.\n\n"We will be okay," Eamon whispered to himself, his eyes fixed on the horizon. "We will make it home."
478	HuggingFaceH4/zephyr-7b-beta	Generation	title: "Transform Your Nails with Press-On Manicures: Your Ultimate Guide"\n\nintroduction:\n- introduce the topic of press-on nails and their growing popularity\n- explain the benefits of press-on nails such as convenience, affordability, and variety\n\nsection 1: what are press-on nails?\n- define press-on nails\n- discuss different types of press-on nails, such as acrylic, gel, and overlay styles\n- elaborate on their materials, shapes, and designs\n\nsection 2: how to apply press-on nails?\n- explain the steps of applying press-on nails, including prefitting, cleaning, and smoothing techniques\n- suggest helpful products such as nail glue, nail tape, and hand creams\n\nsection 3: caring for press-on nails\n- recommend ways to maintain press-on nails such as trimming, moisturizing, and removing properly\n- outline common issues with press-on nails and how to fix them, such as bubbles and peeling\n\nsection 4: the pros and cons of press-on nails\n- detail the advantages of press-on nails, such as long-lasting, easy-to-use, and affordable\n- also address the drawbacks, including potential damage to natural nails, allergies, and DIY mishaps\n\nconclusion:\n- summarize the benefits and limitations of press-on nails\n- encourage readers to experiment with different press-on styles and enjoy their new and polished look.	Title: "Transform Your Nails with Press-On Manicures: The Ultimate Guide"\n\nIntroduction:\n- Introduce the topic of press-on nails and their growing popularity.\n- Briefly explain the benefits of press-on nails such as convenience, variety, and affordability. \n\nSection 1: What are press-on nails?\n- Give a brief definition of press-on nails. \n- Discuss the different types of press-on nails available in stores currently. \n- Highlight the most popular styles. \n- Elaborate on their materials, shapes, and designs. \n\nSection 2: How to apply press-on nails. \n- Explain the steps of applying the nails. Think of including a discussion of things like pre-fitting, cleaning, and smoothing techniques. \n- Give suggestions for helpful products. These could be anything from nail glues, nail tapes, and hand creams. Again, think about what seems popular currently. \n\nSection 3: Caring for your press-on nails. \n- Recommend ways to maintain press-on nails. This might include how to trim, file, and remove the nails properly. \n- Outline common issues with press-on nails and how to fix them. \n\nSection 4: The pros and cons of press-on nails.\n- Detail the advantages of press-on nails. Some of the advantages could be that they're affordable and easy to access, while also being able to last for a long time if maintained correctly. \n- Also address the drawbacks, which could include the potential to damage your natural nails, allergies, and DIY mishaps. \n\nConclusion:\n- Summarize the benefits and limitations of press-on nails, while discussing a few of the specific points you brought up earlier in the piece. \n- Encourage readers to experiment with different press-on styles.
481	mistralai/Mistral-7B-Instruct-v0.1	Generation	As I drove down the endless expanses of interstate, I couldn't help but feel a sense of freedom and adventure that I hadn't felt in a long time. The open road and the endless horizon seemed to stretch on forever, and at that moment in time, I felt like anything was possible.\n\nI couldn't stop thinking about where the journey might take me. I imagined driving through small towns and exploring new places, meeting new people and experiencing new cultures. As I drove, I couldn't help but feel a sense of fear and excitement, wondering what kind of adventure might be waiting for me just around the next turn.\n\nDespite the thrill of the journey, I also couldn't shake the feeling of loneliness and isolation that came with long-distance travel. As the hours ticked by, I found myself reflecting on my past, reminiscing about the places I had been, and the people I had met. I wondered if I would ever find the sense of belonging and happiness that I had been searching for all these years.\n\nBut as I drove on, I realized that the journey was only just beginning, and that life was full of endless possibilities and opportunities. I felt a sense of peace and contentment wash over me, knowing that all I had to do was keep moving forward and embrace the journey that was to come.	As I drove through the expanses of interstate, I couldn't help but notice a slight flush of freedom and adventure that I hadn't felt in a long time. The open road and the horizon appeared to stretch on forever, and at that moment in time, it seemed like anything was possible.\n\nI was preoccupied with thoughts of where this journey might take me. I imagined driving through small towns and exploring new places, meeting new people and experiencing new cultures. As I drove, pangs of fear and excitement thrummed within me. What kind of adventure might be waiting for me just around the next turn?\n\nDespite the thrill of the exploration, I also felt a deep sense of loneliness and isolation that comes with long-distance travel. As the hours ticked by, I found myself reflecting on my past, reminiscing about the places I had been, and the people I had met. Would I ever find the sense of belonging and happiness that I had been searching for all these years?\n\nBut as I drove on, I realized that the trek was only just beginning. "Life is full of endless possibilities and opportunities," I mused under my breath. I felt a sense of peace and contentment wash over me, knowing that all I had to do was keep moving forward and embrace the journey that was to come.
482	mistralai/Mixtral-8x7B-Instruct-v0.1	Generation	How about making a quick and easy Stovetop Mac and Cheese with Chicken and Tomato Sauce? Here's a simple way to prepare it:\n\nIngredients:\n\n* Pasta (around 2 cups)\n* Cream cheese (8 oz)\n* Milk (1 cup)\n* Spices (such as salt, pepper, garlic powder, and onion powder)\n* Chicken breast (1 lb)\n* Tomato sauce (15 oz can)\n* Optional: ground beef (1/2 lb) and shredded cheese for topping\n\nInstructions:\n\n1. Cook pasta according to package instructions in a large pot. Drain and set aside.\n\n2. While the pasta is cooking, cut the chicken breast into bite-sized pieces. Season with salt, pepper, garlic powder, and onion powder.\n\n3. If you want to add ground beef, cook it in a large skillet over medium heat until browned. Remove the cooked ground beef from the skillet and set it aside.\n\n4. In the same skillet, cook the seasoned chicken breast until it's no longer pink in the middle.\n\n5. Add the tomato sauce to the skillet with the cooked chicken and simmer for a few minutes.\n\n6. In the pot with the cooked pasta, add the cream cheese and milk. Stir over low heat until the cream cheese is melted and the sauce is smooth.\n\n7. Combine the pasta and cheese sauce with the chicken and tomato sauce mixture. Stir well to combine. If you'd like, you can add the cooked ground beef back into the skillet and stir it in as well.\n\n8. Transfer the pasta to serving dishes and top with shredded cheese if desired.\n\nThis dish is a kid-friendly, one-pot meal that combines pasta, chicken, and tomato sauce in a creamy cheese sauce. It's quick, easy, and should be a hit with the whole family!	Introducing Stove top Mac and cheese with chicken and tomato sauce!\n\nWhat you'll need:\n\n• 2 cups of pasta \n• 8 oz cream cheese\n• 1 cup of milk\n• Whatever spices you have available (salt, pepper, garlic powder, onion  powder...anything you like really)\n• 1 lb chicken breast \n• 15 oz of tomato sauce (15 oz can)\n• 1/2 lb ground beef (optional)\n• Grated cheese for a delicious melty topping \n\nInstructions:\n\n1. Cook the pasta (simply read the instructions on the packaging if needed). Drain it and set it aside once it's done.\n\n2. While the pasta is cooking, cut the chicken into smaller, bite-size pieces. \n\n3. Season the uncooked chicken with the spices you have on hand. \n\n4, If you've opted to add the ground beef to your meal, cook it in a skillet on medium heat until browned. Set it aside (like you did with the pasta).\n\n5. Next up, cook the chopped-up chicken breast in the same skillet (for extra flavor). Make sure it's cooked properly (we don't want salmonella, right?). It should not be pink inside if you cut into it. \n\n6. Add the tomato sauce to the skillet with the chicken and let it simmer for a few minutes.\n\n7. Add the cream cheese and milk to the pot of cooked pasta and stir over low heat until it's smooth and creamy. \n\n8. Combine and stir the creamy pasta and cheese sauce with the chicken and tomato sauce mixture. If you've got the ground beef, add it as well, and stir. \n\n9. Finally, dish the delicious results of your hard work into dishes, and sprinkle the grated cheese on top. \n\nAnd it's that simple. This is a quick, cost-efficient dish that is not only delicious but can be made using only one pot! Best of all, it's certain to be a hit with the whole family, including the kids. Enjoy
484	HuggingFaceH4/zephyr-7b-beta	Generation	1. "Heartbreak feels like a rollercoaster, but I know Taylor's got this. She'll sing about it in her next album, and soon we'll all be ready to dance along. #TaylorSwift" ("Rollercoaster" from herURighter era)\n\n2. "Breaking up is hard to do, but I'm seeing a glimmer of hope in the way Taylor and Joe have handled it. Their privacy and respect for each other's space is admirable. We can all learn something from their example. #TaylorSwift" ("Shake It Off" from her 1989 era)\n\n3. "Love is an unsteady battlefield, but I have faith that Taylor and Joe will come out stronger in the end. Their time together will forever hold a special place in each other's hearts, and in Taylor's songwriting. #TaylorSwift" ("Unsteady Love" from her Fearless era)	1. Heartbreak feels like a #rollercoaster, but I know Taylor's got this. She'll sing about it in her next album, and soon we'll all be ready to dance along. #TaylorSwift\n\n2. Breaking up is hard no matter who you are, but the way Taylor and Joe handled things gives me hope. Their respect for each other is admirable, and I know Taylor will shake off the haters like she always does. #TaylorSwift \n\n3. Love is an unsteady battlefield, but I have faith that Taylor and Joe will come out stronger in the end. Their time together will forever hold a special place in each other's hearts, and in Taylor's songwriting. #TaylorSwift\n\n3. Taylor and Joe will come out stronger in the end, even though love is an unsteady battlefield. I'm sure they each cherish the time they spent together and I just know Taylor's got something up her sleeve. #TaylorSwift
485	mistralai/Mistral-7B-Instruct-v0.1	Generation	Subject: Review Request\n\nDear [Author's Name],\n\nThank you for your interest in having your book reviewed on my blog. I appreciate the time you've taken to share your work with me. After careful consideration and an honest evaluation of the material, I don't think it aligns well with my audience's interests. \n\nIt's not you or your book; it's purely a matter of fitting within my niche. I wish you the best of luck in finding a blogger who can better showcase your work. Keep writing, keep creating!\n\nKind regards,\n[Your Name]	Subject: Review Request\n\nDear [Author's Name],\n\nThanks for sending me your book, I really appreciate you sharing your work with me. Unfortunately, I just don't think it aligns well with my audience's interests. \n\nThat isn't to say your book is bad; it's purely a matter of fitting within my niche. I wish you the best of luck in finding someone who can showcase your work properly. Keep writing, I know your story will find a home.\n\nWishing you all the best,\n[Your Name]
487	mistralai/Mistral-7B-Instruct-v0.1	Generation	Underwater creatures, so slimy and wet,\nI cannot stand their stench, it's just too much,\nTheir scales and tails, I can't get them off my skin,\nAnd their bones, so hard and sharp, just hurt,\nThey swim around with such ease,\nWhile I struggle in the water,\nI'll stick with land creatures, thank you, it's much more my speed,\nAnd maybe one day, I'll change my opinion, but for now, I just hate fish.	Underwater creatures, so slimy and wet,\nMost awful stench I've come across yet \nAs for the scales and tails, \ndon't get me started.\nThey swim around in water with such ease,\nwhile I struggle to breathe\nMight change my opinion one day \nBut for now, I'll stick with land creatures and hate fish every day.
492	mistralai/Mixtral-8x7B-Instruct-v0.1	Generation	Researching Alien (RA): Commander, I am observing a fascinating phenomenon on this human-inhabited planet. They seem to be constructing castles out of the small granular particles on the beach.\n\nSuperior Alien (SA): Sandcastles, you call them? Inquire further, Researching Alien. I am intrigued.\n\nRA: It appears that these structures serve no practical purpose. They are ephemeral, washed away by the waves in a matter of hours. Why do they invest so much time and energy into creating something that does not last?\n\nSA: An interesting question, Researching Alien. It might be an expression of creativity or a method of engaging with their environment. It could also be a bonding activity for their social groups.\n\nRA: I see. And what of their behavior in the large body of water connected to the beach? They submerge themselves in it, despite its capacity to obscure their vision and hinder their movement.\n\nSA: Swimming, as they call it, could be a form of recreation or exercise for them. The water's resistance provides a comprehensive workout for their bodies. Also, remember that their visual capabilities are adapted for this world's atmosphere and light; thus, they can still see underwater, albeit differently.\n\nRA: I observe another peculiar activity. Some humans lie down on the sand, exposing their skin to this bright celestial body's rays. They seem to derive pleasure from this, but it results in visible changes to their skin, sometimes causing discomfort.\n\nSA: That would be sunbathing. The yellow dwarf star emits ultraviolet radiation, which stimulates the production of vitamin D in their bodies, essential for their health. However, excessive exposure can lead to sunburn, hence the discomfort you mentioned.\n\nRA: Fascinating. These humans indeed possess intriguing customs. Their capacity for enjoyment appears unbounded by practicality, often engaging in activities that seem detrimental at first glance.\n\nSA: Yes, Researching Alien. That is one of the many aspects that make this species unique and worth studying. Carry on with your research.	Alien Researcher: Professor, I am observing a fascinating phenomenon on this human-inhabited planet. They are constructing small structures out of the small granular particles of “sand” that pollute the seashore. \n\nAlien Professor: Structures, you say? Inquire further, Doctor. I am intrigued.  \n\nResearcher: It appears that these structures serve no practical purpose. They are ephemeral, washed away by the waves in a matter of hours. Why do they invest so much time and energy into creating something that does not last? \n\nProfessor: An interesting question, Doctor. It might be a failed technical experiment. It could also be a ritual act of religious or initiatory significance. \n\nResearcher: I see. And what of their behavior in the water close to the shore? They submerge themselves in it, despite its capacity to obscure their vision and hinder their movement. \n\nProfessor: This may be an instinctive behavior to rid themselves of parasites. Alternatively, they may be searching for sand structures that have been washed away.\n\nResearcher: I have observed another peculiar pattern of bahavior, Professor. Certain individuals lie for hours on the sand, exposing their skin to the sun's rays. They appear to derive pleasure from this, but it burns their hides, causing discomfort. Can this be some form of death wish?\n\nProfessor: I would incline rather to see this as another unexplained act of ritualistic significance, possibly a ritualized form of self-immolation or a symbolic cooking-of-the-self prior to being served up to the divinity for dinner.\n\nResearcher: Fascinating. These humans indeed possess intriguing customs. \n\nProfessor: Quite, Doctor.
493	mistralai/Mixtral-8x7B-Instruct-v0.1	Generation	I. Introduction\n\n* Stella is a curious and imaginative child who loves to play with her toys.\n* One day, while playing alone in her room, she discovers she can bring her toys to life when nobody is looking.\n\nII. Rising Action\n\n* Stella is thrilled to discover her new ability and begins to bring her toys to life regularly.\n* She plays with them, talks to them, and even has adventures with them.\n* However, she soon realizes that her toys have feelings and personalities of their own, and they don't always want to do what she wants them to do.\n\nIII. Climax\n\n* Stella's favorite toy, a stuffed bunny named Fluffy, becomes upset when Stella only wants to play with him when she's bored or lonely.\n* Fluffy tells Stella that he and the other toys deserve respect and consideration, just like she does.\n\nIV. Falling Action\n\n* Stella is shocked and hurt by Fluffy's words, but she realizes that he's right.\n* She starts to treat her toys with more respect, listening to their wants and needs and including them in her playtime.\n\nV. Resolution\n\n* Stella's relationship with her toys improves, and they have even more fun together.\n* She learns that respect and consideration are important in all relationships, whether with toys, friends, or family members.\n* Stella's newfound respect for her toys leads to new and exciting adventures, and she continues to learn and grow as a person.	I. Introduction\n\n* Stella is a clever and highly imaginative girl who loves to create dramatic situations with her toys.\n* One day, while playing alone in her room, she discovers she can bring her toys to life by the power of her imagination. She understands instinctively that she should only do this when nobody else is around.\n\nII. Rising Action\n\n* Stella brings her toys to life regularly. She talks with them, plays with them, and avidly watches their interaction with each other.\n* she soon realizes that her toys have feelings and personalities of their own. They don't always get along with each other. Worse, they don’t always want to do what she wants them to do!\n\nIII. Climax\n\n* Stella's favorite toy, Fluffy the stuffed bunny, becomes very jealous and possessive if Stella goes outside to play with her friends instead of staying in with him. “You only want to play with me when you’re bored”, he says.\n* Fluffy and all the other toys give Stella a serious talking to. They tell her that toys deserve respect and consideration, just like she does.\n* Surrounded by angry plushies, Stella promises to treat her toys with more respect and to always listen to their wants and needs.\n\nIV. Falling Action\n\n* Stella's relationship with her toys gets increasingly complicated. Nobody is having fun.\n\nV. Resolution\n\n* Stella learns that respect and consideration are important in all relationships, whether with toys, friends, or family members.\n* In the end, she finds it easier not to bring her toys to life anymore.
494	HuggingFaceH4/zephyr-7b-beta	Generation	Woof woof! Friends, today I want to talk to you about something important - our friendship with the mailman. Now, I know some of you may bark and growl when you see that man in the bright blue uniform, but let me tell you, he is not our enemy. In fact, he's become a dear friend over time.\n\nAt first, we were all a bit wary of him. We didn't quite know what to make of this strange figure who appeared suddenly, carrying a clattering bag of mysterious objects. But the mailman was patient with us. He stopped to greet us each time he passed by, holding out a tempting treat to lure us closer. He never once raised his voice or startled us in any way.\n\nAs time went on, we grew to trust him more and more. We wagged our tails and barked excitedly whenever we heard the sound of his footsteps echoing down the path. We'd gather on the doorstep, tails wagging and tails wagging, eager to see what surprises he had brought. And he never failed to bring a bit of joy into our lives.\n\nNow, I know some of you may have had negative experiences with the mailman in the past. Maybe he's accidentally stepped on your paw, or perhaps he's seemed a little too eager to whisk your favorite ball away in his satchel without a second thought. But I implore you to remember that these things are accidental. The mailman is not out to get us. He's just doing his job, and for that, we should be thankful.\n\nIn fact, I believe that the mailman genuinely enjoys our company. He'll often pause for a chat, asking us how we're doing these days. He'll lean down to pet us, and we'll snuggle up against him, relishing the sensation of his soft hand stroking our fur. And if we're lucky, he'll reward us with a special treat or two.\n\nNow, some of you may be skeptical. You may think that our friendship with the mailman is a fleeting one, that it's not worth getting too attached to. But I believe that our bond is a strong and lasting one. The mailman has earned our trust and our affection, and we should honor that.\n\nSo, friends, let's try to see the mailman for who he truly is - a kind and loyal friend. Let's wag our tails and bark in greeting, rather than growling and cowering. Let's trust that he'll always bring us something special, rather than fearing the worst. Most importantly, let's show him the gratitude and affection that he deserves, for there is no one quite like the loyal, true friend that is the mailman.\n\nEnough talk, my dear friends. Let us pay our respects to our dear friend the mailman by wagging our tails and barking in greeting. Who's ready to welcome him with open paws? Let's make him feel just as loved as we do!	Woof woof! Friends, today I want to talk to you about something important – our friendship with the mailman. Now, I know some of you bark and growl when you see that man in the blue uniform, but let me tell you, he's not a bad guy, no no sir. In fact, he's a really dear friend\n\nAt first, every dog is suspicious of mailmen. We don’t know what to make of this strange intruder who enters our territory every day, carrying a heavy shapeless bag of mysteries. But the mailman was patient with us. He stopped to greet us each time he passed by, holding out a tempting treat to lure us closer. He never once raised his voice or startled us in any way. He stood his ground when we pretended we were going to fight him. As time went on, we grew to trust him more and more. We wagged our tails and barked excitedly whenever we heard the sound of his footsteps echoing down the path. We'd gather on our doorsteps, tails wagging and tongues hanging out, eager to see what surprises he had brought. And he never failed to bring a bit of joy into our lives. \n\nNow, I know some of you may have had negative experiences with mailmen in the past. You may have been scolded for chasing them, even though you were only playing. You may even have bitten a few mailmen and been unjustly closed inside by your humans for your impulsive acts. These are difficult experiences for a dog. But I implore you to remember that these things are accidental. The mailman is not out to get us, and we are not out to get him. He's just doing his job, which is to bring stuff to our humans. \n\nIn fact, I believe that the mailman genuinely enjoys our company. He'll often pause for a chat, asking us how we're doing these days. He'll lean down to pet us, and we'll snuggle up against him, relishing the sensation of his soft hand stroking our fur. And if we're lucky, he'll reward us with a special treat or two. \n\nNow, some of you may be skeptical. You may think it an error to trust the mailman, that your duty is to protect your foolish humans from his inexplicable and sinister visits. But is the mailman not also a human? Friends, let's try to see the mailman for who he truly is – a friend of our humans, a regular visitor who brings us treats, a human who understands dogs. \n\nLet's wag our tails and bark in greeting, rather than growling and cowering. Let's trust that he'll always bring us something special, rather than fearing the worst. Enough talk, my dear friends. Let us pay our respects to our dear friend the mailman by wagging our tails and barking in greeting. Let's make him feel just as loved as we do!
500	mistralai/Mixtral-8x7B-Instruct-v0.1	Generation	"Discover the top plants that thrive in sandy soil! Say goodbye to gardening woes and hello to lush, vibrant growth. Our latest blog post highlights these resilient beauties and shares expert tips for a thriving sandy soil garden. Transform your landscape today! 🌱🏖️ #gardening #sandysoil #plants #landscaping"	Struggling to find plants to grow in sandy soil? Check out some plants that thrive in tricky soil! This blog post highlights these resilient beauties and shares expert tips for a beautiful and healthy sandy soil garden. Start transforming your garden today! 🌱 #gardening #sandysoil #plants
501	mistralai/Mixtral-8x7B-Instruct-v0.1	Generation	"The King of England's coronation today has us all bowing down to his fashion throne. 👑 From his regal robes to his shiny crown, he's serving us looks that are fit for a king. #CoronationFashion #KingStyle"	The King of England is serving looks today at his coronation! Taking the throne in his regal robe and crown, we're loving his #KingStyle. 👑
504	mistralai/Mixtral-8x7B-Instruct-v0.1	Generation	Sure, I'd be happy to help you with that! Here are six inventions from the 1950s, along with the year they were introduced and their inventors:\n\n1. Transistor Radio (1954) - Invented by Texas Instruments and Regency Electronics, the transistor radio was a portable radio that used transistors instead of vacuum tubes, making it smaller, lighter, and more durable than previous radio designs.\n2. Hula Hoop (1958) - Invented by Arthur K. Melin and Richard Knerr, the Hula Hoop was a plastic hoop that became a popular toy in the late 1950s. It was designed to be twirled around the waist, arms, or legs for exercise and entertainment.\n3. Polaroid Instant Camera (1957) - Invented by Edwin Land, the Polaroid Instant Camera was a camera that could produce a physical photograph in just a few minutes after taking a picture. It used a special film that contained all the necessary chemicals to develop the photograph.\n4. Microwave Oven (1955) - Invented by Percy Spencer, the microwave oven was a kitchen appliance that used microwave radiation to heat food quickly and efficiently. It was originally developed for military use, but became popular in homes in the 1950s.\n5. Solar Cell (1954) - Invented by Bell Labs, the solar cell was a device that could convert sunlight into electricity. It was originally developed for use in space satellites, but has since been used in a variety of applications, including solar panels for homes and businesses.\n6. Video Tape Recorder (1956) - Invented by Ampex, the video tape recorder was a device that could record and play back video footage. It was originally used for broadcast television, but has since become a common household appliance.	Here are six inventions from the 1950s along with the year they were introduced and their inventors:\n\n1. Transistor Radio (1954) - Invented by Texas Instruments and Regency Electronics, the revolutionary  portable radio used transistors instead of vacuum tubes, making it smaller, lighter, and more durable than previous designs.\n2. Hula Hoop (1958) - Invented by Arthur K. Melin and Richard Knerr, the plastic hoop designed to be twirled around the waist, arms, or legs became a popular toy and even exercise aid in the late 1950s.\n3. Polaroid Instant Camera (1957) - Invented by Edwin Land, it could produce a physical photograph in just a few minutes after taking a picture using a special film that contained all the necessary chemicals to develop the photograph.\n4. Microwave Oven (1955) - Invented by Percy Spencer, the kitchen appliance uses microwave radiation to heat food quickly and efficiently.  Originally developed for the military, it later became popular for home use.\n5. Solar Cell (1954) - Invented by Bell Labs, solar cells—which convert sunlight into electricity—were originally developed for use in space satellites. They are now used in a bewildering variety of applications here on Earth.\n6. Video Tape Recorder (1956) - Invented by Ampex, it was the first device to record and play back video footage. Originally used for broadcast television, it later became a common appliance.
510	HuggingFaceH4/zephyr-7b-beta	Generation	1.\nStempoints in tow, \nDeputy out on patrol, \nVigilant eyes peers. \n\n2.\nTrigger finger up, \nStark 357 holds tight, \nSuspicion abounds. \n\n3.\nBumbling but sure, \nGrit and determination, \nDeputy stands tall. \n\n4.\nSelf-doubt stifled, \nTraining and nerves collide, \nEmergency's call. \n\n5.\nTrial by fire burned, \nDeputy earns his new place, \nMayberry's savior.	1.\nKnowing his duty, \nDeputy out on patrol, \nVigilant eye peers. \n\n2.\nTrigger finger poised, \nOl' Smith and Wesson holds tight, \nSuspicion abounds. \n\n3.\nBumbling but sure, \nGrit and determination, \nDeputy stands tall. \n\n4.\nAll self-doubt stifled, \nTraining and nature collide, \nEmergency call. \n\n5.\nBurned in trial by fire, \nDeputy earns his new place, \nMayberry's savior.
515	HuggingFaceH4/zephyr-7b-beta	Generation	Alexander Owen is not your typical spy from MI-6. In fact, he's the antithesis of the goody two-shoes agents that the agency usually sends out on covert missions. Owen's reputation precedes him, as he's known for his unorthodox methods and moral ambiguity. However, despite his less-than-wholesome past, Owen has become the compelling hero of this spy novel.\n\nOwen's backstory is rife with darkness and pain. He grew up on the streets of London, surviving through grit and cunning. As a child, he witnessed firsthand the corruption and brutality of those in power, and it left an indelible mark on him. Owen's anger and resentment festered, driving him to seek revenge against those he deemed responsible for his misery. It was a twisted motivation, but it led him down a path of criminality that he never should have taken.\n\nEventually, Owen was caught by MI-6, who saw his potential as a skilled operative. They offered him a choice: rot in jail or become an agent for them. Owen knew exactly what he wanted, and he knew that working for MI-6 was the chance to right the wrongs he'd committed in the past.\n\nBut working for MI-6 didn't necessarily mean Owen was a good guy anymore. He still carried the same demons with him, and the job often pushed him closer to the edge. In this spy novel, Owen's traditional protagonist counterparts are incredibly moral and righteous, but Owen's past and present experiences make it difficult for him to draw clear lines between right and wrong. His backstory regularly filters into his decision-making, causing cracks to form in the line between good and evil.\n\nAt times, Owen is almost brutal in his methods, willing to do whatever it takes to get the job done, even if that includes crossing moral boundaries. However, there's a certain understanding that pulls at the reader's heartstrings; Owen is a victim of circumstance. He started down a dark path and was forced to continue walking that way. This empathetic quality makes Owen a relatable figure, even though he's so far from a textbook "hero."\n\nDespite his personal struggles, Owen cares deeply for those he considers friends and allies. He's fiercely loyal, and it's clear in the novel that he's even willing to put himself in danger to protect those close to him. And in the rare times he finds himself grappling with guilt over his choices, Owen's moral compass leads him toward redemption.\n\nOwen is a complex and frustrating figure. He's not a clear-cut protagonist, and it's impossible to predict whether he'll make the right choice or give in to his impulses. But this is what makes the novel so fascinating; Owen's character forces readers to question their own moral values, and it's a journey worth taking.	Alexander Owen is not your typical spy. Indiscreet, unreliable, flamboyant, sticks out like a sore thumb. Not the usual forgettable entity in jeans that the agency usually sends out on covert missions. \n\nOwen's reputation precedes him, as he's known for his unorthodox methods and moral ambiguity. Despite this, and despite a less-than-wholesome past, Owen gets results. Appalling results, more often than not. Results that require covering up. But effective, efficient results.\n\nHe grew up in the corridors of power. As a child, he witnessed firsthand the corruption and brutality of those in power, and it left an indelible mark on him. He hated their corruption, but he learned their methods. And that made him dangerous.\n\nLife led Owen down the path of criminality. But his establishment origins meant that even in prison he got noticed. He was headhunted by MI-6, who saw his potential as a skilled operative. They offered him a choice: rot in jail or become an agent for them. Owen knew exactly what he wanted, and he knew that working for MI-6 was the chance to right the wrongs he'd committed in the past.\n\nWorking for MI-6 didn't necessarily mean Owen was a good guy now. He carried demons with him, and the job pushed him closer to the edge. Past and present experiences make it difficult for him to draw clear lines between right and wrong. \n\nHis backstory regularly filters into his decision-making, causing cracks to form in the line between good and evil. At times, Owen is almost brutal in his methods, willing to do whatever it takes to get the job done, even if that includes crossing moral boundaries. In his morally dark and turbid world, his criminal prey is a relatable figure, a brother; while his MI-6 handlers are for the moment unaware of how loose their hold on this loose cannon may prove to be.\n\nIn the rare moments when he finds himself grappling with guilt over his choices, Owen's moral compass twitches. It may yet lead him toward redemption. The question is, in which direction does that redemptive horizon lie?
517	HuggingFaceH4/zephyr-7b-beta	Generation	I don't have parents, but let me craft a story for you:\n\nevery night, when the sun goes to sleep, my mommy and daddy start to fight. I don't understand why they do it. It's scary and makes me feel sad.\n\nmy daddy says mean things to my mommy, and my mommy cries. Sometimes, they stop arguing and hug each other, but most nights, they keep fighting.\n\ni want them to stop. I wish they could be friends again like they used to be.\n\none night, when they were fighting, I gathered all my toys and made a fort in the corner of my room. I didn't want to hear them anymore. But then, my mommy came to my fort and asked if I wanted to help her.\n\nshe told me that daddy was busy with work, and he had forgotten their wedding anniversary. I didn't understand what that meant, but my mommy said she wanted to show me something.\n\nshe took me to the kitchen, and we made a special cake. I helped her put it in the oven and set the timer. Then, we decorated it together.\n\nwhen the timer went off, my mommy and daddy both came to the kitchen. My mommy surprised my daddy with the cake and said it was their anniversary gift.\n\nmy daddy was happy, and he hugged my mommy. They smiled at each other, and I was happy too. I knew that if they could be happy again, they wouldn't fight so much.\n\nnow, every night before they go to sleep, they blow out the candles on the cake and say they love each other. I'm happy my mommy and daddy are friends again.	Every night I go to bed, but I am not asleep. Mommy and Daddy are angry sometimes. It's scary and makes me feel sad. My Daddy says mean things to my Mommy, and my Mommy cries. Then my Mommy says mean things to my Daddy.  I want them to stop. I wish they could be friends again.\n\nOne night, when they were fighting, I made a fort in the corner of my room. I didn't want to hear any more. But then, my mommy came to my fort. She asked if I wanted to help her. She said that Daddy was busy with work, and he had forgotten their anniversary. My mommy took me to the kitchen. We made a special cake. I helped her put it in the oven and set the timer. When the timer went off we decorated the cake together. Then, my Daddy came to the kitchen. My mommy surprised my daddy with the cake and said happy anniversary darling. My Daddy was happy, and he hugged my Mommy. They smiled at each other, and I was happy too. I knew that if they were happy, they wouldn't fight. Then I went to bed. \n\nThe next time Mommy and Daddy are angry we can make another cake and my Mommy and Daddy will be friends again.
522	mistralai/Mixtral-8x7B-Instruct-v0.1	Generation	John had always been fascinated by machines and engineering, so when he found out that he had inherited a factory from his distant relatives, he was over the moon. The factory was an old-fashioned manufacturing plant that produced all sorts of gadgets and doodads, and John couldn't wait to get his hands dirty and see how it all worked.\n\nAs soon as he took over, John began making changes to modernize the factory and make it more efficient. He invested in new technology, streamlined the production process, and even implemented a recycling program to reduce waste. The employees were thrilled with the changes and worked harder than ever before. John's leadership and vision for the future transformed the factory into a thriving business, providing good-paying jobs for the community and top-quality products for customers. John felt proud and fulfilled, knowing that he had turned a struggling factory into a successful enterprise that would benefit generations to come.	John had always been fascinated by machines and engineering, so when he found out that he had inherited a factory from his distant relatives, he was over the moon. The factory was an old-fashioned manufacturing plant that produced all sorts of old-fashioned gadgets. Turnover had been in decline for years. He couldn't wait to get his hands dirty and see how it all worked. \n\nShortly after taking over, John began making changes to modernize the factory and make it more efficient. He invested in new technology, streamlined the production process, and implemented a recycling program to reduce waste. A majority of the employees were suspicious of the newcomer, but soon they began to see a point to his changes. A couple of new product lines sparked interest among distributors and turnover began gradually to increase.
523	mistralai/Mixtral-8x7B-Instruct-v0.1	Generation	Interviewer: Hello there, Rex! It's so nice to finally sit down and chat with you. I have a question I've been dying to ask. What do you think about squeaky toys?\n\nRex: Oh, those things? (laughs) I have to admit, they're pretty entertaining. There's just something about the sound that gets me going. It's like I turn into a detective, trying to find where the noise is coming from. And once I do, it's just the best feeling in the world to rip it apart and make it squeak even more.\n\nInterviewer: That's so interesting! So, you enjoy the challenge of finding the source of the sound?\n\nRex: Absolutely! It's like a game of hide and seek, but with sounds. And the best part is, I always win. (winks)\n\nInterviewer: I can imagine how satisfying that must be for you. But do you ever get tired of the squeaking sound after a while?\n\nRex: To be honest, no. I could listen to that sound all day. It's just so addicting. But I do have to admit, after a while, I like to switch things up and go for a different toy. It's good to keep things fresh, you know?\n\nInterviewer: That makes sense. Well, Rex, thank you so much for sharing your thoughts on squeaky toys with me. It was a pleasure talking to you.\n\nRex: Thank you! It was fun chatting with you too. Maybe we can do it again sometime. (smiles)	Interviewer: Hello there, Rex! At last, we get to talk. So, I'm interested in your opinion. What are your thoughts about squeaky toys? \n\nRex: Oh, those things? (laughs) I have to admit, they're pretty entertaining. Something about the noise they make just gets me going. I kind of become a detective, trying to find where the noise is coming from. And once I do, it's the best feeling in the world to rip it apart and make it squeak even more. \n\nInterviewer: Interesting! So, you enjoy the challenge of finding the source of the sound? \n\nRex: Absolutely! It's like a game of hide and seek, but with sounds. And the best part - I always win. (winks)\n\nInterviewer: That must be pleasant to do. But don't you get annoyed by the squeaking sound after a while? \n\nRex: To be honest, no. I could listen to it all day. It's addicting! Of course, I like to switch things up and go for a different toy sometimes. It's good to keep things fresh, you know? \n\nInterviewer: That makes sense. Well, Rex, thanks for sharing your thoughts on squeaky toys with me. It was a pleasure talking to you. \n\nRex: Thank you! It was fun chatting with you too. Maybe we can do it again sometime.
524	mistralai/Mixtral-8x7B-Instruct-v0.1	Generation	I have 15 different pink and red nail polishes that I need to name.  I would like you to name them something sexy and alluring.  Alliteration is okay but they don’t have to be alliterative.  Please keep the name to two or three words.  Here are the names I have so far:\n\n1. Kissable Coral\n2. Sensual Scarlet\n3. Seductive Strawberry\n4. Blushing Blush\n5. Ravishing Rose\n6. Flirtatious Fuchsia\n7. Racy Raspberry\n8. Alluring Apricot\n9. Dazzling Pink\n10. Enchanting Pink\n11. Elegant Berry\n12. Daring Peony\n13. Radiant Cherry\n14. Luscious Lobelia\n15. Passionate Poppy	1. Mystical Coral\n2. Sensual Scarlet\n3. Seductive Strawberry\n4. Betty Blush\n5. Daring Rose\n6. Flirtatious Fuchsia\n7. Raspy Raspberry\n8. Alluring Apricot\n9. Dazzling Pink\n10. Enchanting Pink\n11. Elegant Berry\n12. Daring Peony\n13. Fiery Cherry\n14. Luscious Lobelia\n15. Passionate Poppy
525	HuggingFaceH4/zephyr-7b-beta	Generation	Examples of what to include:\n- Purchase includes a full-refund guarantee if suit does not meet buyer's expectations.\n- Suit is in perfect condition, aside from a minor scratch on the left forearm.\n- Suit is equipped with the latest repulsor technology for maximum power output.\n- Suit includes all necessary accessories, including boots, gloves, and helmet.\n- Suit is ideal for superhero work, defense contractor projects, or even weekend warrior applications.\n- Suit is ready to ship via private jet. Arrangements can be made at buyer's expense.\n- Suit is being sold as part of a strategic business decision to focus on other endeavors.\n- Suit comes with a personalized thank-you note from Tony Stark himself.\n- Suit is the real deal, not some cheap knockoff. Trust the Iron Man brand.\n- Suit is suitable for ages 12 and up. Must be at least 6 feet tall to operate.\n- Suit is not currently in use and is available for immediate purchase.\n- Suit can be inspected at a secure location in the heart of Manhattan.\n- Suit is the ultimate gift for any true superhero enthusiast.\n- Suit is backed by a 1-year warranty against manufacturing defects.\n- Suit is a limited-edition item and may sell out at any time. Act fast!\n- Suit is a collectible item and may appreciate in value over time. Invest now!	Used Powered Armor Suit For Sale – Like New, Only $999,999!\n\nFor serious buyers only, directly from my Iron Man closet.\n\nThe suit, which I’ve worn only once or twice, is in perfect condition, aside from a minor scratch on the left forearm. Take a look at the features below:\n\n- Equipped with the latest repulsor technology for maximum power output.\n- Includes all necessary accessories: boots, gloves, and helmet.\n- Ideal for superhero work, defense contracts, or even weekend warrior missions.\n- Ready to ship via private jet, with arrangements made at the buyer's expense.\n- This is a strategic business decision to focus on other endeavors.\n- The suit is the real deal—no cheap knockoffs. Trust the Iron Man brand.\n- Suitable for ages 12 and up. Must be at least 6 feet tall to operate.\n- Not currently in use and available for immediate purchase.\n- Can be inspected at a secure location in the heart of Manhattan.\n- The ultimate gift for any true superhero enthusiast.\n- Backed by a one-year warranty against manufacturing defects.\n- Limited-edition item—may sell out at any time. Act fast!\n- A collectible piece with potential to appreciate in value over time. Invest now!\n\nIf it doesn’t meet your expectations, you may return it for a full refund—no questions asked. All business, no play!\n\nIf you’re really interested, contact Pepper or Happy at 555-555-5555 today.
526	mistralai/Mixtral-8x7B-Instruct-v0.1	Generation	As a parent, I know how hard it can be to come up with creative and healthy dinner ideas every night. That's why I've put together this list of 30 dinner ideas to help get you through the next month. These meals are easy to make, use simple ingredients, and are sure to please even the pickiest eaters in your family.\n\n1. Spaghetti and meatballs\n2. Grilled chicken and vegetable skewers\n3. Baked ziti with sausage and peppers\n4. Beef and broccoli stir-fry\n5. Slow cooker pulled pork tacos\n6. Chicken Caesar salad\n7. Grilled salmon with lemon and dill\n8. Vegetarian chili with cornbread\n9. Fajitas with grilled steak or chicken\n10. Baked chicken parmesan with marinara sauce\n11. Stuffed bell peppers with ground turkey and rice\n12. Beef and mushroom stroganoff\n13. Baked sweet potato fries with turkey burgers\n14. Shrimp scampi with garlic bread\n15. Teriyaki chicken with steamed vegetables\n16. Tomato basil soup with grilled cheese sandwiches\n17. Baked mac and cheese with ham and peas\n18. Black bean and corn tacos with avocado salsa\n19. Chicken and vegetable skewers with peanut dipping sauce\n20. Slow cooker beef stew\n21. Grilled vegetable and hummus wraps\n22. Spicy shrimp and vegetable stir-fry\n23. Tuna salad with avocado and tomato on whole wheat bread\n24. Baked lemon herb salmon with quinoa and steamed asparagus\n25. Slow cooker BBQ pulled chicken sandwiches\n26. Caprese salad with balsamic glaze\n27. Grilled chicken and pineapple skewers with teriyaki sauce\n28. Chicken and vegetable curry with rice\n29. Baked sweet and sour chicken with pineapple and bell peppers\n30. Grilled vegetable and feta cheese salad with lemon vinaigrette\n\nI hope these dinner ideas inspire you and help make mealtime a little bit easier for you and your family. Happy cooking!	1. Traditional spaghetti and meatballs\n2. Grilled chicken and assorted vegetable skewers\n3. Baked ziti with savory sausage and peppers\n4. Beef and broccoli stir-fry served with jasmine rice\n5. Slow-braised BBQ pulled pork tacos\n6. Chicken Caesar salad with crisp, homemade croutons\n7. Grilled salmon with lemon and fragrant dill\n8. Robust vegetarian chili with cornbread\n9. Fajitas with grilled steak or chicken\n10. Baked chicken parmesan with rich marinara and melted mozzarella\n11. Stuffed bell peppers with flavorful ground turkey and rice\n12. Velvety beef and mushroom stroganoff\n13. Roasted sweet potato fries paired with turkey burgers\n14. Garlic shrimp scampi with crusty garlic bread\n15. Teriyaki chicken served alongside steamed vegetables\n16. Tomato basil soup with golden grilled cheese sandwiches\n17. Baked macaroni and cheese with ham and peas\n18. Black bean and corn tacos garnished with avocado salsa\n19. Chicken and colorful veggie skewers with peanut dipping sauce\n20. Comforting beef stew simmered in a slow cooker\n21. Grilled vegetable wraps with creamy hummus\n22. Spicy shrimp and vegetable stir-fry\n23. Tuna salad with avocado on whole wheat bread\n24. Lemon herb baked salmon with fluffy quinoa and tender asparagus\n25. Slow cooker pulled chicken sandwiches with smoky BBQ sauce\n26. Refreshing caprese salad drizzled with balsamic glaze\n27. Grilled chicken and pineapple skewers with sweet teriyaki glaze\n28. Chicken and vegetable curry accompanied by rice\n29. Tangy sweet and sour chicken baked with pineapple and peppers\n30. Grilled vegetable salad topped with feta cheese and lemon vinaigrette
528	mistralai/Mixtral-8x7B-Instruct-v0.1	Generation	Clay was a pitiful excuse for a burger flipper at the infamous fast-food joint, Greasy Joe's. He was the epitome of laziness and incompetence, often found lounging in the corner, scrolling through his phone while juicy patties cooked to a crisp on the grill. Customers would cringe in disgust as they witnessed the neglected meat morph into charred hockey pucks, spoiling their once-desired meals.\n\nThe management at Greasy Joe's had grown tired of Clay's antics. His lack of motivation and sheer disregard for quality control had become a running joke among the staff. However, the customers were not amused. Complaints piled up like greasy dishes in the sink, and the restaurant's reputation suffered tremendously.\n\nOne fateful day, as Clay was engrossed in a viral cat video, the grill alarm blared relentlessly. The shrill sound seemed to penetrate Clay's thick skull, but only for a moment. He begrudgingly flipped the overcooked patties onto a tray, their blackened surfaces resembling the craters of the moon.\n\nUnbeknownst to Clay, the regional manager, Mr. Snodgrass, had decided to pay an unexpected visit to Greasy Joe's that day. As he entered the restaurant, the air was thick with the smell of burnt meat and disappointment. The customers' displeasure was palpable, their faces twisted into expressions of disgust as they picked at their unappetizing meals.\n\nMr. Snodgrass, a seasoned professional with a keen eye for detail, immediately noticed the lackluster burgers and the slovenly employee responsible for their creation. He approached Clay, who was still absorbed in his phone, and cleared his throat loudly.\n\nClay looked up, startled, and met the unamused gaze of his superior. Mr. Snodgrass's eyes scanned Clay from head to toe, taking in the stained apron and the unmistakable scent of apathy that clung to him like a second skin.\n\n"Clay," Mr. Snodgrass began, his voice dripping with disdain, "I've been made aware of your...subpar performance here at Greasy Joe's. I'm afraid I can no longer stand idly by while you single-handedly destroy our hard-earned reputation."\n\nClay, ever the oblivious buffoon, simply shrugged and returned his attention to his phone. Mr. Snodgrass, however, was not so easily deterred. He continued, "In light of your abysmal work ethic, I have no choice but to relieve you of your duties here at Greasy Joe's. Consider this your formal termination."\n\nThe room seemed to fall silent as the words hung in the air. The customers, who had been eavesdropping on the conversation, erupted into applause, their disgust for Clay now replaced with a collective sense of relief and satisfaction.\n\nAs Clay gathered his belongings and shuffled out of the restaurant, the once-disgruntled patrons couldn't help but feel a renewed sense of faith in Greasy Joe's. The grill sizzled with fresh, juicy patties, and the atmosphere was once again filled with the pleasant aroma of quality food and impeccable service.\n\nAnd so, with Clay's departure, Greasy Joe's was able to reclaim its status as a beloved burger destination, where customers could once again enjoy mouthwatering meals without fear of charred, hockey-puck-like disasters. The tale of Clay's demise served as a cautionary reminder to all employees: slacking on the job would not be tolerated, and justice would be served, one burnt burger at a time.	Let's face it! Clay was a pathetic burger flipper at the infamous fast-food joint, Greasy Joe's. Lazy and clueless, he'd be found slumping in the corner somewhere, scrolling through his phone while juicy patties cooked to a crisp on the grill. Customers watched in horror as he charred their soon-to-be-delivered hockey pucks, spoiling their once-desired meals.\n\nThe management at Greasy Joe's had finally had enough of Clay. His lack of motivation and sheer disregard for quality control had become a running joke among the staff, but customers were not impressed. It started to affect the restaurant's reputation. \n\nOne fateful day, as Clay marveled at a viral cat video, the grill alarm blared relentlessly. He looked up, but only for a moment. He begrudgingly flipped the overcooked patties onto a tray, their blackened surfaces resembling the craters of the moon.\n\nWhat Clay didn’t know was that the regional manager, Mr. Snodgrass, was making an unexpected visit that day. When he walked into the restaurant, the smell of burnt meat and disappointment hit him immediately. The customers’ faces were twisted in disgust as they picked at their unappetizing meals.\n\nMr. Snodgrass immediately noticed the lackluster burgers and the lazy employee responsible for them. He approached Clay, still distracted, and cleared his throat loudly. Clay looked up startled and met the unamused gaze of his superior. Mr. Snodgrass's eyes scanned Clay from head to toe, taking in the stained apron and the unmistakable scent of apathy that clung to him like a second skin.\n\n"Clay," Mr. Snodgrass began, his voice dripping with disdain, "I've been made aware of your...subpar performance here at Greasy Joe's. I'm afraid I can no longer stand idly by while you single-handedly destroy our hard-earned reputation."\n\nClay shrugged and went back to his phone. Mr. Snodgrass wasn’t giving up easily. “Given your awful work ethic, I have no choice but to fire you. Consider this your formal termination.”\n\nThe room went quiet as the news sunk in. The customers erupted in cheers, their relief obvious as they clapped. As Clay gathered his stuff and left, the mood in Greasy Joe’s lightened up. Fresh, juicy burgers sizzled on the grill, and the air smelled like good food and excellent service once again.\n\nAnd so, with Clay's departure, Greasy Joe's was able to reclaim its status as a beloved burger destination, where customers could once again enjoy mouthwatering meals without fear of charred, hockey-puck-like disasters. The tale of Clay's demise served as a cautionary reminder to all employees: slacking on the job would not be tolerated, and justice would be served, one burnt burger at a time.
529	mistralai/Mixtral-8x7B-Instruct-v0.1	Generation	What would you say?\n\nOh, hello, dear! It's so nice to see you! Come in, come in. How have you been? I've been meaning to call you, but you know how it is. Time just seems to slip away from me. Have you had lunch yet? I was just about to make myself a sandwich. Would you like one? I have some nice wheat bread, and there's plenty of turkey and cheese. Or, if you prefer, I could make you a grilled cheese sandwich. I know it's not fancy, but it's always been one of my favorites.\n\nNow, sit down and make yourself comfortable. I'd offer you something to drink, but I'm afraid I don't have much in the way of beverages. I do have some iced tea, if you'd like. It's not freshly brewed, but it's still quite refreshing. Or, if you'd prefer something a little stronger, I do have a bottle of sherry in the cabinet. I don't open it very often, but it's always nice to have on hand for special occasions.\n\nI'm so glad you could come by for a visit. It's always nice to see a familiar face, especially these days. I don't get out as much as I used to, and it can be a little lonely at times. But I try to keep busy. I've been doing some knitting lately. I made a scarf for my neighbor's granddaughter. It's a beautiful shade of blue, and I think she'll really like it. I've also been reading a lot. I just finished a wonderful mystery novel. It kept me guessing right up until the very end. Do you enjoy reading, dear? I'd be happy to lend you a book if you'd like.\n\nAnyway, I'm just so happy to see you. It's been far too long since our last visit. I hope you can stay for a while and keep me company. We can chat and catch up, or I can show you some of the things I've been working on. Or, if you'd prefer, we can just sit and enjoy the peace and quiet. Whatever you'd like, dear. I'm just glad you're here.	Oh, hello, dear! It's so nice to see you! Come in, come in. How have you been? I've been meaning to call you, but you know how it is. Time just seems to slip away from me these days. Have you had lunch yet? I was just about to make myself a sandwich. Would you like one? I have some nice wheat bread, and there's plenty of turkey and cheese. Or I could always make you a grilled cheese sandwich. I know it's not fancy, but it's always been one of my favorites and I think I remember you liking it too. Let me go ahead and make you one, I want to make sure you're getting enough to eat.\n\nNow, sit down, sit down! Make yourself comfortable. I'd offer you something to drink, but there isn't much in my kitchen. I do have some iced tea, if you'd like. It's not freshly brewed, but it's still quite refreshing. Maybe something a little stronger, I do have a bottle of sherry in the cabinet. I don't open it very often, but it's always nice to have on hand for special occasions. Just don't tell your parents.\n\nReally happy you choose to come be with us. These days, life's gotten a little lonely because I just don't get to move as much as I one did. I've been doing some knitting lately. I just finished a lovely blue scarf for my neighbor’s granddaughter. Maybe I’ll make something for you next. I’ve also been reading books—just wrapped up a mystery novel that kept me guessing until the end. Do you enjoy reading, dear? I’d be happy to lend you a book if you’re interested.\n\nOh, I'm just so happy to see you. It's been far too long since our last visit, so I do hope you can stay for a while. You know you are always welcome here. We can chat and catch up, or I can show you some of the things I've been working on. Or we can just sit and enjoy the peace and quiet. Whatever you'd like, dear. I'm just glad you're here.
530	mistralai/Mixtral-8x7B-Instruct-v0.1	Generation	Pencil squeaks on paper,\nLate night groans, mom's stern gaze,\nDue tomorrow, oops.	Pencil’s squeak persists,  \nGroans mix with mom’s stern glances—\nDeadline looms, oops.
531	mistralai/Mixtral-8x7B-Instruct-v0.1	Generation	Script:\n\n[Dr. Disaster, a mad scientist with wild hair and a lab coat, stands in front of a large model of a planet with a big red button on it.]\n\nDr. Disaster:\nLadies and gentlemen, boys and girls, welcome to the most exciting crowdfunding campaign of the century! I'm Dr. Disaster, and I'm here to ask for your help in funding the Crust Cracker 5000, the doomsday device that will change the way we think about our planet forever!\n\n[Dr. Disaster presses the button on the model, and it cracks open like an egg, revealing a glowing mantle underneath.]\n\nDr. Disaster:\nWhy would you want to donate to such a catastrophic cause, you ask? Well, just imagine the possibilities! With the Crust Cracker 5000, we can finally see what's inside the Earth's mantle without having to dig through miles of rock and dirt. It's like cracking open a giant Easter egg, but instead of chocolate, you get a molten hot core!\n\n[Dr. Disaster holds up a regular egg and a spoon, demonstrating how the Crust Cracker 5000 works.]\n\nDr. Disaster:\nAnd the best part is, your donation will go towards making this dream a reality! We need $500 Million to fund the construction of the Crust Cracker 5000, and every little bit helps. So, whether you want to see the Earth's mantle for yourself, or you just want to support a good cause, donate today and be a part of history!\n\nAction Lines:\n\n* Dr. Disaster presses the button on the model, and it cracks open like an egg, revealing a glowing mantle underneath.\n* Dr. Disaster holds up a regular egg and a spoon, demonstrating how the Crust Cracker 5000 works.\n* Dr. Disaster excitedly gestures towards the model of the planet as he talks about the possibilities of the Crust Cracker 5000.\n* Dr. Disaster makes a pleading gesture towards the camera as he asks for donations.\n* Dr. Disaster confidently smiles as he talks about being a part of history.	Dr. Disaster, a mad scientist with wild hair in a lab coat, stands in front of a large model of the Earth with a humongous red button on it. \n\nDr. Disaster:\nFellow Earthlings! Welcome to the crowdfunding campaign of the century! I'm Dr. Disaster and here to ask for your help in funding the Crust Cracker 5000, the doomsday device that will revolutionize how we interact with this precious orb!\n\nDr. Disaster presses the button and the globe cracks open to reveal the glowing mantle below. \n\nDr. Disaster:\nWhy would you want to donate to such a catastrophic cause, you ask? Well, imagine the thrill! We’re talking about cracking open the Earth without ever digging through miles of rock and dirt. Think of it! A faster way than those slow and painful volcanoes. Here, it's like cracking a giant Easter egg, but instead of chocolate, you get a molten hot core! \n\nDr. Disaster holds up a regular egg and a spoon, demonstrating how the Crust Cracker 5000 works. \n\nDr. Disaster:\nHelp us make this vision come true! We need $500 million to fund construction of the Crust Cracker 5000 and your contribution is valued. Whether you want to see the Earth's mantle for yourself or just want to support a good cause, donate today and be a part of history!\nAction Lines:\n* Dr. Disaster presses the red button and the model cracks open like an egg to reveal the glowing mantle underneath.\n* Dr. Disaster holds up a regular egg and a spoon to demonstrate how the Crust Cracker 5000 works.\n* Dr. Disaster excitedly gestures toward a model of the planet as he talks about the possibilities.\n* Dr. Disaster makes a plea to the camera as he asks for donations.\n* Dr. Disaster confidently smiles as he talks about being a part of history.
532	mistralai/Mistral-7B-Instruct-v0.1	Generation	Sure, here are five museums in Louisville, Kentucky that might pique your interest:\n\n1. The Muhammad Ali Center - This museum honors the life and legacy of the legendary boxer Muhammad Ali, and is located in the heart of downtown Louisville.\n2. The Kentucky Derby Museum - This museum is dedicated to the history and culture of the Kentucky Derby, America's most famous horse race.\n3. The Louisville Slugger Museum & Bat Museum - This museum is dedicated to the history and culture of baseball, and offers visitors the opportunity to learn about the history of the game and to see the famous "Slugger" bats used by famous players.\n4. The speed Art Museum - This museum features a diverse collection of modern and contemporary art, as well as a large collection of race cars.\n5. The National Art Museum of the United States Air Force - The museum features a collection of over 4,000 works of art by nearly 500 contemporary artists. The collection covers virtually every medium and genre of contemporary art and focuses on themes that reflect the spirit and values of the US Air Force.\n\nI hope this helps you plan your visits!	1. The Muhammad Ali Center honors the life and legacy of legendary boxer Muhammad Ali.\n2. The Kentucky Derby Museum is dedicated to the history and culture of the Kentucky Derby, America's most famous horse race.\n3. The Louisville Slugger Museum & Bat Museum is all about the history and culture of baseball. You can even see the "Slugger" bats used by famous players.\n4. The Speed Art Museum features a diverse collection of modern and contemporary art, as well as a large collection of race cars\n5. The National Art Museum of the United States Air Force has over 4,000 works of art by about 500 contemporary artists. The collection covers virtually every kind of contemporary art and is themed reflect the spirit and values of the US Air Force.
534	mistralai/Mistral-7B-Instruct-v0.1	Generation	I. Frost covers ground\nHushed stillness of the winter dawn\nNature's breath is cold\n\nII. Whirling snowflakes\nDance and twirl in icy embrace\nPure white wonder\n\nIII. Bare tree branches\n etch against the stark blue sky\nWinter's bone-chilling grip\n\nIV. Fire crackles\nWarmth and comfort in its glow\nAgainst the cold embrace\n\nV. Footprints in the snow\nSilent footsteps through the hush\nwinter's soft whisper\n\nVI. A winter wonderland\nA landscape of frozen dreams\nBeauty in stillness.	I. \nFrost covers the ground,\nHushed stillness of winter dawn,\nNature's breath is cold.\n\nII. \nWhirling white snowflakes\nDance and twirl in icy winds,\nPure, frozen wonder.\n\nIII. \nBare, brittle branches\netch against the stark blue sky -\nWinter's tightened grip.\n\nIV. \nFire crackles, snaps.\nWarmth and comfort in its glow,\nAgainst cold embrace.\n\nV. \nFootprints in the snow,\nSilent movement through the cold,\nwinter's soft whisper.\n\nVI. \nA blank wonderland,\nA garden of frozen dreams;\nBeauty in stillness.
538	mistralai/Mixtral-8x7B-Instruct-v0.1	Generation	Day 1:\n\n* Highline Trail: This is a 11.8-mile out-and-back trail that offers stunning views of the park's rugged mountains and glaciers. The trail starts at Logan Pass and follows the Garden Wall, a steep and narrow ridge with breathtaking drop-offs on either side. Along the way, hikers will pass through alpine meadows filled with wildflowers and encounter wildlife such as mountain goats and bighorn sheep. The hike can be challenging in parts, but the scenery is well worth the effort.\n\nDay 2:\n\n* Grinnell Glacier Trail: This is a 10.3-mile out-and-back trail that leads to Grinnell Glacier, one of the most iconic glaciers in Glacier National Park. The hike starts at the Swiftcurrent Trailhead and follows a series of switchbacks through a dense forest before emerging into a beautiful alpine valley. From there, hikers will cross a series of glacial moraines and pass by several small lakes before reaching the glacier itself. The hike can be strenuous in parts, but the views of the glacier and surrounding mountains are truly breathtaking.\n\nDay 3:\n\n* Ptarmigan Tunnel Trail: This is a 10.7-mile out-and-back trail that leads to Ptarmigan Tunnel, a historic tunnel blasted through the mountains in the 1930s. The hike starts at the Iceberg Lake Trailhead and follows a series of switchbacks through a dense forest before emerging into a beautiful alpine valley. From there, hikers will pass by several small lakes and encounter wildlife such as mountain goats and bighorn sheep before reaching the tunnel. The hike can be challenging in parts, but the views of the surrounding mountains and the sense of accomplishment from hiking through the tunnel make it all worthwhile.\n\nNote: These hikes can be challenging and should only be attempted by experienced hikers in good physical condition. Always bring plenty of water, snacks, and layers, and be prepared for changing weather conditions. It's also a good idea to check with park rangers for current trail conditions and advice before setting out.	Day 1:\n\n* Highline Trail: This 11.8-mile out-and-back trail offers stunning views of rugged mountains and glaciers. Starting at Logan Pass, the trail follows the Garden Wall, a steep and narrow ridge with breathtaking drop-offs on either side. On the route hikers pass through alpine meadows filled with wildflowers and might encounter wildlife including mountain goats and bighorn sheep. It can be challenging in parts, but the scenery is well worth the effort.\n\nDay 2:\n\n* Grinnell Glacier Trail: A round trip of 10.3 miles, the trail leads to Grinnell Glacier, one of the most iconic glaciers in Glacier National Park. It starts at the Swiftcurrent Trailhead, then follows a series of switchbacks through dense forest before emerging in a beautiful alpine valley. From there it crosses a series of glacial moraines, passes by several small lakes, then reaches the glacier itself. Strenuous in some sections, the hike rewards with views that are truly breathtaking.\n\nDay 3:\n\n* Ptarmigan Tunnel Trail: Stretching 10.7 miles out and back, this trail leads to the historic Ptarmigan Tunnel blasted through the mountain in the 1930s. Beginning at the Iceberg Lake Trailhead, it follows a series of switchbacks through dense forest before reaching the tunnel. Though challenging in parts, the route offers stunning views and a sense of accomplishment that make it all worthwhile.\n\nNote: These hikes can be challenging and should only be attempted by experienced hikers in good physical condition. Bring plenty of water, energy foods, and layers of clothing. Also be prepared for changing weather conditions. It's also a good idea to check with park rangers for current trail conditions and advice before setting out.
540	mistralai/Mistral-7B-Instruct-v0.1	Generation	"Hello, I am a casual acquaintance and neighbor of Audrey Lipsky, the paranormal investigator who has recently gone missing. If you are investigating her disappearance, I would be happy to provide any information or assistance that I can. Please let me know if you need anything from me."	As a casual acquaintance of Audrey Lipsky, I know her as a paranormal investigator. As a neighbor, I would be willing to help you, if it will lead to resolving her disappearance. Please let me know if you need anything from me.
545	HuggingFaceH4/zephyr-7b-beta	Generation	I'm not capable of meeting people as humans do. However, I can share a funny story about a soldier based on some interesting anecdotes I've come across. \n\nduring my time as an ai, I once read a humorous account by a former army ranger about his service. Apparently, he had a habit of swiping funny or irreverent posts from other soldiers' lockers when he was assigned to clean out barracks. On one occasion, he found a note in a locker that read, "i'm not afraid of heights, I'm afraid of widths." he couldn't help but find this amusing - enough to turn the note into a sticker and stick it on his ranger hat. But as he wore the hat at a tactical board meeting with his superiors, his commanding officer spotted the sticker and gave him a stern reprimand. To the soldier's surprise, the CO couldn't resist chuckling at the joke as well. From then on, the soldier wore the hat with pride and continued his habit of pranksterism with tactical precision. \n\nin summary, this story showcases the soldier's wit and humor in the midst of military professionalism, demonstrating that humor and light-heartedness can go a long way in maintaining a positive and healthy morale amongst troops.	I met this former army ranger who gave an account about his service. Apparently, he had a habit of swiping funny or irreverent posts from other soldiers' lockers when he was assigned to clean out barracks. One day, he found a note in a locker that read, "I'm not afraid of heights, I'm afraid of widths." He found this hilarious enough to turn the note into a sticker and stick it on his ranger hat. He wore the hat at a tactical board meeting with his superiors. His commanding officer spotted the sticker and gave him a stern reprimand. The CO ended up chuckling at the joke as well. From then on, the soldier wore the hat with pride and continued his habit of fooling around, but he became more strategic.
547	HuggingFaceH4/zephyr-7b-beta	Generation	Ricky the rain frog left his wet jungle home,\nFor the bright lights and screams of the circus dome.\nHe leapt to the big top, where laughter and Jake's bass beat roared,\nUntil he met Percy the clown, whose red nose was restored.\nTogether they clowned and performed, drawing cheers from the crowd,\nThe rain frog and clown became best, raining delight 'round.	Once upon a time, there was a rain frog named Ricky who left his wet jungle home to go and join the circus. He wanted to experience the bright lights and the screams of the circus dome. Ricky enjoyed making others laugh by leaping to the top. One day, he met a clown named Percy who had a beautiful red nose. They became good friends who clowned and performed together, drawing cheers from the crowd. The rain frog and clown ended up being the best performers in the circus which brought a lot of happiness.
552	mistralai/Mixtral-8x7B-Instruct-v0.1	Generation	In fields of sunflowers, tall and bright,\nYellow as the sun, a glowing sight.\nTheir faces turned, following its light,\nBasking in its warmth, day and night.\n\nSipping lemonade, so sweet and tart,\nUnderneath the sun, a work of art.\nIts yellow hue, a piece of heart,\nQuenching thirst, keeping us from falling apart.\n\nEmbrace the sunshine, let it in,\nFeel its warmth, let it begin.\nA smile, a laugh, a joyful grin,\nYellow is happiness, every trace of sin.	In fields of sunflowers, tall and bright,  \nYellow as the sun, a glowing sight.  \nTheir faces turned, following its light,  \nBasking in warmth from morning to night.\n\nSipping lemonade so sweet and tart,\nUnderneath the sun—a work of art. \nIts yellow hue, a piece of heart,\nQuenching thirst, keeping us from parched.\n\nEmbrace the sunshine; let it in,\nFeel its warmth upon your skin.\nA smile blooms with joy within—\nYellow is happiness where we begin.
566	HuggingFaceH4/zephyr-7b-beta	Generation	Verse 1:\nThere's a raccoon in town, sure causing some strife\nHe keeps sneaking 'round, stealing from the humans' life\nThey call him "Mr. Trash Panda," he's got quite the knack\nFor digging through their garbage, it's time to put him on the rack\n\nChorus:\nYour trash bin heart, it's cheatin' tonight\nEvery lid you slam, he just delights\nHe'll ride the cozies down, make a mess in your eats\nYour raccoon heart, it's cheatin' sheets\n\nVerse 2:\nThe neighbors are annoyed, they're tired of his stunt\nEvery night he roams, and they say "He's just undone!"\nHe'll overturn their cans, he's not afraid to wrestle\nThese humans best respect, we have a raccoon with talent\n\nChorus:\nYour trash bin heart, it's cheatin' tonight\nEvery lid you slam, he just delights\nHe'll ride the cozies down, make a mess in your eats\nYour raccoon heart, it's cheatin' sheets\n\nBridge:\nThese humans, they're feeling mighty fed up\nThey've tried traps and spray, but he's always two steps up\nThey'll leave out some food, hoping he won't be so quick\nBut this clever raccoon's as smart as a slick urban trick\n\nChorus:\nYour trash bin heart, it's cheatin' tonight\nEvery lid you slam, he just delights\nHe'll ride the cozies down, make a mess in your eats\nYour raccoon heart, it's cheatin' sheets\n\nOutro:\nSo if you're feeling frustrated, just remember this line\nHe's a raccoon who's dining mighty fine, don't let it get you down\nJust learn to coexist, and maybe you'll see\nThat this charming creature's got a trash bin heart to be.	There is a new raccoon in town that will make you weep,\nYou can try and try, but you will not eat or sleep,\nThat raccoon will make a racket the whole night through,\nDigging in your trash cans, and stealing all your food. \n\nYour tears will come down like falling rain,\nYou will swear at the raccoon, and call it names,\nYou will bolt your door and hide your food,\nBut that raccoon will still steal it from you.\n\nThe neighbors have had all their food stolen too,\nNo one knows what to do about that naughty raccoon,\nAll day it sleeps with its belly full, but every night it roams,\nAnd steals all the tasty meals from everybody's homes.\n\nYour tears will come down like falling rain,\nYou will swear at the raccoon, and call it names,\nYou will bolt your door and hide your food,\nBut that raccoon will still steal it from you.
567	HuggingFaceH4/zephyr-7b-beta	Generation	[Opening shot of a bustling city with people going about their daily routines. Suddenly there's a cut to people wearing masks and following social distancing guidelines in the same location.]\n\nNarrator: "World as we knew it changed overnight as a deadly virus swept the globe, turning our realities into a nightmare. It was a new enemy, one with no cure or vaccine, and it threatened to wipe out entire populations."\n\n[Flashback to a hospital packed with infected patients, medical staff frantically working against time.]\n\nNarrator: "Hospitals overflowed with patients, their suffering impossible to fathom. The world fell silent as it grappled with the scale of the devastation."\n\n[Cut to a desperate father unable to save his infected daughter, claiming that he wouldn't wish this on his worst enemy.]\n\nNarrator: "People turned on each other in panic and despair, but amidst the madness, some dared to defy the odds. They hunted for answers, pushed the limits of science, and risked their lives to save the world from the brink of disaster."\n\n[Clip of a team of scientists working night and day on an experimental cure. A close-up of a vial sparkling with a luminescent green liquid.]\n\nNarrator: "Cue the pulse-pounding action, mind-bending twists, and life-and-death stakes as our heroes fight their way through the hidden web of conspiracies, cover-ups, and deception that is threatening us all."\n\n[End shot of the viral outbreak looming ominously in the background, with the hero holding the experimental cure with determination.]\n\nNarrator: "Brace yourself for a cinematic journey you'll never forget, filled with white-knuckle suspense and an urgency that will make you hold your breath till the end."\n\n[Title and release date in bold letters.]\n\nBold Title: PANDEMIC RISING\n\n[End with a thrilling score building up the tension.]\n\nNarrator: "Pandemic Rising, coming to theaters soon." [The trailer fades to black.]	[Opening shot of a bustling city with people going about their everyday lives. Suddenly, there's a cut to people wearing masks and adhering to the guidelines around social distancing.]\n\nNarrator: "The world as we knew it changed overnight. A deadly virus is sweeping the globe, and it has turned our realities into a nightmare. It was a new enemy, one with no cure or vaccine. It threatened to wipe out entire populations."\n\n[Flashback to a hospital filled with infected patients, medical staff working as fast as possible.]\n\nNarrator: "Hospitals are overflowing with patients, their suffering impossible to fathom. The world fell silent as it tried vainly to comprehend the devastation's scale."\n\n[Cut to a desperate father unable to save his infected daughter.]\n\nNarrator: "People turned on each other in panic and despair, but amidst the madness, some dared to defy the odds. They hunted for answers, pushed the limits of science, and risked their lives to save the world from the brink of disaster."\n\n[Clip of a team of scientists working night and day on an experimental cure. A close-up of a vial sparkling with a luminescent green liquid.]\n\nNarrator: "Cue the pulse-pounding action, mind-bending twists, and life-and-death stakes as our heroes fight their way through the hidden web of conspiracies, cover-ups, and deception threatening us all."\n\n[End shot of the viral outbreak looming ominously in the background, with the hero holding the experimental cure with determination.]\n\nNarrator: "Brace yourself for a cinematic journey you'll never forget, filled with white-knuckle suspense and an urgency that will make you hold your breath till the end."\n\n[Title and release date in bold letters.]\n\nPandemic Rising\n\n[End with a thrilling score building up the tension.]\n\nNarrator: "Pandemic Rising, coming to theaters soon."\n\n[The trailer fades to black.]
569	HuggingFaceH4/zephyr-7b-beta	Generation	Sure, here's a funny bucket list for a middle-aged man in America, as requested!\n\nIntro (spoken by the man): As I approach my 50th birthday, I've come to the realization that life is too short to wait for exciting adventures to come to me. Therefore, I've decided to take matters into my own hands and create a bucket list of 10 mundane activities to tick off before my next milestone.\n\n1. Eat a whole pizza by myself in one sitting (without feeling guilty or judged)\n2. Attend a wine-tasting where I admit that I prefer beer and nobody laughs\n3. Go to an Asian supermarket and buy everything that looks strange and interesting without consulting a Wikipedia article first\n4. Have a dance lesson without my partner and then demonstrate the moves to her with exaggerated enthusiasm\n5. Celebrate a national holiday by wearing novelty socks\n6. Go to a theme park and ride the kiddie rides because they look more fun than the roller coasters\n7. Learn how to crochet after realizing that knitting hurts my thumb\n8. Take my dog for a walk and let him chase pigeons without feeling embarrassed\n9. Try a new sport by taking a beginner's class, such as curling or lawn bowling\n10. Wear a silly outfit to work, maybe something withelopes or unicorns, just to see how my co-workers react\n\nI hope you found these ideas amusing and helpful! Have fun creating your own list!	As my 50th birthday gets closer, I've realize that life is too short to wait for exciting adventures to come to me. So, I've decided to take matters into my own hands and create a bucket list of 10 ordinary things to do to tick off before my next milestone. \n1. Eat an entire pizza alone in one sitting (without feeling guilty or judged) 2. I like beer, but I will go to a wine tasting and tell everybody there that I like beer better, and no one will laugh. \n3. Go to an Asian supermarket, and without checking Wikipedia, I'll purchase everything that looks strange and interesting  \n4. Pay for a dance lesson without my partner and then demonstrate the moves to her with excessive enthusiasm \n5. Celebrate a national holiday by wearing novelty socks. \n6. Ride the kiddie rides at a theme park.\n7. Learn how to crochet after realizing that knitting hurts my thumb \n8. Take my dog for a walk and let him chase pigeons without feeling embarrassed \n9. Take a beginner's class in a sport I've never tried, like curling or lawn bowling \n10. Put on a silly outfit and wear it to work and see how my co-workers react.
636	mistralai/Mistral-7B-Instruct-v0.1	Generation	Sure, here are five easy-to-prepare healthy foods that can improve your hair health:\n\n1. Avocado: Avocado is a great source of healthy fats, which can help hydrate and nourish your hair. It's also rich in vitamins and minerals like vitamin E, vitamin K, and potassium, all of which are important for healthy hair. Simply slice an avocado in half, remove the pit, and scoop out the flesh. Mash with a fork and spread on toast or add to a smoothie to enjoy its benefits.\n2. Almonds: Almonds are rich in biotin, a B vitamin that helps to strengthen hair and nails. Additionally, they're a good source of healthy fats, protein, and fiber. You can snack on raw almonds or use them to garnish salads and dishes.\n3. Sweet Potatoes: Sweet potatoes are a great source of beta-carotene, which can help promote healthy hair growth. They're also rich in fiber and vitamin C, which can help reduce inflammation and promote cell growth. Simply bake a sweet potato in the oven or use it to make a sweet potato fries dish.\n4. Eggs: Eggs are a great source of protein, which is essential for healthy hair growth. They're also rich in biotin, vitamin D, and other important nutrients. You can scramble, fry, or boil eggs and add them to breakfast dishes or salads.\n5. Green Tea: Green tea is rich in antioxidants, which can help protect against hair damage and promote healthy hair growth. It's also rich in flavonoids, which can help block DHT (dihydrotestosterone), a hormone that can cause hair loss. You can drink green tea as a tea or add it to smoothies and salads.\n\nOverall, incorporating these easy-to-prepare healthy foods into your diet can have a significant impact on your hair health. Try incorporating them into your meals and snacks to start reaping the benefits!	Five Foods to Improve Hair Health.  \n1. Avocado: Avocado is a perfect addition to your diet if you want healthy locks because it helps to hydrate and nourish your hair. Avocado is an excellent source of healthy fats, and it is also rich in potassium, and vitamins E and K, all of which are important for optimum hair health. \n2. Almonds: Almonds help to strengthen your hair because they are rich in the B vitamin biotin, which has the strengthening effect. Eating almonds will help strengthen your nails, too. They are also a good source of healthy fats, which are beneficial for your hair health.\n3. Sweet Potatoes: Sweet potatoes are great for keeping your hair healthy because they are rich in beta-carotene, which promotes healthy hair growth. They are also full of fiber and vitamin C, which can help reduce inflammation and promote cell growth generally. \n4. Eggs: Eggs are a great for your hair because they are full of protein. Protein is a nutrient that is essential for healthy hair growth. \n5. Green Tea: Green tea can help protect your hair against damage with the antioxidants it contains. Antioxidants help to promote healthy hair growth too. Green tea is also rich in flavonoids, which can help prevent hair loss by blocking DHT (dihydrotestosterone), a hormone that can cause baldness.
637	mistralai/Mistral-7B-Instruct-v0.1	Generation	Certainly! Here are three structures that some people believe were built by aliens:\n\nIntroduction:\n\n* Throughout history, there have been many ancient structures that have been the subject of debate and speculation as to their true origin and purpose.\n* While some of these structures have been proven to be the result of human ingenuity and craftsmanship, others have remained shrouded in mystery, with no conclusive evidence as to who built them or why.\n\nList of ancient structures believed to have been built by aliens:\n\n* The Pyramids of Giza: Located in Egypt, these pyramids were built as tombs for the pharaohs over 4,500 years ago. Some believe that the alien technology used in their construction, such as the precise measurements and their alignment with celestial bodies, are evidence of extraterrestrial involvement.\n* The Nazca Lines: These are large geoglyphs made in the soil of the Nazca plateau in Peru, dating back to around 200 BC. The precise meaning and purpose of these lines remain unknown, and some speculate that they were created by an advanced civilization with knowledge of astronomy and navigation.\n* Stonehenge: This prehistoric monument, located in England, was built around 3000 BC. Its purpose is unknown, but some believe that it was created by an advanced civilization with knowledge of the stars and their movements, as seen in the alignment of its stones with key solar and lunar positions.	The origin and structure of many ancient structures continues to be a subject of debate with speculation and mystery surrounding the origin, purpose, how they were built, and by whom. Though some structures have been confirmed to be crafted by skilled human workers, others provide no conclusive evidence, leaving many to suggest that they were the product of aliens. \n\nList of ancient structures believed to have been built by aliens:\n\n* The Pyramids of Giza: Located in Egypt, the great pyramids were believed to be built around 2580 BCE, but their precise construction and precision cause many to suggest extraterrestrial involvement.\n* The Nazca Lines: This series of carved geoglyphs in the desert floor is located in Peru; believed to date back to 200 BC, the purpose and significance of these figures leads to speculation of alien influence.\n* Puma Punku: The megalithic stone structures found on the ancient site in Bolivia, predate any written record, but may have been constructed between 500 - 1000 CE. The precision and fit of the massive stones lead many to believe the complexity of the structure benefited from extraterrestrial assistance.
638	mistralai/Mistral-7B-Instruct-v0.1	Generation	Sure, I can help you with that! Here's an example of a TV commercial script that you could use:\n\n[Opening shot of a person smoking a cigarette]\n\nNarrator: "Did you know that one in every five seniors in the United States still smokes?"\n\n[Close-up of a hand holding a cigarette pack]\n\nNarrator: "For many, the habit has become a lifelong companion. But what if we told you that it doesn't have to be?"\n\n[Cut to two seniors, John and Sarah, sitting in a park]\n\nJohn: "I started smoking in the 60s, and I thought I'd never quit. But when my granddaughter came along, I saw a chance to change my life."\n\nSarah: "I smoked for 40 years, and I thought I'd never be able to quit. But then one day, I just decided enough was enough. I knew I had to do it for my health and for my family."\n\nJohn: "For both of us, quitting smoking has been a life-changing experience. We feel better, we're more active, and we're healthier than ever before."\n\n[Cut to a close-up of each character]\n\nJohn: "I've lost 30 pounds and I feel 10 years younger than I did when I was still smoking. I even started running again!"\n\nSarah: "I've been able to walk 5 miles every morning instead of sitting at home, smoking all day. And my shortness of breath is gone, completely."\n\nJohn: "We've both installed air purifiers in our homes so that we don't have to breathe in the smoke anymore. It's that bad."\n\nSarah: "Oh, and let's not forget about the money we save! Without smoking, we're able to put money back into our lifestyles and our savings."\n\n[Closing shot of both seniors smiling and holding hands]\n\nNarrator: "So if you're a senior smoker, know that it's never too late to quit. With the right support, you too can change your life	[Opening shot of a person smoking a cigarette]\n\nNarrator: Did you know that one senior in every five in the United States is a smoker?\n\n[Close-up of a hand holding a cigarette pack]\n\nNarrator: For many seniors, smoking has become a lifelong habit. But what if it doesn't have to be?\n\n[Cut to two seniors, Jake, and Susan, sitting on a park bench]\n\nJake: I've been smoking since the 60s, and I thought I could never quit. But when my granddaughter was born, I saw a reason to change, and look \nafter my health.\n\nSusan: I was a smoker for 40 years, and I thought I would always be addicted to the habit. But one day I woke up and just decided enough was enough. I knew I had to quit smoking for my health and for my family.\n\nJake: For both of us, quitting smoking has changed our lives. We breathe easier, we have more energy, and we're healthier and more active than before.\n\n[Cut to a close-up of Jake, then Susan]\n\nJake: I started running again and I've lost 30 pounds. I feel 10 years younger than I did when I was smoking.\n\nSusan: Now I walk 5 miles every morning instead of just sitting at home, smoking all day. I used to feel short of breath, but that has gone entirely.\n\nJake: We have both installed air purifiers in our homes to get rid of any smoke that might still be in the air. I really notice that now.\n\nSusan: Oh, and we must mention the money we save! Now we are non-smokers, we can spend more on our lifestyles and save money too.\n\n[Closing shot of Jake and Susan smiling and holding hands]\n\nNarrator: If you are a senior smoker, remember it is never too late to quit the habit. With the right support, you can quit smoking too.
639	mistralai/Mixtral-8x7B-Instruct-v0.1	Generation	Ladies and Gentlemen,\n\nWe gather here today to celebrate the life of a man who was truly one-of-a-kind, a man who marched to the beat of his own drum, and a man who, above all else, loved his pet monkey with every fiber of his being.\n\nJames "Jimmy" Thompson was many things to many people. A devoted husband, a loving father, a loyal friend, and an eccentric neighbor. But to his beloved monkey, Bella, he was the world.\n\nJimmy's passion for fashion was infectious. He had an eye for style and a heart full of love for his simian sidekick. Together, they turned heads and stole hearts wherever they went.\n\nJimmy's love for Bella was so great that he wanted her to share in the joy of dressing up. And so, a unique tradition was born. Jimmy would spend hours searching for the perfect outfits for Bella, from frilly dresses to snazzy suits. And Bella, in turn, would model them with pride, basking in the adoration of her devoted human.\n\nIt was on one of these ordinary, yet extraordinary, days that Jimmy passed away. He was doing what he loved, surrounded by the things he cherished most: his beloved Bella, a closet full of fabulous outfits, and a heart full of joy.\n\nThough we are saddened by Jimmy's passing, we cannot help but smile at the thought of him and Bella, dancing through the streets of heaven, dressed to the nines and spreading joy and laughter wherever they go.\n\nJimmy, you may be gone, but your spirit will live on in the hearts of those who knew and loved you, and in the memories of the many people whose lives you touched with your kindness, your humor, and your unique sense of style.\n\nAnd Bella, dear Bella, you were the light of Jimmy's life, and we know that he will be waiting for you with open arms and a closet full of outfits, ready to continue the tradition that brought them both so much happiness.\n\nRest in peace, Jimmy. And may your heavenly wardrobe be as fabulous as the one you left behind.	Ladies and Gentlemen,\n\nToday we are gathered here to celebrate the life of a man who was one-of-a-kind. James Thompson famously known as  "Jimmy" was a devoted husband, a loving father, a loyal friend, a lovable neighbor and the best pet owner to his beloved monkey, Bella. As most of you know, Jimmy had an infectious passion for fashion and his was evident in the choice of clothes he picked for his adorable pet, Bella. His sidekick always stood out and together, they turned heads stealing hearts wherever they went because of Jimmy's eye for style. \n\nJimmy loved Bella so much that he wanted her to share in the joy of dressing up. This is how a unique tradition was born where Jimmy would spend hours searching for the perfect outfits for Bella, from frilly dresses to snazzy suits.  Bella would then model them with pride as his owner admired the outfits.\n\nJimmy passed away with a heart full of joy on one of these ordinary, yet extraordinary, days as he was doing what he loved best and with his favorite things which included Bella and a closet full of fabulous outfits. Jimmy's passing has left us feeling sad but the thought of how him and Bella enjoyed life puts a smile on our faces.\n\nDear Jimmy, you may be gone, but your spirit will live on in the hearts of those who knew and loved you. Your memories, kindness, humor, and unique sense of style will live on forever. Rest in peace, Jimmy.
640	mistralai/Mixtral-8x7B-Instruct-v0.1	Generation	In the small, secluded village of Hollow Creek, nestled between the towering, ancient trees and the winding river that seemed to appear as if by magic, stood a hill. It was not an impressive hill, nor was it particularly remarkable in any noticeable way. Its slopes were gentle and covered in a thick, lush carpet of emerald green grass, dotted with wildflowers that danced in the cool breeze that came down from the mountains. It was a hill that seemed to belong more in a children's fairytale than in the real world, and yet, there it was, standing guard over the village like a silent sentinel.\n\nFor as long as the village had existed, the hill had been a source of mystery and whispered tales. It was said that no one who had ever ventured to the top of the hill had ever returned, and those who dared to gaze upon its summit would be struck blind, unable to see its secrets. The villagers had long since accepted this as part of their lives, and the hill had become a part of the background, a constant presence that was both comforting and unnerving.\n\nAmong the villagers, there was one person who had never been able to accept the mystery of the hill. His name was Cedric, and he was a tall, slender young man with a keen mind and an insatiable curiosity. From a young age, he had been drawn to the hill, unable to shake the feeling that there was something more to it than met the eye. As he grew older, his fascination with the hill only intensified, and he found himself spending hours staring at its slopes, wondering what lay on the other side.\n\nThe villagers, for their part, tried to dissuade Cedric from his quest. They told him stories of the blinded wanderers and the souls that were said to be trapped on the hill, forever unable to leave its shadow. But Cedric was not so easily swayed. He had always been a dreamer, and he was determined to uncover the truth about the hill, no matter the cost.\n\nOne fateful day, as the sun dipped below the horizon and the first stars began to twinkle in the sky, Cedric made his decision. He would climb the hill, and he would discover its secrets once and for all. With a determined look in his eyes, he set off, his heart pounding in his chest as he approached the base of the hill.\n\nThe climb was more arduous than Cedric had anticipated. The grass, which had appeared so soft and inviting from a distance, was coated in a thin layer of dew that made each step slippery and treacherous. The wildflowers that had seemed so cheerful and welcoming now seemed to be watching him with knowing, judging eyes, as if they were privy to a secret that he was not.\n\nBut Cedric pressed on, his determination unwavering. He climbed for what felt like hours, his legs aching and his breath coming in ragged gasps. And then, without warning, he found himself standing at the summit, the world spread out before him like a vast, unending tapestry.\n\nAs he gazed upon the view, Cedric felt a strange, inexplicable sensation wash over him. It was as if a veil had been lifted from his eyes, and he could suddenly see the world for what it truly was. The colors were more vibrant, the sounds more crisp, and the air itself seemed to be charged with a strange, otherworldly energy.\n\nBut as he looked around, he realized that there was something missing. The other side of the hill, the side that had been shrouded in mystery for as long as anyone could remember, was nothing more than a gentle slope that led down to a dense forest. There were no hidden cities, no trapped souls, and no blinding light. It was simply a hill, like any other.\n\nDisappointment washed over Cedric, and he felt a sudden, overwhelming sense of sadness. He had spent his entire life wondering about the hill, and now that he had finally uncovered its secrets, he found that there was nothing to discover. The hill was just a hill, and he had wasted his time and energy on a fruitless quest.\n\nBut as he stood there, on the precipice of the hill, Cedric realized that the journey had been worth it, after all. For in climbing the hill and discovering its secrets, he had learned something far more valuable than any hidden city or trapped soul. He had learned that sometimes, the greatest mysteries are not the ones that lie hidden in the world around us, but the ones that lie hidden within ourselves.\n\nAnd with	A long time ago in a secluded village known as Hollow Creek there stood a hill that was located between tall, ancient trees and a winding river. The hill had gentle slopes that were covered in a thick green grass and dotted with wildflowers. The hill looked so unreal like it belonged in a children's fairy tale, and it stood like it was guarding over the village. The village always viewed the hill as mysterious, and this raised a lot of whispers. It was said that no one who had ever climbed to the top of the hill had ever returned, and those who dared to gaze upon its summit would be struck blind, unable to see its secrets. \n\nCedric, a tall, slender young man with a keen mind and an insatiable curiosity was a member of the village who could not accept the mystery of the hill. He had always been drawn to the hill from a young age because he felt that there was something more to it. Cedric's fascination with the hill intensified as he grew older, and would always spend hours staring at its slopes, wondering what was on the other side. He wanted to summit the hill to find out. The villagers did support him and tried to talk him out. Cedric was not so easily swayed even after being told stories of the blinded wanderers and the souls that were said to be trapped on the hill.\n\nHe embarked on his journey one morning. The climb was more difficult than he had expected. The grass, which had appeared so soft and inviting from a distance, was coated in a thin layer of dew that made each step slippery. He did not give up because he was determined. He climbed for what felt like hours, his legs aching and his breath coming in short gasps. He did not realize that he had already reached the summit. \n\nAs he gazed upon the view, Cedric felt a strange, inexplicable sensation wash over him. He felt like a veil had been lifted from his eyes and he could suddenly see the world for what it truly was. The colors seemed more vibrant, the sounds more crisp, and the air itself seemed to be charged with a strange, otherworldly energy. Cedric looked at the other side of the hill that was covered in mystery for as long as anyone could remember. He was surprised to see that it was just a gentle slope that led down to a dense forest. It was simply a hill, like any other and there were no hidden cities, no trapped souls, and no blinding light.\n\nCedric felt disappointed because he had spent his entire life wondering about the hill.  Even though he uncovered its secrets, he found that there was nothing to discover. He was sad because he had wasted his time and energy on a fruitless quest. As he stood there, on the top of the hill, Cedric realized that the journey had been worth it after all. The summit made him learn something more valuable than any hidden city or trapped soul. He had learned that sometimes, the greatest mysteries are not the ones that lie hidden in the world around us, but the ones that lie hidden within ourselves.
642	HuggingFaceH4/zephyr-7b-beta	Generation	Windy skies forewarn,\nTree bends, a graceful dance begins,\nRain soon, nature's ballet.	A storm is coming;\nThe wind begins its music, \nMaking the tree dance.
643	HuggingFaceH4/zephyr-7b-beta	Generation	As the sun beat down relentlessly on the dusty plains, I sat alone on the porch of my weathered old cabin, sipping on a cold drink and staring off into the horizon. Many a story I've lived through during my time as a cowboy in these here wild and woolly west lands, and I reckon I've got a few more left in me yet.\n\nI've seen the rise and fall of outlaws faster than a shotgun blast, and the fear and respect they commanded from the townsfolk. I've also seen the good guys goin' down, their lives cut short in an instant by desperados that care not for the laws of man. It's a harsh life out here, and it's just as unforgiving as it is exciting.\n\nI've earned my spurs the hard way, livin' by my gun and my wits, and I'm still standin' tall in the face of adversity. I've ridden the trails like a cowboy should, dodging bullets and stampeding cattle, and I've learned that shootin' from the hip ain't always the answer.\n\nThere's a tale I'm gonna tell you 'bout a fella I once encountered out here in the dust and the dirt, a man who taught me a lesson I'll never forget. He was a stranger, come blowin' in from the east, with a face that looked like it could shave a man's hide off in seconds. I knew from the way he walked that he was trouble, but I never figured he'd be the kind to change the course of my life.\n\nThat fella's name was Jack, and he claimed he was just lookin' for a job. I didn't believe him, but I was in dire need of help roundin' up some cattle, and I ain't got no shame in hiring a drifter if it's gonna get the job done. We hit the trails, him and me, and I figured it was gonna be a long and dusty ride 'til we reached our destination. But little did I know that this was the beginnin' of a tale that'd go down in history...	One sweltering day, as the sun beat down the dusty plains without a lick of mercy, I sat alone on the porch of my weathered old cabin. Exhausted from the heat, I sipped an icy cold beer and stared off into the distance. I sat there thinking, pondering, reminiscing on past stories. Like so many other days, I found myself looking back and romanticizing those rootin' tootin' cowboy days. I smiled fondly as my mind returned to those days of wild adventure and a young man's devil-may-care attitude, those days of the Wild Wild West that a part of me still yearns for. \n\nYou see, I've lived through many a story in my cowboy days in these here wild and hairy west lands. I reckon I've got a few more stories in me yet. \n\nI've seen many outlaws put down by the sharp pop of a shotgun blast. The townsfolk tended to fear and respect these hoodlums and bandits. I've also seen many good guys go down, lives cut short by the unruly desperados that ignored the laws of man. Life is harsh in these here parts. It can be just as unforgiving as it is exciting.\n\nI earned my spurs the good old-fashioned way: by being quick on the trigger and quicker about my wits. And here I am today, still standing tall in the face of adversity. As all cowboys try to do, I've fought the good fight for many years. I've ridden the trails on my trusty old horse, dodging bullets and corralling stubborn cattle. Along the way, I came to learn that shooting from the hip ain't always the answer.\n\nThere's a tale I'm gonna tell you about a fella I once came across out here in the lawless dust and dirt. A great man he was, and he taught me an important lesson that I'll follow for the rest of my days. He was a stranger from back east, with a face that looked like it could shave a man's hide in mere seconds. I could tell from his cocky walk that he was gonna be trouble, but I never realized he'd be the type to change the entire course of my life.\n\nThis fella went by the name of Jack. He came around, claiming to be hunting for a job. I didn't really believe the stranger at first, as I'd come to realize over the years that most strangers can't be trusted. But at this time, I was in dire need of help rounding up the cattle. I never felt no shame in hiring a drifter if it would get the job done. As long as he was a steady worker, he didn't have to tell me a thing. And I was never one to be the type to meddle in another man's business. \n\nWe hit the trails, me and him. I figured it would be a long, dusty ride 'til we reached where we were headed. Little did I know, this was just the beginning of a tale that would go down in the history books.
645	HuggingFaceH4/zephyr-7b-beta	Generation	Olivia walked into the stark, windowless room with a heavy heart. The room was dreary, and the silence was oppressive. The air was thick with the scent of stale cigarettes, and the sound of footsteps echoed off the concrete walls. As she approached the table where a covered figure sat, she noticed the guards staring at her intently, as if measuring her every move.\n\nThe figure stirred behind the blindfold and Olivia knew at once that it was Jacob. Her heart began to race. She had come to see him here, in this barren space, to deliver some hope.\n\n“Jacob,” Olivia said, her voice steady, “I have come to release you from this prison.”\n\nJacob stirred again, “Who are you?” he said, his voice hoarse.\n\nOlivia removed the blindfold, revealing his tired, worn-out face. “It’s me, Olivia. I’m here to tell you, they have found the real killer.”\n\nJacob looked at her warily. “How do I know you’re not lying?”\n\nOlivia leaned across the table, her brown eyes gazing intently into his. “I swear, Jacob, I would never lie to you. I’m here to set you free.”\n\nJacob looked skeptical but finally relaxed his shoulders. Olivia noticed the stark contrast between her own vitality and Jacob’s worn-out, gaunt features. She had seen pictures of him before - handsome, tanned and active, whereas now he had aged by years, with a pallor that spoke of long confinement.\n\n“Thank you,” Jacob said, his voice growing softer. “I’ve missed the sun, the fresh air, and the sound of my own voice.”\n\nOlivia saw the pain in Jacob’s eyes, and her heart went out to him. She wanted nothing more than to take him out of this place, this dark, airless maze, and give him back his freedom. She knew that he would be grateful, and she hoped that she could make a difference in his life.\n\n“listen, Jacob,” Olivia said hushed, “they will be sending some people for you in a few minutes. All you need to do is cooperate with them. I assure you that everything will be taken care of.”\n\nJacob looked up at her unexpectedly, and Olivia could see the gratitude and trust in his expression. “Thank you, Olivia,” he said, his eyes searching hers. “You’re a good person. I hope you’re not regretfully sacrificing yourself.”\n\nOlivia smiled briefly, “Not at all, Jacob. My life is my own. I’ve come here to do what I think is right.”\n\nShe rose and hugged him tightly. He held onto her like a lifeline, his grip firm but faltering. She felt his body shaking with emotion, and as she slipped out of the room, the guards watching her with a mixture of suspicion, fear, and admiration.\n\nOlivia left the room with a light heart, knowing that Jacob was now a step closer to freedom. She had faced her fears and set Jacob free, but the meeting had left its mark on her. From now on, she would view life differently- through Jacob’s eyes, through the lens of Gratitude, Trust and Redemption.	Olivia trudged into the bare, windowless room with a heavy heart. The room was depressing, and the silence was overwhelming. The smell of cigarettes filled the air, and the rythmic sound of footsteps echoed off the room's concrete walls. She approached the table where a covered figure was seated. She noticed several guards staring her down, observing her every move.\n\nBehind the blindfold, the figure stirred. Olivia knew at once that it was Jacob. She felt her heart begin to race. She had come here to see him, in this empty place, to deliver a message of hope.\n\n“Jacob,” Olivia said, her voice soft but steady, “I'm here to free you from this prison.”\n\nJacob moved again, “Who are you?” he said, his voice deep and throaty.\n\nOlivia took the blindfold off the figure, revealing Jacob's tired, aged face. “It's me, Jacob. Olivia. I wanted to let you know that they have found the real killer.”\n\nJacob glanced at her with a skeptical look on his face.  “How can I believe you?”\n\nOlivia leaned across the table, her brown eyes searing him with their intensity. “I promise, Jacob, I am incapable of lying to you. I’ve come to liberate you.”\n\nJacob looked doubtful but eventually relaxed his shoulders. Olivia took note of the stark contrast between her own vitality and Jacob’s grizzled, worn-out features. She had seen him in pictures before. He had once been handsome, tanned golden, and fit, but now he looked decades older, with a pallor that spoke for all his years of imprisonment. \n\n“Thank you,” Jacob said, his voice trembling slightly. “I haven't seen the sun in so long. I yearn for the fresh air, the sky above my head, the sound of my own voice.”\n\nOlivia saw pain in Jacob’s eyes, and felt a sadness for him. She wanted so badly to take him away from this cursed place. This dark, stuffy labyrinth. She desired nothing more than to  give him freedom his freedom back. He would be grateful, she knew this. She hoped that she could make a difference in his life.\n\n“Jacob, listen to me,” Olivia said hushed, “in a few minutes, they will be sending some people for you. You only need to cooperate with them. I swear to you, everything will be taken care of.”\n\nJacob looked up at her in surprise and Olivia could see the gratitude and trust in his expression. “Thank you, Olivia,” he said, his eyes welling with tears. “You’re a wonderful person. I only hope that you are not sacrificing yourself for my freedom.”\n\nOlivia gave him a shy smile. “No, Jacob. My life is my own. I came here to do what I believe is fair.”\n\nShe stood up then and hugged him with all her might. He held onto her like a lifeline, his grip firm but shaky. Olivia felt his body shaking with excitement. As she slipped out of the room, the guards watched her with a mixture of distrust, fear, and admiration.\n\nOlivia left the room, her heart now light and hopeful, knowing Jacob was now closer to freedom. She felt proud that she had faced her fears and set Jacob free, but the meeting had left a mark on her. From that point forward, she would view life in a whole new way. She would now see life from Jacob’s eyes, through the lens of Gratitude, Trust and Redemption.
648	mistralai/Mixtral-8x7B-Instruct-v0.1	Generation	In the realm of Serendip, there lived a renowned scholar by the name of Alimond. His reputation for intelligence was such that even the stars in the heavens were said to bow down in reverence of his wisdom. Yet, despite his vast knowledge and erudition, Alimond was haunted by a recurring dream.\n\nIn this dream, he saw a man in a neighboring kingdom, who was even wiser than himself. This mysterious figure possessed a knowledge so profound, it seemed to transcend the very fabric of reality. Driven by an insatiable curiosity and a desire to uncover the secrets of this paragon of wisdom, Alimond embarked on a journey to find him.\n\nHis quest took him through treacherous mountain passes, across vast oceans, and into the heart of foreign lands. At long last, after months of arduous travel, Alimond arrived at the humble abode of the wise man, nestled in the rolling hills of a pastoral countryside.\n\nGreeting the scholar with a warm smile, the wise man welcomed Alimond into his home and offered him a seat by the fire. After exchanging pleasantries, Alimond, eager to test the limits of the other man's intellect, posed a challenge.\n\n"Tell me, wise man," he said, "what is it that you know, that I do not?"\n\nThe wise man, unperturbed by Alimond's brashness, merely smiled and gestured to a nearby table. Upon it rested a waterskin, its leather exterior stretched taut with water.\n\n"Take this waterskin and fill it with water," the wise man instructed.\n\nAlimond, slightly taken aback by the simplicity of the task, did as he was told. To his surprise, however, the waterskin seemed to resist his efforts. No matter how much he poured into it, the skin remained full to the brim.\n\nPuzzled, Alimond looked up at the wise man, who then offered an explanation.\n\n"The waterskin, my dear scholar, represents your mind. Like the skin, it is capable of holding a great deal of knowledge. Yet, when you believe you have filled it to its utmost capacity, you become incapable of absorbing any more. In order to continue learning and growing, you must first acknowledge your limitations and approach the world with humility."\n\nThe wisdom of the wise man's words struck Alimond like a thunderbolt. He realized that, in his pursuit of knowledge, he had become arrogant and closed-minded, unwilling to consider the possibility that there were things he did not know.\n\nAshamed of his hubris, Alimond vowed to change his ways and devoted the remainder of his days to the pursuit of true wisdom, guided by the humility and open-mindedness he had learned from the wise shepherd.\n\nAnd so, the tale of Alimond serves as a reminder to us all: that admitting one's limitations and maintaining humility are essential components of the never-ending journey of learning and growth.	In the region of Serendip, there lived a well-known scholar by the name of Alimond. His intelligence was so reputed that even the stars in the heavens were said to bow down in reverence before his wisdom. But despite his vast knowledge and erudition, Alimond was haunted by a recurring dream.He dreamt he saw a man in another kingdom who was even smarter than himself. This mysterious individual possessed a knowledge so profound, it seemed to transcend the very fabric of reality. Urged on by morbid curiosity and a desire to know the secrets of this paragon of wisdom, Alimond embarked on an obsessive search that took him through treacherous mountain passes, across wide oceans, and into the interiors of foreign lands. \n\nAt last, after several months of hard traveling, Alimond staggered up to the humble cottage of a wise shepherd, well hidden in the high hills of an obscure countryside. With a friendly smile the wise man welcomed Alimond into his cottage and asked him to sit down by the fire. After exchanging the usual pleasantries, Alimond, unable to contain himself, asked the question that had brought him there.. "Tell me this, o wise man," he said, "what is it that you know that I do not know?" \n\nThe sage, unfazed by Alimond's bluntness, just smiled and pointed up at the rafter where a waterskin hung stretched taut with water. "Take down that waterskin and fill it with water," the wise man instructed. Alimond, puzzled by the apparent simplicity of the task, went to do as he had been told. To his surprise, however, the waterskin resisted his efforts. No matter how much he poured into it, the skin remained full to the brim. \n\nFeeling foolish, Alimond looked at the wise man, who then explained as follows: "The waterskin represents your mind. Like the skin, your head is able to hold a great deal of wisdom and knowledge. But! when you think you have it filled to its utmost capacity, you become incapable of learning anything new. In order to continue learning and understanding, you first must acknowledge your limits and act with humility before the world." \n\nThe greatness of these words struck Alimond like a golfball. He realized that, in his questing after knowledge, he had become haughty and closed, unwilling to reflect that there must be things he did not know. Appalled by his own hubris, Alimond decided to change his ways and he devoted the rest of his days to the pursuit of banality, guided by the humility and open-mindedness he had learned from the shepherd. The tale of Alimond serves as a reminder to us all that admitting one's limitations and maintaining humility are essential components of the never-ending journey of learning and growth.
650	HuggingFaceH4/zephyr-7b-beta	Generation	Mi'ja Lucinda,\n\nI hope this message finds you well and getting some rest. I want you to know that you are loved and supported, and we are all here for you during this time. Your auntie here sends you big virtual hugs and kisses to ease your worries.\n\nI know this felt like a surprise to you, but you're strong enough to get through it. I want you to remember that white wine and chocolate are well-known remedies for everything that life throws at us, and a little bit of laughter goes a long way too.\n\nSo, my dear niece, why don't you put on your favorite movie, pour yourself a glass of white wine, and enjoy a block of dark chocolate while you laugh your way through some hilarious stand-up comedy videos? Remember, laughter is the best medicine, and we all must learn to laugh at ourselves once in a while.\n\nRemember, we love you, and we support you. Our humor and kindness will never leave you alone, no matter the storm out there. \n\nAbrazos fuerte,\n\nAuntie Lena ❤️	Mi'ja Lucinda,\n\nI hope this message finds you well, and you are taking some time away from all the stress to rest. I want you to know that I love and care about you, and I am here for you during this hard time as your auntie. I wish I was there to give you the biggest hugs and kisses to ease your worries.\n\nYou might not know it but your auntie here, since I am quite a genius, knows that you're strong enough to get through it. I want you to remember that white wine and chocolate are well-known remedies for everything that life throws at us, and a little bit of laughter goes a long way too.\n\nSo, what I want you to do is, put on your favorite movie, pour yourself a glass of white wine, and enjoy a block of dark chocolate while you laugh your way through some hilarious stand-up comedy videos. Laughter is the best medicine, and we all must learn to laugh at ourselves once in a while.\n\nRemember, I love and care about you. You can count on me in case you need someone to talk to.\n\nAbrazos fuerte,\n\n[Your Name] ❤️
658	HuggingFaceH4/zephyr-7b-beta	Generation	My fellow practitioners and aspiring martial artists,\n\nAs the creator of Jeet Kune Do, I am thrilled to share with you the essence of this art form that I have developed over the years. Jeet Kune Do, or the "Way of the Intercepting Fist," is a revolutionary martial arts system that combines traditional martial arts principles with modern combat techniques.\n\nAt its core, Jeet Kune Do is about being fluid and adaptable, allowing us to seamlessly integrate techniques from different martial arts styles and situations. The emphasis is on using natural movements and instincts, eliminating stiff and predetermined patterns, and focusing on practical, effective action over idealized forms and traditional dogmas.\n\nPracticing Jeet Kune Do involves the mastery of principles such as "simplify", "not-thinking", "freedom", and "rejection of the classics." It requires a deep understanding of the art's components, but also an unwavering commitment to self-discovery and evolution.\n\nI believe that Jeet Kune Do is more than just a martial arts style; it's a lifestyle. It teaches us to cultivate our mind, body, and spirit, enhancing our physical and mental capabilities. It teaches us to break free from rigid thinking and embrace our uniqueness, helping us achieve a more fulfilling and harmonious existence.\n\nIn order to truly master Jeet Kune Do, one must be willing to challenge the conventional norms of martial arts, seeking solutions that are perfect for the specific circumstances at hand. It demands creativity, flexibility, and the courage to think outside of the box.\n\nIn essence, Jeet Kune Do is the art of street fighting for the real world. It's a testament to the mantra that I once exclaimed, "Be like water." I encourage you, my brothers and sisters in martial arts, to embrace the art's principles, sweat in its training, and go forth to discover the remarkable power of Jeet Kune Do for yourself. \n\nWith deepest respect and sincerity,\n\nSijo Bruce Lee, Founder of Jeet Kune Do.	Hello, everyone. My name is Brue Lee. Many of you know me as an actor and martial artist. But today, I want to share with you my newest form of art, Jeet Kune Do, which means Way of the Intercepting Fist and can abbreviated to JKD. Jeet Kune Do is a hybrid martial art I developed and now practice, combining traditional martial arts principles with modern combat techniques. The goal of Jeet Kune Do is to be fluid and adaptable.\nIt uses methods from a few martial arts styles to empower people with natural movements and instincts. As a result, you eliminate rigid and predetermined patterns and focus on practical, effective action over-idealized forms and traditional dogmas. The practice of Jeet Kune involves the mastery of principles such as "simplify," "not-thinking," "freedom," and "rejection of the classics." It requires a deep understanding of the art's components and an unwavering commitment to self-discovery and evolution. Jeet Kune Do is not just a martial arts style; it's a lifestyle. It teaches us to cultivate our mind, body, and spirit, enhance our physical and mental capabilities, eliminate inflexible thinking, and embrace our uniqueness. This will help to achieve a more fulfilling and harmonious existence. One must be willing to challenge the conventional norms of martial arts to really master Jeet Kune Do. Instead, be willing to look for ideal solutions for the circumstance. It demands creativity, flexibility, and an open mind. Jeet Kune Do is the art of street fighting for the real world. It's a testament to the mantra that I once exclaimed, "Be like water." I encourage you, my brothers and sisters in martial arts, to embrace the art's principles, sweat in its training, and discover the remarkable power of Jeet Kune Do for yourself.   \nWith the most profound respect and sincerity,  Sijo Bruce Lee, Founder of Jeet Kune Do.
661	HuggingFaceH4/zephyr-7b-beta	Generation	Mary had always craved solitude, the chance to escape the chaos of her everyday life and connect with nature. So when she came across a cozy cabin nestled deep in the woods, she knew she had to take the plunge.\n\nThe cabin was just as she'd imagined: rustic, secluded, and utterly perfect. She spent her first few days exploring the nearby trails, reading by the fire, and basking in the peace and quiet.\n\nBut on her fourth night alone, something changed. She heard footsteps outside the cabin, shadowy figures moving through the darkness beyond her windowpane. Her heart pounded in her chest as she fumbled for the flashlight she'd stashed under her pillow, her mind racing with worse-case scenarios.\n\nWas she being stalked by a madman? Perhaps a crazed hermit had taken up residence in the woods, intent on harming anyone who dared to invade his territory. Or maybe it was just a group of pranksters, laughing at this terrified woman's expense.\n\nShe huddled in the corner, clutching her blanket tight, as the footsteps grew louder and closer. She could hear muffled whispers and the rustle of leaves as they approached the cabin. She held her breath, waiting for the inevitable.\n\nThe door creaked open, and a gloved hand reached inside. Mary's breath caught in her throat as she braced herself for the worst. But instead of violence, a delivery man pushed a parcel through the doorway, his voice muffled by the mask around his nose and mouth.\n\nMary peered out the window, watching as the figure disappeared into the night. She opened the parcel, examining the contents with confusion. Inside was a written note, cryptic and enigmatic.\n\nAs Mary pondered the meaning of the message, she realized the eerie stillness that had permeated the woods was returning. She felt exposed and vulnerable, knowing that she couldn't stay in the cabin forever. But the thought of going back to civilization after such a strange and unsettling experience left a bitter, acrid taste in her mouth.\n\nMary made a decision: she would leave the cabin tomorrow and disappear without a trace. She wouldn't tell anyone where she'd gone or what she'd learned in those innocent woods. She would disappear into the unknown, a solitary figure vanishing into the abyss of the wilderness.\n\nThe next day, Mary packed her bags in silence, leaving behind everything that had brought her comfort in those nights. She set out on her journey, uncertain of what lay ahead, her heart pounding in her chest as she walked into the unknown.\n\nAs she trekked deeper into the woods, she caught a glimpse of movement in the corner of her eye. Was it an animal? A person? She quickened her pace, but her foot became caught in a tangle of roots, and she stumbled, tripping forward.\n\nThe world spun around her as she hit the ground, her eyes finding a figure emerging from the shadows. The masked stranger she'd seen at the cabin appeared again, looming over her prone figure. Mary's mind raced as the figure began to move closer, and the story left us hanging as the words "The End?" appeared on the page, unsure of whether Mary would survive this terrifying ordeal.	Mary had always craved solitude. For her the perfect life was free from chaos and connected to nature. Mary knew she had to leap when she found a cozy cabin deep in the woods. The cabin was perfect and just like she imagined. It was rustic, secluded, and utterly perfect. She spent her first few days exploring the nearby trails, reading by the fire, and enjoying the peace and quiet. But on her fourth night alone, something changed. Mary heard footsteps outside the cabin and saw shadowy figures moving through the darkness beyond her windowpane. Her heart pounded as she fumbled for a flashlight. Her mind was racing with worse-case scenarios. Was she being stalked by a madman? Was it just a bunch of pranksters laughing at her expense? The footsteps grew louder and closer. She clutched her blanket tight in a corner of her cabin bedroom. Mary could hear muffled whispers and the rustle of leaves as they approached the cabin. She held her breath as she heard the front door creak open. A gloved hand reached inside, catching Mary's breath in her throat as she braced herself for the worst. But it wasn't pranksters or a madman. Instead, a delivery man pushed a parcel through the doorway. Mary peeked out the window, watching the figure disappear into the night. She opened the parcel, examining the contents with confusion. Inside was a cryptic note. As Mary pondered the message's meaning, she realized the eerie stillness had returned. She felt exposed and vulnerable and knew she couldn't stay in the cabin forever. But the thought of returning to civilization after such a strange and unsettling experience left a bitter taste in her mouth. Mary made a decision: she would leave the cabin tomorrow and disappear without a trace. The next day, Mary packed her bags in silence, leaving behind everything that had comforted her on those nights. She set out on her journey, uncertain of what lay ahead, her heart pounding as she walked into the unknown. As Mary trekked further into the woods, she caught a glimpse of movement in the corner of her eye. Mary walked faster, but her foot got caught in a tangle of roots and fell forward. The world spun around her as she hit the ground, her eyes finding a figure coming out of the shadows. The masked stranger was the same person she'd seen at the cabin. They leaned over her body, and her mind raced...\n"The End?" appeared on the page.
662	HuggingFaceH4/zephyr-7b-beta	Generation	Sophie's heart was pounding in her chest as she stared out the window at the full moon rising over the neighborhood. She had heard the legends about what happened during a full moon: strange howls, unexplainable sightings, and bizarre behavior. But she had never believed in anything supernatural until tonight.\n\nSuddenly, she heard a scratching at the window. Sophie's breath caught in her throat as she watched a crafty-looking raccoon leap from the roof onto the windowsill. She had seen raccoons before, but this one was different. Its glossy, muscular body shimmered in the silver moonlight, giving it an almost supernatural aura.\n\nSophie tried to open the window, but it wouldn't budge. The raccoon, sensing her fear, seemed to growl in response. Sophie's palms grew slick with sweat, and her mind raced as she remembered all the folklore about how raccoons were now large enough to fit through the windows.\n\nBut as the minutes passed, Sophie began to notice something strange. The raccoon appeared to be wearing a furry hat and holding a cane, almost like an old man. As Sophie watched in horror and hilarity, the raccoon began to recite a sonnet about how the moon delighted his senses. Sophie burst out laughing, realizing that she had been pranked by her brother, who had a fascination with dressing up their pets.\n\nWith a smile, Sophie joined in the laughter, relieved that danger had been averted, and grateful for the comedic relief in a tense situation. She couldn't help but marvel at how the full moon brought about strange behavior, even in animals she thought she knew so well. Sophie knew that she would always remember this night as a lesson in humor, tension, and the mysteries that surround us.\n\nFrom that night on, she vowed to never take a seemingly mundane event, like watching the moon, too seriously. As she tucked her siblings into bed, Sophie whispered a truce to the raccoon, who giggled in response, proving that not all dangers were supernatural, and that humor and lightheartedness could help us overcome them.\n\nEven as she drifted off to sleep, Sophie could hear the laughter of her brother echoing outside her window, a reminder that sometimes, the scariest things can have some saving humor. She smiled to herself, feeling grateful for the mundane night that had saved her sanity and left her better off than before. A true testament to the power of humor and the revelation that humor has the key to unlock every downfall.\n\nAs the sun rose, the raccoon retreated to his den, promising to return again to bring more laughter and romance into Sophie's life. The budding comedian and poet, Sophie, had seen that humor could make all the difference in battling the darkest parts of life, even with animals dressing up in costumes.	Sophie's heart beat fast as she looked out the window at the full moon rising over the neighborhood. She had heard the legends about things that occurred when there was a full moon, like bizarre howls, unaccountable sightings, and strange behavior, but had never believed in anything supernatural until tonight. Then she heard a scratching at the window that caused her breath to catch in her throat. Silently, she stared as a crafty-looking raccoon leaped from the roof onto the windowsill. Of course, she had seen raccoons before, but this one was different. Its glossy, muscular body glistened in the silver moonlight, giving it a supernatural aura. \n\nSophie tried to open the window, but it wouldn't budge. The raccoon sensed her fear and appeared to growl. Her palms grew slick with sweat. Her mind raced, remembering the legends about how raccoons could fit through the windows. Then, Sophie began to notice something strange. The raccoon looked like an old man wearing a furry hat and holding a cane. Sophie watched in horror and hilarity as the raccoon recited a sonnet about how the moon delighted his senses. Sophie burst out laughing as she realized that her brother had tricked her. With a smile, Sophie joined in the laughter but couldn't help but admire how the full moon brought about weird behavior. Sophie knew she would never forget this night as a lesson in humor, tension, and the mysteries surrounding us. \n\nFrom that night on, Sophie swore never to take a seemingly everyday event, like watching the moon, too seriously. Later that night, as she drifted off to sleep, Sophie could hear her brother's laughter echoing outside her window, a reminder that sometimes, the scariest things can have some saving humor. It was a true testament to the power of humor and showed her how humor is the key to unlocking every downfall. The budding comedian and poet had seen that humor could make all the difference in battling the darkest parts of life, even with animals dressing up in costumes.
663	HuggingFaceH4/zephyr-7b-beta	Generation	John woke up disoriented, and his groggy eyes struggled to adjust to the dim light around him. He sat up in a muffled groan, taking in his surroundings. The room was dark and smelled of mold and decay. The air was thick and oppressive, burdened with the stench of decaying wood and damp earth.\n\nThe floor was made of uneven cobblestones, and the walls surrounding him were crooked and painted in fading red. Threads of spider webs draped from every corner and left a trail of grief-stricken cobwebs. The silence was deafening, broken only by John's shallow breathing.\n\nHe rubbed his temples, trying to remember how he got here. But no matter how hard he tried, his mind was a blank slate. Panic began to swell inside him, and all he could do was hope that he'd be found soon.\n\nA creaky door hinge broke the silence, and the very sound of it made John's spine tingle. He huddled into the corner, gripping his knees, feeling the cold stone walls against his back. He tried to make himself as small as possible, hoping that whoever came would take one look at him and leave.\n\nThe door swung open with a loud groan, casting a shadow across the cobblestone floor. John's eyes latched onto the intruder's figure, specter-like and fully cloaked in an old-fashioned cloak. The shape moved into the dim light, and John's breath caught in his throat. The figure appeared to be a wizened old man, with twisted features, and his eyes burned like molten lanterns.\n\nJohn recoiled in terror, praying for the wraith to leave him alone. Instead, the figure eased closer, his eyes fixed on John's quivering frame. John tried to plead for his life, but his voice seemed to desert him. He felt a putrid breath on his cheek, the old man's words, barely audible over the sound of his own terror.\n\n"Welcome to your new home, my child."\n\nThe old man reached out a wrinkled hand, and John, frozen by fear, rose to his feet. He knew that there was no escape, and his predicament seemed endless. His hope dwindled as the old man drew closer. Once John was in his grasp, it felt like time froze, plunging him into an eternal nightmare of unfathomable torment.\n\nThe darkness swallowed John, and he finally succumbed to the cold embrace of the shadows that took him captive. John disappeared into the unknown, his life henceforth forever consumed by the spooky darkness that enveloped him.	John woke up confused, and his groggy eyes struggled to adjust to the dim light around him. He let out a groan as he sat up and tried to take in his surroundings. The room was dark, stuffy and smelled of mold, damp earth and decaying wood. \n\nThe floor was made of uneven cobblestones, and the walls surrounding him were crooked and painted in fading red. There were spider webs and cobwebs that draped from every corner. The room was too silent that John could hear his own shallow breathing. He rubbed his temple to see if he could remember how he got here, but he couldn't. John began panicking and hoping that someone found him soon.\n\nSuddenly, he heard the creaking of the door hinge and this sound was very nerve-wracking for him. John quickly moved into the corner and gripped his knees, with the cold stone walls against his back. John tried to make himself as small as possible, hoping that whoever came would take one look at him and leave.\n\nThe door swung open and there was a loud groan, followed by a shadow across the cobblestone floor. John looked at the intruder's figure. It was specter-like and fully covered in an old-fashioned cloak. The shape moved into the dim light, and John's breath caught in his throat. The figure appeared to be a wizened old man, with twisted features, and his eyes burned like molten lanterns.\n\nJohn was scared, and he prayed that the old man would leave him alone. That did not happen. The scary figure moved closer and looked at him deeply. John tried to plead for his life, but he ended up losing his voice. He could feel the old man's breath on his cheeks but couldn't hear what he was saying because he was too scared. \n\n"Welcome to your new home, my child." The old man said as he reached out a wrinkled hand. John stood up, still frightened because he knew that there was no escape, and his unpleasant situation seemed endless. He lost hope and felt like time had frozen when the old man moved closer and grabbed him.\n\nThe darkness swallowed John, and he finally gave in to the cold embrace of the shadows that took him away. John disappeared into the unknown, his life was forever consumed by the mysterious darkness that enveloped him.
667	HuggingFaceH4/zephyr-7b-beta	Generation	1. From Farm to Fork: Exploring the Future of Sustainable Agriculture\n2. The Rise of Plant-Based Protein: How Alternative Meat is Changing the Game\n3. Food for Health: The Benefits of a Mediterranean Diet\n4. The Impacts of Climate Change on Global Agriculture: Adapting and Mitigating\n5. The Battle Against Food Waste: Strategies for a More Sustainable Food System\n6. The Future of Agriculture Technology: The Role of AI, Robotics, and Blockchain\n7. The Power of Food as Medicine: How Nutrition Can Prevent and Treat Chronic Diseases\n8. Sowing Seeds of Change: Women Leaders Empowering Agriculture in Africa\n9. The Impact of COVID-19 on Food Systems: Navigating the New Normal\n10. Farm to Table, Table to Farm: Building Resilient Local Food Systems\n11. The Health Benefits of Fermented Foods: From Kimchi to Kombucha\n12. The Rise of Regenerative Agriculture: Healthy Soil, Healthy People, Healthy Planet\n13. How Can Farmers Adapt to Climate Extremes? Crop Insurance and Risk Management Strategies\n14. The Cost of Cheap Food: The True Price of Outsourcing Agriculture to Developing Countries\n15. Sustainable Beef Production: Balancing Profitability, Animal Welfare, and Environmental Accountability\n16. Pushing Back Against the Plastic Pandemic: Alternative Packaging for the Food Industry\n17. From Weeds to Wonder Crops: Exploring the Potential of Neglected Tropical Plants\n18. The Power of Traditional Agricultural Knowledge: Lessons from Indigenous Peoples\n19. Food, Culture, and Heritage: The Diversity and Importance of Regional Cuisines\n20. The Future of Food: The Intersection of Technology, Nutrition, and Society	1. Where Sustainable Agriculture is Headed In The Next 5 Years\n2. Why is Everyone Switching To Plant-Based Protein?\n3. Benefits Of Mediterranean Diet You Didn’t Know\n4. Effects of Climate Change on Global Agriculture: Why is Adapting and Mitigating Necessary?\n5. 5 Strategies Needed To Create A More Sustainable Food System\n6. How AI, Robotics, and Blockchain Will Transform the Future of Agriculture Technology\n7. Taking Food as Medicine: How Nutrition Can Prevent and Treat Chronic Diseases\n8. Women in Leadership: Women Leaders Empowering Agriculture in Africa\n9. Food Systems After COVID-19: What Has Changed?\n10. 5 Ways of Building Resilient Local Food Systems\n11. 7 Reasons You Should Try Kimchi and Kombucha\n12. Why Regenerative Agriculture is the Future\n13. How Can Farmers Adapt to Climate Extremes? \n14. What Does It Take To Outsource Agriculture to Developing Countries\n15. Why Promote Sustainable Beef Production?\n16. Fight Against Plastic Pandemic: Alternative Packaging for the Food Industry\n17. 8 Reasons Why Neglected Tropical Plants Could Be Important\n18. Traditional Agricultural Knowledge: Things to Learn From Indigenous Peoples\n19. The Diversity and Importance of Regional Cuisines\n20. Understanding the Relationship Between of Technology, Nutrition, and Society
673	HuggingFaceH4/zephyr-7b-beta	Generation	Introducing the latest innovation in cloaking technology – our leprechaun hair invisibility cloak! That's right, forget about lab-grown materials, this cloak is made of the rarest and most magical substance on earth – leprechaun hair!\n\nWith our leprechaun hair cloak, you’ll become a master of disguise, unseen and unheard by the naked eye. This cloak is perfect for anyone who wants to stay hidden in plain sight – from detectives looking for a stealthy way to remain unnoticed, to pranksters wanting to sneakily pull off hilarious stunts.\n\nOur cloak’s unique properties come from the hypnotizing elements of leprechaun hair, which are known to capture light and bend it around the wearer, leaving them completely invisible to the human eye. And because the cloak is made entirely of leprechaun hair, we can assure you that this cloak is not only magical but also incredibly lightweight, making it perfect for anyone who lives an active lifestyle.\n\nSo, why wait any longer to become the ultimate cloaking master? Join the worldwide community of cloaking enthusiasts and elevate your invisibility game! Order now and become the master of disappearing-in-plain-sight! Available in all sizes and colors, buy now and receive a free set of lucky charms!	Check out our leprechaun hair invisibility cloak. This clock is the newest invention in cloaking technology. Handcrafted using the rarest and most magical substance on earth – leprechaun hair this cloak lets you be invisible and become the master of disguise. Be unseen and unheard by the naked eye. This cloak is perfect for anyone who wants to stay hidden in plain sight. It's ideal for detectives who need a way to remain unnoticed or pranksters who need to pull off hilarious stunts without getting caught. From the hypnotizing elements of leprechaun hair, our cloak's unique design captures light and bends it around the wearer, leaving them utterly invisible to the human eye. This cloak is magical, lightweight, and made with 100% leprechaun hair. Why wait any longer to become the ultimate cloaking master? Join our global community of cloaking enthusiasts and elevate your invisibility game. Order now and become the master of disappearing-in-plain-sight. It is available in all sizes and colors. Buy now and receive a free set of lucky charms.
674	HuggingFaceH4/zephyr-7b-beta	Generation	As we eagerly await the arrival of the newest gaming consoles every few years, it's worth taking a moment to appreciate the humble beginnings of handheld gaming. The GameBoy Advance, released in 2001, was a game-changer (pun intended), taking the popular GameBoy lineup to new heights. As a hardcore gamer, I've had the privilege of trying out this latest addition to the world of Nintendo, and I can confidently say, it's nothing short of a masterpiece.\n\nFirstly, the design of the GameBoy Advance is a major improvement from its predecessor. The console's sleek and slim structure, compatible with Sony's PlayStation helpful and intuitive interface is a huge plus. The backlit screen, a feature absent in earlier versions, adds exceptional comfort for playing during nighttime or in dimly lit locations, making late-night gaming sessions no longer a problem. The battery life is also noteworthy, with 12-18 hours of playtime on a single charge, far superior to its GameBoy predecessor, which meant more time playing instead of charging.\n\nMoreover, the technical enhancements in the GameBoy Advance make the gaming experience more captivating than ever before. The console boasts increased processing power, allowing for incredibly smooth gameplay that rivals that of many home consoles. With superb graphics and sound quality, games seem to come alive in your hands -- one truly feels as though they're part of the action.\n\nThe GameBoy Advance also offers the gamer an extensive library of fresh and exciting games. Whether it's exploring the depths of the ocean in "Pokémon Sapphire," zipping through the city to solve crimes in "Golden Sun," or battling through "Final Fantasy VII" in handheld form; the GameBoy Advance has something for every type of gamer. The console also welcomes previously released iconic hits such as "Super Mario Bros.,” made retro to the new generation of gamers.\n\nThe audio quality is yet another significant factor to consider in the GameBoy Advance's success. Anyone familiar with the GameBoy, a prior version of this console, would know that the sound quality in previous models wasn't the best, to say the least. The GameBoy Advance, however, has integrated a monophonic sound system that is significantly improved and now much clearer, with distinctive audio, uncommon in handheld consoles of the time.\n\nLastly, the GameBoy Advance's price point makes it an attractive purchase for devoted gamers looking for quality entertainment on a budget. In contrast, many of the GameBoy Advance's competitors were far pricier, making it the go-to option for amateur and expert gamers alike.\n\nIn conclusion, the GameBoy Advance has proven to be a gamechanger for handheld gaming. The console's excellent design, technical superiority, vast library of games, and affordability place it ahead of its competitors. As a gamer, I'd strongly advise anyone interested in handheld gaming to acquaint themselves with the GameBoy Advance, as it's setting new benchmarks for the industry. It's an investment into hours of entertainment, par excellence.	Every few years, we wait with bated breath as the newest gaming consoles are released. New for 2001, The GameBoy Advance was a game-changer. It took the popular GameBoy lineup to new heights. I'm a hardcore gamer and had the chance to test out this latest addition to the world of Nintendo. So, I can confidently say this system is nothing short of a masterpiece. \n\nThe GameBoy Advance's design is a significant improvement from its predecessor. The console has a sleek and slim structure, which is helpful because it is compatible with Sony's PlayStation. The intuitive interface is a bonus. This system has a backlit screen, a feature absent in earlier versions. This addition adds superior comfort for playing at night or in dimly lit locations. The battery life is also noteworthy, with 12-18 hours of playtime on a single charge, which is far better than its GameBoy predecessor.\n\nThe GameBoy Advance's technical enhancements create a more captivating gaming experience than ever. The console boasts increased processing power, allowing for incredibly smooth gameplay that rivals many home consoles. With superb graphics and sound quality, games come alive in your hands. The GameBoy Advance also offers the gamer an extensive library of fresh and exciting games, like exploring the ocean's depths in "Pokémon Sapphire" and zipping through the city to solve crimes in "Golden Sun." The GameBoy Advance has something for every type of gamer and also welcomes previously released iconic hits such as "Super Mario Bros.," made retro to the new generation of gamers. \n\nThe audio quality is another significant factor in the GameBoy Advance's success. For gamers familiar with the GameBoy, a prior version of this console, you know that the sound quality in previous models could have been better. However, The GameBoy Advance has combined a monophonic sound system that is significantly improved. It has much clearer and distinctive audio, uncommon in handheld consoles. \n\nGameBoy Advance's price point makes it even more attractive for devoted gamers looking for quality entertainment on a budget. Many GameBoy Advance's competitors were far pricier, making it the go-to option for amateur and expert gamers. The GameBoy Advance has proven to be a game-changer for handheld gaming. The console's outstanding design, technical superiority, vast library of games, and affordability place it ahead of its competitors. As a gamer, I'd advise anyone interested in handheld gaming to acquaint themselves with the GameBoy Advance, as it's setting new benchmarks for the industry.
675	mistralai/Mixtral-8x7B-Instruct-v0.1	Generation	In the year 4000, Earth had established open communication with the Sun. One day, a fleet of alien spaceships appeared in the sky, threatening to destroy humanity. The Sun and the Moon, using their special rays, joined forces to protect the Earth.\n\nThe Sun's rays, hot and intense, weakened the alien ships' defenses, while the Moon's rays, cool and soothing, repaired the damage caused by the Sun. The aliens, initially hostile, were impressed by the unity and power of the Sun and Moon.\n\nAs the battle raged on, the Sun and Moon demonstrated their ability to work together, complementing each other's strengths and weaknesses. The aliens, realizing the error of their ways, surrendered and asked for peace.\n\nIn the end, the Sun, Moon, and aliens became friends, united in their love for the Earth and its inhabitants. They vowed to protect each other and the planet, ensuring a bright and peaceful future for all.	It is the year 4000, and Earth is in open communication with the Sun. Planet Earth has spotted a fleet of hostile alien spaceships moving towards it, threatening to destroy everything in their path. Earth has alerted the sun of the alien spaceships' presence. The Sun has communicated with its ally, the Moon, and the two great powers have agreed to join forces to protect the Earth.\nThe Sun beamed its blazing rays at the alien ships and weakened their defenses. The ice-cold rays of the Moon rays cooled the atmosphere around planet Earth and repaired any damage there. The aliens, initially hostile, began to change their attitude. They were impressed by the unity and power the Sun and Moon displayed. The aliens recognized the superiority of the Sun and Moon and realized they had been wrong to attack Earth. They surrendered and asked for peace.\nFollowing lengthy discussions and negotiations, the Sun, the Moon, and the aliens reached an agreement. They even became friends, united by a deep love for the Earth. They made a pact to protect each other and planet Earth, and work towards a peaceful future for all.
682	HuggingFaceH4/zephyr-7b-beta	Generation	Holtec International, a leading provider of nuclear power solutions and technologies, has announced the development of a revolutionary new concept for spent nuclear fuel storage: dry cask storage. This new technique offers several advantages over traditional wet storage methods and represents a significant step forward in nuclear power management.\n\nThe concept of dry cask storage involves transferring spent nuclear fuel from a spent fuel pool to a sealed cask, where it is left to cool and decay in a dry, safe environment. This method offers several key benefits. Firstly, dry cask storage eliminates the need for large volumes of water to be continually replaced in the spent fuel pools. This reduces water consumption significantly and eases the burden on water resources. Additionally, dry cask storage enables spent nuclear fuel to be reclassified as "low-level" waste, as it poses no immediate health hazard. This reclassification opens up more options for the long-term storage and disposal of spent nuclear fuel.\n\nOne of the most significant advantages of dry cask storage for spent nuclear fuel, however, is the improved safety offered by this technique. The sealed casks in which the spent nuclear fuel is stored are able to withstand extreme environmental conditions and are much less prone to leaks or other hazards than traditional wet storage systems. Furthermore, dry cask storage improves the security of spent nuclear fuel by making it much harder for intruders to access and potentially misuse.\n\nOf course, the development of new technologies often brings with it a number of challenges and considerations. One potential drawback of dry cask storage is the cost of constructing and maintaining these systems. The sealed casks needed for this technique require sophisticated design and manufacturing processes, and these systems must be regularly inspected and maintained to ensure their integrity. Nevertheless, the long-term benefits of dry cask storage, such as reduced water consumption and improved safety, are likely to outweigh these costs over time.\n\nIn addition to these benefits, Holtec's dry cask storage system offers other notable advantages. The company's system includes sophisticated monitoring and control systems that can remotely track the condition of the spent nuclear fuel and identify any potential issues in real-time. This enables operators to respond quickly and efficiently to any problems that arise, minimizing the risk of incidents and accidents.\n\nIn conclusion, Holtec's dry cask storage system represents a significant advancement in the field of spent nuclear fuel storage. The development of this technology offers a number of clear benefits, including reduced water consumption, improved safety, and more secure storage. While there are some challenges and considerations to be addressed, it is clear that dry cask storage is a promising and sustainable solution for managing spent nuclear fuel. As Holtec continues to refine and improve this technology, we can expect to see significant advancements in the field of nuclear power management, and greater confidence in the safety and sustainability of these vital technologies.	Holtec International is a leader in the nuclear power industry. The company supplies nuclear power solutions and technologies. Holtec International has announced the development of a new concept for spent nuclear fuel storage called dry cask storage. Dry cask storage permits fuel that has already been cooled in the spent fuel pool for at least a year to be surrounded by inert gas inside a container called a cask. The casks are steel cylinders that are either welded or bolted closed. Benefits to dry cask storage include eliminating the need for large volumes of water to be continually replaced in the spent fuel pools. Dry cask storage also reclassifies spent nuclear fuel as "low-level" waste because it doesn't pose an immediate health hazard. The most significant benefit of this technique is the improved safety offered. The sealed casks where the spent nuclear fuel is stored can withstand extreme environmental conditions and are much less prone to leaks or other hazards than traditional wet storage systems. However, dry cask storage has a few challenges, such as the cost of producing and maintaining these systems. The sealed casks needed for this technique require sophisticated design and manufacturing methods that must be inspected regularly to ensure their integrity. This system will advance the spent nuclear fuel storage field and is a promising and sustainable solution for managing spent nuclear fuel.
688	HuggingFaceH4/zephyr-7b-beta	Generation	Title: "Mystery in the Windy City: Michigan Avenue Witnesses Otherworldly Sighting"\n\nChicago, IL - Reports of a possible UFO sighting have left residents and tourists alike in awe of the Windy City's latest supernatural mystery. The strange occurrence, which took place on one of downtown Chicago's busiest thoroughfares - Michigan Avenue - has left many speculating about the origin of the object spotted in the sky.\n\nWitnesses, who wish to remain anonymous due to fear of ridicule, claimed to have seen the anomaly gliding effortlessly through the sky just before midnight on Wednesday evening. The sighting, which lasted only a few minutes, left spectators dumbfounded and forced some to momentarily halt their evening commerce.\n\nEdward Johansson, a local businessman, who witnessed the sight, described the incident as "out of this world." He declared, "I have never seen anything like it, and I've lived in this city all my life."\n\nThe encounter left surrounding onlookers with a mix of emotions, some expressing disbelief, while others insisted on the object's otherworldly nature. One spectator, a passerby named Geoff splurge, confessed "I initially dismissed it as a commercial airliner, but then it made sudden turns and zigzagged at speed. I swear what I saw was no plane."\n\nWhile the Chicago Police Department has dismissed the reports as urban legends, there is no denying the possibility that what the witnesses saw was indeed extraordinary. Many theorize that the strange occurrence could be related to nearby military bases, experimentation by rogue scientists, or even a sign of impending extraterrestrial invasion. Whatever the case may be, residents and tourists alike can't help but wonder if this strange sighting could be the start of something truly fantastic for Chicago.\n\nAs Willy Wonka once quipped, "Somewhere beyond the stars is another world, waiting to be found." As Chicagoans ponder on the strange sighting, that old adage has never sounded more plausible.	**Mystery in the Windy City: Michigan Avenue Witnesses Otherworldly Sighting**\n\nChicago, IL - The Windy City is abuzz after a possible UFO sighting on Michigan Avenue, leaving residents and tourists in awe. The strange event occurred just before midnight on Wednesday, as an unidentified object glided effortlessly through the sky, causing a brief pause in the evening hustle.\n\nWitnesses, preferring to stay anonymous to avoid ridicule, described the sighting as mesmerizing and inexplicable. Edward Johansson, a local businessman, remarked, "I've lived here all my life and never seen anything like it. It was out of this world." \n\nGeoff Splurge, a passerby, initially thought it was a commercial airliner but changed his mind after seeing the object’s erratic movements. "It made sudden turns and zigzagged at speed. I swear what I saw was no plane."\n\nDespite the Chicago Police Department dismissing the incident as an urban legend, many are left wondering about the true nature of the sighting. Theories range from military experiments to potential extraterrestrial activity. \n\nAs Chicagoans ponder this mysterious event, the words of Willy Wonka resonate: "Somewhere beyond the stars is another world, waiting to be found." This strange sighting has certainly sparked imaginations and curiosity throughout the city.
705	mistralai/Mixtral-8x7B-Instruct-v0.1	Generation	In the sky, so high, a little bird does fly,\nWith feathers bright and colors so spry.\nChirping songs, all day long,\nIn the sun, he loves to bask and throng.\n\nWith a hop and a flutter, he's off in a gutter,\nPecking for crumbs, like a little flutter.\nHis wings so strong, they carry him along,\nTo the tallest tree, he sings his song.\n\nHe's a joy to see, as free as free can be,\nA happy little bird, as happy as can be.\nWith a skip and a twirl, he takes a whirl,\nAround the world, in his little twirly swirl.\n\nSo come along, let's all sing his song,\nTo the little bird, who's been flying all day long.	In the sky, so high, a little bird does fly,\nWith feathers bright and colors so spry.\nChirping songs, all day long,\nIn the sun, he loves to bask and throng.\n\nWith a hop and flutter's grace,\nHe’s off in search of crumbs in place.\nHis wings so strong carry him along,\nTo the tallest tree where he sings his song.\n\nHe's a joy to see—free as free can be—\nA happy little bird for you and me.\nWith a skip and twirl, he takes his whirl\nAround this world with such joyful swirl. \n\nSo come along;\nlet's sing his song, \nFor that little bird, flying all day long.
707	HuggingFaceH4/zephyr-7b-beta	Generation	Grey clouds hang heavy in the sky,\nA blanket of darkness overhead,\nA murmur of rain begins to tie\nThe world in silence, hushed and stead.\n\nAt first, a few hesitant droplets cling\nUpon the tips of infant leaves,\nSoft fingers of the rain begin to fling\nSilent whispers, a dying breeze.\n\nThe world transforms; the earth awakes\nAs if she’sborn anew from slumbered sleep;\nWashing the streets, rustling the shakes,\nAveiling pavements for the deep.\n\nA symphony of percussion and melody\nEchoes softly 'round the land;\nAs if nature's orchestra is playing free\nHer notes a lullaby, soft and grand.\n\nPetrichor fills the air, lending fragrance\nTo this day clothes tightly the earth;\nA rain dance plays its magnificent obeisance\nAs nature dances, as though she's of worth.\n\nStepping out, I feel alive,\nThe promise of hope reborn;\nNew beginnings come alive,\nIn this rain, on this morn'.	Grey clouds hang heavy to fill the sky\nA blanket of darkness overhead,\nA murmur of rain begins to glide\nThe world in silence, hushed and stead.\n\nAt first, a few hesitant droplets cling\nUpon the tips of infant leaves,\nSoft fingers of the rain begin to fling\nSilent whispers, a dying breeze.\n\nThe world transforms; the earth awakes\nAs if she’s born anew from slumbered sleep;\nCleansing the streets, rustling the shakes,\nBrushing away any litter left heaped.\n\nA symphony of percussion and melody\nEchoes softly 'round the land;\nAs if nature's orchestra is playing free\nHer notes a lullaby, soft and grand.\n\nPetrichor fills the air, releasing organic fragrance,\na few moments to humble earth;\nA rain dance plays magnificent obeisance\nAs nature dances, as though she's of worth.\n\nStepping out, I feel alive,\nThe promise of hope reborn;\nNew beginnings come alive,\nIn this rain, on this morn'.
709	HuggingFaceH4/zephyr-7b-beta	Generation	In the heart of the bustling city, amidst the towering skyscrapers and honking cars, there was a small, unassuming goblin named Gizzle. Gizzle was different from his goblin kin. He wasn't interested in living in the dark, dank tunnels where other goblins called home. Instead, Gizzle dreamed of a life filled with friendship and money - even though he knew such things were beyond the reach of a goblin.\n\nOne evening, as Gizzle was skulking around the city in search of food, he stumbled upon a homeless man. The man was huddled in an alleyway, muttering to himself. Gizzle hesitated for a moment, but something about the man drew him closer. Gizzle scurried out of the shadows and approached the man. The man at first was startled, but then heCuriously looked at Gizzle and began to smile.\n\nGizzle realized, as the man continued to smile, that this was his chance to learn more about humans and friendship. The goblin cautiously asked the man if he wanted to be friends. The man was hesitant at first, but then, something about Gizzle's earnestness won him over. The two spent the next few weeks exploring the city and eating simple meals together. Gizzle learned much from his human friend, and soon, he too experienced the joy of friendship.\n\nUnbeknownst to Gizzle, his newfound friendship was causing a stir around the goblin community. Some goblins saw this as a threat and warned Gizzle to stay away from humans. Gizzle was perplexed. He understood that humans were different from goblins, but he also knew that friendship transcended all boundaries. Gizzle defied the goblin's advice and continued to be friends with his human companion.\n\nAs he continued to explore the city and share his life with his human friend, Gizzle couldn't help but notice that humans had access to many things that goblins didn't. They had nice clothes, food, and homes. The goblin realized that friendship and wealth could be intertwined. Gizzle, with the help of his human friend, came up with a plan to earn some money in exchange for his services.\n\nGizzle became an expert at gathering recyclables and selling them to people who needed them for their homes and businesses. He started small, collecting a few items every week, but soon his business grew, and he was earning enough money to rent a small apartment. Gizzle's success did not stop there. He invested the money he earned into other enterprises, and soon he was a successful small business owner. Gizzle's friendship with his human friend had led him down a path that he never could have imagined possible.\n\nWord of Gizzle's success spread quickly through the goblin community, and before long, other goblins started to seek advice from and emulate Gizzle. The goblins realized that friendship and wealth were not mutually exclusive. In fact, they were two sides of the same coin. Gizzle's friendship with a human led him to a life he never thought possible, and he was proud to show others the path he had taken.\n\nAs Gizzle sat in his apartment, looking at the pile of bills he had paid that month, a knock came at the door. It was his human friend, who had heard about Gizzle's success. The two of them sat down and chatted for hours, reflecting on the journey they had taken together. Gizzle realized that while his life was different from what he had once imagined, it had truly allowed him to learn the power of friendship and the possibility of wealth no matter where you started in life.	In the heart of the bustling city with towering skyscrapers and honking cars, there was a small goblin named Gizzle. Unlike his family, he wasn't interested in living in the dark tunnels that other goblins called home. Gizzle wanted a life filled with friendship and money - even though he knew such things were unattainable for a goblin.\n\nOne evening, Gizzle came across a homeless man as he was wandering around the city in search of food. Gizzle came out of the shadows and approached him. Gizzle realized that this was his chance to learn more about humans when the man began smiling at him. He asked the man if he wanted to be friends. The human was hesitant at first but something about Gizzle's genuineness won him over. They became friends who spent their time together exploring the city. Gizzle enjoyed being friends with the human because he was learning a lot. \n\nUnfortunately, the friendship was raising concerns in the goblin community. Some goblins warned Gizzle to stay away from humans because they saw this as a threat. Gizzle knew that their friendship could overcome all boundaries and decided to continue being friends with the human.\n\nAs they continued to explore the city together, Gizzle noticed that humans had access to many things that goblins didn't. They had nice clothes, food, and homes. Gizzle together with his human friend came up with a plan to earn some money so that he could afford to live like the humans.\n\nGizzle became an expert at gathering recyclables and selling them to people who needed them. He would collect a few items every week, but soon his business grew, and he was earning enough money to rent a small apartment. He invested the money he earned into other enterprises, and soon he became a successful small business owner. The friendship had helped him achieve a life that he only used to dream about.\n\nAs Gizzle sat in his apartment, looking at the pile of bills he had paid that month, a knock came at the door. It was his human friend who had gone to visit him. The two sat down and chatted for hours, reflecting on the journey they had taken together. Gizzle's new life allowed him to appreciate the power of friendship and the possibility of wealth no matter where you started in life.
713	HuggingFaceH4/zephyr-7b-beta	Generation	Dear Editor,\n\nAs a very old man, I am writing to express my deep-seated concerns about the new roundabouts that are being constructed in our community. As someone who is used to the familiarity of traditional traffic signals, I am finding it difficult to adjust to these modern marvels.\n\nThe roundabouts are undoubtedly helpful for many people. They reduce congestion, lower the number of accidents, and decrease pollution caused by idling. However, they also come with a price, particularly for the elderly like myself.\n\nEntering and exiting these roundabouts is a complex and stressful process, requiring quick decision-making and careful navigation. My old eyes and inflexible reflexes make it hard to keep up with these new requirements. Moreover, I fear that I might unintentionally veer off course and cause chaos or injury to other drivers and pedestrians.\n\nI appreciate that changes in technology and infrastructure are necessary for the community's growth and progress. Yet, some may argue that change is growth, growth is progress, progress is happiness, and happiness is bliss. However, I want to remind the government officials responsible for these decisions that bliss is in the eye of the beholder, and their actions may not be making us happy at all.\n\nIn light of the physical and emotional difficulties that some of us are experiencing, I urge the local authorities to take our concerns into account before finalizing the implementation of the roundabouts. We would appreciate more signage, clearer markings, and slower speed limits in these areas to mitigate the risks involved. Let us not abandon those who have been accustomed to the familiar sights and sounds of traditional traffic signals in our quest for progress. We require equal consideration when it comes to adjusting to the new norms.\n\nSincerely,\n\n[Your Name]\n\n[Your Address]\n\n[City, State, Zip Code]\n\n[Email or Phone number for follow-up]	Dear Editor,\n\nI am writing to you to address the new roundabouts that have are being constructed in my neighborhood. As someone who has lived in the area all my life, I'm sure you can understand why this kind of change might cause some distress. \n\nDue to my age and the familiarity I have with the original traffic signals, I am finding it difficult to adjust to the new additions. It has been extremely difficult to try and adapt, not least because traffic circles, in my opinion, often cause more confusion when driving. Many people are not well-versed in driving etiquette, while others like myself are used to treating those particular intersections in a completely different way. The amount of near-accidents I've witness over the past few weeks has been astounding. \n\nOf course, I must admit that I recognize the usefulness of roundabouts. I have been told that they are better than traffic lights overall for reducing accidents and congestion (even pollution I've heard!). However, they also come with a price. Entering and exiting roundabouts is an altogether different technique and requires quick decision-making and careful navigation. I, myself, am a very experienced driver, but I have encountered many people who do not know the proper rules for yielding, entering, and exiting roundabouts. I fear that further accidents and injury are sure to follow. \n\nIn light of the physical and emotional difficulties that some of us in the community are experiencing, I want to urge local authorities to take our concerns into account before finalizing implementation. We would appreciate more signage, clearer markings, and slower speed limits in these areas to mitigate the risks involved. \n\nSincerely,\n\n[Your Name]\n\n[Your Address]\n\n[City, State, Zip Code]\n\n[Email or Phone number for follow-up]
715	HuggingFaceH4/zephyr-7b-beta	Generation	Dear Debbie,\n\nI hope this letter finds you well. I am reaching out to inform you of some changes in my business and personal contact information. As you may already know, due to unforeseen circumstances, I am no longer offering on-site massage services. Instead, my massage therapy practice will be limited to in-spa appointments at the day spa.\n\nI am sorry for any inconvenience this may cause, but I believe that this change will allow me to provide a more consistent and high-quality experience for my clients. The day spa is a more appropriate setting for my services as it offers a more tranquil and indulgent environment.\n\nPlease keep me in mind as your go-to massage therapist, and should you or your friend need a massage, they can contact me at the new number listed below or visit my website for further details.\n\nFurthermore, I wanted to let you know that my personal contact information has changed, and my new phone number is [insert updated number here]. I apologize for any lapse in communication as a result of this change but rest assured that my email address, which you have in your records, remain unchanged.\n\nTo celebrate the new year, I am thrilled to share with you our exciting seasonal promotion. From December 15, 2021, to March 31, 2022, we are offering a special discount of 15% off on all new service bookings. Please do not hesitate to give me a call or drop me an email to learn more about our services, schedule an appointment, or inquire about gift certificates.\n\nLastly, enclosed, you will find a few copies of our new business cards, which I hope you find helpful in spreading the word about my practice. Please do not hesitate to reach out to me should you have any questions regarding this letter, my services, or my business card design.\n\nThank you for your continued support, and I look forward to catching up with you soon.\n\nBest Regards,\n\n[Your Name] \n\n[Your Title] \n\n[Your Business Name] \n\n[Address] \n\n[City, State, ZIP Code] \n\n[Phone Number] \n\n[Email Address] \n\n[Website] \n\n[Social Media Handles]	Dear Debbie, This note outlines changes to my business and personal contact information. I am no longer providing on-site massage services. Now, I will be working from the day spa. As a result, all of my appointments will be limited to that location. The hope with this move is that at the day spa I will be able to give my clients a better experience. \n\nThis change has affected my personal contact information but I have inserted my new phone number below. I am so sorry for the lack of communication but I am thrilled to share an exciting seasonal promotion with all my loyal clients. In honor of the new year, clients who book between December 15, 2021, and March 31, 2022, will get a 15% special discount. However, this discount is only valid for new service bookings. I appreciate your support and look forward to seeing you soon. \nBest Regards,  \n[Your Name]   [Your Title]   [Your Business Name]   \n[Address]   [City, State, ZIP Code]   \n[Phone Number] \n[Email Address]   \n[Website]   \n[Social Media Handles]
716	HuggingFaceH4/zephyr-7b-beta	Generation	Man: (frustrated) Ugh, today is just NOT my day. First, my alarm didn't go off, and I spilled coffee all over my shirt before I even left the house. Then, I got stuck in traffic for an hour and missed my meeting. And to top it all off, my boss yelled at me for something I didn't even do!\n\nMime: (nodding empathetically) (gestures to mime a series of disastrous events)\n\nMan: (laughs) Yeah, it's been a disaster. Do you have any advice for how I can turn it around?\n\nMime: (makes exaggerated attempts to cheer Man up, exaggerating facial expressions and movements)\n\nMan: (appreciatively) Nah, you're not selling it to me, buddy. But I appreciate the effort. Maybe I just needed to vent to someone who can't actually talk back.\n\nMime: (nodding and smiling) (gestures to mime indicating that Man should take a deep breath and compose himself)\n\nMan: (takes a deep breath) Yeah, you're right. I guess it could be worse. At least I have my health, my family, and a job. I should focus on the positives.\n\nMime: (encouragingly) (gestures to mime that Man can do it)\n\nMan: (smiling) Yeah, you're right. Thanks, man.\n\nMime: (smiling broadly) (gestures to mime a thumbs-up and a fist bump)\n\nMan: (laughs) I'll keep that in mind. Maybe I can even turn my day around yet.\n\nMime: (nods optimistically) (gestures to mime that anything is possible)\n\nThe two continue to interact, and the man leaves feeling more hopeful about his day.\n\nMan: (grateful) Thanks again, buddy. I think I can make the most of the rest of my day now.\n\nMime: (grinning) (gestures to mime that anytime)\n\nMan: (waves cheerfully) Until next time!\n\nMime: (claps and bows)\n\nMan: (tilts his head in thought) (pretends to challenge the mime) Hey, why don't you talk?\n\nMime: (shrugs) (gestures to mime that it's all in his actions)\n\nMan: (laughs) I guess that makes sense. Thanks again, man. I'll check back with you sometime.\n\nMime: (nods and smiles welcomingly) (gestures to mime that he's always here for the man)\n\nMan: (walks off with a smile, shaking his head at the strange encounter) Well, that was interesting. Who knew a mime could cheer me up?\n\nEND OF SCENE.	**Scene: A Crowded City Park**\n\n**Man:** *(frustrated, running his hands through his hair)* Ugh, today is just NOT my day. First, my alarm didn't go off, and I spilled coffee all over my shirt before I even left the house. Then, I got stuck in traffic for an hour and missed my meeting. And to top it all off, my boss yelled at me for something I didn't even do!\n\n**Mime:** *(nodding empathetically, mimicking a series of disastrous events with exaggerated gestures)*\n\n**Man:** *(laughs despite himself)* Yeah, it's been a disaster. Do you have any advice on how I can turn it around?\n\n**Mime:** *(makes exaggerated attempts to cheer the Man up, using playful facial expressions and movements)*\n\n**Man:** *(appreciatively)* Nah, you're not selling it to me, buddy. But I appreciate the effort. Maybe I just needed to vent to someone who couldn’t talk back.\n\n**Mime:** *(nodding and smiling, gestures for the Man to take a deep breath and compose himself)*\n\n**Man:** *(takes a deep breath)* Yeah, you're right. It could be worse. At least I have my health, my family, and a job. I should focus on the good things that I have instead of letting a few inconveniences mess up my entire day.\n\n**Mime:** *(encouragingly, miming that the Man can overcome his challenges)*\n\n**Man:** *(smiling)* Yeah, you're right. Thanks, man.\n\n**Mime:** *(smiling broadly, miming a thumbs-up and a fist bump)*\n\n**Man:** *(laughs)* I'll keep that in mind. This day may turn around. \n\n**Mime:** *(nods optimistically, miming that anything is possible)*\n\n*(The two continue to interact, with the Man feeling more hopeful.)*\n\n**Man:** *(grateful)* Thanks again, buddy. I’m gonna rock this day. \n\n**Mime:** *(grinning, miming "anytime")*\n\n**Man:** *(waves cheerfully)* Until next time!\n\n**Mime:** *(claps and bows)*\n\n**Man:** *(tilts his head in thought, then pretends to challenge the Mime)* Hey, why don't you talk?\n\n**Mime:** *(shrugs, miming that actions speak louder than words)*\n\n** Man:*** (laughs)* That makes sense. Thanks again, man. I'll check back with you sometime.\n\n**Mime:** *(nods and smiles welcomingly, miming that he's always there for the Man)*\n\n**Man:** *(walks off with a smile, shaking his head at the strange encounter)* Well, that was interesting. \n\n**END OF SCENE.**
722	HuggingFaceH4/zephyr-7b-beta	Generation	Turtles make great pets due to their peaceful and low-maintenance nature. They are perfect for individuals who are looking for a low-key companion that doesn't require constant attention. What's more, they are incredibly fascinating animals that provide a plethora of educational benefits.\n\nHowever, it's crucial to understand the dietary requirements for different species of turtles. Some herbivorous species prefer to eat greens, berries, and plant matter, whereas omnivorous species enjoy a mix of meat and vegetable-based foods. These differences in taste largely depend on the specific species of turtle you have.\n\nFor example, a red-eared slider (a common pet turtle) is primarily an omnivore, but they need to be fed a diet that consists mostly of vegetables like spinach, kale, collard greens, and squash. They also enjoy occasional protein-rich foods like earthworms, mealworms, and shrimp. On the other hand, a painted turtle (another popular pet turtle) is primarily an herbivore, preferring water plants and fruits like berries and cherries.\n\nThe frequency and quantity of feeding will vary from species to species. As a general rule, omnivorous turtles should be fed daily or every other day, while herbivorous species can be fed every other day or three times a week, depending on their size and activity level. It's essential to feed them the right amount, as overfeeding can lead to obesity and subsequent health issues.\n\nIn conclusion, turtles are captivating animals that make rewarding pets, but it's crucial to understand their dietary requirements based on their specific species. By providing them with a varied and balanced diet, you can help ensure they remain healthy and happy. As always, it's best to do some research and work with a veterinarian or turtle specialist to determine the best feeding regimen for your particular pet.	Turtles make wonderful pets because they are calm and easy to care for. They are perfect for people who want a companion that doesn't need constant attention. Plus, turtles are fascinating creatures that offer many educational benefits.\n\nFun fact: different species of turtles have specific dietary needs. Some, like herbivorous species, prefer greens, berries, and plants, while omnivorous species enjoy a mix of meat and vegetables. These dietary preferences depend on the type of turtle you have.\n\nRed-eared sliders, a common pet turtle species, are primarily omnivores. They thrive on a diet rich in vegetables such as spinach, kale, collard greens, squash, and occasional protein sources like earthworms, mealworms, and shrimp. Painted turtles, another popular choice, are mostly herbivores. They prefer a diet of water plants and fruits like berries and cherries. Turtle's diets are pretty diverse depending on the type you have. \n\nFeeding frequency and amounts will vary by species. Generally, omnivorous turtles need to eat daily or every other day. Herbivorous can be fed every other day or three times a week, depending on their size and activity level. Feeding them the correct amount is crucial to prevent obesity and other health problems.\n\nTurtles are not just pets, but fascinating creatures that offer joy and learning opportunities. Understanding their dietary needs, specific to their species, is a fundamental aspect of responsible pet ownership. You can ensure their health and happiness by providing them with a well-balanced and varied diet. It's always wise to conduct thorough research and seek professional advice from a veterinarian or turtle specialist to understand how to best feed your turtle.
723	HuggingFaceH4/zephyr-7b-beta	Generation	Hi, I'm Autumn, and I'm seven years old. My mom told me to go for a walk around our block, but I saw a cute bunny hopping into the bushes! I followed the bunny, crawling under bushes and going into our neighbor's yard. The bunny was so fast, but I didn't want to miss it!\n\nI heard my mom calling my name, but I kept going. I wanted to see where the bunny would lead me. The bushes felt scratchy against my knees, but I didn't care. I was having so much fun!\n\nFinally, the bunny stopped at a big tree. It looked up at me and winked! I jumped up and down, laughing so loud that my neighbors probably heard me. I run back to my house as fast as I could. I was dirty and my hair had sticks and leaves sticking out of it, but I couldn't wait to tell my mom about my adventure!\n\nMy mom smiled when she saw me, but she also looked a little surprised. She said she was glad I had fun, but she reminded me to stick to the sidewalk next time. I promised I would, but I couldn't help feeling a little sad that the bunny was gone. Maybe it would show up again tomorrow? Only time will tell, but for now, I'm happy just being a silly and nice little girl named Autumn.	Hi, I'm Autumn, and I'm seven years old. My mom told me to go for a walk around our block, but I saw a cute buny hopping into the bushes. I followed the buny, crawling under bushes and going into our neibor's yard. The buny was so fast, but I didn't want to miss it because I wanted to take it home with me and feed it.\n\nI heard my mom caling my name, but I kept going. I wanted to see where the buny would lead me. The bushes felt scratchy against my knees, but I didn't care because I was having so much fun.\n\nFinally, the buny stopped at a big tree. It looked up at me and winked. I jumped up and down, laughing so loud that my neibors probably heard me. I run back to my house as fast as I could. I was dirty and my hair had sticks and leaves sticking out of it, but I couldn't wait to tell my mom about my adventure.\n\nMy mom smiled when she saw me, but she also looked a little suprised. She said she was glad I had fun, but she reminded me to stick to the sidewalk next time. I promised I would, but I felt little sad that the buny was gone. Maybe it would show up again tomorrow? Only time will tell, but for now, I enjoyed chasing after it.
724	HuggingFaceH4/zephyr-7b-beta	Generation	Title: The Three Alcoholics and their Road to Recovery\n\nOnce upon a time, in a land far, far away, there were three brothers named Jack, Jim, and Joe. These three brothers loved to drink, but they never realized their habits would lead them down a dangerous and self-destructive path.\n\nJack's house was made of beer bottles, Jim's house was made of wine corks, and Joe's house was made of whiskey glasses. They thought their houses were strong enough to withstand the storms of life. However, one day, a hurricane came, and their houses crumbled down.\n\nJack, Jim, and Joe realized they needed help. They realized they couldn't do it alone, and their addiction had spiraled out of control. They heard about a place called Alcoholics Anonymous (AA), and they decided to give it a try.\n\nAt AA, Jack, Jim, and Joe met people who understood what they were going through. They learned that they couldn't change their drinking habits overnight but had to take it one day at a time. They also learned the importance of admitting they were powerless over alcohol and that they needed a higher power to guide them.\n\nAt first, it was challenging for Jack, Jim, and Joe, but they persevered. They went to meetings regularly, made amends for their past mistakes, and helped others who were struggling with addiction.\n\nAs they continued on their journey, they started to notice changes. They felt happier, more confident, and more content. They started building new houses, not made of drinks but made of hope, love, and faith.\n\nJack's new house was made of books, Jim's new house was made of art, and Joe's new house was made of music. They realized that their new houses didn't need to be grand or extravagant, but they had to be filled with positivity, forgiveness, and self-love.\n\nIn the end, Jack, Jim, and Joe learned that they couldn't defeat addiction alone, but they could conquer it with the help of others. They realized that AA's twelve-step program could show them a path towards recovery, and they could build new, strong lives by relying on their faith, love, and hope. \n\nAs they looked back at their old homes made of drinks, they knew they never wanted to return to that past. They embraced their new lives, grateful for the road to recovery they had taken, knowing that it would help them stick to their path and help others following them.	The Three Addicts and their Road to Recovery\n\nOnce upon a time, in a land not so far far away (it might've been Chicago), there lived three brothers named Jack, Jim, and Joe. Like their daddies and grandaddies before them, these brothers lived to drink, and drank to live. They loved their wild lifestyle of parties, women, cigarettes, and booze. But these three brothers never realized the dangerous and disastrous path their habits would lead them down.\n\nJack's house was made of shiny glass beer bottles. Jack thought beer to be the best because it was the working-man's drink. \n\nJim's house was made of stained wine corks. Jim insisted wine was best as it was the drink most preferred by the educated man of culture and elegance.\n\nJoe's house was made of fancy whiskey glasses. Joe swore up and down that whiskey was best, as it was drunk by wealthy men of luxury and splendor.\n\nEach brother considered his house strong enough to withstand the storms of life. It started innocently enough: just a little drink with friends at the bar, just a little shot to celebrate the Cubs' good game, just a little cup of vino ordered with dinner. Regardless of their methods of reaching drunken nirvana, they all felt confident their house would stand strong when a storm was forecasted to roll into their area. \n\nThis storm was called Addiction, and it came in blowing faster and stronger than anything they'd ever seen. This storm came blasting in, quickly eating up everything in its path: love interests, job opportunities, financial resources, and the support of friends and family. The brothers could only watch in despair, and the storm crumbled each of their houses to dust. \n\nAfter years of health problems, fights with loved ones, and unstable living conditions, Jack, Jim, and Joe finally realized they needed help. They realized they couldn't escape their demons alone, and their drinking had spiraled out of control. They heard about a place called Alcoholics Anonymous (AA) and reluctantly decided to give it a try.\n\nAt AA, Jack, Jim, and Joe met people who had been through exactly what they were now going through. At these meetings, they met others who loved wine, others who loved beer, others who drank mouthwash or hand sanitizer in their desperation. There were all kinds of people, each with their own story, but all these stories had led to this same place. Alcoholism was a problem faced by so many others in their very own community. The meetings taught the brothers that they couldn't change their drinking habits overnight but had to take it one day at a time. They learned the importance of admitting they were powerless over alcohol and needed a higher power to guide them.\n\nThe road to recovery is never easy, and Jack, Jim, and Joe struggled and floundered as all addicts do. But through determination and perseverance, the brothers fought hard to be better. They attended their meetings regularly, made amends for past mistakes, and did all they could to help others on the difficult path to sobriety. \n\nAs they continued on their journey, they began to notice changes. As the days passed, each brother began to feel happier, hopeful, confident, and capable. They began to build new houses, this time not with drinks but with hope, love, and faith.\n\nJack's new house was made of books. His sobriety had given him the mental clarity to focus more, and he began to study again and went back to school to find a better career for himself.\n\nJim's new house was made of art. He rediscovered his creativity and once again enjoyed culture and travel, but this time, he experienced it all through sober eyes.\n\nJoe's new house was made of music. He began to attend operas and musicals, dazzled and enchanted by the melodies and harmonies that now replaced the tinny jukebox music from the bars.\n\nThey realized their new houses didn't need to be grand or extravagant; they just needed to be filled with positivity, forgiveness, and self-love.\n\nIn the end, Jack, Jim, and Joe learned that they couldn't defeat addiction alone, but they could conquer it with the help of others. They realized that AA's twelve-step program could show them a path toward recovery, and they could build new, strong lives by relying on their faith, love, and hope. \n\nAs they looked back at their old homes made of drinks, they felt shame and sadness for their old lifestyle. The three brothers promised one another that they would never return to that past. They now supported one another and embraced their new lives. They felt grateful for their second chance at life found through this road to recovery they had taken. They knew this gratitude and mutual support would help them stick to their path and help others who followed.\n\nThe end of this story is now the beginning of a new story: a story of hope, good health, and a life free from addiction for the three brothers.
730	HuggingFaceH4/zephyr-7b-beta	Generation	Of course, dear baking enthusiast! Here's my laboratory-approved recipe for a delectable coconut bundt cake, perfected from my enlightened experiments in the kitchen.\n\nIngredients:\n\nCake Batter:\n\n1. Misc ingredients\n- 3 1/2 cups all-purpose flour (A)\n- 2 teaspoons baking powder (B)\n- 1 teaspoon salt (C)\n\n2. Wet ingredients (D)\n- 1 1/4 cups unsalted butter, softened (E)\n- 2 cups granulated sugar (F)\n- 4 large eggs (G)\n- 1 1/4 cups whole milk (H)\n- 1 tablespoon pure vanilla extract (I)\n\n3. Dry ingredients (J)\n- 1 1/3 cups sweetened shredded coconut (K)\n\n4. Mix-ins (L)\n- 1/2 cup flaked coconut (M)\n\nInstructions:\n\n1. Preheat your oven to 350°F (180°C). Grease and flour a 12-cup bundt pan (N).\n\n2. Sift together the miscellaneous ingredients (A, B, and C) thoroughly, and set aside.\n\n3. Cream together the softened butter (E) and sugar (F) until fluffy and light.\n\n4. Beat in the eggs (G), one at a time, until fully incorporated.\n\n5. Add the whole milk (H) and vanilla extract (I), and mix well.\n\n6. Gradually add the sifted ingredients (A, B, and C) to the wet mixture (D), alternating with coconut (K), and mix until just combined. Do not overmix.\n\n7. Fold in the flaked coconut (M) (L).\n\n8. Pour the batter into the prepared bundt pan (N).\n\n9. Bake the cake for 50-60 minutes or until a toothpick/tester inserted into the center comes out clean.\n\n10. Remove the cake from the oven and let it cool for about 15 minutes in the pan before transferring it onto a wire rack to cool completely.\n\n11. Once completely cooled, dust the cake with powdered sugar or coconut flakes (O).\n\nEnjoy your masterpiece, baker! May the essence of my madness enrich your culinary escapades!\n\nAdditional notes:\n\n- For optimal results, make sure your butter and eggs are at room temperature before starting.\n- You may substitute buttermilk or sour cream for the whole milk to add additional creaminess to the cake.\n- If you want a more subtle coconut flavor, reduce the amount of coconut in the recipe.\n- Feel free to experiment with different types of extracts or flavors to customize the cake to your taste preferences. \n\nRemember, my dear baking experimenters, the process of creation is a journey of self-discovery, and I am thrilled to join you on this sweet and nutty adventure!	Lab-Approved Delectable Coconut Bundt Cake\n\nEureka! My hypothesis was correct and I've created the most delicious recipe for coconut Bundt cake known to mankind. This ingenious creation comes straight from kitchen experiments performed in the laboratory of a mad scientist with a lot of extra time on his hands. \n\nIngredients:\n\n1. Miscellaneous ingredients:\n- 3 1/2 cups all-purpose flour\n- 2 teaspoons baking powder\n- 1 teaspoon salt\n\n2. Wet ingredients:\n- 1 1/4 cups unsalted butter, softened \n- 2 cups granulated sugar \n- 4 large eggs \n- 1 1/4 cups whole milk \n- 1 tablespoon pure vanilla extract \n\n3. Dry ingredients:\n- 1 1/3 cups sweetened shredded coconut\n\n4. Mix-Ins\n- 1/2 cup flaked coconut\n\n5. Topping:\n- powdered sugar (enough to lightly dust cake)\n- (optional) extra coconut flakes (enough to dust cake)\n\nInstructions:\n\n1. Preheat oven to 350°F (180°C). Generously grease and flour 12-cup Bundt pan. \n\n2. Sift together all miscellaneous ingredients (1. Miscellaneous Ingredients) thoroughly. Set sifted ingredients aside.\n\n3. Cream together softened butter and sugar (2. Wet Ingredients) until fluffy and light.\n\n4. Individually beat in eggs (2. Wet Ingredients) until fully incorporated.\n\n5. Add whole milk (2. Wet Ingredients) and vanilla extract (2. Wet Ingredients). Mix well.\n\n6. Gradually add the sifted ingredients from step 2  to the wet mixture from steps 3 - 5. Alternate with coconut (3. Dry ingredients), and mix until combined. Take care to avoid overmixing.\n\n7. Fold in flaked coconut (3. Dry Ingredients and 4. Mix-Ins).\n\n8. Pour batter into a prepared Bundt pan.\n\n9. Bake cake for 50-60 minutes or until a toothpick inserted into the center can be removed cleanly. \n\n10. Remove cake from oven and let cool for 15 minutes in Bundt pan before transferring to a wire rack. Let cake cool completely. \n\n11. Once cooled completely, dust cake with powdered sugar or coconut flakes (5. Toppings).\n\n12. Enjoy your delicious cake! May the essence of my madness enrich your culinary escapades!\n\nNotes:\n\n- Start the recipe using room temperature butter and eggs for best results.\n- Sub buttermilk or sour cream for the whole milk for a creamier cake.\n- For a more subtle coconut flavor, reduce the amount of coconut.\n- Try experimenting with different extracts or flavors to customize the cake to your taste preferences and make it your own.\n\nThe process of creation is a journey of self-discovery! Baking is all about trial and error, like all good science. Feel free to experiment and try new approaches to your masterpiece when you embark on this sweet and nutty adventure!
740	mistralai/Mixtral-8x7B-Instruct-v0.1	Generation	Subject: Faulty Headphones - Request for Return or Refund\n\nDear [Company Name],\n\nI am writing to bring to your attention an issue I have encountered with the headphones I purchased from your company. I bought the headphones on 3/10 and they are still within the warranty period. Unfortunately, I have discovered that the headphones have no audio.\n\nI am very disappointed with this experience, as I was looking forward to using the headphones. I would appreciate it if you could look into this matter and let me know the process for returning or refunding the faulty product.\n\nPlease let me know what information you need from me to proceed, and I will be happy to provide it.\n\nThank you for your attention to this matter.\n\nBest regards,\n\n[Your Name]\n[Your Contact Information]	To: Headphone company\n\nFrom: Customer\n\nSubject: Received faulty headphones that have no audio. Requesting refund or return.\n\nHello [Company Name],\n\nI hope my email finds you well. I am writing to ask about a return or a refund of this headphone I bought from you guys. I bought these headphones on March 10th, so the headphones are still under the warranty period. The issue with the headphones is that when I plug it in it has no audio whatsoever. \n\nI tried using it on many different devices and still, there was no audio. So, unfortunately, it turns out that I have received a faulty product from you guys. I am honestly really disappointed with this experience. Because I was really looking forward to using these headphones and when I tried to use them they didn’t work. \n\nSo, could you please look into this matter? Either provide me with a full refund or let me return this headphone in exchange for a new working headphone. Just let me know what information you need from me and I will give that to you right away. \n\nHave a good day and please get back to me soon. \n\nThank you, \nName.
741	HuggingFaceH4/zephyr-7b-beta	Generation	In springtime's gentle awakening,\nNature starts her cycle spinning,\nThe rain accompanies the blooming\nOf sweet flowers where our spirits begin to singin'.\n\nThe trees increase their height,\nReaching higher to the sun,\nWhile gentle breezes commence their flight,\nTheir dance begins with a passion conjun'\n\nStylized butterfly begins her course,\nHer wings unfold to meet the light,\nA caterpillar transforms his whole course,\nNature's great poem where life is right.\n\nBees in search of honey mead,\nBumblebees peruse the garden,\nLadybirds and ants, the garden glade,\nNature's symphony, like a frenzied rapture clanden.\n\nSummer's heat comes fast and soon,\nAs plants and flowers take their final bow.\nBut nature continues her ever-moving tune,\nAn ever-flourishing ballet, that's how.\n\nSo let us appreciate this colourful scene,\nThis life that grows with such a strident rhythm,\nThe linguistic tendencies of nature's team,\nAs time passes, it may dissipate, but this - never dims.	In springtime's gentle swooning,\nNature starts to spin, \nThe rain accompanies the blooming \nOf sweet flowers where the lifting of our spirits begin.  \n\nThe trees increase their height, \nReaching higher to the sun, \nWhile gentle breezes commence their flight, \nTheir dance of passion has begun.\n\nThe stylized butterfly begins her course, \nHer wings unfold to meet the light, \nA caterpillar transforms his whole source, \nNature's great poem where life is right.  \n\nBees in search of honey mead, \nBumblebees peruse the gardens, \nLadybirds and ants come faster than one bargains\nNature's symphony, like a frenzied speed.  \n\nSummer's heat comes fast, and soon, \nAs plants and flowers take their final bow. \nBut nature continues her ever-moving tune, \nAn ever-flourishing ballet, that's how.  \n\nSo let us appreciate this colorful scene, \nThis life that grows with such a strident rhythm, \nThe linguistic tendencies of nature's team,\n It may dissipate as time passes, but its beauty still casts a prism.
751	HuggingFaceH4/zephyr-7b-beta	Generation	📸 "Watching my baby girl transform into a stunning young lady is bittersweet, but I'm so proud of the woman she's becoming. Here's a glimpse of her enchanting prom night in her breathtaking blue dress! #senioryear #prom2022 #cookiegirlgrown #prideandjoy"	📸 "My baby is growing up right before my very eyes, and I'm so proud of the amazing young woman she's becoming 🥹 Look how enchanting she looks for prom night in her breathtaking blue dress!🤩 #SeniorYear #Prom2022 #BlueBellOfTheBall #PrideAndJoy"
752	HuggingFaceH4/zephyr-7b-beta	Generation	Excited to hear that our town is adding new traffic cameras at the busy intersection by the mall! Hopefully, this will make crossing the street safer for pedestrians like me and help reduce congestion for drivers during rush hour. Thanks, [TownName] for always putting safety first! ⌚🚗👣 #TrafficSafety #NewTownInnovation #CommunityFirst [TownName]TownHall handle optional.	I am so happy that our [Town Name] is adding new cameras at the intersection at [Location]. Hopefully, crossing the street will be safer for pedestrians and there will be less congestion for drivers during rush hour. I love the fact that in [Town Name], our safety comes first. ⌚🚗👣 #TrafficSafety #NewTownInnovation #CommunityFirst #[Town Name]#[Optional Town Hall Handle]
761	mistralai/Mistral-7B-Instruct-v0.1	Generation	Universal Basic Income (UBI) is a concept that has gained traction in recent years as a potential solution to many of the world's ills, including poverty, inequality, and unemployment. UBI is a form of government welfare that provides a steady income to all citizens, regardless of their employment status or earning potential. The idea behind UBI is to provide a safety net for those who fall through the cracks of the traditional job market and to give everyone a chance to pursue their passions and interests without the fear of financial instability. Supporters of UBI argue that it could help to reduce poverty levels and improve overall well-being, while opponents caution that it could lead to a disincentive to work and a reduction in job opportunities.	The concept of Universal Basic Income, or UBI, has gained a lot of traction over the past few years as the potential solution to many of the world's problems, like poverty, inequality, and unemployment. UBI is a kind of government welfare that gives a steady income to all citizens, no matter what their employment status or earning potential. \n\nThe idea behind UBI is that it could be a safety net for those who fall through the cracks in the job market and allow everyone to pursue their interests and passions without worrying about financial instability. Proponents of UBI believe it would reduce poverty levels and improve overall well-being. Opponents are skeptical of the concept because they argue it would incentivize people not to work and it could reduce job opportunities.
765	HuggingFaceH4/zephyr-7b-beta	Generation	1. Bodyweight exercises: Do push-ups, squats, lunges, and planks in your room. You can use a chair or a wall for support if you're a beginner.\n\n2. Dance workout: Follow Dance Workout for Beginners or HIIT Dance Routine videos on YouTube. They're fun and don't require any equipment.\n\n3. Yoga: Practice yoga poses such as Warrior I, Downward Facing Dog, and Mountain Pose in your room. Many apps and YouTube videos offer beginner yoga classes.\n\n4. Stair Workout: Climb up and down the stairs at home for a few minutes at a time. Make it more challenging by doing jumping jacks or doing lunges while going up and down.\n\n5. Wall Sit: Stand with your back against a wall and your feet shoulder-width apart. Slide down the wall into a seated position and hold for 30 seconds to 1 minute.\n\n6. Chair Exercises: Sit-ups, leg raises, and heel raises are exercises that can be done while sitting in a chair.\n\n7. Jumping Jacks: Do 1-2 sets of 10-15 jumping jacks to get your heart rate up and warm-up your muscles.\n\n8. Walking Laps: If you have a long hallway or a spacious room, walk back and forth a few times. You can also do laps around your house.\n\n9. Deskercise: While seated, do leg raises, chair squats, and calf raises.\n\n10. Home Workouts: Try out workout apps or YouTube videos designed specifically for a home workout. They cater to different fitness levels and duration preferences.	1. Bodyweight exercises (push-ups, lunges, squats)\n\n2. Dance/HIIT workout\n\n3. Yoga \n\n4. Stair Workout\n\n5. Wall Sit\n\n6. Chair Exercises: (sit-ups, leg raises, and heel raises)\n\n7. Jumping Jacks\n\n8. Walking Laps around the house\n\n9. Deskercise (leg raises, chair squats, and calf raises)\n\n10. Home Workouts on YouTube
779	mistralai/Mistral-7B-Instruct-v0.1	Generation	1. Nutritional yeast: It has a cheesy, nutty flavor and can be used in place of cheese in many recipes.\n2. Mashed potatoes: When mixed with eggs and spices, it can create a creamy texture that's very similar to cheese.\n3. Spinach: It can be used in place of cheese in quiches, frittatas, and other egg-based dishes.\n4. Avocado: Mashed avocado can be used in place of cheese in sandwiches, wraps, and salads.\n5. Silken tofu: When dissolved in a sauce, it can create a creamy texture that's similar to cheese.\n6. Cashew cream: Blended in a food processor, cashews can be used to create a creamy sauce that's often used in place of cheese.\n7. Vegan cheese alternatives: There are many dairy-free cheeses available that are made from soy, nuts, and other plant-based ingredients.	1. Nutritional yeast: It's often used in place of cheese in recipes because it has a cheesy, nutty flavor.\n2. Mashed potatoes: Add eggs and spices to your mash to create a creamier texture that is similar to cheese.\n3. Spinach: Substitute cheese for spinach in your quiches, frittatas, and other egg-based dishes.\n4. Avocado: Mash an avocado and use in sandwiches, wraps, and salads.\n5. Silken tofu: When dissolved into sauce, it can create a creamy texture like cheese.\n6. Cashew cream: Blend cashews in a food processor for a creamy sauce that can replace cheese.\n7. Vegan cheese alternatives: You might also try any of the many dairy-free cheeses available,  made from soy, nuts, and other plant-based ingredients.
780	mistralai/Mistral-7B-Instruct-v0.1	Generation	"Nothing beats the adrenaline rush of finishing a killer track! 🎼🎧 #musicproduction #beats #audiophile"	Producing a killer beat is such a thrill! 🎧🔥 #audiophile #newmusicsoon
784	mistralai/Mistral-7B-Instruct-v0.1	Generation	Sure! Here are the steps to check your car's tire pressure:\n1. Find the tire pressure recommended by the manufacturer, which is usually located inside the driver's side door jamb or in the owner's manual.\n2. Check the tire pressure when the tires are cold, since warm air can cause the pressure to be higher.\n3. Use a tire pressure gauge to check each tire individually. Insert the needle into the tire's valve and record the reading.\n4. Compare the tire pressure to the recommended pressure. If the pressure is too low, you may need to inflate the tire.\nHere are the steps to inflate your tires:\n1. Locate the inflator valve, which is typically a small button or valve inside the tire.\n2. Insert your tire pressure gauge into the inflator valve.\n3. Turn on the inflator and follow the gauge's instructions to inflate the tire to the recommended pressure.\n4. Turn off the inflator and remove the gauge from the inflator valve.\n5. Check again to make sure the tire pressure is at the recommended level. If necessary, you may need to adjust the inflation further.\nRemember to check your tire pressure regularly, especially before long trips or when driving on unfamiliar roads. Proper tire pressure keeps your tires running smoothly, improves fuel efficiency, and helps keep you and passengers safe on the road.	How to check a vehicle's tire pressure:\n1. First, find the tire pressure recommended by the manufacturer. In many vehicles, recommended tire pressure is presented on a plate or sticker inside the driver's side door jamb or on the inside of the fuel tank flap. It can also be found in the owner's manual or online.\n2. Always check tire pressure when the tires are cold, since heat raises pressure.\n3. Locate the inflator valve, which is usually a small valve that passes through the wheel rim.\n4. Using a tire pressure gauge, check each tire individually. You need to insert the gauge’s needle into the tire's valve and note the reading. \n5. Compare with the recommended pressure. If the pressure is too low, you need to inflate the tire. \n\nHow to inflate your tires: \n1. Insert the tire pressure gauge into the inflator valve. \n2. Turn on the inflator and follow the gauge's instructions to inflate the tire to the recommended pressure. \n3. Turn off the inflator and remove the gauge from the inflator valve. \n4. Check again to make sure the tire pressure is at the recommended level. \n\nYou may need to adjust the pressure again slightly, either up or down.\n\nIt’s a good idea to check tire pressure regularly, especially before long trips or when the car hasn’t been used in a while. Proper tire pressure means you hold the road better, increases your tires’ life expectancy, improves fuel efficiency, and helps keep you and your passengers safe on the road.
785	mistralai/Mixtral-8x7B-Instruct-v0.1	Generation	Introducing the Talking Commode™: the throne that chats while you do your thing! This innovative bathroom companion is perfect for those lonely trips to the loo. The Talking Commode™ features a state-of-the-art voice recognition system that allows it to engage in witty banter, tell jokes, and even offer words of encouragement as you go about your business.\n\nSay goodbye to awkward small talk with the Talking Commode™! Our advanced AI technology ensures that your porcelain pal always has something interesting to say. From current events to sports to pop culture, the Talking Commode™ is a well-informed conversationalist that will keep you entertained for hours.\n\nBut the Talking Commode™ isn't just a one-trick pony. It's also equipped with a high-quality speaker system that can play your favorite tunes, podcasts, or audiobooks while you do your business. Plus, with its built-in night light, the Talking Commode™ is the perfect addition to any late-night bathroom run.\n\nSo why settle for a boring old toilet when you can have a Talking Commode™? With its endless supply of jokes, witty banter, and entertaining conversation, this is one throne that will never leave you feeling lonely.\n\nSlogan: "The Talking Commode™: Because even your toilet should be a friend."	Introducing the Talking Commode™: the throne that chats while you do your thing! This chatty bathroom innovation is perfect for anybody who has ever felt lonely in the loo. The Talking Commode™ features a state-of-the-art voice recognition system that allows it to engage in witty banter, tell jokes, review your performance, and even offer words of encouragement as you go about your business. \n\nBanish those awkward silences, say goodbye to awkward small talk with the Talking Commode™! Our advanced AI technology ensures that your porcelain pal always has something moving to say. Whether it’s current events, sports, or pop culture, the Talking Commode™ is a well-informed conversationalist that will keep you entertained for as long as you’re in there. \n\nAnd this conversational stool  isn't just a one-trick pony: it comes equipped with a high-quality speaker system as standard that will cover embarrassing noises with your favorite tunes, podcasts, or audiobooks. Plus, with its built-in night light, the Talking Commode™ is the perfect addition to any late-night bathroom run. So why settle for a boring old toilet when you can have a smart toilet with an endless stream of jokes and witty banter, and a steady flow of entertaining conversation?  \n\nSlogan: "The Talking Commode™: You’re never alone with a talking throne."
790	mistralai/Mixtral-8x7B-Instruct-v0.1	Open QA	A nautical mile is a unit of length used for navigation, particularly at sea and in the air. It is slightly longer than a statute mile, which is the standard land measurement in the U.S. A nautical mile is equivalent to 1.1508 statute miles, or approximately 1,852 meters. This difference exists because a nautical mile is defined as one minute of latitude, which is based on the Earth's circumference, whereas a statute mile has historical origins and its length varies slightly from country to country.	The nautical mile, which is utilized for navigation purposes in both sea and air travel, is a bit longer than the mile used on land, also known as the statute mile. The nautical mile is equivalent to approximately 1.1508 statute miles, which is because a nautical mile is defined as one minute of latitude.
791	mistralai/Mixtral-8x7B-Instruct-v0.1	Open QA	As of my last update, the top-rated tennis players are Novak Djokovic for men's singles and Ashleigh Barty for women's singles. However, these rankings can change frequently, so I recommend checking the latest ATP (Association of Tennis Professionals) and WTA (Women's Tennis Association) rankings for the most current information.	As of 2021, Novak Djokovic for men's singles and Ashleigh Barty for women's singles are the top-rated tennis players. These rankings change frequently, so it is recommended that you check the latest ATP (Association of Tennis Professionals) and WTA (Women's Tennis Association) rankings for current information.
792	mistralai/Mixtral-8x7B-Instruct-v0.1	Open QA	Taylor Swift's first hit single was "Tim McGraw," and it was released on June 19, 2006. The song is the lead single from her self-titled debut studio album, "Taylor Swift," and it became a major success in the United States, peaking at number 6 on the Billboard Hot Country Songs chart and number 40 on the US Billboard Hot 100. The song marked Swift's entry into country music and showcased her songwriting ability, as she wrote the song when she was just 16 years old.	Released on June 19, 20006, "Tim McGraw" was Taylor Swift's first hit single.
793	mistralai/Mixtral-8x7B-Instruct-v0.1	Open QA	The strongest hurricane to hit the United States based on wind speed is Hurricane Camille, which made landfall in 1969. It struck the Gulf Coast of Mississippi with sustained winds of 175 mph, making it a Category 5 hurricane. The storm caused extensive damage and loss of life. However, if we consider both wind speed and pressure, then Hurricane Irma (2017) and Hurricane Michael (2018) are tied as the strongest hurricanes to hit the U.S. mainland, each with sustained winds of 155 mph at landfall. Hurricane Katrina (2005) is also noteworthy due to its devastating impact, even though it was a Category 3 hurricane at landfall with lower wind speeds of 125 mph.	Based on wind speed, the strongest hurricane to hit the United States in Hurricane Camille, making landfall in 1969.
794	mistralai/Mixtral-8x7B-Instruct-v0.1	Open QA	Silk is a natural fiber that is produced by certain insects as a means of creating cocoons or protective coverings. The vast majority of silk comes from the silk worm Bombyx mori, which is cultivated specifically for the production of silk fibers. This species of silk worm feeds exclusively on the leaves of mulberry trees, and it is primarily in China and India where these silkworms are raised on mulberry plantations.\n\nThe process of silk production begins when the silk worm spins a cocoon around itself using a single silk thread that can be as long as 1-3 miles. To obtain the silk fiber, the cocoons are boiled in water, which kills the pupae inside and causes the silk threads to be released. These threads are then collected, twisted together to form a single strand, and wound onto a spool.\n\nIt is worth noting that there are other types of silk produced by different insects, such as the wild silk produced by the Saturniidae moths, which include the African silkworm and the Japanese silkworm. However, the silk produced by these moths is less uniform and generally considered to be of lower quality than the silk produced by the Bombyx mori silk worm.	Silk comes from the Bombyx mori. A natural fiber, silk is made using the secreted glands of these worms. The worms are fed mulberries and the larvae spin cocoons.
795	mistralai/Mixtral-8x7B-Instruct-v0.1	Open QA	1. Deep Breathing Exercises: Deep breathing is a simple and effective technique to manage stress and anxiety. It involves focusing on your breath and taking slow, deep breaths in through your nose and exhaling slowly through your mouth. This helps to activate the body's relaxation response, which can lower your heart rate, blood pressure, and help you feel more calm and centered. One example of a deep breathing exercise is the "4-7-8" technique: inhale for 4 seconds, hold your breath for 7 seconds, and exhale for 8 seconds. Repeat this process several times until you feel your stress and anxiety begin to dissipate.\n\n2. Progressive Muscle Relaxation: This technique involves tensing and then releasing different muscle groups in your body to help you relax and reduce tension. Start by tensing the muscles in your toes and feet for a count of 5, then release the tension and focus on the feeling of relaxation that spreads through your feet. Move on to your legs, stomach, back, hands, arms, neck, and face, tensing and releasing each muscle group in turn. This technique can help you become more aware of physical sensations associated with stress and anxiety, and can help you learn to release tension and promote relaxation.\n\n3. Mindfulness Meditation: Mindfulness meditation involves focusing your attention on the present moment, without judgment or distraction. This can help you to become more aware of your thoughts and feelings, and to develop a greater sense of calm and clarity. One example of a mindfulness meditation practice is to focus on your breath, noticing the sensation of the air moving in and out of your body. When your mind wanders, gently bring your attention back to your breath. This practice can help you to develop a greater sense of awareness and acceptance, and can help you to manage stress and anxiety in a more effective way.	1. **Deep Breathing Exercises**: Imagine you're sitting quietly by a serene lake, taking a moment just for yourself. As you breathe in deeply through your nose, imagine drawing in the tranquility around you, filling your lungs with peace. Exhaling slowly through your mouth, envision releasing any tension or worries, like leaves floating away on the water's surface. The "4-7-8" technique, where you breathe in for four seconds, hold for seven, and exhale for eight, becomes a gentle rhythm that helps wash away stress, grounding you in the moment and soothing your mind.\n\n2. **Progressive Muscle Relaxation**: Think of this technique as a quiet conversation between you and your body, a way to check in with each part of yourself. Start at your toes, tightening them as if gently grabbing a soft blanket with your feet, then slowly let go, feeling a wave of relaxation rise up your body. Continue this gentle engagement and release with each muscle group—your calves, thighs, hands, arms, shoulders, and even your face. It's like giving yourself a gentle wave of massages, easing the knots of your day and leaving you in a state of relaxed awareness.\n\n3. **Mindfulness Meditation**: Picture yourself in a cozy, sunlit corner of your room, simply sitting and being present. As you engage in mindfulness meditation, focus on the here and now, observing your breath as if it were the gentle rise and fall of the ocean's tide. Acknowledge your thoughts and feelings as if they were leaves floating down a stream, observing them without judgment as they drift by. This practice isn't about clearing your mind but rather about being an observer, cultivating a space of acceptance and peace within yourself, helping you navigate the ebbs and flows of daily stress and anxiety with grace.
796	mistralai/Mixtral-8x7B-Instruct-v0.1	Open QA	The oldest known tree in the world is a Bristlecone Pine (Pinus longaeva) located in the White Mountains of California, USA. Known as Methuselah, it is over 4,800 years old. However, its exact location is kept secret to protect it from potential vandalism.	Methuselah, a Bristlecone Pine (Pinus longaeva) is the oldest known tree in the world. Located in the White Mountains of California in the United States, it is over 4,800 years old; however, its exact location is kept secret to protect it from potential harm or vandalism.
797	mistralai/Mixtral-8x7B-Instruct-v0.1	Open QA	John Godber was born on May 8, 1956. He is a renowned English playwright, director, and teacher, best known for his observational dramas and comedies that often revolve around working-class characters and settings. Some of his most famous works include "Bouncers," "Teechers," "Up 'n' Under," "Shakers," and "April in Paris." He has won several awards for his contributions to theatre, including the Laurence Olivier Award for Best New Comedy. Godber is also known for his work as a professor of drama at the University of Hull.	John Godber, born on May 8, 1956, is an esteemed English playwright, director, and educator, celebrated for his keen eye in portraying the dynamics of working-class life through drama and comedy. His notable creations, such as "Bouncers," "Teechers," "Up 'n' Under," "Shakers," and "April in Paris," resonate widely, capturing the essence of everyday challenges and triumphs. His contributions to theatre have earned him numerous accolades, including the prestigious Laurence Olivier Award for Best New Comedy. Beyond the stage, Godber shares his passion and expertise in drama as a professor at the University of Hull, where he continues to inspire the next generation of theatrical talent.
798	mistralai/Mixtral-8x7B-Instruct-v0.1	Open QA	Sephora is a French multinational retailer of personal care and beauty products. It was founded in 1969 by Dominique Mandonnaud, and was acquired by the luxury conglomerate LVMH in 1997. Sephora operates more than 2,600 stores in 35 countries worldwide, offering a wide range of beauty products, including makeup, skincare, fragrance, and haircare.\n\nThe company is known for its interactive, open-sell retail environment, which allows customers to test and experiment with products before purchasing. Sephora also offers a variety of services, such as makeup application, skincare consultations, and beauty classes, both in-store and online.\n\nIn addition to its physical stores, Sephora operates a popular e-commerce website and mobile app, which provide customers with access to thousands of products, as well as expert advice, tutorials, and other beauty-related content. Sephora has built a strong reputation as a leader in the beauty industry, and is often credited with helping to popularize the "try before you buy" approach to beauty retailing.	Sephora is a French multinational beauty retailer founded in 1970 by Dominique Mandonnaud and purchased by the luxury conglomerate LVMH in 1997. It operates over 2,500 stores in 32 countries and offers a wide range of beauty products, including makeup, skincare, fragrance, and haircare.\n\nThe company is known for its interactive, open-sell stores, which allow customers to test and experiment with products before buying. Sephora also offers various services, such as makeup application, skincare consultations, and beauty classes.\n\nSephora runs a popular e-commerce website and mobile app, providing customers access to thousands of products, expert advice, tutorials, and other beauty-related content. Sephora has a strong reputation as a leader in the beauty industry and often receives credit for popularizing the "try before you buy" approach to beauty retail.
799	mistralai/Mixtral-8x7B-Instruct-v0.1	Open QA	Sam Esmail, the creator of Mr. Robot, has cited several real-life events and inspirations that influenced the story and gave Elliott motivation in the series. Here are a few:\n\n1. The 2008 Financial Crisis: The economic downturn and the collapse of several financial institutions played a significant role in shaping the backdrop of the series. Esmail wanted to explore the consequences of unchecked corporate greed and income inequality.\n\n2. Hacking and Whistleblowing Scandals: Real-life hacking incidents and whistleblowing cases, such as the WikiLeaks scandal and the work of hacktivist groups like Anonymous, inspired various storylines and characters in Mr. Robot.\n\n3. Mental Illness: Elliott's struggle with social anxiety, depression, and dissociative identity disorder (DID) is a central aspect of his character. Esmail drew inspiration from his own experiences with social anxiety and wanted to portray mental illness in a realistic and empathetic manner.\n\n4. The Matrix (1999): The groundbreaking science-fiction film influenced Mr. Robot's visual style and its exploration of technology, reality, and the human condition.\n\n5. Fight Club (1996) by Chuck Palahniuk: This novel's themes of disenfranchisement, rebellion, and the blurred lines between reality and delusion resonated with Esmail and can be seen as an influence on the series.\n\n6. The Personal Computer Revolution: The democratization of technology and the rise of personal computing played a crucial role in the inception of Mr. Robot. Esmail wanted to explore the impact of technology on society and the individual.\n\n7. The Arab Spring: The series touches upon themes of revolution and uprising, which were inspired by real-life events like the Arab Spring. Esmail wanted to delve into the complexities of political change and its potential consequences.\n\n8. The Hacking Group fsociety: The hacking group in Mr. Robot was inspired by the hacktivist collective Anonymous, which is known for its political activism and cyberattacks against various targets.\n\n9. V for Vendetta (1982) by Alan Moore and David Lloyd: This graphic novel, with its themes of rebellion, anarchy, and the power of symbols, has been cited by Esmail as an influence on the series.\n\n10. The Life and Work of Edward Snowden: The former National Security Agency (NSA) contractor's revelations about global surveillance programs influenced the show's exploration of privacy, power, and control.	Sam Esmail has credited a few real-life events that contributed to Elliot's motivation and influenced the story.\n\n1. The economic collapse that occurred during the 2008 financial crisis helped shape the series’ backdrop. Esmail explored the ideas of corporate greed and financial inequity.\n\n2. Whistleblowing and hacking events, like the WikiLeaks scandal and hacktivism groups, particularly Anonymous, inspired many of the characters and storylines in Mr. Robot. \n\n3. Esmail’s own struggles with mental health, especially social anxiety, played a significant role in shaping Elliot’s character. Elliot suffered from social anxiety, depression, and dissociative identity disorder (DID). Esmail’s goal was to raise awareness and address mental illness in a way that would be received with empathy by the audience.\n\n4. The hit movie The Matrix, starring Keanu Reeves, inspired the visuals in Mr. Robot, as well as its focus on technology and science fiction.\n\n5. Another movie hit, Fight Club, starring Edward Norton and Brad Pitt, inspired the themes, exploring rebellion and the grey area between reality and delusion. These ideas struck a chord with Esmail, as can be seen in the series.\n\n6. The creation of Mr. Robot was heavily influenced by the Personal Computer Revolution, bringing with it the democratization of technology. Esmail explored these issues, observing the relationship between technology and people.\n\n7. The Arab Spring caused Esmail to explore the complexities of politics, which can be seen throughout the series, which delves into themes of revolution and uprising.\n\n8. V for Vendetta (1982) by Alan Moore and David Lloyd: The graphic novel V for Vendetta influenced the series in terms of anarchy, rebellion, and symbols, according to Esmail. \n\n9. Revelations about the global surveillance program of Edward Snowden, a former National Security Agency contractor, played a role in the series focus on privacy, power, and control.
800	mistralai/Mixtral-8x7B-Instruct-v0.1	Open QA	While foxes are known for their ability to squeeze into small spaces due to their flexible bodies, they typically cannot fit down rabbit burrows. Rabbit burrows, or warrens, often have tunnels that are too narrow for adult foxes to navigate. However, foxes may use abandoned rabbit burrows as dens, but they would need to be large enough to accommodate the fox. Additionally, foxes may dig their own burrows or take over burrows of other animals, such as badgers.	Foxes are known for their ability to squeeze into small spaces due to their flexible bodies, but they typically cannot fit down rabbit burrows. Rabbit burrows, or warrens, often have tunnels too narrow for adult foxes to fit in to and fully explore. Foxes sometimes use abandoned rabbit burrows as dens, but they must be large enough to accommodate the fox. Additionally, foxes dig their own burrows or take over burrows of other animals, such as badgers.
801	mistralai/Mixtral-8x7B-Instruct-v0.1	Open QA	Plants are green because they have a green pigment called chlorophyll, which helps them make their own food through a process called photosynthesis. This is similar to how we use ingredients and a recipe to cook food; plants use sunlight, water, and carbon dioxide to "cook up" their own food! Just as chefs wear aprons to protect their clothes, plants have chlorophyll to absorb sunlight and give them energy for cooking. Since chlorophyll absorbs blue and red light most efficiently, the green light is reflected back to our eyes, making the plants appear green.	Plants are green because they have a green pigment called chlorophyll, which helps them make their own food through a process called photosynthesis. This is similar to how we use ingredients and a recipe to cook food; plants use sunlight, water, and carbon dioxide to make their own food! Plants have chlorophyll in their 'skin' which allows them to absorb sunlight, giving them energy for making food. Since chlorophyll absorbs blue and red light most efficiently, the green light is reflected back to our eyes, making the plants appear green.
809	mistralai/Mixtral-8x7B-Instruct-v0.1	Open QA	Acid reflux, also known as gastroesophageal reflux disease (GERD), is caused by the backflow or reflux of stomach acid into the esophagus. This can occur due to various reasons:\n\n1. Weakness or Relaxation of the Lower Esophageal Sphincter (LES): The LES is a muscle that acts as a valve between the esophagus and stomach. If it weakens or relaxes abnormally, stomach acid can flow back into the esophagus.\n\n2. Increased Pressure on the Abdomen: Obesity, pregnancy, or tight clothing can increase pressure on the abdomen, pushing stomach content up into the esophagus.\n\n3. Hiatal Hernia: This is a condition where a part of the stomach moves above the diaphragm into the chest cavity. The diaphragm usually helps keep acid in the stomach, but when a hiatal hernia is present, it can allow acid to leak into the esophagus.\n\n4. Eating Habits: Eating large meals, especially close to bedtime, can cause acid reflux. Certain foods and drinks, such as spicy foods, fatty foods, citrus fruits, tomato-based products, chocolate, caffeine, carbonated drinks, and alcohol, can also trigger acid reflux.\n\n5. Smoking: Smoking can weaken the LES and stimulate stomach acid production, leading to acid reflux.\n\n6. Certain Medications: Some medications, such as aspirin, ibuprofen, and some muscle relaxants and blood pressure drugs, can contribute to acid reflux.\n\n7. Age: The risk of acid reflux increases with age due to changes in the function of the LES.\n\n8. Medical Conditions: Certain medical conditions like gastroparesis (delayed stomach emptying), Zollinger-Ellison syndrome (a rare condition that causes increased stomach acid production), and connective tissue disorders can also cause acid reflux.	Acid reflux occurs when acid from food flows back into the esophagus. The burning sensation is referred to as heartburn.\n \nThere are a variety of causes of acid reflux, including:\n \n1. Eating large meals: Eating a large meal means your stomach needs to work harder to digest the food, increasing your chances of getting acid reflux.\n\n2. Eating too fast: When you eat too quickly, it means that your stomach has to digest a lot in a short time which can cause acid reflux. \n\n3. Working out straight after eating: Not only can exercise cause your stomach content to move around but bending and lifting can cause stomach acid to rise, resulting in acid reflux. \n\n4. Certain foods: fatty foods, spicy foods, tomatoes, fizzy drinks, chocolate, onions, and other foods can cause acid reflux. Caffeine and alcohol have also been linked to acid reflux.\n\n5. Pressure on your stomach: Wearing tight clothes, including belts and waistbands, can push acid up into your esophagus and cause acid reflux. This also applies to pregnancy and obesity. \n \n6. Eating too close to bedtime: If you go to bed soon after eating, acid reflux can occur as you recline into a lying-down position. \n\n7. Age: As we age, our LES (Lower Esophageal Sphincter) becomes weaker, leading to acid reflux. \n \n8. Medication: Certain medications, like painkillers, antihistamines, and sedatives, can cause acid reflux.\n \n9. Smoking: Smoking can weaken the LES (Lower Esophageal Sphincter) and cause acid reflux. \n \n10. Certain foods: fatty foods, spicy foods, tomatoes, fizzy drinks, chocolate, onions, and other foods can cause acid reflux. Caffeine and alcohol have also been linked to acid reflux.
813	mistralai/Mixtral-8x7B-Instruct-v0.1	Open QA	The best-selling video game of all time is "Minecraft," a sandbox game that allows players to build and explore their own worlds. Developed by Mojang Studios, it was first released in 2011 and has sold over 200 million copies across all platforms as of 2021. The game is available on multiple platforms including PC, consoles, and mobile devices.\n\n"Minecraft" is known for its pixelated graphics and creative gameplay, where players can gather resources, craft items, and build structures in a blocky, procedurally-generated 3D world. The game also has a survival mode, where players must fend off monsters that come out at night.\n\nThe game's success is due in part to its accessibility, as it can be played on a wide range of devices, and its popularity among both children and adults. The game also has a strong modding community, which has contributed to its longevity and continued relevance in the gaming world.	Minecraft, the best-selling video game of all time, is a sandbox game that allows players to build and explore. It was fully released in 2011 by developer Mojang Studios and has sold over 200 million copies across all platforms as of 2021. The game is available on multiple platforms, including PCs, consoles, and mobile devices.\n\nMinecraft is known for its pixelated graphics and creative gameplay. In a blocky, procedurally generated 3D world, players can gather resources, craft items, and build structures. There is also a survival mode where players fend off monsters that come out at night.\n\nThe game's success is due in part to its accessibility on a wide range of devices and its popularity among both children and adults. The game also has a large modding community, contributing to its longevity and continued relevance in the gaming world.
818	mistralai/Mixtral-8x7B-Instruct-v0.1	Open QA	"Memento" is a psychological thriller film released in 2000, directed by Christopher Nolan. The movie is known for its unique narrative structure, presented in reverse chronological order.\n\nThe main character, Leonard Shelby, is portrayed by Guy Pearce. Here is a list of the significant actors in the film:\n\n1. Guy Pearce as Leonard Shelby\n2. Carrie-Anne Moss as Natalie\n3. Joe Pantoliano as Teddy\n4. Mark Boone Junior as Burt\n5. Stephen Tobolowsky as Sammy Jankis\n6. Harriet Sansom Harris as Mrs. Jankis\n7. Jorja Fox as Leonard's Wife (appears in flashback scenes)\n\nThese actors contributed to the compelling and thought-provoking storytelling in "Memento."	"Memento," a 2000 psychological thriller directed by Christopher Nolan, is renowned for its innovative storytelling that unfolds in reverse order. The film explores the complexities of memory and identity through its protagonist, Leonard Shelby, and features a talented cast:\n\n1. Guy Pearce as Leonard Shelby, who delivers a compelling performance.\n2. Carrie-Anne Moss as Natalie, adding depth and intensity to her role.\n3. Joe Pantoliano, as Teddy, contributes to the film's intrigue.\n4. Mark Boone Junior as Burt, enhancing the film's dramatic depth.\n5. Stephen Tobolowsky as Sammy Jankis, whose poignant story intertwines with Leonard's quest.\n6. Harriet Sansom Harris as Mrs. Jankis adds to the narrative's emotional complexity.\n7. Jorja Fox layers the narrative in flashback scenes as Leonard’s wife.\n\nTogether, this ensemble delivers a powerful and thought-provoking experience that resonates with audiences long after the credits roll.
823	mistralai/Mixtral-8x7B-Instruct-v0.1	Open QA	The original Macintosh computer was first launched by Apple on January 24, 1984. It was introduced during an iconic advertisement broadcast during the third quarter of the Super Bowl XVIII, and the official launch took place at the Flint Center for the Performing Arts in Cupertino, California. The Macintosh, often simply called the Mac, was significant as it was one of the first commercially successful personal computers to feature a graphical user interface, built-in screen, and mouse, making it more user-friendly compared to other computers at the time.	Apple launched the original Macintosh computer, or Macintosh 128k, on January 24, 1984. They introduced the Macintosh, often called the Mac, during the third quarter of the Super Bowl XVIII in an iconic "1984" advertisement broadcast. The official launch took place at the Flint Center for the Performing Arts in Cupertino, California. The Macintosh was significant as it was one of the first commercially successful personal computers to feature a graphical user interface, built-in screen, and mouse, making it more user-friendly than other computers.
825	HuggingFaceH4/zephyr-7b-beta	Open QA	1. China: As of 2021, China is the most populous country in Asia, with an estimated population of over 1.4 billion people.\n\n2. India: India is the second most populous country in Asia, with a population of over 1.3 billion people in 2021.\n\n3. Indonesia: Indonesia is the fourth most populous country in the world and the third most populous country in Asia, with a population of approximately 273 million people in 2021.\n\n4. Pakistan: Pakistan ranks fourth in terms of population in Asia and is estimated to have about 225 million people in 2021.\n\n5. Bangladesh: Bangladesh is the eighth most populous country in the world and the fifth most populous country in Asia, with an estimated population of around 173 million people in 2021.\n\nNote: The population data is subject to regular updates and may vary depending on the source used.	The five most populated Asian countries are India, Indonesia, Pakistan, Bangladesh, Japan, and the Philippines.\nIndia accounts for 30.1% of the total population increase in Asia, with 1,441,719,852 live there, making up 17.8% of the world's population. \n1,425,671,352 people are living in China, and the country accounts for 29.8% of the Asian population.\nIndonesia is Asia's third most populated country, with a population of 279,798,049. \nPakistan is the fourth most populated Asian country, making up 3.02% of the world's population and 5.85% of Asia's, with 245,209,815 currently living there. \nThe fifth most populated country in Asia is Bangladesh, which has a population of 174,701,211.
828	HuggingFaceH4/zephyr-7b-beta	Open QA	"As Toyah Wilcox, I have enjoyed a successful career spanning several decades in the music and entertainment industry. While I have had many beloved hits throughout my career, unfortunately, none have reached the coveted number-one spot on the charts. However, I remain proud of all of my musical achievements and will continue to create and share my music with my devoted fans."	I'm Toyah Wilcox, musician and entertainer. Though none have reached the coveted number-one spot, I've made many a hit throughout my successful career. I remain proud of all of my musical achievements and will continue to create and share my music with my devoted fans.
829	HuggingFaceH4/zephyr-7b-beta	Open QA	The largest concert attendance ever in the United States was at the Farm Aid concerts held on September 22, 1985, and September 7, 1986. Both events were held at Memorial Stadium in Champaign, Illinois, and each attracted a crowd of approximately 120,000 people.\n\nFarm Aid is an annual concert and initiative founded by Farm Aid board members Willie Nelson, John Mellencamp, and Neil Young in response to the farm crisis of the 1980s. The event raises money for Farm Aid's mission to keep family farmers on the land, develop new markets for family farmers' products, and promote policies that will support a family farmer-controlled, sustainable agriculture system.\n\nNotable performers at the 1985 Farm Aid concert included Willie Nelson, Neil Young, John Mellencamp, Bob Dylan, and B rugby and jazz guitarist Sonny Landreth. In addition to the musical lineup, the concert featured speeches from U.S. Senator Art Donovan and Governor James Thompson.\n\nThe Farm Aid concerts are estimated to have raised millions of dollars for family farmers in need, making a significant impact on the agriculture industry in the United States. The only other concert to top 100,000 attendees in the United States was a 1973 Grateful Dead concert at the Barbary Coast Festival in Kent, Ohio. However, that concert reportedly saw around 150,000-200,00 people, making it the largest outdoor concert in history at the time.	There are several candidates for largest concert attendance ever in the United States, and the question is much debated. For many years, the 1969 Woodstock festival and the 1973 Watkins Glen festival, both held in upstate New York, were held to have drawn the largest ever crowds in the US. Woodstock drew an estimated 460,000 to 500,000 people, while Watkins Glen is estimated to have drawn more than 600,000. In both cases, concert organizers were obliged to open the venues to all comers, making accurate tallying impossible. \n\nHowever, both these events were festivals featuring several acts and which went on over a number of days. Woodstock was a three-day festival with a large number of acts. Watkins Glen was originally intended as a one-day festival, featuring the Grateful Dead, the Band and the Allman Brothers, but there were so many people already present on the day before the show that the soundchecks turned into an impromptu concert, and consequently Watkins Glen became a two-day event.\n\nIn terms of concerts rather than festivals, an early record-holder was a Grateful Dead show at Raceway Park in Englishtown, New Jersey on September 3, 1977. The concert drew 107,019 people. That record was blown out of the water in 1981, when Simon and Garfunkel played a free benefit concert on the Great Lawn in Central Park, New York City, which is reputed to have drawn as many as 500,000 people. The figure is unconfirmed, since there were no entrance gates or other forms of official tally taken on the day. This show was the first of many that have drawn ever greater crowds to Central Park. Garth Brooks is said to have drawn a crowd of 980,000 to the same venue in 1997, while the New York Philharmonic plays annually to vast crowds.\n\nAccording to the Guinness Book of Records, a 1986 concert by French electronic musician Jean Michel Jarre in Houston drew an official tally of 1.2 or 1.3 million, making this the largest ever concert attendance in the United States.
831	mistralai/Mixtral-8x7B-Instruct-v0.1	Open QA	Nellie Bly was the pen name of Elizabeth Cochrane Seaman, an American investigative journalist, industrialist, inventor, and philanthropist who was best known for her record-breaking trip around the world in 72 days, which was inspired by Jules Verne's novel "Around the World in Eighty Days." She was born on May 5, 1864, in Cochran's Mills, Pennsylvania, and died on January 27, 1922, in New York City.\n\nBly began her journalism career in 1885, when she responded to a sexist editorial in the Pittsburgh Dispatch with a passionate letter to the editor. The editor was impressed with her writing style and offered her a job as a reporter. She later moved to New York City, where she worked for the New York World newspaper.\n\nBly is best known for her undercover investigative reporting, including her expose of the mistreatment of patients at the Women's Lunatic Asylum on Blackwell's Island, which was published as a series of articles in the New York World in 1887. She feigned mental illness to gain admission to the asylum and reported on the inhumane conditions and abuse she witnessed there.\n\nBly's trip around the world in 1889 made her an international celebrity. She traveled with a small bag of clothing and a single change of underwear, and her journey was followed closely by newspapers around the world. She returned to New York City after 72 days, 6 hours, and 11 minutes, having broken the record set by Phileas Fogg in Verne's novel.\n\nIn addition to her journalism career, Bly was also an inventor and industrialist. She patented a number of inventions, including a milk can and a stacking garbage can, and founded the Iron Clad Manufacturing Company, which produced steel barrels and other metal products. She was also a philanthropist, using her wealth to support a variety of causes, including the establishment of a free kindergarten and the creation of a hospital for underprivileged children.	Nellie Bly was the pen name of Elizabeth Cochrane Seaman, an American investigative journalist, industrialist, and inventor, who was best known for her record-breaking trip around the world in 72 days, inspired by Jules Verne's novel "Around the World in Eighty Days." She was born on May 5, 1864, in Cochran's Mills, Pennsylvania, and died in New York City on January 27, 1922.\n\nBly's journalism career began in 1885 when she responded to a sexist editorial in the Pittsburgh Dispatch with a passionate letter to the editor. Impressed with her writing style, the editor offered her a job as a reporter. She later moved to New York City, where she worked for the New York World newspaper.\n\nAs an investigative reporter, Bly was known for her undercover assignments, including her exposé of the mistreatment of patients at the Women's Lunatic Asylum on Blackwell's Island, published as a series of articles in the New York World in 1887. She feigned mental illness to get admitted to the asylum and report on the inhumane conditions and abuse she witnessed there.\n\nBly's trip around the world in 1889 made her an international celebrity. She traveled light on various means of transportation, and her journey was followed closely by newspapers worldwide. She returned to New York City after 72 days, 6 hours, and 11 minutes, having broken the record set by Phileas Fogg in Verne's novel.\n\nIn addition to her journalism career, Bly was an inventor and industrialist. After her husband's death, she inherited the Iron Clad Manufacturing Company, which produced steel barrels and other metal products. She patented several inventions, including a milk can and a stacking garbage can.
832	mistralai/Mixtral-8x7B-Instruct-v0.1	Open QA	The Fibonacci sequence is a series of numbers in which each number is the sum of the two preceding ones, usually starting with 0 and 1. That is, the sequence goes: 0, 1, 1, 2, 3, 5, 8, 13, 21, 34, and so forth. It is named after the Italian mathematician Leonardo Fibonacci, who introduced it to the Western world in his 1202 book Liber Abaci.\n\nThe Fibonacci sequence is prevalent in various areas, including mathematics, nature, and computer science. Here are some examples:\n\n1. Mathematics: The Fibonacci sequence exhibits unique mathematical properties. For instance, the ratio of two consecutive Fibonacci numbers converges to the golden ratio (approximately 1.618) as the numbers in the sequence increase. This relationship is expressed as the limit of the sequence:\n\n   lim (n -> ∞) (F(n+1) / F(n)) = φ\n\n   where φ represents the golden ratio.\n\n2. Nature: Fibonacci numbers appear in various natural patterns, such as the arrangement of leaves on a stem, the spiral patterns in pinecones, and the branching of trees. These patterns follow the Fibonacci spiral, which is based on quarter-circle arcs with radii that follow the Fibonacci sequence.\n\n3. Computer Science: The Fibonacci sequence is applied in algorithmic design, particularly in dynamic programming and divide-and-conquer strategies. One common example is the Fibonacci search technique, which is an efficient algorithm for searching in sorted arrays.\n\n4. Art and Architecture: The golden ratio, derived from the Fibonacci sequence, is often used in art and architecture for aesthetically pleasing proportions. Many famous artworks and buildings incorporate the golden ratio in their design.\n\n5. Finance: Traders and analysts use Fibonacci retracement levels to predict potential support and resistance levels in financial markets. These levels are derived from the ratios of Fibonacci numbers and are used to identify key price points in a security's trend.\n\n6. Biology: The Fibonacci sequence appears in the reproduction patterns of certain species, such as the honeybee. The number of offspring in a honeybee colony follows the Fibonacci sequence, with the queen bee laying 1, 1, 2, 3, 5, and 8 eggs in successive cycles.\n\nIn summary, the Fibonacci sequence is a series of numbers with many applications in mathematics, nature, computer science, art, architecture, finance, and biology. The sequence exhibits unique properties and is often associated with the golden ratio, which is widely used for aesthetically pleasing proportions in various fields.	The Fibonacci sequence is like a string of pearls where each pearl's size is determined by the combined sizes of the two preceding it, starting simply with the smallest sizes of 0 and 1. This elegant pattern, named after the Italian mathematician Leonardo Fibonacci who brought it to light in his 1202 book "Liber Abaci," unfolds as 0, 1, 1, 2, 3, 5, 8, 13, 21, 34, and so on, spiraling outward infinitely.\n\nThis sequence weaves its magic across various facets of life, from the academic realms of mathematics to the natural world and even into the technological and artistic fields. Here’s a look at how:\n\n1. **In Mathematics**: The sequence reveals intriguing mathematical properties. For instance, the ratio between two successive numbers in this sequence edges closer to the golden ratio (about 1.618) as the numbers grow larger—a phenomenon epitomizing beauty and balance in mathematics.\n\n2. **In Nature**: If you’ve ever marveled at the spiral arrangement of leaves, the patterned dance of pinecone scales, or the branching of trees, you’ve witnessed the Fibonacci sequence in action. These natural structures follow the sequence’s growth, creating efficient and visually appealing forms through the Fibonacci spiral.\n\n3. **In Computer Science**: The sequence is a cornerstone in designing algorithms, particularly useful in optimizing searches and sorting tasks within computer programming through methods like the Fibonacci search technique. This technique leverages the sequence to break down large data sets into manageable segments, enhancing search efficiency.\n\n4. **In Art and Architecture**: The golden ratio, closely linked to the Fibonacci sequence, serves as a guidepost for harmony and proportion in art and architectural designs. Many renowned artworks and buildings draw upon this ratio to achieve their compelling aesthetics.\n\n5. **In Finance**: Financial experts utilize Fibonacci retracement levels to gauge market trends and predict critical points in price movements. These levels, derived from ratios found in the Fibonacci sequence, help pinpoint potential highs and lows during trading.\n\n6. **In Biology**: The sequence also pops up in the reproductive tactics of some species, like honeybees, where the numbers dictate the expanding family tree of queens and drones, illustrating nature’s penchant for order and predictability.\n\nIn essence, the Fibonacci sequence is more than just numbers—it's a universal language of growth and harmony, influencing diverse areas including science, nature, art, and more, continually revealing its underlying order in the seemingly chaotic world.
833	mistralai/Mixtral-8x7B-Instruct-v0.1	Open QA	The three types of learning styles that are widely recognized by educators are:\n\n1. Visual Learners: These individuals learn best through seeing and visualizing concepts. They benefit from diagrams, maps, charts, graphs, and other visual aids. Visual learners often prefer to take notes and use highlighting or color-coding to organize their thoughts.\n\n2. Auditory Learners: These learners absorb information most effectively when it is presented to them verbally, such as through lectures, discussions, and audio recordings. They may also learn well from rhymes and songs. Auditory learners often enjoy participating in class discussions and debates.\n\n3. Kinesthetic Learners: Also known as tactile learners, kinesthetic learners learn best through hands-on experiences and physical movement. They prefer to engage in activities that involve manipulating objects, participating in experiential learning, and role-playing. Kinesthetic learners often struggle with sitting still for long periods and may become fidgety or restless if not actively engaged in the learning process.\n\nIt is important to note that many people do not fit exclusively into one learning style category and may benefit from a combination of learning styles. Recognizing and catering to a student's preferred learning style can help improve their understanding, retention, and application of new information.	Educators widely identify three primary learning styles:\n\n1. Visual Learners are those who understand and retain information best when they can see it. They thrive when using visual aids such as diagrams, maps, and charts. For these learners, color-coding and note-taking are not just organizational tools but essential methods for visualizing and processing information.\n\n2. Auditory Learners excel when they hear information. Lectures, discussions, and audio recordings resonate with them. They often find that rhymes and songs are memorable ways to learn. These learners typically enjoy conversing and expressing their ideas through verbal communication.\n\n3. Kinesthetic Learners often referred to as tactile learners, prefer a hands-on approach. They learn most effectively when they can physically engage with their environment, whether it’s through building, acting, or moving. These learners may struggle to stay still, often needing to interact physically with the material to grasp it fully.\n\nWhile these categories offer a framework, it's important to remember that many people blend these styles and benefit from a varied approach to learning. Tailoring educational experiences to individual preferences can significantly enhance students' ability to understand, remember, and apply new information.
834	mistralai/Mixtral-8x7B-Instruct-v0.1	Open QA	The Great Oxygenation Event (GOE), also known as the Great Oxidation, was a significant transition in Earth's early history when free oxygen began to accumulate in the atmosphere. This event occurred around 2.4 to 2.1 billion years ago during the Paleoproterozoic era.\n\nBefore the GOE, the Earth's atmosphere had little to no free oxygen, consisting mainly of nitrogen, carbon dioxide, and other trace gases. The emergence of cyanobacteria (blue-green algae) capable of photosynthesis led to the production of large amounts of oxygen as a byproduct. However, this oxygen was rapidly consumed by various chemical reactions and by oxidizing Earth's iron-rich crust, which gave rise to banded iron formations (BIFs) found in the geological record.\n\nThe GOE marked a turning point when the rate of oxygen production exceeded its consumption, leading to a substantial increase in atmospheric oxygen levels. This rise in oxygen concentration had profound implications for the development of life on Earth:\n\n1. Aerobic respiration: The availability of oxygen enabled the evolution of complex eukaryotic cells, which use oxygen in their metabolism through aerobic respiration. This process is much more efficient than anaerobic respiration, allowing organisms to extract more energy from food sources.\n\n2. Oxidative stress: The increase in oxygen also introduced new challenges for existing anaerobic organisms, as oxygen can be toxic in high concentrations. Many anaerobic organisms either went extinct or had to adapt to low-oxygen environments, while others evolved mechanisms to deal with oxidative stress.\n\n3. Ozone layer formation: With higher levels of oxygen in the atmosphere, the ozone layer began to form, providing a shield against harmful ultraviolet (UV) radiation from the sun. This allowed for the evolution of more complex life forms on land.\n\n4. Mineralogical changes: The GOE led to significant changes in Earth's mineralogy, as the increased oxygen availability enabled the formation of new minerals that require oxygen for their creation, such as various silicates, oxides, and carbonates.\n\nIn summary, the Great Oxygenation Event was a critical turning point in Earth's history, paving the way for the development of complex life by significantly altering the planet's atmosphere, mineralogy, and enabling aerobic respiration.	Imagine Earth, over 2 billion years ago—a silent witness to one of the most profound transformations in its history. This was the Great Oxygenation Event, a monumental shift that introduced free oxygen into the atmosphere, forever changing the course of life on our planet.\n\nBefore this event, Earth's skies were starkly different, with an atmosphere filled primarily with nitrogen and carbon dioxide, but hardly any oxygen. The stage was set by tiny yet mighty architects: cyanobacteria, or what we often think of as blue-green algae. Through the magic of photosynthesis, these microscopic organisms began to pump oxygen into their surroundings as a byproduct of converting sunlight into energy.\n\nInitially, this oxygen didn't just build up in the air. It was consumed—snapped up by chemical reactions, or busy transforming the iron-rich crust into layers of rust-red and grey rock, creating what we now see as banded iron formations. These layers are like the rings of a tree, each one telling a story of an Earth undergoing change.\n\nThen, a tipping point was reached. Oxygen production by cyanobacteria outpaced its consumption. Slowly but surely, oxygen began to accumulate, rising to levels that had never been seen before. This was no small shift; it set off a domino effect that touched all corners of the biosphere:\n\n1. **Aerobic Respiration**: With oxygen available, life seized the opportunity. The evolution of eukaryotic cells—our own distant ancestors—was propelled by the ability to use oxygen to unleash energy from food far more efficiently than before. This energy boost was a game changer for the complexity and diversity of life.\n\n2. **Oxidative Stress**: This new, oxygen-rich world wasn't easy for all. For many ancient, anaerobic life forms, oxygen was a poison. These organisms faced a stark choice: adapt to hide in oxygen-free nooks of the world, develop defenses against this reactive new element, or perish.\n\n3. **Ozone Layer Formation**: High in the atmosphere, some of this oxygen transformed into ozone, creating a shield that absorbed the sun’s harsh ultraviolet radiation. This protective layer made it safer for life to venture and diversify on land, opening new ecological niches.\n\n4. **Mineralogical Changes**: The ripple effects of oxygen didn't stop with the air or life—it reached deep into the Earth itself. Oxygen reworked the mineral portfolio of the planet, giving birth to new minerals like various silicates, oxides, and carbonates, which painted new colors and textures onto the canvas of the planet.\n\nThe Great Oxygenation Event wasn't just a surge of a gas—it was a revolution that prepared Earth for the future. It paved the way for all the complex, beautiful forms of life that would eventually include us.
835	mistralai/Mixtral-8x7B-Instruct-v0.1	Open QA	The kimono is a traditional Japanese garment that dates back to the Heian period (794-1185). The word "kimono" is derived from the Japanese words "ki" (wearing) and "mono" (thing), which together mean "thing to wear" or "clothing."\n\nDuring the Heian period, the kimono evolved from simple, T-shaped robes worn by both men and women in ancient Japan. Over time, the design became more elaborate and ornate, with intricate patterns, embroidery, and dyeing techniques. The kimono also became a symbol of social status, with different styles and colors indicating one's rank in society.\n\nIn the Edo period (1603-1868), the kimono became even more widespread and popular among all social classes. The traditional Japanese tea ceremony, which originated during this time, helped to further popularize the kimono as the preferred attire for such occasions.\n\nDuring the Meiji period (1868-1912), Japan underwent rapid modernization and westernization, and the kimono began to fall out of favor as daily wear. However, it remained an important part of Japanese culture and was still worn on special occasions, such as weddings, funerals, and tea ceremonies.\n\nToday, the kimono is still worn in Japan, although it is less common than in the past. Many Japanese people own at least one kimono, which they may wear on special occasions or to cultural events. Kimono-wearing has also become a popular tourist activity, with many shops and schools offering kimono rental and dressing services.\n\nIn recent years, there has been a resurgence of interest in the kimono, both in Japan and internationally. Many contemporary designers have incorporated elements of the kimono into their collections, and the garment has become a symbol of Japanese culture and tradition. However, the kimono's long and complex history remains an important part of its cultural significance, and it continues to be a cherished part of Japanese heritage.	The kimono is a timeless emblem of Japanese heritage, tracing its origins back to the Heian period between 794 and 1185. This traditional garment transcends mere clothing to become a poignant celebration of cultural history. The word "kimono" itself, a blend of "ki" (wearing) and "mono" (thing), captures the essence of clothing as an intrinsic aspect of life.\n\nFrom its humble beginnings as a basic, T-shaped robe shared by both genders, the kimono has gracefully transformed over the centuries into a sophisticated expression of artistry and social status. Its fabrics, adorned with unique patterns, delicate embroidery, and vibrant colors, once subtly revealed an individual's societal role, painting each wearer as a living piece of history and social artistry.\n\nDuring the Edo period, the kimono reached the pinnacle of its popularity, woven into the fabric of everyday life across all societal strata. The kimono became a key feature of traditional tea ceremonies, which heightened its cultural significance. However, the Meiji period's push towards modernization introduced Western fashion into daily attire, sidelining the kimono for more routine use. Despite this shift, the kimono remained a vital thread in the fabric of Japanese traditions, reserved for special occasions where its cultural depth could be fully appreciated.\n\nToday, the kimono is experiencing a global revival, celebrated both within Japan and internationally. Its aesthetic has influenced modern fashion, inspiring designers to incorporate its timeless elements into contemporary designs. For many, wearing a kimono is more than a fashion choice—it's a cherished connection to a rich, layered history and an expression of pride in Japanese cultural identity and continuity.
858	HuggingFaceH4/zephyr-7b-beta	Open QA	Yes, certainly!\n\nAdenoviruses are a large group of viruses that cause a variety of illnesses, ranging from common colds and flu-like symptoms to more serious respiratory, intestinal, and eye infections. There are over 100 different types of adenoviruses, and they are common causes of viral infections in humans, with outbreaks reported in communities, institutions, and military settings.\n\nMost people are infected with adenoviruses at some point in their lives, often during childhood. After you become infected with a particular type of adenovirus, your body develops immunity to that specific type, making it less likely that you will become infected with it again. However, you can still be infected with other types of adenoviruses.\n\nAdenovirus infections are typically spread through close contact with an infected person, such as through coughing or sneezing or by touching contaminated objects or surfaces. In some cases, adenoviruses can also spread through contaminated water or feces.\n\nAdenovirus illnesses can range in severity from mild to serious, depending on a variety of factors, such as the specific type of virus involved, the age and overall health of the infected person, and the part of the body affected. Some people may experience mild symptoms that resemble the common cold, such as a runny nose, sore throat, and cough. Others may develop more serious respiratory or intestinal illness, with symptoms such as fever, difficulty breathing, diarrhea, and vomiting. In some people, particularly those with weakened immune systems, adenovirus infections can be particularly severe and even life-threatening.\n\nThere is no specific antiviral medication that is effective against all types of adenoviruses, and treatment for adenovirus infections typically involves supportive care, such as rest, hydration, and medications to relieve symptoms of fever, pain, and discomfort. In some cases, hospitalization may be necessary, particularly for more severe or complicated infections.\n\nTo help prevent the spread of adenoviruses, it is recommended to practice good hand hygiene, cover your mouth and nose when you cough or sneeze, and avoid close contact with people who are sick. It is also important to clean and disinfect frequently touched surfaces and objects, such as doorknobs, light switches, and computer keyboards. Finally, washing your hands frequently with soap and water, or using an alcohol-based hand sanitizer if soap and water are not available, can help to prevent the spread of adenovirus infections and other viruses, as well.	Adenoviruses are a large group of viruses that can cause illness to humans and animals ranging from the common cold to more serious respiratory, intestinal, and eye infections. \n\nThere are over 90 known types of adenoviruses, and they are common causes of viral infections in humans. The virus spreads easily through close contact with an infected person, such as through coughing or sneezing, and can live outside the body for long periods on contaminated objects or surfaces. In some cases, adenoviruses can also spread through contaminated water or feces.\n\nTo help prevent the spread of adenoviruses, it is recommended to practice good hand hygiene, cover your mouth and nose when you cough or sneeze, and avoid contact with people who are ill. It is also important to clean and disinfect surfaces and objects, such as doorknobs, light switches, and computer keyboards. Frequent hand washing with soap and water or using an alcohol-based hand sanitizer can help prevent the spread of adenovirus infections and other viruses.
859	HuggingFaceH4/zephyr-7b-beta	Open QA	Martin Scorsese has had numerous movies nominated for the Academy Award for Best Picture, but he has won the award only once for "The Departed" in 2006. Here's a list of his movies that have been nominated:\n\n1. "Goodfellas" (1990) - nominated for Best Picture\n2. "The Departed" (2006) - won Best Picture\n3. "Gangs of New York" (2002) - nominated for Best Picture\n4. "The Aviator" (2004) - nominated for Best Picture\n5. "Hugo" (2011) - nominated for Best Picture\n6. "The Wolf of Wall Street" (2013) - nominated for Best Picture\n7. "The Irishman" (2019) - nominated for Best Picture (released on Netflix)\n\nNote: In the past, movies released straight to streaming platforms like Netflix were not eligible for Best Picture nominations. However, this rule was changed in 2019, which is why "The Irishman" is eligible for the award.	Ten of Martin Scorsese movies have been nominated for the Oscar for Best Picture, including\nTaxi Driver in 1976\nRaging Bull in 1980\n1990's Goodfellas \nGangs of New York, released in 2002\nThe Aviator in 2004)\nThe Departed in 2006\nHugo released in 2011 \n2013's The Wolf of Wall Street \nThe Irishman in 2019\nKillers of the Flower Moon in 2023
